post_id,url,expected_canonical,canonical_source,is_self_canonical,notes
guide-general-living-cost,https://honsamnote.co.kr/blog/guide-general-living-cost/,https://honsamnote.co.kr/blog/guide-general-living-cost/,generateMetadata 코드,yes,정상(자기 자신)
guide-food-waste,https://honsamnote.co.kr/blog/guide-food-waste/,https://honsamnote.co.kr/blog/guide-food-waste/,generateMetadata 코드,yes,정상(자기 자신)
2026-08-14-storage-auto-fcf546,https://honsamnote.co.kr/blog/2026-08-14-storage-auto-fcf546/,https://honsamnote.co.kr/blog/2026-08-14-storage-auto-fcf546/,generateMetadata 코드,yes,정상(자기 자신)
2026-08-14-storage-auto-be0ab4,https://honsamnote.co.kr/blog/2026-08-14-storage-auto-be0ab4/,https://honsamnote.co.kr/blog/2026-08-14-storage-auto-be0ab4/,generateMetadata 코드,yes,정상(자기 자신)
2026-08-14-storage-auto-8ede60,https://honsamnote.co.kr/blog/2026-08-14-storage-auto-8ede60/,https://honsamnote.co.kr/blog/2026-08-14-storage-auto-8ede60/,generateMetadata 코드,yes,정상(자기 자신)
2026-08-14-safety-auto-f47696,https://honsamnote.co.kr/blog/2026-08-14-safety-auto-f47696/,https://honsamnote.co.kr/blog/2026-08-14-safety-auto-f47696/,generateMetadata 코드,yes,정상(자기 자신)
2026-08-14-safety-auto-2f3ee3,https://honsamnote.co.kr/blog/2026-08-14-safety-auto-2f3ee3/,https://honsamnote.co.kr/blog/2026-08-14-safety-auto-2f3ee3/,generateMetadata 코드,yes,정상(자기 자신)
2026-08-14-products-auto-da7759,https://honsamnote.co.kr/blog/2026-08-14-products-auto-da7759/,https://honsamnote.co.kr/blog/2026-08-14-products-auto-da7759/,generateMetadata 코드,yes,정상(자기 자신)
2026-08-14-products-auto-6493cd,https://honsamnote.co.kr/blog/2026-08-14-products-auto-6493cd/,https://honsamnote.co.kr/blog/2026-08-14-products-auto-6493cd/,generateMetadata 코드,yes,정상(자기 자신)
2026-08-14-products-auto-50ff5a,https://honsamnote.co.kr/blog/2026-08-14-products-auto-50ff5a/,https://honsamnote.co.kr/blog/2026-08-14-products-auto-50ff5a/,generateMetadata 코드,yes,정상(자기 자신)
2026-08-14-lifestyle-auto-e506f6,https://honsamnote.co.kr/blog/2026-08-14-lifestyle-auto-e506f6/,https://honsamnote.co.kr/blog/2026-08-14-lifestyle-auto-e506f6/,generateMetadata 코드,yes,정상(자기 자신)
2026-08-14-housing-auto-189ec3,https://honsamnote.co.kr/blog/2026-08-14-housing-auto-189ec3/,https://honsamnote.co.kr/blog/2026-08-14-housing-auto-189ec3/,generateMetadata 코드,yes,정상(자기 자신)
2026-08-14-food-auto-950e9e,https://honsamnote.co.kr/blog/2026-08-14-food-auto-950e9e/,https://honsamnote.co.kr/blog/2026-08-14-food-auto-950e9e/,generateMetadata 코드,yes,정상(자기 자신)
2026-08-14-food-auto-78155f,https://honsamnote.co.kr/blog/2026-08-14-food-auto-78155f/,https://honsamnote.co.kr/blog/2026-08-14-food-auto-78155f/,generateMetadata 코드,yes,정상(자기 자신)
2026-08-14-food-auto-0030b0,https://honsamnote.co.kr/blog/2026-08-14-food-auto-0030b0/,https://honsamnote.co.kr/blog/2026-08-14-food-auto-0030b0/,generateMetadata 코드,yes,정상(자기 자신)
2026-08-14-cost-auto-c66395,https://honsamnote.co.kr/blog/2026-08-14-cost-auto-c66395/,https://honsamnote.co.kr/blog/2026-08-14-cost-auto-c66395/,generateMetadata 코드,yes,정상(자기 자신)
2026-08-14-cost-auto-304499,https://honsamnote.co.kr/blog/2026-08-14-cost-auto-304499/,https://honsamnote.co.kr/blog/2026-08-14-cost-auto-304499/,generateMetadata 코드,yes,정상(자기 자신)
2026-08-14-cleaning-auto-b4a47e,https://honsamnote.co.kr/blog/2026-08-14-cleaning-auto-b4a47e/,https://honsamnote.co.kr/blog/2026-08-14-cleaning-auto-b4a47e/,generateMetadata 코드,yes,정상(자기 자신)
2026-08-14-cleaning-auto-1ca76b,https://honsamnote.co.kr/blog/2026-08-14-cleaning-auto-1ca76b/,https://honsamnote.co.kr/blog/2026-08-14-cleaning-auto-1ca76b/,generateMetadata 코드,yes,정상(자기 자신)
2026-08-14-cleaning-auto-0fc7dd,https://honsamnote.co.kr/blog/2026-08-14-cleaning-auto-0fc7dd/,https://honsamnote.co.kr/blog/2026-08-14-cleaning-auto-0fc7dd/,generateMetadata 코드,yes,정상(자기 자신)
2026-08-13-storage-auto-ccc061,https://honsamnote.co.kr/blog/2026-08-13-storage-auto-ccc061/,https://honsamnote.co.kr/blog/2026-08-13-storage-auto-ccc061/,generateMetadata 코드,yes,정상(자기 자신)
2026-08-13-storage-auto-92e3bb,https://honsamnote.co.kr/blog/2026-08-13-storage-auto-92e3bb/,https://honsamnote.co.kr/blog/2026-08-13-storage-auto-92e3bb/,generateMetadata 코드,yes,정상(자기 자신)
2026-08-13-storage-auto-545d8d,https://honsamnote.co.kr/blog/2026-08-13-storage-auto-545d8d/,https://honsamnote.co.kr/blog/2026-08-13-storage-auto-545d8d/,generateMetadata 코드,yes,정상(자기 자신)
2026-08-13-safety-auto-dcd18d,https://honsamnote.co.kr/blog/2026-08-13-safety-auto-dcd18d/,https://honsamnote.co.kr/blog/2026-08-13-safety-auto-dcd18d/,generateMetadata 코드,yes,정상(자기 자신)
2026-08-13-safety-auto-c86e8c,https://honsamnote.co.kr/blog/2026-08-13-safety-auto-c86e8c/,https://honsamnote.co.kr/blog/2026-08-13-safety-auto-c86e8c/,generateMetadata 코드,yes,정상(자기 자신)
2026-08-13-safety-auto-6b585a,https://honsamnote.co.kr/blog/2026-08-13-safety-auto-6b585a/,https://honsamnote.co.kr/blog/2026-08-13-safety-auto-6b585a/,generateMetadata 코드,yes,정상(자기 자신)
2026-08-13-products-auto-ae3976,https://honsamnote.co.kr/blog/2026-08-13-products-auto-ae3976/,https://honsamnote.co.kr/blog/2026-08-13-products-auto-ae3976/,generateMetadata 코드,yes,정상(자기 자신)
2026-08-13-products-auto-8b83e4,https://honsamnote.co.kr/blog/2026-08-13-products-auto-8b83e4/,https://honsamnote.co.kr/blog/2026-08-13-products-auto-8b83e4/,generateMetadata 코드,yes,정상(자기 자신)
2026-08-13-products-auto-2cf601,https://honsamnote.co.kr/blog/2026-08-13-products-auto-2cf601/,https://honsamnote.co.kr/blog/2026-08-13-products-auto-2cf601/,generateMetadata 코드,yes,정상(자기 자신)
2026-08-13-lifestyle-auto-8d6b5e,https://honsamnote.co.kr/blog/2026-08-13-lifestyle-auto-8d6b5e/,https://honsamnote.co.kr/blog/2026-08-13-lifestyle-auto-8d6b5e/,generateMetadata 코드,yes,정상(자기 자신)
2026-08-13-housing-auto-5aa38a,https://honsamnote.co.kr/blog/2026-08-13-housing-auto-5aa38a/,https://honsamnote.co.kr/blog/2026-08-13-housing-auto-5aa38a/,generateMetadata 코드,yes,정상(자기 자신)
2026-08-13-housing-auto-0fa740,https://honsamnote.co.kr/blog/2026-08-13-housing-auto-0fa740/,https://honsamnote.co.kr/blog/2026-08-13-housing-auto-0fa740/,generateMetadata 코드,yes,정상(자기 자신)
2026-08-13-food-auto-f7b0fc,https://honsamnote.co.kr/blog/2026-08-13-food-auto-f7b0fc/,https://honsamnote.co.kr/blog/2026-08-13-food-auto-f7b0fc/,generateMetadata 코드,yes,정상(자기 자신)
2026-08-13-food-auto-4b3fa7,https://honsamnote.co.kr/blog/2026-08-13-food-auto-4b3fa7/,https://honsamnote.co.kr/blog/2026-08-13-food-auto-4b3fa7/,generateMetadata 코드,yes,정상(자기 자신)
2026-08-13-food-auto-05f1fc,https://honsamnote.co.kr/blog/2026-08-13-food-auto-05f1fc/,https://honsamnote.co.kr/blog/2026-08-13-food-auto-05f1fc/,generateMetadata 코드,yes,정상(자기 자신)
2026-08-13-cost-auto-b1e536,https://honsamnote.co.kr/blog/2026-08-13-cost-auto-b1e536/,https://honsamnote.co.kr/blog/2026-08-13-cost-auto-b1e536/,generateMetadata 코드,yes,정상(자기 자신)
2026-08-13-cost-auto-590148,https://honsamnote.co.kr/blog/2026-08-13-cost-auto-590148/,https://honsamnote.co.kr/blog/2026-08-13-cost-auto-590148/,generateMetadata 코드,yes,정상(자기 자신)
2026-08-13-cleaning-auto-cf3699,https://honsamnote.co.kr/blog/2026-08-13-cleaning-auto-cf3699/,https://honsamnote.co.kr/blog/2026-08-13-cleaning-auto-cf3699/,generateMetadata 코드,yes,정상(자기 자신)
2026-08-13-cleaning-auto-7ef0d4,https://honsamnote.co.kr/blog/2026-08-13-cleaning-auto-7ef0d4/,https://honsamnote.co.kr/blog/2026-08-13-cleaning-auto-7ef0d4/,generateMetadata 코드,yes,정상(자기 자신)
2026-08-13-cleaning-auto-545cef,https://honsamnote.co.kr/blog/2026-08-13-cleaning-auto-545cef/,https://honsamnote.co.kr/blog/2026-08-13-cleaning-auto-545cef/,generateMetadata 코드,yes,정상(자기 자신)
2026-08-12-storage-auto-ec0e5a,https://honsamnote.co.kr/blog/2026-08-12-storage-auto-ec0e5a/,https://honsamnote.co.kr/blog/2026-08-12-storage-auto-ec0e5a/,generateMetadata 코드,yes,정상(자기 자신)
2026-08-12-storage-auto-1aceff,https://honsamnote.co.kr/blog/2026-08-12-storage-auto-1aceff/,https://honsamnote.co.kr/blog/2026-08-12-storage-auto-1aceff/,generateMetadata 코드,yes,정상(자기 자신)
2026-08-12-storage-auto-0db620,https://honsamnote.co.kr/blog/2026-08-12-storage-auto-0db620/,https://honsamnote.co.kr/blog/2026-08-12-storage-auto-0db620/,generateMetadata 코드,yes,정상(자기 자신)
2026-08-12-safety-auto-52e6c7,https://honsamnote.co.kr/blog/2026-08-12-safety-auto-52e6c7/,https://honsamnote.co.kr/blog/2026-08-12-safety-auto-52e6c7/,generateMetadata 코드,yes,정상(자기 자신)
2026-08-12-safety-auto-15ca61,https://honsamnote.co.kr/blog/2026-08-12-safety-auto-15ca61/,https://honsamnote.co.kr/blog/2026-08-12-safety-auto-15ca61/,generateMetadata 코드,yes,정상(자기 자신)
2026-08-12-safety-auto-020b2f,https://honsamnote.co.kr/blog/2026-08-12-safety-auto-020b2f/,https://honsamnote.co.kr/blog/2026-08-12-safety-auto-020b2f/,generateMetadata 코드,yes,정상(자기 자신)
2026-08-12-products-auto-74d817,https://honsamnote.co.kr/blog/2026-08-12-products-auto-74d817/,https://honsamnote.co.kr/blog/2026-08-12-products-auto-74d817/,generateMetadata 코드,yes,정상(자기 자신)
2026-08-12-products-auto-6c6a4a,https://honsamnote.co.kr/blog/2026-08-12-products-auto-6c6a4a/,https://honsamnote.co.kr/blog/2026-08-12-products-auto-6c6a4a/,generateMetadata 코드,yes,정상(자기 자신)
2026-08-12-products-auto-2ee7a1,https://honsamnote.co.kr/blog/2026-08-12-products-auto-2ee7a1/,https://honsamnote.co.kr/blog/2026-08-12-products-auto-2ee7a1/,generateMetadata 코드,yes,정상(자기 자신)
2026-08-12-housing-auto-f420ec,https://honsamnote.co.kr/blog/2026-08-12-housing-auto-f420ec/,https://honsamnote.co.kr/blog/2026-08-12-housing-auto-f420ec/,generateMetadata 코드,yes,정상(자기 자신)
2026-08-12-food-auto-8fffcc,https://honsamnote.co.kr/blog/2026-08-12-food-auto-8fffcc/,https://honsamnote.co.kr/blog/2026-08-12-food-auto-8fffcc/,generateMetadata 코드,yes,정상(자기 자신)
2026-08-12-food-auto-7b4cd9,https://honsamnote.co.kr/blog/2026-08-12-food-auto-7b4cd9/,https://honsamnote.co.kr/blog/2026-08-12-food-auto-7b4cd9/,generateMetadata 코드,yes,정상(자기 자신)
2026-08-12-food-auto-6ed755,https://honsamnote.co.kr/blog/2026-08-12-food-auto-6ed755/,https://honsamnote.co.kr/blog/2026-08-12-food-auto-6ed755/,generateMetadata 코드,yes,정상(자기 자신)
2026-08-12-cost-auto-b36efb,https://honsamnote.co.kr/blog/2026-08-12-cost-auto-b36efb/,https://honsamnote.co.kr/blog/2026-08-12-cost-auto-b36efb/,generateMetadata 코드,yes,정상(자기 자신)
2026-08-12-cost-auto-b175c0,https://honsamnote.co.kr/blog/2026-08-12-cost-auto-b175c0/,https://honsamnote.co.kr/blog/2026-08-12-cost-auto-b175c0/,generateMetadata 코드,yes,정상(자기 자신)
2026-08-12-cleaning-auto-868b91,https://honsamnote.co.kr/blog/2026-08-12-cleaning-auto-868b91/,https://honsamnote.co.kr/blog/2026-08-12-cleaning-auto-868b91/,generateMetadata 코드,yes,정상(자기 자신)
2026-08-12-cleaning-auto-85acce,https://honsamnote.co.kr/blog/2026-08-12-cleaning-auto-85acce/,https://honsamnote.co.kr/blog/2026-08-12-cleaning-auto-85acce/,generateMetadata 코드,yes,정상(자기 자신)
2026-08-12-cleaning-auto-4cf6ca,https://honsamnote.co.kr/blog/2026-08-12-cleaning-auto-4cf6ca/,https://honsamnote.co.kr/blog/2026-08-12-cleaning-auto-4cf6ca/,generateMetadata 코드,yes,정상(자기 자신)
2026-08-11-storage-auto-9064d7,https://honsamnote.co.kr/blog/2026-08-11-storage-auto-9064d7/,https://honsamnote.co.kr/blog/2026-08-11-storage-auto-9064d7/,generateMetadata 코드,yes,정상(자기 자신)
2026-08-11-storage-auto-80b064,https://honsamnote.co.kr/blog/2026-08-11-storage-auto-80b064/,https://honsamnote.co.kr/blog/2026-08-11-storage-auto-80b064/,generateMetadata 코드,yes,정상(자기 자신)
2026-08-11-safety-auto-d99e57,https://honsamnote.co.kr/blog/2026-08-11-safety-auto-d99e57/,https://honsamnote.co.kr/blog/2026-08-11-safety-auto-d99e57/,generateMetadata 코드,yes,정상(자기 자신)
2026-08-11-safety-auto-3045ad,https://honsamnote.co.kr/blog/2026-08-11-safety-auto-3045ad/,https://honsamnote.co.kr/blog/2026-08-11-safety-auto-3045ad/,generateMetadata 코드,yes,정상(자기 자신)
2026-08-11-safety-auto-197473,https://honsamnote.co.kr/blog/2026-08-11-safety-auto-197473/,https://honsamnote.co.kr/blog/2026-08-11-safety-auto-197473/,generateMetadata 코드,yes,정상(자기 자신)
2026-08-11-products-auto-fb26b6,https://honsamnote.co.kr/blog/2026-08-11-products-auto-fb26b6/,https://honsamnote.co.kr/blog/2026-08-11-products-auto-fb26b6/,generateMetadata 코드,yes,정상(자기 자신)
2026-08-11-products-auto-3a0a24,https://honsamnote.co.kr/blog/2026-08-11-products-auto-3a0a24/,https://honsamnote.co.kr/blog/2026-08-11-products-auto-3a0a24/,generateMetadata 코드,yes,정상(자기 자신)
2026-08-11-products-auto-056afc,https://honsamnote.co.kr/blog/2026-08-11-products-auto-056afc/,https://honsamnote.co.kr/blog/2026-08-11-products-auto-056afc/,generateMetadata 코드,yes,정상(자기 자신)
2026-08-11-lifestyle-auto-90d3e2,https://honsamnote.co.kr/blog/2026-08-11-lifestyle-auto-90d3e2/,https://honsamnote.co.kr/blog/2026-08-11-lifestyle-auto-90d3e2/,generateMetadata 코드,yes,정상(자기 자신)
2026-08-11-lifestyle-auto-0f05f0,https://honsamnote.co.kr/blog/2026-08-11-lifestyle-auto-0f05f0/,https://honsamnote.co.kr/blog/2026-08-11-lifestyle-auto-0f05f0/,generateMetadata 코드,yes,정상(자기 자신)
2026-08-11-housing-auto-a2f088,https://honsamnote.co.kr/blog/2026-08-11-housing-auto-a2f088/,https://honsamnote.co.kr/blog/2026-08-11-housing-auto-a2f088/,generateMetadata 코드,yes,정상(자기 자신)
2026-08-11-housing-auto-2bfaff,https://honsamnote.co.kr/blog/2026-08-11-housing-auto-2bfaff/,https://honsamnote.co.kr/blog/2026-08-11-housing-auto-2bfaff/,generateMetadata 코드,yes,정상(자기 자신)
2026-08-11-food-auto-d47a0f,https://honsamnote.co.kr/blog/2026-08-11-food-auto-d47a0f/,https://honsamnote.co.kr/blog/2026-08-11-food-auto-d47a0f/,generateMetadata 코드,yes,정상(자기 자신)
2026-08-11-food-auto-a86ad1,https://honsamnote.co.kr/blog/2026-08-11-food-auto-a86ad1/,https://honsamnote.co.kr/blog/2026-08-11-food-auto-a86ad1/,generateMetadata 코드,yes,정상(자기 자신)
2026-08-11-food-auto-452e94,https://honsamnote.co.kr/blog/2026-08-11-food-auto-452e94/,https://honsamnote.co.kr/blog/2026-08-11-food-auto-452e94/,generateMetadata 코드,yes,정상(자기 자신)
2026-08-11-cost-auto-ff0274,https://honsamnote.co.kr/blog/2026-08-11-cost-auto-ff0274/,https://honsamnote.co.kr/blog/2026-08-11-cost-auto-ff0274/,generateMetadata 코드,yes,정상(자기 자신)
2026-08-11-cost-auto-bf7238,https://honsamnote.co.kr/blog/2026-08-11-cost-auto-bf7238/,https://honsamnote.co.kr/blog/2026-08-11-cost-auto-bf7238/,generateMetadata 코드,yes,정상(자기 자신)
2026-08-11-cleaning-auto-983cbd,https://honsamnote.co.kr/blog/2026-08-11-cleaning-auto-983cbd/,https://honsamnote.co.kr/blog/2026-08-11-cleaning-auto-983cbd/,generateMetadata 코드,yes,정상(자기 자신)
2026-08-11-cleaning-auto-5be420,https://honsamnote.co.kr/blog/2026-08-11-cleaning-auto-5be420/,https://honsamnote.co.kr/blog/2026-08-11-cleaning-auto-5be420/,generateMetadata 코드,yes,정상(자기 자신)
2026-08-11-cleaning-auto-1ad691,https://honsamnote.co.kr/blog/2026-08-11-cleaning-auto-1ad691/,https://honsamnote.co.kr/blog/2026-08-11-cleaning-auto-1ad691/,generateMetadata 코드,yes,정상(자기 자신)
2026-08-10-storage-auto-48f5a4,https://honsamnote.co.kr/blog/2026-08-10-storage-auto-48f5a4/,https://honsamnote.co.kr/blog/2026-08-10-storage-auto-48f5a4/,generateMetadata 코드,yes,정상(자기 자신)
2026-08-10-storage-auto-0a8470,https://honsamnote.co.kr/blog/2026-08-10-storage-auto-0a8470/,https://honsamnote.co.kr/blog/2026-08-10-storage-auto-0a8470/,generateMetadata 코드,yes,정상(자기 자신)
2026-08-10-storage-auto-046a46,https://honsamnote.co.kr/blog/2026-08-10-storage-auto-046a46/,https://honsamnote.co.kr/blog/2026-08-10-storage-auto-046a46/,generateMetadata 코드,yes,정상(자기 자신)
2026-08-10-safety-auto-e68c91,https://honsamnote.co.kr/blog/2026-08-10-safety-auto-e68c91/,https://honsamnote.co.kr/blog/2026-08-10-safety-auto-e68c91/,generateMetadata 코드,yes,정상(자기 자신)
2026-08-10-safety-auto-1af8f5,https://honsamnote.co.kr/blog/2026-08-10-safety-auto-1af8f5/,https://honsamnote.co.kr/blog/2026-08-10-safety-auto-1af8f5/,generateMetadata 코드,yes,정상(자기 자신)
2026-08-10-products-auto-ea40dc,https://honsamnote.co.kr/blog/2026-08-10-products-auto-ea40dc/,https://honsamnote.co.kr/blog/2026-08-10-products-auto-ea40dc/,generateMetadata 코드,yes,정상(자기 자신)
2026-08-10-products-auto-b0092a,https://honsamnote.co.kr/blog/2026-08-10-products-auto-b0092a/,https://honsamnote.co.kr/blog/2026-08-10-products-auto-b0092a/,generateMetadata 코드,yes,정상(자기 자신)
2026-08-10-lifestyle-auto-3e13f1,https://honsamnote.co.kr/blog/2026-08-10-lifestyle-auto-3e13f1/,https://honsamnote.co.kr/blog/2026-08-10-lifestyle-auto-3e13f1/,generateMetadata 코드,yes,정상(자기 자신)
2026-08-10-lifestyle-auto-1dd1a3,https://honsamnote.co.kr/blog/2026-08-10-lifestyle-auto-1dd1a3/,https://honsamnote.co.kr/blog/2026-08-10-lifestyle-auto-1dd1a3/,generateMetadata 코드,yes,정상(자기 자신)
2026-08-10-housing-auto-4bca9b,https://honsamnote.co.kr/blog/2026-08-10-housing-auto-4bca9b/,https://honsamnote.co.kr/blog/2026-08-10-housing-auto-4bca9b/,generateMetadata 코드,yes,정상(자기 자신)
2026-08-10-food-auto-d3517e,https://honsamnote.co.kr/blog/2026-08-10-food-auto-d3517e/,https://honsamnote.co.kr/blog/2026-08-10-food-auto-d3517e/,generateMetadata 코드,yes,정상(자기 자신)
2026-08-10-food-auto-b034b3,https://honsamnote.co.kr/blog/2026-08-10-food-auto-b034b3/,https://honsamnote.co.kr/blog/2026-08-10-food-auto-b034b3/,generateMetadata 코드,yes,정상(자기 자신)
2026-08-10-food-auto-0b9c15,https://honsamnote.co.kr/blog/2026-08-10-food-auto-0b9c15/,https://honsamnote.co.kr/blog/2026-08-10-food-auto-0b9c15/,generateMetadata 코드,yes,정상(자기 자신)
2026-08-10-cost-auto-88aeb7,https://honsamnote.co.kr/blog/2026-08-10-cost-auto-88aeb7/,https://honsamnote.co.kr/blog/2026-08-10-cost-auto-88aeb7/,generateMetadata 코드,yes,정상(자기 자신)
2026-08-10-cost-auto-78f79c,https://honsamnote.co.kr/blog/2026-08-10-cost-auto-78f79c/,https://honsamnote.co.kr/blog/2026-08-10-cost-auto-78f79c/,generateMetadata 코드,yes,정상(자기 자신)
2026-08-10-cost-auto-2c9756,https://honsamnote.co.kr/blog/2026-08-10-cost-auto-2c9756/,https://honsamnote.co.kr/blog/2026-08-10-cost-auto-2c9756/,generateMetadata 코드,yes,정상(자기 자신)
2026-08-10-cleaning-auto-aeb4a0,https://honsamnote.co.kr/blog/2026-08-10-cleaning-auto-aeb4a0/,https://honsamnote.co.kr/blog/2026-08-10-cleaning-auto-aeb4a0/,generateMetadata 코드,yes,정상(자기 자신)
2026-08-10-cleaning-auto-8285cc,https://honsamnote.co.kr/blog/2026-08-10-cleaning-auto-8285cc/,https://honsamnote.co.kr/blog/2026-08-10-cleaning-auto-8285cc/,generateMetadata 코드,yes,정상(자기 자신)
2026-08-10-cleaning-auto-6e0644,https://honsamnote.co.kr/blog/2026-08-10-cleaning-auto-6e0644/,https://honsamnote.co.kr/blog/2026-08-10-cleaning-auto-6e0644/,generateMetadata 코드,yes,정상(자기 자신)
2026-08-09-storage-auto-b54398,https://honsamnote.co.kr/blog/2026-08-09-storage-auto-b54398/,https://honsamnote.co.kr/blog/2026-08-09-storage-auto-b54398/,generateMetadata 코드,yes,정상(자기 자신)
2026-08-09-storage-auto-b05c4f,https://honsamnote.co.kr/blog/2026-08-09-storage-auto-b05c4f/,https://honsamnote.co.kr/blog/2026-08-09-storage-auto-b05c4f/,generateMetadata 코드,yes,정상(자기 자신)
2026-08-09-storage-auto-897697,https://honsamnote.co.kr/blog/2026-08-09-storage-auto-897697/,https://honsamnote.co.kr/blog/2026-08-09-storage-auto-897697/,generateMetadata 코드,yes,정상(자기 자신)
2026-08-09-safety-auto-eb5e4c,https://honsamnote.co.kr/blog/2026-08-09-safety-auto-eb5e4c/,https://honsamnote.co.kr/blog/2026-08-09-safety-auto-eb5e4c/,generateMetadata 코드,yes,정상(자기 자신)
2026-08-09-safety-auto-14bba7,https://honsamnote.co.kr/blog/2026-08-09-safety-auto-14bba7/,https://honsamnote.co.kr/blog/2026-08-09-safety-auto-14bba7/,generateMetadata 코드,yes,정상(자기 자신)
2026-08-09-products-auto-df5dbc,https://honsamnote.co.kr/blog/2026-08-09-products-auto-df5dbc/,https://honsamnote.co.kr/blog/2026-08-09-products-auto-df5dbc/,generateMetadata 코드,yes,정상(자기 자신)
2026-08-09-products-auto-b63f8d,https://honsamnote.co.kr/blog/2026-08-09-products-auto-b63f8d/,https://honsamnote.co.kr/blog/2026-08-09-products-auto-b63f8d/,generateMetadata 코드,yes,정상(자기 자신)
2026-08-09-products-auto-7bf3a6,https://honsamnote.co.kr/blog/2026-08-09-products-auto-7bf3a6/,https://honsamnote.co.kr/blog/2026-08-09-products-auto-7bf3a6/,generateMetadata 코드,yes,정상(자기 자신)
2026-08-09-lifestyle-auto-12d150,https://honsamnote.co.kr/blog/2026-08-09-lifestyle-auto-12d150/,https://honsamnote.co.kr/blog/2026-08-09-lifestyle-auto-12d150/,generateMetadata 코드,yes,정상(자기 자신)
2026-08-09-housing-auto-da13ec,https://honsamnote.co.kr/blog/2026-08-09-housing-auto-da13ec/,https://honsamnote.co.kr/blog/2026-08-09-housing-auto-da13ec/,generateMetadata 코드,yes,정상(자기 자신)
2026-08-09-housing-auto-1e381e,https://honsamnote.co.kr/blog/2026-08-09-housing-auto-1e381e/,https://honsamnote.co.kr/blog/2026-08-09-housing-auto-1e381e/,generateMetadata 코드,yes,정상(자기 자신)
2026-08-09-food-auto-e39c1f,https://honsamnote.co.kr/blog/2026-08-09-food-auto-e39c1f/,https://honsamnote.co.kr/blog/2026-08-09-food-auto-e39c1f/,generateMetadata 코드,yes,정상(자기 자신)
2026-08-09-food-auto-bd7a7d,https://honsamnote.co.kr/blog/2026-08-09-food-auto-bd7a7d/,https://honsamnote.co.kr/blog/2026-08-09-food-auto-bd7a7d/,generateMetadata 코드,yes,정상(자기 자신)
2026-08-09-food-auto-937ea1,https://honsamnote.co.kr/blog/2026-08-09-food-auto-937ea1/,https://honsamnote.co.kr/blog/2026-08-09-food-auto-937ea1/,generateMetadata 코드,yes,정상(자기 자신)
2026-08-09-cost-auto-80b3c9,https://honsamnote.co.kr/blog/2026-08-09-cost-auto-80b3c9/,https://honsamnote.co.kr/blog/2026-08-09-cost-auto-80b3c9/,generateMetadata 코드,yes,정상(자기 자신)
2026-08-09-cleaning-auto-e21eb5,https://honsamnote.co.kr/blog/2026-08-09-cleaning-auto-e21eb5/,https://honsamnote.co.kr/blog/2026-08-09-cleaning-auto-e21eb5/,generateMetadata 코드,yes,정상(자기 자신)
2026-08-09-cleaning-auto-c10b6d,https://honsamnote.co.kr/blog/2026-08-09-cleaning-auto-c10b6d/,https://honsamnote.co.kr/blog/2026-08-09-cleaning-auto-c10b6d/,generateMetadata 코드,yes,정상(자기 자신)
2026-08-09-cleaning-auto-117267,https://honsamnote.co.kr/blog/2026-08-09-cleaning-auto-117267/,https://honsamnote.co.kr/blog/2026-08-09-cleaning-auto-117267/,generateMetadata 코드,yes,정상(자기 자신)
2026-08-08-storage-auto-fda98a,https://honsamnote.co.kr/blog/2026-08-08-storage-auto-fda98a/,https://honsamnote.co.kr/blog/2026-08-08-storage-auto-fda98a/,generateMetadata 코드,yes,정상(자기 자신)
2026-08-08-storage-auto-9dbb87,https://honsamnote.co.kr/blog/2026-08-08-storage-auto-9dbb87/,https://honsamnote.co.kr/blog/2026-08-08-storage-auto-9dbb87/,generateMetadata 코드,yes,정상(자기 자신)
2026-08-08-storage-auto-55b81f,https://honsamnote.co.kr/blog/2026-08-08-storage-auto-55b81f/,https://honsamnote.co.kr/blog/2026-08-08-storage-auto-55b81f/,generateMetadata 코드,yes,정상(자기 자신)
2026-08-08-storage-auto-37bfb5,https://honsamnote.co.kr/blog/2026-08-08-storage-auto-37bfb5/,https://honsamnote.co.kr/blog/2026-08-08-storage-auto-37bfb5/,generateMetadata 코드,yes,정상(자기 자신)
2026-08-08-storage-auto-276b92,https://honsamnote.co.kr/blog/2026-08-08-storage-auto-276b92/,https://honsamnote.co.kr/blog/2026-08-08-storage-auto-276b92/,generateMetadata 코드,yes,정상(자기 자신)
2026-08-08-storage-auto-24e806,https://honsamnote.co.kr/blog/2026-08-08-storage-auto-24e806/,https://honsamnote.co.kr/blog/2026-08-08-storage-auto-24e806/,generateMetadata 코드,yes,정상(자기 자신)
2026-08-08-storage-auto-15969c,https://honsamnote.co.kr/blog/2026-08-08-storage-auto-15969c/,https://honsamnote.co.kr/blog/2026-08-08-storage-auto-15969c/,generateMetadata 코드,yes,정상(자기 자신)
2026-08-08-storage-auto-12975c,https://honsamnote.co.kr/blog/2026-08-08-storage-auto-12975c/,https://honsamnote.co.kr/blog/2026-08-08-storage-auto-12975c/,generateMetadata 코드,yes,정상(자기 자신)
2026-08-08-safety-auto-fcd8d6,https://honsamnote.co.kr/blog/2026-08-08-safety-auto-fcd8d6/,https://honsamnote.co.kr/blog/2026-08-08-safety-auto-fcd8d6/,generateMetadata 코드,yes,정상(자기 자신)
2026-08-08-safety-auto-ee80c6,https://honsamnote.co.kr/blog/2026-08-08-safety-auto-ee80c6/,https://honsamnote.co.kr/blog/2026-08-08-safety-auto-ee80c6/,generateMetadata 코드,yes,정상(자기 자신)
2026-08-08-safety-auto-be207d,https://honsamnote.co.kr/blog/2026-08-08-safety-auto-be207d/,https://honsamnote.co.kr/blog/2026-08-08-safety-auto-be207d/,generateMetadata 코드,yes,정상(자기 자신)
2026-08-08-safety-auto-985515,https://honsamnote.co.kr/blog/2026-08-08-safety-auto-985515/,https://honsamnote.co.kr/blog/2026-08-08-safety-auto-985515/,generateMetadata 코드,yes,정상(자기 자신)
2026-08-08-safety-auto-9834c4,https://honsamnote.co.kr/blog/2026-08-08-safety-auto-9834c4/,https://honsamnote.co.kr/blog/2026-08-08-safety-auto-9834c4/,generateMetadata 코드,yes,정상(자기 자신)
2026-08-08-safety-auto-84a0bd,https://honsamnote.co.kr/blog/2026-08-08-safety-auto-84a0bd/,https://honsamnote.co.kr/blog/2026-08-08-safety-auto-84a0bd/,generateMetadata 코드,yes,정상(자기 자신)
2026-08-08-safety-auto-71a5f3,https://honsamnote.co.kr/blog/2026-08-08-safety-auto-71a5f3/,https://honsamnote.co.kr/blog/2026-08-08-safety-auto-71a5f3/,generateMetadata 코드,yes,정상(자기 자신)
2026-08-08-safety-auto-55b509,https://honsamnote.co.kr/blog/2026-08-08-safety-auto-55b509/,https://honsamnote.co.kr/blog/2026-08-08-safety-auto-55b509/,generateMetadata 코드,yes,정상(자기 자신)
2026-08-08-safety-auto-2186aa,https://honsamnote.co.kr/blog/2026-08-08-safety-auto-2186aa/,https://honsamnote.co.kr/blog/2026-08-08-safety-auto-2186aa/,generateMetadata 코드,yes,정상(자기 자신)
2026-08-08-products-auto-c4d689,https://honsamnote.co.kr/blog/2026-08-08-products-auto-c4d689/,https://honsamnote.co.kr/blog/2026-08-08-products-auto-c4d689/,generateMetadata 코드,yes,정상(자기 자신)
2026-08-08-products-auto-b03456,https://honsamnote.co.kr/blog/2026-08-08-products-auto-b03456/,https://honsamnote.co.kr/blog/2026-08-08-products-auto-b03456/,generateMetadata 코드,yes,정상(자기 자신)
2026-08-08-products-auto-a84bd7,https://honsamnote.co.kr/blog/2026-08-08-products-auto-a84bd7/,https://honsamnote.co.kr/blog/2026-08-08-products-auto-a84bd7/,generateMetadata 코드,yes,정상(자기 자신)
2026-08-08-products-auto-613b49,https://honsamnote.co.kr/blog/2026-08-08-products-auto-613b49/,https://honsamnote.co.kr/blog/2026-08-08-products-auto-613b49/,generateMetadata 코드,yes,정상(자기 자신)
2026-08-08-products-auto-57c503,https://honsamnote.co.kr/blog/2026-08-08-products-auto-57c503/,https://honsamnote.co.kr/blog/2026-08-08-products-auto-57c503/,generateMetadata 코드,yes,정상(자기 자신)
2026-08-08-products-auto-3f53f6,https://honsamnote.co.kr/blog/2026-08-08-products-auto-3f53f6/,https://honsamnote.co.kr/blog/2026-08-08-products-auto-3f53f6/,generateMetadata 코드,yes,정상(자기 자신)
2026-08-08-products-auto-38bb22,https://honsamnote.co.kr/blog/2026-08-08-products-auto-38bb22/,https://honsamnote.co.kr/blog/2026-08-08-products-auto-38bb22/,generateMetadata 코드,yes,정상(자기 자신)
2026-08-08-products-auto-3477b8,https://honsamnote.co.kr/blog/2026-08-08-products-auto-3477b8/,https://honsamnote.co.kr/blog/2026-08-08-products-auto-3477b8/,generateMetadata 코드,yes,정상(자기 자신)
2026-08-08-products-auto-06056d,https://honsamnote.co.kr/blog/2026-08-08-products-auto-06056d/,https://honsamnote.co.kr/blog/2026-08-08-products-auto-06056d/,generateMetadata 코드,yes,정상(자기 자신)
2026-08-08-lifestyle-auto-dd0e67,https://honsamnote.co.kr/blog/2026-08-08-lifestyle-auto-dd0e67/,https://honsamnote.co.kr/blog/2026-08-08-lifestyle-auto-dd0e67/,generateMetadata 코드,yes,정상(자기 자신)
2026-08-08-lifestyle-auto-9fe492,https://honsamnote.co.kr/blog/2026-08-08-lifestyle-auto-9fe492/,https://honsamnote.co.kr/blog/2026-08-08-lifestyle-auto-9fe492/,generateMetadata 코드,yes,정상(자기 자신)
2026-08-08-lifestyle-auto-83e6d5,https://honsamnote.co.kr/blog/2026-08-08-lifestyle-auto-83e6d5/,https://honsamnote.co.kr/blog/2026-08-08-lifestyle-auto-83e6d5/,generateMetadata 코드,yes,정상(자기 자신)
2026-08-08-lifestyle-auto-4e7860,https://honsamnote.co.kr/blog/2026-08-08-lifestyle-auto-4e7860/,https://honsamnote.co.kr/blog/2026-08-08-lifestyle-auto-4e7860/,generateMetadata 코드,yes,정상(자기 자신)
2026-08-08-housing-auto-fd6c09,https://honsamnote.co.kr/blog/2026-08-08-housing-auto-fd6c09/,https://honsamnote.co.kr/blog/2026-08-08-housing-auto-fd6c09/,generateMetadata 코드,yes,정상(자기 자신)
2026-08-08-housing-auto-d2c1ed,https://honsamnote.co.kr/blog/2026-08-08-housing-auto-d2c1ed/,https://honsamnote.co.kr/blog/2026-08-08-housing-auto-d2c1ed/,generateMetadata 코드,yes,정상(자기 자신)
2026-08-08-housing-auto-8b0461,https://honsamnote.co.kr/blog/2026-08-08-housing-auto-8b0461/,https://honsamnote.co.kr/blog/2026-08-08-housing-auto-8b0461/,generateMetadata 코드,yes,정상(자기 자신)
2026-08-08-housing-auto-82f28f,https://honsamnote.co.kr/blog/2026-08-08-housing-auto-82f28f/,https://honsamnote.co.kr/blog/2026-08-08-housing-auto-82f28f/,generateMetadata 코드,yes,정상(자기 자신)
2026-08-08-housing-auto-4e32dc,https://honsamnote.co.kr/blog/2026-08-08-housing-auto-4e32dc/,https://honsamnote.co.kr/blog/2026-08-08-housing-auto-4e32dc/,generateMetadata 코드,yes,정상(자기 자신)
2026-08-08-food-auto-cfd186,https://honsamnote.co.kr/blog/2026-08-08-food-auto-cfd186/,https://honsamnote.co.kr/blog/2026-08-08-food-auto-cfd186/,generateMetadata 코드,yes,정상(자기 자신)
2026-08-08-food-auto-9b0e80,https://honsamnote.co.kr/blog/2026-08-08-food-auto-9b0e80/,https://honsamnote.co.kr/blog/2026-08-08-food-auto-9b0e80/,generateMetadata 코드,yes,정상(자기 자신)
2026-08-08-food-auto-89f7c0,https://honsamnote.co.kr/blog/2026-08-08-food-auto-89f7c0/,https://honsamnote.co.kr/blog/2026-08-08-food-auto-89f7c0/,generateMetadata 코드,yes,정상(자기 자신)
2026-08-08-food-auto-89ea49,https://honsamnote.co.kr/blog/2026-08-08-food-auto-89ea49/,https://honsamnote.co.kr/blog/2026-08-08-food-auto-89ea49/,generateMetadata 코드,yes,정상(자기 자신)
2026-08-08-food-auto-76d24e,https://honsamnote.co.kr/blog/2026-08-08-food-auto-76d24e/,https://honsamnote.co.kr/blog/2026-08-08-food-auto-76d24e/,generateMetadata 코드,yes,정상(자기 자신)
2026-08-08-food-auto-6f0a23,https://honsamnote.co.kr/blog/2026-08-08-food-auto-6f0a23/,https://honsamnote.co.kr/blog/2026-08-08-food-auto-6f0a23/,generateMetadata 코드,yes,정상(자기 자신)
2026-08-08-food-auto-476c5f,https://honsamnote.co.kr/blog/2026-08-08-food-auto-476c5f/,https://honsamnote.co.kr/blog/2026-08-08-food-auto-476c5f/,generateMetadata 코드,yes,정상(자기 자신)
2026-08-08-food-auto-2c836a,https://honsamnote.co.kr/blog/2026-08-08-food-auto-2c836a/,https://honsamnote.co.kr/blog/2026-08-08-food-auto-2c836a/,generateMetadata 코드,yes,정상(자기 자신)
2026-08-08-food-auto-0ac2e1,https://honsamnote.co.kr/blog/2026-08-08-food-auto-0ac2e1/,https://honsamnote.co.kr/blog/2026-08-08-food-auto-0ac2e1/,generateMetadata 코드,yes,정상(자기 자신)
2026-08-08-cost-auto-c1b0b5,https://honsamnote.co.kr/blog/2026-08-08-cost-auto-c1b0b5/,https://honsamnote.co.kr/blog/2026-08-08-cost-auto-c1b0b5/,generateMetadata 코드,yes,정상(자기 자신)
2026-08-08-cost-auto-bbb3d7,https://honsamnote.co.kr/blog/2026-08-08-cost-auto-bbb3d7/,https://honsamnote.co.kr/blog/2026-08-08-cost-auto-bbb3d7/,generateMetadata 코드,yes,정상(자기 자신)
2026-08-08-cost-auto-770f4a,https://honsamnote.co.kr/blog/2026-08-08-cost-auto-770f4a/,https://honsamnote.co.kr/blog/2026-08-08-cost-auto-770f4a/,generateMetadata 코드,yes,정상(자기 자신)
2026-08-08-cost-auto-65e819,https://honsamnote.co.kr/blog/2026-08-08-cost-auto-65e819/,https://honsamnote.co.kr/blog/2026-08-08-cost-auto-65e819/,generateMetadata 코드,yes,정상(자기 자신)
2026-08-08-cost-auto-123a00,https://honsamnote.co.kr/blog/2026-08-08-cost-auto-123a00/,https://honsamnote.co.kr/blog/2026-08-08-cost-auto-123a00/,generateMetadata 코드,yes,정상(자기 자신)
2026-08-08-cleaning-auto-e6a45e,https://honsamnote.co.kr/blog/2026-08-08-cleaning-auto-e6a45e/,https://honsamnote.co.kr/blog/2026-08-08-cleaning-auto-e6a45e/,generateMetadata 코드,yes,정상(자기 자신)
2026-08-08-cleaning-auto-e0020a,https://honsamnote.co.kr/blog/2026-08-08-cleaning-auto-e0020a/,https://honsamnote.co.kr/blog/2026-08-08-cleaning-auto-e0020a/,generateMetadata 코드,yes,정상(자기 자신)
2026-08-08-cleaning-auto-c188df,https://honsamnote.co.kr/blog/2026-08-08-cleaning-auto-c188df/,https://honsamnote.co.kr/blog/2026-08-08-cleaning-auto-c188df/,generateMetadata 코드,yes,정상(자기 자신)
2026-08-08-cleaning-auto-b16ac0,https://honsamnote.co.kr/blog/2026-08-08-cleaning-auto-b16ac0/,https://honsamnote.co.kr/blog/2026-08-08-cleaning-auto-b16ac0/,generateMetadata 코드,yes,정상(자기 자신)
2026-08-08-cleaning-auto-a4c61f,https://honsamnote.co.kr/blog/2026-08-08-cleaning-auto-a4c61f/,https://honsamnote.co.kr/blog/2026-08-08-cleaning-auto-a4c61f/,generateMetadata 코드,yes,정상(자기 자신)
2026-08-08-cleaning-auto-a279f2,https://honsamnote.co.kr/blog/2026-08-08-cleaning-auto-a279f2/,https://honsamnote.co.kr/blog/2026-08-08-cleaning-auto-a279f2/,generateMetadata 코드,yes,정상(자기 자신)
2026-08-08-cleaning-auto-4d4ce4,https://honsamnote.co.kr/blog/2026-08-08-cleaning-auto-4d4ce4/,https://honsamnote.co.kr/blog/2026-08-08-cleaning-auto-4d4ce4/,generateMetadata 코드,yes,정상(자기 자신)
2026-08-08-cleaning-auto-3b9de2,https://honsamnote.co.kr/blog/2026-08-08-cleaning-auto-3b9de2/,https://honsamnote.co.kr/blog/2026-08-08-cleaning-auto-3b9de2/,generateMetadata 코드,yes,정상(자기 자신)
2026-08-08-cleaning-auto-176b73,https://honsamnote.co.kr/blog/2026-08-08-cleaning-auto-176b73/,https://honsamnote.co.kr/blog/2026-08-08-cleaning-auto-176b73/,generateMetadata 코드,yes,정상(자기 자신)
2026-08-07-storage-auto-ffedfc,https://honsamnote.co.kr/blog/2026-08-07-storage-auto-ffedfc/,https://honsamnote.co.kr/blog/2026-08-07-storage-auto-ffedfc/,generateMetadata 코드,yes,정상(자기 자신)
2026-08-07-storage-auto-fcc47d,https://honsamnote.co.kr/blog/2026-08-07-storage-auto-fcc47d/,https://honsamnote.co.kr/blog/2026-08-07-storage-auto-fcc47d/,generateMetadata 코드,yes,정상(자기 자신)
2026-08-07-storage-auto-ee20dc,https://honsamnote.co.kr/blog/2026-08-07-storage-auto-ee20dc/,https://honsamnote.co.kr/blog/2026-08-07-storage-auto-ee20dc/,generateMetadata 코드,yes,정상(자기 자신)
2026-08-07-storage-auto-c71b14,https://honsamnote.co.kr/blog/2026-08-07-storage-auto-c71b14/,https://honsamnote.co.kr/blog/2026-08-07-storage-auto-c71b14/,generateMetadata 코드,yes,정상(자기 자신)
2026-08-07-storage-auto-b02bd8,https://honsamnote.co.kr/blog/2026-08-07-storage-auto-b02bd8/,https://honsamnote.co.kr/blog/2026-08-07-storage-auto-b02bd8/,generateMetadata 코드,yes,정상(자기 자신)
2026-08-07-storage-auto-6dca4b,https://honsamnote.co.kr/blog/2026-08-07-storage-auto-6dca4b/,https://honsamnote.co.kr/blog/2026-08-07-storage-auto-6dca4b/,generateMetadata 코드,yes,정상(자기 자신)
2026-08-07-storage-auto-613d62,https://honsamnote.co.kr/blog/2026-08-07-storage-auto-613d62/,https://honsamnote.co.kr/blog/2026-08-07-storage-auto-613d62/,generateMetadata 코드,yes,정상(자기 자신)
2026-08-07-storage-auto-54d5cd,https://honsamnote.co.kr/blog/2026-08-07-storage-auto-54d5cd/,https://honsamnote.co.kr/blog/2026-08-07-storage-auto-54d5cd/,generateMetadata 코드,yes,정상(자기 자신)
2026-08-07-storage-auto-4a268b,https://honsamnote.co.kr/blog/2026-08-07-storage-auto-4a268b/,https://honsamnote.co.kr/blog/2026-08-07-storage-auto-4a268b/,generateMetadata 코드,yes,정상(자기 자신)
2026-08-07-storage-auto-3c236f,https://honsamnote.co.kr/blog/2026-08-07-storage-auto-3c236f/,https://honsamnote.co.kr/blog/2026-08-07-storage-auto-3c236f/,generateMetadata 코드,yes,정상(자기 자신)
2026-08-07-storage-auto-2cdaeb,https://honsamnote.co.kr/blog/2026-08-07-storage-auto-2cdaeb/,https://honsamnote.co.kr/blog/2026-08-07-storage-auto-2cdaeb/,generateMetadata 코드,yes,정상(자기 자신)
2026-08-07-storage-auto-18dbcb,https://honsamnote.co.kr/blog/2026-08-07-storage-auto-18dbcb/,https://honsamnote.co.kr/blog/2026-08-07-storage-auto-18dbcb/,generateMetadata 코드,yes,정상(자기 자신)
2026-08-07-safety-auto-eecdaa,https://honsamnote.co.kr/blog/2026-08-07-safety-auto-eecdaa/,https://honsamnote.co.kr/blog/2026-08-07-safety-auto-eecdaa/,generateMetadata 코드,yes,정상(자기 자신)
2026-08-07-safety-auto-e50d7a,https://honsamnote.co.kr/blog/2026-08-07-safety-auto-e50d7a/,https://honsamnote.co.kr/blog/2026-08-07-safety-auto-e50d7a/,generateMetadata 코드,yes,정상(자기 자신)
2026-08-07-safety-auto-a9b07e,https://honsamnote.co.kr/blog/2026-08-07-safety-auto-a9b07e/,https://honsamnote.co.kr/blog/2026-08-07-safety-auto-a9b07e/,generateMetadata 코드,yes,정상(자기 자신)
2026-08-07-safety-auto-86e30d,https://honsamnote.co.kr/blog/2026-08-07-safety-auto-86e30d/,https://honsamnote.co.kr/blog/2026-08-07-safety-auto-86e30d/,generateMetadata 코드,yes,정상(자기 자신)
2026-08-07-safety-auto-7d89fc,https://honsamnote.co.kr/blog/2026-08-07-safety-auto-7d89fc/,https://honsamnote.co.kr/blog/2026-08-07-safety-auto-7d89fc/,generateMetadata 코드,yes,정상(자기 자신)
2026-08-07-safety-auto-7d0e1d,https://honsamnote.co.kr/blog/2026-08-07-safety-auto-7d0e1d/,https://honsamnote.co.kr/blog/2026-08-07-safety-auto-7d0e1d/,generateMetadata 코드,yes,정상(자기 자신)
2026-08-07-safety-auto-6b24c5,https://honsamnote.co.kr/blog/2026-08-07-safety-auto-6b24c5/,https://honsamnote.co.kr/blog/2026-08-07-safety-auto-6b24c5/,generateMetadata 코드,yes,정상(자기 자신)
2026-08-07-safety-auto-5a549d,https://honsamnote.co.kr/blog/2026-08-07-safety-auto-5a549d/,https://honsamnote.co.kr/blog/2026-08-07-safety-auto-5a549d/,generateMetadata 코드,yes,정상(자기 자신)
2026-08-07-safety-auto-580f1f,https://honsamnote.co.kr/blog/2026-08-07-safety-auto-580f1f/,https://honsamnote.co.kr/blog/2026-08-07-safety-auto-580f1f/,generateMetadata 코드,yes,정상(자기 자신)
2026-08-07-safety-auto-22735c,https://honsamnote.co.kr/blog/2026-08-07-safety-auto-22735c/,https://honsamnote.co.kr/blog/2026-08-07-safety-auto-22735c/,generateMetadata 코드,yes,정상(자기 자신)
2026-08-07-safety-auto-0d1c1b,https://honsamnote.co.kr/blog/2026-08-07-safety-auto-0d1c1b/,https://honsamnote.co.kr/blog/2026-08-07-safety-auto-0d1c1b/,generateMetadata 코드,yes,정상(자기 자신)
2026-08-07-products-auto-e9e85e,https://honsamnote.co.kr/blog/2026-08-07-products-auto-e9e85e/,https://honsamnote.co.kr/blog/2026-08-07-products-auto-e9e85e/,generateMetadata 코드,yes,정상(자기 자신)
2026-08-07-products-auto-d33666,https://honsamnote.co.kr/blog/2026-08-07-products-auto-d33666/,https://honsamnote.co.kr/blog/2026-08-07-products-auto-d33666/,generateMetadata 코드,yes,정상(자기 자신)
2026-08-07-products-auto-bd7178,https://honsamnote.co.kr/blog/2026-08-07-products-auto-bd7178/,https://honsamnote.co.kr/blog/2026-08-07-products-auto-bd7178/,generateMetadata 코드,yes,정상(자기 자신)
2026-08-07-products-auto-b07e5f,https://honsamnote.co.kr/blog/2026-08-07-products-auto-b07e5f/,https://honsamnote.co.kr/blog/2026-08-07-products-auto-b07e5f/,generateMetadata 코드,yes,정상(자기 자신)
2026-08-07-products-auto-75313c,https://honsamnote.co.kr/blog/2026-08-07-products-auto-75313c/,https://honsamnote.co.kr/blog/2026-08-07-products-auto-75313c/,generateMetadata 코드,yes,정상(자기 자신)
2026-08-07-products-auto-5c0731,https://honsamnote.co.kr/blog/2026-08-07-products-auto-5c0731/,https://honsamnote.co.kr/blog/2026-08-07-products-auto-5c0731/,generateMetadata 코드,yes,정상(자기 자신)
2026-08-07-products-auto-462713,https://honsamnote.co.kr/blog/2026-08-07-products-auto-462713/,https://honsamnote.co.kr/blog/2026-08-07-products-auto-462713/,generateMetadata 코드,yes,정상(자기 자신)
2026-08-07-products-auto-4602dc,https://honsamnote.co.kr/blog/2026-08-07-products-auto-4602dc/,https://honsamnote.co.kr/blog/2026-08-07-products-auto-4602dc/,generateMetadata 코드,yes,정상(자기 자신)
2026-08-07-products-auto-2fe4a8,https://honsamnote.co.kr/blog/2026-08-07-products-auto-2fe4a8/,https://honsamnote.co.kr/blog/2026-08-07-products-auto-2fe4a8/,generateMetadata 코드,yes,정상(자기 자신)
2026-08-07-products-auto-0e769c,https://honsamnote.co.kr/blog/2026-08-07-products-auto-0e769c/,https://honsamnote.co.kr/blog/2026-08-07-products-auto-0e769c/,generateMetadata 코드,yes,정상(자기 자신)
2026-08-07-products-auto-074e7a,https://honsamnote.co.kr/blog/2026-08-07-products-auto-074e7a/,https://honsamnote.co.kr/blog/2026-08-07-products-auto-074e7a/,generateMetadata 코드,yes,정상(자기 자신)
2026-08-07-lifestyle-auto-c39ec1,https://honsamnote.co.kr/blog/2026-08-07-lifestyle-auto-c39ec1/,https://honsamnote.co.kr/blog/2026-08-07-lifestyle-auto-c39ec1/,generateMetadata 코드,yes,정상(자기 자신)
2026-08-07-lifestyle-auto-6e452d,https://honsamnote.co.kr/blog/2026-08-07-lifestyle-auto-6e452d/,https://honsamnote.co.kr/blog/2026-08-07-lifestyle-auto-6e452d/,generateMetadata 코드,yes,정상(자기 자신)
2026-08-07-lifestyle-auto-6d2617,https://honsamnote.co.kr/blog/2026-08-07-lifestyle-auto-6d2617/,https://honsamnote.co.kr/blog/2026-08-07-lifestyle-auto-6d2617/,generateMetadata 코드,yes,정상(자기 자신)
2026-08-07-lifestyle-auto-0b115c,https://honsamnote.co.kr/blog/2026-08-07-lifestyle-auto-0b115c/,https://honsamnote.co.kr/blog/2026-08-07-lifestyle-auto-0b115c/,generateMetadata 코드,yes,정상(자기 자신)
2026-08-07-housing-auto-eb35f1,https://honsamnote.co.kr/blog/2026-08-07-housing-auto-eb35f1/,https://honsamnote.co.kr/blog/2026-08-07-housing-auto-eb35f1/,generateMetadata 코드,yes,정상(자기 자신)
2026-08-07-housing-auto-e33294,https://honsamnote.co.kr/blog/2026-08-07-housing-auto-e33294/,https://honsamnote.co.kr/blog/2026-08-07-housing-auto-e33294/,generateMetadata 코드,yes,정상(자기 자신)
2026-08-07-housing-auto-baa8f0,https://honsamnote.co.kr/blog/2026-08-07-housing-auto-baa8f0/,https://honsamnote.co.kr/blog/2026-08-07-housing-auto-baa8f0/,generateMetadata 코드,yes,정상(자기 자신)
2026-08-07-housing-auto-5dd703,https://honsamnote.co.kr/blog/2026-08-07-housing-auto-5dd703/,https://honsamnote.co.kr/blog/2026-08-07-housing-auto-5dd703/,generateMetadata 코드,yes,정상(자기 자신)
2026-08-07-housing-auto-0bc6a2,https://honsamnote.co.kr/blog/2026-08-07-housing-auto-0bc6a2/,https://honsamnote.co.kr/blog/2026-08-07-housing-auto-0bc6a2/,generateMetadata 코드,yes,정상(자기 자신)
2026-08-07-food-auto-f5cf37,https://honsamnote.co.kr/blog/2026-08-07-food-auto-f5cf37/,https://honsamnote.co.kr/blog/2026-08-07-food-auto-f5cf37/,generateMetadata 코드,yes,정상(자기 자신)
2026-08-07-food-auto-e08b8c,https://honsamnote.co.kr/blog/2026-08-07-food-auto-e08b8c/,https://honsamnote.co.kr/blog/2026-08-07-food-auto-e08b8c/,generateMetadata 코드,yes,정상(자기 자신)
2026-08-07-food-auto-c3ab2b,https://honsamnote.co.kr/blog/2026-08-07-food-auto-c3ab2b/,https://honsamnote.co.kr/blog/2026-08-07-food-auto-c3ab2b/,generateMetadata 코드,yes,정상(자기 자신)
2026-08-07-food-auto-bb56bf,https://honsamnote.co.kr/blog/2026-08-07-food-auto-bb56bf/,https://honsamnote.co.kr/blog/2026-08-07-food-auto-bb56bf/,generateMetadata 코드,yes,정상(자기 자신)
2026-08-07-food-auto-9b0d72,https://honsamnote.co.kr/blog/2026-08-07-food-auto-9b0d72/,https://honsamnote.co.kr/blog/2026-08-07-food-auto-9b0d72/,generateMetadata 코드,yes,정상(자기 자신)
2026-08-07-food-auto-78eff9,https://honsamnote.co.kr/blog/2026-08-07-food-auto-78eff9/,https://honsamnote.co.kr/blog/2026-08-07-food-auto-78eff9/,generateMetadata 코드,yes,정상(자기 자신)
2026-08-07-food-auto-5b5eb1,https://honsamnote.co.kr/blog/2026-08-07-food-auto-5b5eb1/,https://honsamnote.co.kr/blog/2026-08-07-food-auto-5b5eb1/,generateMetadata 코드,yes,정상(자기 자신)
2026-08-07-food-auto-55d572,https://honsamnote.co.kr/blog/2026-08-07-food-auto-55d572/,https://honsamnote.co.kr/blog/2026-08-07-food-auto-55d572/,generateMetadata 코드,yes,정상(자기 자신)
2026-08-07-food-auto-44e578,https://honsamnote.co.kr/blog/2026-08-07-food-auto-44e578/,https://honsamnote.co.kr/blog/2026-08-07-food-auto-44e578/,generateMetadata 코드,yes,정상(자기 자신)
2026-08-07-food-auto-18079e,https://honsamnote.co.kr/blog/2026-08-07-food-auto-18079e/,https://honsamnote.co.kr/blog/2026-08-07-food-auto-18079e/,generateMetadata 코드,yes,정상(자기 자신)
2026-08-07-food-auto-13d75f,https://honsamnote.co.kr/blog/2026-08-07-food-auto-13d75f/,https://honsamnote.co.kr/blog/2026-08-07-food-auto-13d75f/,generateMetadata 코드,yes,정상(자기 자신)
2026-08-07-food-auto-0e8387,https://honsamnote.co.kr/blog/2026-08-07-food-auto-0e8387/,https://honsamnote.co.kr/blog/2026-08-07-food-auto-0e8387/,generateMetadata 코드,yes,정상(자기 자신)
2026-08-07-cost-auto-efcd2f,https://honsamnote.co.kr/blog/2026-08-07-cost-auto-efcd2f/,https://honsamnote.co.kr/blog/2026-08-07-cost-auto-efcd2f/,generateMetadata 코드,yes,정상(자기 자신)
2026-08-07-cost-auto-d674a8,https://honsamnote.co.kr/blog/2026-08-07-cost-auto-d674a8/,https://honsamnote.co.kr/blog/2026-08-07-cost-auto-d674a8/,generateMetadata 코드,yes,정상(자기 자신)
2026-08-07-cost-auto-b1ff82,https://honsamnote.co.kr/blog/2026-08-07-cost-auto-b1ff82/,https://honsamnote.co.kr/blog/2026-08-07-cost-auto-b1ff82/,generateMetadata 코드,yes,정상(자기 자신)
2026-08-07-cost-auto-846842,https://honsamnote.co.kr/blog/2026-08-07-cost-auto-846842/,https://honsamnote.co.kr/blog/2026-08-07-cost-auto-846842/,generateMetadata 코드,yes,정상(자기 자신)
2026-08-07-cost-auto-811cef,https://honsamnote.co.kr/blog/2026-08-07-cost-auto-811cef/,https://honsamnote.co.kr/blog/2026-08-07-cost-auto-811cef/,generateMetadata 코드,yes,정상(자기 자신)
2026-08-07-cost-auto-7256ba,https://honsamnote.co.kr/blog/2026-08-07-cost-auto-7256ba/,https://honsamnote.co.kr/blog/2026-08-07-cost-auto-7256ba/,generateMetadata 코드,yes,정상(자기 자신)
2026-08-07-cost-auto-431981,https://honsamnote.co.kr/blog/2026-08-07-cost-auto-431981/,https://honsamnote.co.kr/blog/2026-08-07-cost-auto-431981/,generateMetadata 코드,yes,정상(자기 자신)
2026-08-07-cost-auto-24b43b,https://honsamnote.co.kr/blog/2026-08-07-cost-auto-24b43b/,https://honsamnote.co.kr/blog/2026-08-07-cost-auto-24b43b/,generateMetadata 코드,yes,정상(자기 자신)
2026-08-07-cost-auto-0c25d9,https://honsamnote.co.kr/blog/2026-08-07-cost-auto-0c25d9/,https://honsamnote.co.kr/blog/2026-08-07-cost-auto-0c25d9/,generateMetadata 코드,yes,정상(자기 자신)
2026-08-07-cleaning-auto-f46339,https://honsamnote.co.kr/blog/2026-08-07-cleaning-auto-f46339/,https://honsamnote.co.kr/blog/2026-08-07-cleaning-auto-f46339/,generateMetadata 코드,yes,정상(자기 자신)
2026-08-07-cleaning-auto-f340ae,https://honsamnote.co.kr/blog/2026-08-07-cleaning-auto-f340ae/,https://honsamnote.co.kr/blog/2026-08-07-cleaning-auto-f340ae/,generateMetadata 코드,yes,정상(자기 자신)
2026-08-07-cleaning-auto-ef484e,https://honsamnote.co.kr/blog/2026-08-07-cleaning-auto-ef484e/,https://honsamnote.co.kr/blog/2026-08-07-cleaning-auto-ef484e/,generateMetadata 코드,yes,정상(자기 자신)
2026-08-07-cleaning-auto-e52e72,https://honsamnote.co.kr/blog/2026-08-07-cleaning-auto-e52e72/,https://honsamnote.co.kr/blog/2026-08-07-cleaning-auto-e52e72/,generateMetadata 코드,yes,정상(자기 자신)
2026-08-07-cleaning-auto-d3c72b,https://honsamnote.co.kr/blog/2026-08-07-cleaning-auto-d3c72b/,https://honsamnote.co.kr/blog/2026-08-07-cleaning-auto-d3c72b/,generateMetadata 코드,yes,정상(자기 자신)
2026-08-07-cleaning-auto-cb5dfe,https://honsamnote.co.kr/blog/2026-08-07-cleaning-auto-cb5dfe/,https://honsamnote.co.kr/blog/2026-08-07-cleaning-auto-cb5dfe/,generateMetadata 코드,yes,정상(자기 자신)
2026-08-07-cleaning-auto-c3121d,https://honsamnote.co.kr/blog/2026-08-07-cleaning-auto-c3121d/,https://honsamnote.co.kr/blog/2026-08-07-cleaning-auto-c3121d/,generateMetadata 코드,yes,정상(자기 자신)
2026-08-07-cleaning-auto-5100a8,https://honsamnote.co.kr/blog/2026-08-07-cleaning-auto-5100a8/,https://honsamnote.co.kr/blog/2026-08-07-cleaning-auto-5100a8/,generateMetadata 코드,yes,정상(자기 자신)
2026-08-07-cleaning-auto-40f096,https://honsamnote.co.kr/blog/2026-08-07-cleaning-auto-40f096/,https://honsamnote.co.kr/blog/2026-08-07-cleaning-auto-40f096/,generateMetadata 코드,yes,정상(자기 자신)
2026-08-07-cleaning-auto-27a7fe,https://honsamnote.co.kr/blog/2026-08-07-cleaning-auto-27a7fe/,https://honsamnote.co.kr/blog/2026-08-07-cleaning-auto-27a7fe/,generateMetadata 코드,yes,정상(자기 자신)
2026-08-07-cleaning-auto-21d8af,https://honsamnote.co.kr/blog/2026-08-07-cleaning-auto-21d8af/,https://honsamnote.co.kr/blog/2026-08-07-cleaning-auto-21d8af/,generateMetadata 코드,yes,정상(자기 자신)
2026-08-07-cleaning-auto-1c4212,https://honsamnote.co.kr/blog/2026-08-07-cleaning-auto-1c4212/,https://honsamnote.co.kr/blog/2026-08-07-cleaning-auto-1c4212/,generateMetadata 코드,yes,정상(자기 자신)
2026-08-06-storage-auto-ee77b8,https://honsamnote.co.kr/blog/2026-08-06-storage-auto-ee77b8/,https://honsamnote.co.kr/blog/2026-08-06-storage-auto-ee77b8/,generateMetadata 코드,yes,정상(자기 자신)
2026-08-06-storage-auto-ddb1d8,https://honsamnote.co.kr/blog/2026-08-06-storage-auto-ddb1d8/,https://honsamnote.co.kr/blog/2026-08-06-storage-auto-ddb1d8/,generateMetadata 코드,yes,정상(자기 자신)
2026-08-06-storage-auto-d7c10d,https://honsamnote.co.kr/blog/2026-08-06-storage-auto-d7c10d/,https://honsamnote.co.kr/blog/2026-08-06-storage-auto-d7c10d/,generateMetadata 코드,yes,정상(자기 자신)
2026-08-06-storage-auto-c25261,https://honsamnote.co.kr/blog/2026-08-06-storage-auto-c25261/,https://honsamnote.co.kr/blog/2026-08-06-storage-auto-c25261/,generateMetadata 코드,yes,정상(자기 자신)
2026-08-06-storage-auto-c14a3a,https://honsamnote.co.kr/blog/2026-08-06-storage-auto-c14a3a/,https://honsamnote.co.kr/blog/2026-08-06-storage-auto-c14a3a/,generateMetadata 코드,yes,정상(자기 자신)
2026-08-06-storage-auto-bb011a,https://honsamnote.co.kr/blog/2026-08-06-storage-auto-bb011a/,https://honsamnote.co.kr/blog/2026-08-06-storage-auto-bb011a/,generateMetadata 코드,yes,정상(자기 자신)
2026-08-06-storage-auto-b1740f,https://honsamnote.co.kr/blog/2026-08-06-storage-auto-b1740f/,https://honsamnote.co.kr/blog/2026-08-06-storage-auto-b1740f/,generateMetadata 코드,yes,정상(자기 자신)
2026-08-06-storage-auto-ae69e9,https://honsamnote.co.kr/blog/2026-08-06-storage-auto-ae69e9/,https://honsamnote.co.kr/blog/2026-08-06-storage-auto-ae69e9/,generateMetadata 코드,yes,정상(자기 자신)
2026-08-06-storage-auto-772373,https://honsamnote.co.kr/blog/2026-08-06-storage-auto-772373/,https://honsamnote.co.kr/blog/2026-08-06-storage-auto-772373/,generateMetadata 코드,yes,정상(자기 자신)
2026-08-06-storage-auto-5477a3,https://honsamnote.co.kr/blog/2026-08-06-storage-auto-5477a3/,https://honsamnote.co.kr/blog/2026-08-06-storage-auto-5477a3/,generateMetadata 코드,yes,정상(자기 자신)
2026-08-06-storage-auto-53c51c,https://honsamnote.co.kr/blog/2026-08-06-storage-auto-53c51c/,https://honsamnote.co.kr/blog/2026-08-06-storage-auto-53c51c/,generateMetadata 코드,yes,정상(자기 자신)
2026-08-06-storage-auto-4e768a,https://honsamnote.co.kr/blog/2026-08-06-storage-auto-4e768a/,https://honsamnote.co.kr/blog/2026-08-06-storage-auto-4e768a/,generateMetadata 코드,yes,정상(자기 자신)
2026-08-06-storage-auto-239c0d,https://honsamnote.co.kr/blog/2026-08-06-storage-auto-239c0d/,https://honsamnote.co.kr/blog/2026-08-06-storage-auto-239c0d/,generateMetadata 코드,yes,정상(자기 자신)
2026-08-06-storage-auto-19a86d,https://honsamnote.co.kr/blog/2026-08-06-storage-auto-19a86d/,https://honsamnote.co.kr/blog/2026-08-06-storage-auto-19a86d/,generateMetadata 코드,yes,정상(자기 자신)
2026-08-06-storage-auto-11ba62,https://honsamnote.co.kr/blog/2026-08-06-storage-auto-11ba62/,https://honsamnote.co.kr/blog/2026-08-06-storage-auto-11ba62/,generateMetadata 코드,yes,정상(자기 자신)
2026-08-06-safety-auto-ec7c17,https://honsamnote.co.kr/blog/2026-08-06-safety-auto-ec7c17/,https://honsamnote.co.kr/blog/2026-08-06-safety-auto-ec7c17/,generateMetadata 코드,yes,정상(자기 자신)
2026-08-06-safety-auto-d2f981,https://honsamnote.co.kr/blog/2026-08-06-safety-auto-d2f981/,https://honsamnote.co.kr/blog/2026-08-06-safety-auto-d2f981/,generateMetadata 코드,yes,정상(자기 자신)
2026-08-06-safety-auto-b35351,https://honsamnote.co.kr/blog/2026-08-06-safety-auto-b35351/,https://honsamnote.co.kr/blog/2026-08-06-safety-auto-b35351/,generateMetadata 코드,yes,정상(자기 자신)
2026-08-06-safety-auto-b04dc4,https://honsamnote.co.kr/blog/2026-08-06-safety-auto-b04dc4/,https://honsamnote.co.kr/blog/2026-08-06-safety-auto-b04dc4/,generateMetadata 코드,yes,정상(자기 자신)
2026-08-06-safety-auto-a5c266,https://honsamnote.co.kr/blog/2026-08-06-safety-auto-a5c266/,https://honsamnote.co.kr/blog/2026-08-06-safety-auto-a5c266/,generateMetadata 코드,yes,정상(자기 자신)
2026-08-06-safety-auto-9df39e,https://honsamnote.co.kr/blog/2026-08-06-safety-auto-9df39e/,https://honsamnote.co.kr/blog/2026-08-06-safety-auto-9df39e/,generateMetadata 코드,yes,정상(자기 자신)
2026-08-06-safety-auto-97b7d5,https://honsamnote.co.kr/blog/2026-08-06-safety-auto-97b7d5/,https://honsamnote.co.kr/blog/2026-08-06-safety-auto-97b7d5/,generateMetadata 코드,yes,정상(자기 자신)
2026-08-06-safety-auto-8dc9e3,https://honsamnote.co.kr/blog/2026-08-06-safety-auto-8dc9e3/,https://honsamnote.co.kr/blog/2026-08-06-safety-auto-8dc9e3/,generateMetadata 코드,yes,정상(자기 자신)
2026-08-06-safety-auto-669f80,https://honsamnote.co.kr/blog/2026-08-06-safety-auto-669f80/,https://honsamnote.co.kr/blog/2026-08-06-safety-auto-669f80/,generateMetadata 코드,yes,정상(자기 자신)
2026-08-06-safety-auto-5817e5,https://honsamnote.co.kr/blog/2026-08-06-safety-auto-5817e5/,https://honsamnote.co.kr/blog/2026-08-06-safety-auto-5817e5/,generateMetadata 코드,yes,정상(자기 자신)
2026-08-06-safety-auto-425601,https://honsamnote.co.kr/blog/2026-08-06-safety-auto-425601/,https://honsamnote.co.kr/blog/2026-08-06-safety-auto-425601/,generateMetadata 코드,yes,정상(자기 자신)
2026-08-06-safety-auto-3d7ecc,https://honsamnote.co.kr/blog/2026-08-06-safety-auto-3d7ecc/,https://honsamnote.co.kr/blog/2026-08-06-safety-auto-3d7ecc/,generateMetadata 코드,yes,정상(자기 자신)
2026-08-06-safety-auto-21374d,https://honsamnote.co.kr/blog/2026-08-06-safety-auto-21374d/,https://honsamnote.co.kr/blog/2026-08-06-safety-auto-21374d/,generateMetadata 코드,yes,정상(자기 자신)
2026-08-06-safety-auto-0b96ff,https://honsamnote.co.kr/blog/2026-08-06-safety-auto-0b96ff/,https://honsamnote.co.kr/blog/2026-08-06-safety-auto-0b96ff/,generateMetadata 코드,yes,정상(자기 자신)
2026-08-06-safety-auto-063890,https://honsamnote.co.kr/blog/2026-08-06-safety-auto-063890/,https://honsamnote.co.kr/blog/2026-08-06-safety-auto-063890/,generateMetadata 코드,yes,정상(자기 자신)
2026-08-06-products-auto-f84639,https://honsamnote.co.kr/blog/2026-08-06-products-auto-f84639/,https://honsamnote.co.kr/blog/2026-08-06-products-auto-f84639/,generateMetadata 코드,yes,정상(자기 자신)
2026-08-06-products-auto-be51b1,https://honsamnote.co.kr/blog/2026-08-06-products-auto-be51b1/,https://honsamnote.co.kr/blog/2026-08-06-products-auto-be51b1/,generateMetadata 코드,yes,정상(자기 자신)
2026-08-06-products-auto-b9fc71,https://honsamnote.co.kr/blog/2026-08-06-products-auto-b9fc71/,https://honsamnote.co.kr/blog/2026-08-06-products-auto-b9fc71/,generateMetadata 코드,yes,정상(자기 자신)
2026-08-06-products-auto-b3c106,https://honsamnote.co.kr/blog/2026-08-06-products-auto-b3c106/,https://honsamnote.co.kr/blog/2026-08-06-products-auto-b3c106/,generateMetadata 코드,yes,정상(자기 자신)
2026-08-06-products-auto-aad52f,https://honsamnote.co.kr/blog/2026-08-06-products-auto-aad52f/,https://honsamnote.co.kr/blog/2026-08-06-products-auto-aad52f/,generateMetadata 코드,yes,정상(자기 자신)
2026-08-06-products-auto-a2fa71,https://honsamnote.co.kr/blog/2026-08-06-products-auto-a2fa71/,https://honsamnote.co.kr/blog/2026-08-06-products-auto-a2fa71/,generateMetadata 코드,yes,정상(자기 자신)
2026-08-06-products-auto-9bb85c,https://honsamnote.co.kr/blog/2026-08-06-products-auto-9bb85c/,https://honsamnote.co.kr/blog/2026-08-06-products-auto-9bb85c/,generateMetadata 코드,yes,정상(자기 자신)
2026-08-06-products-auto-99b34b,https://honsamnote.co.kr/blog/2026-08-06-products-auto-99b34b/,https://honsamnote.co.kr/blog/2026-08-06-products-auto-99b34b/,generateMetadata 코드,yes,정상(자기 자신)
2026-08-06-products-auto-707d16,https://honsamnote.co.kr/blog/2026-08-06-products-auto-707d16/,https://honsamnote.co.kr/blog/2026-08-06-products-auto-707d16/,generateMetadata 코드,yes,정상(자기 자신)
2026-08-06-products-auto-6e0ac5,https://honsamnote.co.kr/blog/2026-08-06-products-auto-6e0ac5/,https://honsamnote.co.kr/blog/2026-08-06-products-auto-6e0ac5/,generateMetadata 코드,yes,정상(자기 자신)
2026-08-06-products-auto-5b74f3,https://honsamnote.co.kr/blog/2026-08-06-products-auto-5b74f3/,https://honsamnote.co.kr/blog/2026-08-06-products-auto-5b74f3/,generateMetadata 코드,yes,정상(자기 자신)
2026-08-06-products-auto-44e274,https://honsamnote.co.kr/blog/2026-08-06-products-auto-44e274/,https://honsamnote.co.kr/blog/2026-08-06-products-auto-44e274/,generateMetadata 코드,yes,정상(자기 자신)
2026-08-06-products-auto-2eb0f5,https://honsamnote.co.kr/blog/2026-08-06-products-auto-2eb0f5/,https://honsamnote.co.kr/blog/2026-08-06-products-auto-2eb0f5/,generateMetadata 코드,yes,정상(자기 자신)
2026-08-06-products-auto-1d916e,https://honsamnote.co.kr/blog/2026-08-06-products-auto-1d916e/,https://honsamnote.co.kr/blog/2026-08-06-products-auto-1d916e/,generateMetadata 코드,yes,정상(자기 자신)
2026-08-06-products-auto-17f494,https://honsamnote.co.kr/blog/2026-08-06-products-auto-17f494/,https://honsamnote.co.kr/blog/2026-08-06-products-auto-17f494/,generateMetadata 코드,yes,정상(자기 자신)
2026-08-06-lifestyle-auto-dd68b0,https://honsamnote.co.kr/blog/2026-08-06-lifestyle-auto-dd68b0/,https://honsamnote.co.kr/blog/2026-08-06-lifestyle-auto-dd68b0/,generateMetadata 코드,yes,정상(자기 자신)
2026-08-06-lifestyle-auto-bf4537,https://honsamnote.co.kr/blog/2026-08-06-lifestyle-auto-bf4537/,https://honsamnote.co.kr/blog/2026-08-06-lifestyle-auto-bf4537/,generateMetadata 코드,yes,정상(자기 자신)
2026-08-06-lifestyle-auto-91c019,https://honsamnote.co.kr/blog/2026-08-06-lifestyle-auto-91c019/,https://honsamnote.co.kr/blog/2026-08-06-lifestyle-auto-91c019/,generateMetadata 코드,yes,정상(자기 자신)
2026-08-06-lifestyle-auto-7d8463,https://honsamnote.co.kr/blog/2026-08-06-lifestyle-auto-7d8463/,https://honsamnote.co.kr/blog/2026-08-06-lifestyle-auto-7d8463/,generateMetadata 코드,yes,정상(자기 자신)
2026-08-06-lifestyle-auto-2e08db,https://honsamnote.co.kr/blog/2026-08-06-lifestyle-auto-2e08db/,https://honsamnote.co.kr/blog/2026-08-06-lifestyle-auto-2e08db/,generateMetadata 코드,yes,정상(자기 자신)
2026-08-06-housing-auto-baef02,https://honsamnote.co.kr/blog/2026-08-06-housing-auto-baef02/,https://honsamnote.co.kr/blog/2026-08-06-housing-auto-baef02/,generateMetadata 코드,yes,정상(자기 자신)
2026-08-06-housing-auto-9d6fe3,https://honsamnote.co.kr/blog/2026-08-06-housing-auto-9d6fe3/,https://honsamnote.co.kr/blog/2026-08-06-housing-auto-9d6fe3/,generateMetadata 코드,yes,정상(자기 자신)
2026-08-06-housing-auto-849c13,https://honsamnote.co.kr/blog/2026-08-06-housing-auto-849c13/,https://honsamnote.co.kr/blog/2026-08-06-housing-auto-849c13/,generateMetadata 코드,yes,정상(자기 자신)
2026-08-06-housing-auto-778093,https://honsamnote.co.kr/blog/2026-08-06-housing-auto-778093/,https://honsamnote.co.kr/blog/2026-08-06-housing-auto-778093/,generateMetadata 코드,yes,정상(자기 자신)
2026-08-06-housing-auto-5c27e6,https://honsamnote.co.kr/blog/2026-08-06-housing-auto-5c27e6/,https://honsamnote.co.kr/blog/2026-08-06-housing-auto-5c27e6/,generateMetadata 코드,yes,정상(자기 자신)
2026-08-06-housing-auto-36b1cd,https://honsamnote.co.kr/blog/2026-08-06-housing-auto-36b1cd/,https://honsamnote.co.kr/blog/2026-08-06-housing-auto-36b1cd/,generateMetadata 코드,yes,정상(자기 자신)
2026-08-06-housing-auto-1a9827,https://honsamnote.co.kr/blog/2026-08-06-housing-auto-1a9827/,https://honsamnote.co.kr/blog/2026-08-06-housing-auto-1a9827/,generateMetadata 코드,yes,정상(자기 자신)
2026-08-06-housing-auto-1870eb,https://honsamnote.co.kr/blog/2026-08-06-housing-auto-1870eb/,https://honsamnote.co.kr/blog/2026-08-06-housing-auto-1870eb/,generateMetadata 코드,yes,정상(자기 자신)
2026-08-06-food-auto-ef165d,https://honsamnote.co.kr/blog/2026-08-06-food-auto-ef165d/,https://honsamnote.co.kr/blog/2026-08-06-food-auto-ef165d/,generateMetadata 코드,yes,정상(자기 자신)
2026-08-06-food-auto-dea971,https://honsamnote.co.kr/blog/2026-08-06-food-auto-dea971/,https://honsamnote.co.kr/blog/2026-08-06-food-auto-dea971/,generateMetadata 코드,yes,정상(자기 자신)
2026-08-06-food-auto-c5562a,https://honsamnote.co.kr/blog/2026-08-06-food-auto-c5562a/,https://honsamnote.co.kr/blog/2026-08-06-food-auto-c5562a/,generateMetadata 코드,yes,정상(자기 자신)
2026-08-06-food-auto-b02493,https://honsamnote.co.kr/blog/2026-08-06-food-auto-b02493/,https://honsamnote.co.kr/blog/2026-08-06-food-auto-b02493/,generateMetadata 코드,yes,정상(자기 자신)
2026-08-06-food-auto-9e2cfe,https://honsamnote.co.kr/blog/2026-08-06-food-auto-9e2cfe/,https://honsamnote.co.kr/blog/2026-08-06-food-auto-9e2cfe/,generateMetadata 코드,yes,정상(자기 자신)
2026-08-06-food-auto-993221,https://honsamnote.co.kr/blog/2026-08-06-food-auto-993221/,https://honsamnote.co.kr/blog/2026-08-06-food-auto-993221/,generateMetadata 코드,yes,정상(자기 자신)
2026-08-06-food-auto-834b6e,https://honsamnote.co.kr/blog/2026-08-06-food-auto-834b6e/,https://honsamnote.co.kr/blog/2026-08-06-food-auto-834b6e/,generateMetadata 코드,yes,정상(자기 자신)
2026-08-06-food-auto-75ad3e,https://honsamnote.co.kr/blog/2026-08-06-food-auto-75ad3e/,https://honsamnote.co.kr/blog/2026-08-06-food-auto-75ad3e/,generateMetadata 코드,yes,정상(자기 자신)
2026-08-06-food-auto-585c1b,https://honsamnote.co.kr/blog/2026-08-06-food-auto-585c1b/,https://honsamnote.co.kr/blog/2026-08-06-food-auto-585c1b/,generateMetadata 코드,yes,정상(자기 자신)
2026-08-06-food-auto-3a64d3,https://honsamnote.co.kr/blog/2026-08-06-food-auto-3a64d3/,https://honsamnote.co.kr/blog/2026-08-06-food-auto-3a64d3/,generateMetadata 코드,yes,정상(자기 자신)
2026-08-06-food-auto-38c543,https://honsamnote.co.kr/blog/2026-08-06-food-auto-38c543/,https://honsamnote.co.kr/blog/2026-08-06-food-auto-38c543/,generateMetadata 코드,yes,정상(자기 자신)
2026-08-06-food-auto-36b7bb,https://honsamnote.co.kr/blog/2026-08-06-food-auto-36b7bb/,https://honsamnote.co.kr/blog/2026-08-06-food-auto-36b7bb/,generateMetadata 코드,yes,정상(자기 자신)
2026-08-06-food-auto-19b20f,https://honsamnote.co.kr/blog/2026-08-06-food-auto-19b20f/,https://honsamnote.co.kr/blog/2026-08-06-food-auto-19b20f/,generateMetadata 코드,yes,정상(자기 자신)
2026-08-06-food-auto-06029f,https://honsamnote.co.kr/blog/2026-08-06-food-auto-06029f/,https://honsamnote.co.kr/blog/2026-08-06-food-auto-06029f/,generateMetadata 코드,yes,정상(자기 자신)
2026-08-06-cost-auto-f652a0,https://honsamnote.co.kr/blog/2026-08-06-cost-auto-f652a0/,https://honsamnote.co.kr/blog/2026-08-06-cost-auto-f652a0/,generateMetadata 코드,yes,정상(자기 자신)
2026-08-06-cost-auto-e8c32b,https://honsamnote.co.kr/blog/2026-08-06-cost-auto-e8c32b/,https://honsamnote.co.kr/blog/2026-08-06-cost-auto-e8c32b/,generateMetadata 코드,yes,정상(자기 자신)
2026-08-06-cost-auto-e2088d,https://honsamnote.co.kr/blog/2026-08-06-cost-auto-e2088d/,https://honsamnote.co.kr/blog/2026-08-06-cost-auto-e2088d/,generateMetadata 코드,yes,정상(자기 자신)
2026-08-06-cost-auto-cfda8d,https://honsamnote.co.kr/blog/2026-08-06-cost-auto-cfda8d/,https://honsamnote.co.kr/blog/2026-08-06-cost-auto-cfda8d/,generateMetadata 코드,yes,정상(자기 자신)
2026-08-06-cost-auto-c59747,https://honsamnote.co.kr/blog/2026-08-06-cost-auto-c59747/,https://honsamnote.co.kr/blog/2026-08-06-cost-auto-c59747/,generateMetadata 코드,yes,정상(자기 자신)
2026-08-06-cost-auto-bf984a,https://honsamnote.co.kr/blog/2026-08-06-cost-auto-bf984a/,https://honsamnote.co.kr/blog/2026-08-06-cost-auto-bf984a/,generateMetadata 코드,yes,정상(자기 자신)
2026-08-06-cost-auto-b32a96,https://honsamnote.co.kr/blog/2026-08-06-cost-auto-b32a96/,https://honsamnote.co.kr/blog/2026-08-06-cost-auto-b32a96/,generateMetadata 코드,yes,정상(자기 자신)
2026-08-06-cost-auto-9d0ea4,https://honsamnote.co.kr/blog/2026-08-06-cost-auto-9d0ea4/,https://honsamnote.co.kr/blog/2026-08-06-cost-auto-9d0ea4/,generateMetadata 코드,yes,정상(자기 자신)
2026-08-06-cost-auto-515c77,https://honsamnote.co.kr/blog/2026-08-06-cost-auto-515c77/,https://honsamnote.co.kr/blog/2026-08-06-cost-auto-515c77/,generateMetadata 코드,yes,정상(자기 자신)
2026-08-06-cost-auto-3826dd,https://honsamnote.co.kr/blog/2026-08-06-cost-auto-3826dd/,https://honsamnote.co.kr/blog/2026-08-06-cost-auto-3826dd/,generateMetadata 코드,yes,정상(자기 자신)
2026-08-06-cost-auto-177634,https://honsamnote.co.kr/blog/2026-08-06-cost-auto-177634/,https://honsamnote.co.kr/blog/2026-08-06-cost-auto-177634/,generateMetadata 코드,yes,정상(자기 자신)
2026-08-06-cleaning-auto-ff8d39,https://honsamnote.co.kr/blog/2026-08-06-cleaning-auto-ff8d39/,https://honsamnote.co.kr/blog/2026-08-06-cleaning-auto-ff8d39/,generateMetadata 코드,yes,정상(자기 자신)
2026-08-06-cleaning-auto-f4b529,https://honsamnote.co.kr/blog/2026-08-06-cleaning-auto-f4b529/,https://honsamnote.co.kr/blog/2026-08-06-cleaning-auto-f4b529/,generateMetadata 코드,yes,정상(자기 자신)
2026-08-06-cleaning-auto-ec8541,https://honsamnote.co.kr/blog/2026-08-06-cleaning-auto-ec8541/,https://honsamnote.co.kr/blog/2026-08-06-cleaning-auto-ec8541/,generateMetadata 코드,yes,정상(자기 자신)
2026-08-06-cleaning-auto-eb5789,https://honsamnote.co.kr/blog/2026-08-06-cleaning-auto-eb5789/,https://honsamnote.co.kr/blog/2026-08-06-cleaning-auto-eb5789/,generateMetadata 코드,yes,정상(자기 자신)
2026-08-06-cleaning-auto-e80db8,https://honsamnote.co.kr/blog/2026-08-06-cleaning-auto-e80db8/,https://honsamnote.co.kr/blog/2026-08-06-cleaning-auto-e80db8/,generateMetadata 코드,yes,정상(자기 자신)
2026-08-06-cleaning-auto-ba24cc,https://honsamnote.co.kr/blog/2026-08-06-cleaning-auto-ba24cc/,https://honsamnote.co.kr/blog/2026-08-06-cleaning-auto-ba24cc/,generateMetadata 코드,yes,정상(자기 자신)
2026-08-06-cleaning-auto-ab8bbf,https://honsamnote.co.kr/blog/2026-08-06-cleaning-auto-ab8bbf/,https://honsamnote.co.kr/blog/2026-08-06-cleaning-auto-ab8bbf/,generateMetadata 코드,yes,정상(자기 자신)
2026-08-06-cleaning-auto-96ff36,https://honsamnote.co.kr/blog/2026-08-06-cleaning-auto-96ff36/,https://honsamnote.co.kr/blog/2026-08-06-cleaning-auto-96ff36/,generateMetadata 코드,yes,정상(자기 자신)
2026-08-06-cleaning-auto-907063,https://honsamnote.co.kr/blog/2026-08-06-cleaning-auto-907063/,https://honsamnote.co.kr/blog/2026-08-06-cleaning-auto-907063/,generateMetadata 코드,yes,정상(자기 자신)
2026-08-06-cleaning-auto-858326,https://honsamnote.co.kr/blog/2026-08-06-cleaning-auto-858326/,https://honsamnote.co.kr/blog/2026-08-06-cleaning-auto-858326/,generateMetadata 코드,yes,정상(자기 자신)
2026-08-06-cleaning-auto-643cdf,https://honsamnote.co.kr/blog/2026-08-06-cleaning-auto-643cdf/,https://honsamnote.co.kr/blog/2026-08-06-cleaning-auto-643cdf/,generateMetadata 코드,yes,정상(자기 자신)
2026-08-06-cleaning-auto-530ba0,https://honsamnote.co.kr/blog/2026-08-06-cleaning-auto-530ba0/,https://honsamnote.co.kr/blog/2026-08-06-cleaning-auto-530ba0/,generateMetadata 코드,yes,정상(자기 자신)
2026-08-06-cleaning-auto-467d7f,https://honsamnote.co.kr/blog/2026-08-06-cleaning-auto-467d7f/,https://honsamnote.co.kr/blog/2026-08-06-cleaning-auto-467d7f/,generateMetadata 코드,yes,정상(자기 자신)
2026-08-06-cleaning-auto-17f2ed,https://honsamnote.co.kr/blog/2026-08-06-cleaning-auto-17f2ed/,https://honsamnote.co.kr/blog/2026-08-06-cleaning-auto-17f2ed/,generateMetadata 코드,yes,정상(자기 자신)
2026-08-06-cleaning-auto-07ebe3,https://honsamnote.co.kr/blog/2026-08-06-cleaning-auto-07ebe3/,https://honsamnote.co.kr/blog/2026-08-06-cleaning-auto-07ebe3/,generateMetadata 코드,yes,정상(자기 자신)
2026-08-05-storage-auto-d93cd5,https://honsamnote.co.kr/blog/2026-08-05-storage-auto-d93cd5/,https://honsamnote.co.kr/blog/2026-08-05-storage-auto-d93cd5/,generateMetadata 코드,yes,정상(자기 자신)
2026-08-05-storage-auto-c8c36f,https://honsamnote.co.kr/blog/2026-08-05-storage-auto-c8c36f/,https://honsamnote.co.kr/blog/2026-08-05-storage-auto-c8c36f/,generateMetadata 코드,yes,정상(자기 자신)
2026-08-05-storage-auto-1764b0,https://honsamnote.co.kr/blog/2026-08-05-storage-auto-1764b0/,https://honsamnote.co.kr/blog/2026-08-05-storage-auto-1764b0/,generateMetadata 코드,yes,정상(자기 자신)
2026-08-05-safety-auto-d98bca,https://honsamnote.co.kr/blog/2026-08-05-safety-auto-d98bca/,https://honsamnote.co.kr/blog/2026-08-05-safety-auto-d98bca/,generateMetadata 코드,yes,정상(자기 자신)
2026-08-05-safety-auto-9a8ad6,https://honsamnote.co.kr/blog/2026-08-05-safety-auto-9a8ad6/,https://honsamnote.co.kr/blog/2026-08-05-safety-auto-9a8ad6/,generateMetadata 코드,yes,정상(자기 자신)
2026-08-05-safety-auto-4e7f26,https://honsamnote.co.kr/blog/2026-08-05-safety-auto-4e7f26/,https://honsamnote.co.kr/blog/2026-08-05-safety-auto-4e7f26/,generateMetadata 코드,yes,정상(자기 자신)
2026-08-05-products-auto-9973a7,https://honsamnote.co.kr/blog/2026-08-05-products-auto-9973a7/,https://honsamnote.co.kr/blog/2026-08-05-products-auto-9973a7/,generateMetadata 코드,yes,정상(자기 자신)
2026-08-05-products-auto-8d663c,https://honsamnote.co.kr/blog/2026-08-05-products-auto-8d663c/,https://honsamnote.co.kr/blog/2026-08-05-products-auto-8d663c/,generateMetadata 코드,yes,정상(자기 자신)
2026-08-05-products-auto-7a3772,https://honsamnote.co.kr/blog/2026-08-05-products-auto-7a3772/,https://honsamnote.co.kr/blog/2026-08-05-products-auto-7a3772/,generateMetadata 코드,yes,정상(자기 자신)
2026-08-05-lifestyle-auto-420299,https://honsamnote.co.kr/blog/2026-08-05-lifestyle-auto-420299/,https://honsamnote.co.kr/blog/2026-08-05-lifestyle-auto-420299/,generateMetadata 코드,yes,정상(자기 자신)
2026-08-05-housing-auto-f0090f,https://honsamnote.co.kr/blog/2026-08-05-housing-auto-f0090f/,https://honsamnote.co.kr/blog/2026-08-05-housing-auto-f0090f/,generateMetadata 코드,yes,정상(자기 자신)
2026-08-05-housing-auto-7ef549,https://honsamnote.co.kr/blog/2026-08-05-housing-auto-7ef549/,https://honsamnote.co.kr/blog/2026-08-05-housing-auto-7ef549/,generateMetadata 코드,yes,정상(자기 자신)
2026-08-05-housing-auto-580e50,https://honsamnote.co.kr/blog/2026-08-05-housing-auto-580e50/,https://honsamnote.co.kr/blog/2026-08-05-housing-auto-580e50/,generateMetadata 코드,yes,정상(자기 자신)
2026-08-05-food-auto-c06744,https://honsamnote.co.kr/blog/2026-08-05-food-auto-c06744/,https://honsamnote.co.kr/blog/2026-08-05-food-auto-c06744/,generateMetadata 코드,yes,정상(자기 자신)
2026-08-05-food-auto-1636b6,https://honsamnote.co.kr/blog/2026-08-05-food-auto-1636b6/,https://honsamnote.co.kr/blog/2026-08-05-food-auto-1636b6/,generateMetadata 코드,yes,정상(자기 자신)
2026-08-05-cost-auto-e4ec33,https://honsamnote.co.kr/blog/2026-08-05-cost-auto-e4ec33/,https://honsamnote.co.kr/blog/2026-08-05-cost-auto-e4ec33/,generateMetadata 코드,yes,정상(자기 자신)
2026-08-05-cost-auto-9715f2,https://honsamnote.co.kr/blog/2026-08-05-cost-auto-9715f2/,https://honsamnote.co.kr/blog/2026-08-05-cost-auto-9715f2/,generateMetadata 코드,yes,정상(자기 자신)
2026-08-05-cleaning-auto-b9c84f,https://honsamnote.co.kr/blog/2026-08-05-cleaning-auto-b9c84f/,https://honsamnote.co.kr/blog/2026-08-05-cleaning-auto-b9c84f/,generateMetadata 코드,yes,정상(자기 자신)
2026-08-04-storage-auto-28ed9d,https://honsamnote.co.kr/blog/2026-08-04-storage-auto-28ed9d/,https://honsamnote.co.kr/blog/2026-08-04-storage-auto-28ed9d/,generateMetadata 코드,yes,정상(자기 자신)
2026-08-04-storage-auto-225475,https://honsamnote.co.kr/blog/2026-08-04-storage-auto-225475/,https://honsamnote.co.kr/blog/2026-08-04-storage-auto-225475/,generateMetadata 코드,yes,정상(자기 자신)
2026-08-04-storage-auto-06061f,https://honsamnote.co.kr/blog/2026-08-04-storage-auto-06061f/,https://honsamnote.co.kr/blog/2026-08-04-storage-auto-06061f/,generateMetadata 코드,yes,정상(자기 자신)
2026-08-04-safety-auto-ceca45,https://honsamnote.co.kr/blog/2026-08-04-safety-auto-ceca45/,https://honsamnote.co.kr/blog/2026-08-04-safety-auto-ceca45/,generateMetadata 코드,yes,정상(자기 자신)
2026-08-04-safety-auto-61ce38,https://honsamnote.co.kr/blog/2026-08-04-safety-auto-61ce38/,https://honsamnote.co.kr/blog/2026-08-04-safety-auto-61ce38/,generateMetadata 코드,yes,정상(자기 자신)
2026-08-04-safety-auto-3547d2,https://honsamnote.co.kr/blog/2026-08-04-safety-auto-3547d2/,https://honsamnote.co.kr/blog/2026-08-04-safety-auto-3547d2/,generateMetadata 코드,yes,정상(자기 자신)
2026-08-04-products-auto-e91dfc,https://honsamnote.co.kr/blog/2026-08-04-products-auto-e91dfc/,https://honsamnote.co.kr/blog/2026-08-04-products-auto-e91dfc/,generateMetadata 코드,yes,정상(자기 자신)
2026-08-04-products-auto-db26cb,https://honsamnote.co.kr/blog/2026-08-04-products-auto-db26cb/,https://honsamnote.co.kr/blog/2026-08-04-products-auto-db26cb/,generateMetadata 코드,yes,정상(자기 자신)
2026-08-04-products-auto-d4b4c6,https://honsamnote.co.kr/blog/2026-08-04-products-auto-d4b4c6/,https://honsamnote.co.kr/blog/2026-08-04-products-auto-d4b4c6/,generateMetadata 코드,yes,정상(자기 자신)
2026-08-04-lifestyle-auto-fd9e87,https://honsamnote.co.kr/blog/2026-08-04-lifestyle-auto-fd9e87/,https://honsamnote.co.kr/blog/2026-08-04-lifestyle-auto-fd9e87/,generateMetadata 코드,yes,정상(자기 자신)
2026-08-04-lifestyle-auto-dabdf3,https://honsamnote.co.kr/blog/2026-08-04-lifestyle-auto-dabdf3/,https://honsamnote.co.kr/blog/2026-08-04-lifestyle-auto-dabdf3/,generateMetadata 코드,yes,정상(자기 자신)
2026-08-04-lifestyle-auto-8920c5,https://honsamnote.co.kr/blog/2026-08-04-lifestyle-auto-8920c5/,https://honsamnote.co.kr/blog/2026-08-04-lifestyle-auto-8920c5/,generateMetadata 코드,yes,정상(자기 자신)
2026-08-04-housing-auto-e8de0c,https://honsamnote.co.kr/blog/2026-08-04-housing-auto-e8de0c/,https://honsamnote.co.kr/blog/2026-08-04-housing-auto-e8de0c/,generateMetadata 코드,yes,정상(자기 자신)
2026-08-04-housing-auto-cbaa3c,https://honsamnote.co.kr/blog/2026-08-04-housing-auto-cbaa3c/,https://honsamnote.co.kr/blog/2026-08-04-housing-auto-cbaa3c/,generateMetadata 코드,yes,정상(자기 자신)
2026-08-04-housing-auto-24e082,https://honsamnote.co.kr/blog/2026-08-04-housing-auto-24e082/,https://honsamnote.co.kr/blog/2026-08-04-housing-auto-24e082/,generateMetadata 코드,yes,정상(자기 자신)
2026-08-04-food-auto-c6481a,https://honsamnote.co.kr/blog/2026-08-04-food-auto-c6481a/,https://honsamnote.co.kr/blog/2026-08-04-food-auto-c6481a/,generateMetadata 코드,yes,정상(자기 자신)
2026-08-04-food-auto-908ca9,https://honsamnote.co.kr/blog/2026-08-04-food-auto-908ca9/,https://honsamnote.co.kr/blog/2026-08-04-food-auto-908ca9/,generateMetadata 코드,yes,정상(자기 자신)
2026-08-04-food-auto-8d3bfc,https://honsamnote.co.kr/blog/2026-08-04-food-auto-8d3bfc/,https://honsamnote.co.kr/blog/2026-08-04-food-auto-8d3bfc/,generateMetadata 코드,yes,정상(자기 자신)
2026-08-04-cost-auto-dac7b3,https://honsamnote.co.kr/blog/2026-08-04-cost-auto-dac7b3/,https://honsamnote.co.kr/blog/2026-08-04-cost-auto-dac7b3/,generateMetadata 코드,yes,정상(자기 자신)
2026-08-04-cost-auto-959521,https://honsamnote.co.kr/blog/2026-08-04-cost-auto-959521/,https://honsamnote.co.kr/blog/2026-08-04-cost-auto-959521/,generateMetadata 코드,yes,정상(자기 자신)
2026-08-04-cost-auto-7e7d88,https://honsamnote.co.kr/blog/2026-08-04-cost-auto-7e7d88/,https://honsamnote.co.kr/blog/2026-08-04-cost-auto-7e7d88/,generateMetadata 코드,yes,정상(자기 자신)
2026-08-04-cleaning-auto-99cb94,https://honsamnote.co.kr/blog/2026-08-04-cleaning-auto-99cb94/,https://honsamnote.co.kr/blog/2026-08-04-cleaning-auto-99cb94/,generateMetadata 코드,yes,정상(자기 자신)
2026-08-04-cleaning-auto-123d17,https://honsamnote.co.kr/blog/2026-08-04-cleaning-auto-123d17/,https://honsamnote.co.kr/blog/2026-08-04-cleaning-auto-123d17/,generateMetadata 코드,yes,정상(자기 자신)
2026-08-04-cleaning-auto-0b0c02,https://honsamnote.co.kr/blog/2026-08-04-cleaning-auto-0b0c02/,https://honsamnote.co.kr/blog/2026-08-04-cleaning-auto-0b0c02/,generateMetadata 코드,yes,정상(자기 자신)
2026-08-03-storage-auto-9015de,https://honsamnote.co.kr/blog/2026-08-03-storage-auto-9015de/,https://honsamnote.co.kr/blog/2026-08-03-storage-auto-9015de/,generateMetadata 코드,yes,정상(자기 자신)
2026-08-03-storage-auto-747118,https://honsamnote.co.kr/blog/2026-08-03-storage-auto-747118/,https://honsamnote.co.kr/blog/2026-08-03-storage-auto-747118/,generateMetadata 코드,yes,정상(자기 자신)
2026-08-03-storage-auto-45d4eb,https://honsamnote.co.kr/blog/2026-08-03-storage-auto-45d4eb/,https://honsamnote.co.kr/blog/2026-08-03-storage-auto-45d4eb/,generateMetadata 코드,yes,정상(자기 자신)
2026-08-03-safety-auto-7bde55,https://honsamnote.co.kr/blog/2026-08-03-safety-auto-7bde55/,https://honsamnote.co.kr/blog/2026-08-03-safety-auto-7bde55/,generateMetadata 코드,yes,정상(자기 자신)
2026-08-03-safety-auto-75476d,https://honsamnote.co.kr/blog/2026-08-03-safety-auto-75476d/,https://honsamnote.co.kr/blog/2026-08-03-safety-auto-75476d/,generateMetadata 코드,yes,정상(자기 자신)
2026-08-03-safety-auto-273fdf,https://honsamnote.co.kr/blog/2026-08-03-safety-auto-273fdf/,https://honsamnote.co.kr/blog/2026-08-03-safety-auto-273fdf/,generateMetadata 코드,yes,정상(자기 자신)
2026-08-03-products-auto-c75a1a,https://honsamnote.co.kr/blog/2026-08-03-products-auto-c75a1a/,https://honsamnote.co.kr/blog/2026-08-03-products-auto-c75a1a/,generateMetadata 코드,yes,정상(자기 자신)
2026-08-03-products-auto-55fd7c,https://honsamnote.co.kr/blog/2026-08-03-products-auto-55fd7c/,https://honsamnote.co.kr/blog/2026-08-03-products-auto-55fd7c/,generateMetadata 코드,yes,정상(자기 자신)
2026-08-03-products-auto-1b3cc6,https://honsamnote.co.kr/blog/2026-08-03-products-auto-1b3cc6/,https://honsamnote.co.kr/blog/2026-08-03-products-auto-1b3cc6/,generateMetadata 코드,yes,정상(자기 자신)
2026-08-03-lifestyle-auto-dfa23e,https://honsamnote.co.kr/blog/2026-08-03-lifestyle-auto-dfa23e/,https://honsamnote.co.kr/blog/2026-08-03-lifestyle-auto-dfa23e/,generateMetadata 코드,yes,정상(자기 자신)
2026-08-03-lifestyle-auto-7c20c0,https://honsamnote.co.kr/blog/2026-08-03-lifestyle-auto-7c20c0/,https://honsamnote.co.kr/blog/2026-08-03-lifestyle-auto-7c20c0/,generateMetadata 코드,yes,정상(자기 자신)
2026-08-03-lifestyle-auto-06c5e8,https://honsamnote.co.kr/blog/2026-08-03-lifestyle-auto-06c5e8/,https://honsamnote.co.kr/blog/2026-08-03-lifestyle-auto-06c5e8/,generateMetadata 코드,yes,정상(자기 자신)
2026-08-03-housing-auto-f53851,https://honsamnote.co.kr/blog/2026-08-03-housing-auto-f53851/,https://honsamnote.co.kr/blog/2026-08-03-housing-auto-f53851/,generateMetadata 코드,yes,정상(자기 자신)
2026-08-03-housing-auto-e4e5c4,https://honsamnote.co.kr/blog/2026-08-03-housing-auto-e4e5c4/,https://honsamnote.co.kr/blog/2026-08-03-housing-auto-e4e5c4/,generateMetadata 코드,yes,정상(자기 자신)
2026-08-03-housing-auto-5b4f05,https://honsamnote.co.kr/blog/2026-08-03-housing-auto-5b4f05/,https://honsamnote.co.kr/blog/2026-08-03-housing-auto-5b4f05/,generateMetadata 코드,yes,정상(자기 자신)
2026-08-03-food-auto-fb2380,https://honsamnote.co.kr/blog/2026-08-03-food-auto-fb2380/,https://honsamnote.co.kr/blog/2026-08-03-food-auto-fb2380/,generateMetadata 코드,yes,정상(자기 자신)
2026-08-03-food-auto-f85a75,https://honsamnote.co.kr/blog/2026-08-03-food-auto-f85a75/,https://honsamnote.co.kr/blog/2026-08-03-food-auto-f85a75/,generateMetadata 코드,yes,정상(자기 자신)
2026-08-03-food-auto-b8f8a0,https://honsamnote.co.kr/blog/2026-08-03-food-auto-b8f8a0/,https://honsamnote.co.kr/blog/2026-08-03-food-auto-b8f8a0/,generateMetadata 코드,yes,정상(자기 자신)
2026-08-03-cost-auto-d01191,https://honsamnote.co.kr/blog/2026-08-03-cost-auto-d01191/,https://honsamnote.co.kr/blog/2026-08-03-cost-auto-d01191/,generateMetadata 코드,yes,정상(자기 자신)
2026-08-03-cost-auto-749379,https://honsamnote.co.kr/blog/2026-08-03-cost-auto-749379/,https://honsamnote.co.kr/blog/2026-08-03-cost-auto-749379/,generateMetadata 코드,yes,정상(자기 자신)
2026-08-03-cost-auto-4d199c,https://honsamnote.co.kr/blog/2026-08-03-cost-auto-4d199c/,https://honsamnote.co.kr/blog/2026-08-03-cost-auto-4d199c/,generateMetadata 코드,yes,정상(자기 자신)
2026-08-03-cleaning-auto-fd154a,https://honsamnote.co.kr/blog/2026-08-03-cleaning-auto-fd154a/,https://honsamnote.co.kr/blog/2026-08-03-cleaning-auto-fd154a/,generateMetadata 코드,yes,정상(자기 자신)
2026-08-03-cleaning-auto-fc046f,https://honsamnote.co.kr/blog/2026-08-03-cleaning-auto-fc046f/,https://honsamnote.co.kr/blog/2026-08-03-cleaning-auto-fc046f/,generateMetadata 코드,yes,정상(자기 자신)
2026-08-03-cleaning-auto-d96324,https://honsamnote.co.kr/blog/2026-08-03-cleaning-auto-d96324/,https://honsamnote.co.kr/blog/2026-08-03-cleaning-auto-d96324/,generateMetadata 코드,yes,정상(자기 자신)
2026-08-01-storage-auto-f1fb81,https://honsamnote.co.kr/blog/2026-08-01-storage-auto-f1fb81/,https://honsamnote.co.kr/blog/2026-08-01-storage-auto-f1fb81/,generateMetadata 코드,yes,정상(자기 자신)
2026-08-01-storage-auto-c94563,https://honsamnote.co.kr/blog/2026-08-01-storage-auto-c94563/,https://honsamnote.co.kr/blog/2026-08-01-storage-auto-c94563/,generateMetadata 코드,yes,정상(자기 자신)
2026-08-01-storage-auto-c54f86,https://honsamnote.co.kr/blog/2026-08-01-storage-auto-c54f86/,https://honsamnote.co.kr/blog/2026-08-01-storage-auto-c54f86/,generateMetadata 코드,yes,정상(자기 자신)
2026-08-01-storage-auto-662a7f,https://honsamnote.co.kr/blog/2026-08-01-storage-auto-662a7f/,https://honsamnote.co.kr/blog/2026-08-01-storage-auto-662a7f/,generateMetadata 코드,yes,정상(자기 자신)
2026-08-01-storage-auto-4eec70,https://honsamnote.co.kr/blog/2026-08-01-storage-auto-4eec70/,https://honsamnote.co.kr/blog/2026-08-01-storage-auto-4eec70/,generateMetadata 코드,yes,정상(자기 자신)
2026-08-01-storage-auto-499287,https://honsamnote.co.kr/blog/2026-08-01-storage-auto-499287/,https://honsamnote.co.kr/blog/2026-08-01-storage-auto-499287/,generateMetadata 코드,yes,정상(자기 자신)
2026-08-01-storage-auto-39ae63,https://honsamnote.co.kr/blog/2026-08-01-storage-auto-39ae63/,https://honsamnote.co.kr/blog/2026-08-01-storage-auto-39ae63/,generateMetadata 코드,yes,정상(자기 자신)
2026-08-01-storage-auto-387eaf,https://honsamnote.co.kr/blog/2026-08-01-storage-auto-387eaf/,https://honsamnote.co.kr/blog/2026-08-01-storage-auto-387eaf/,generateMetadata 코드,yes,정상(자기 자신)
2026-08-01-storage-auto-316ab0,https://honsamnote.co.kr/blog/2026-08-01-storage-auto-316ab0/,https://honsamnote.co.kr/blog/2026-08-01-storage-auto-316ab0/,generateMetadata 코드,yes,정상(자기 자신)
2026-08-01-safety-auto-c574d6,https://honsamnote.co.kr/blog/2026-08-01-safety-auto-c574d6/,https://honsamnote.co.kr/blog/2026-08-01-safety-auto-c574d6/,generateMetadata 코드,yes,정상(자기 자신)
2026-08-01-safety-auto-b177af,https://honsamnote.co.kr/blog/2026-08-01-safety-auto-b177af/,https://honsamnote.co.kr/blog/2026-08-01-safety-auto-b177af/,generateMetadata 코드,yes,정상(자기 자신)
2026-08-01-safety-auto-a71046,https://honsamnote.co.kr/blog/2026-08-01-safety-auto-a71046/,https://honsamnote.co.kr/blog/2026-08-01-safety-auto-a71046/,generateMetadata 코드,yes,정상(자기 자신)
2026-08-01-safety-auto-909169,https://honsamnote.co.kr/blog/2026-08-01-safety-auto-909169/,https://honsamnote.co.kr/blog/2026-08-01-safety-auto-909169/,generateMetadata 코드,yes,정상(자기 자신)
2026-08-01-safety-auto-835af8,https://honsamnote.co.kr/blog/2026-08-01-safety-auto-835af8/,https://honsamnote.co.kr/blog/2026-08-01-safety-auto-835af8/,generateMetadata 코드,yes,정상(자기 자신)
2026-08-01-safety-auto-4f0708,https://honsamnote.co.kr/blog/2026-08-01-safety-auto-4f0708/,https://honsamnote.co.kr/blog/2026-08-01-safety-auto-4f0708/,generateMetadata 코드,yes,정상(자기 자신)
2026-08-01-safety-auto-1a5c71,https://honsamnote.co.kr/blog/2026-08-01-safety-auto-1a5c71/,https://honsamnote.co.kr/blog/2026-08-01-safety-auto-1a5c71/,generateMetadata 코드,yes,정상(자기 자신)
2026-08-01-safety-auto-0e6262,https://honsamnote.co.kr/blog/2026-08-01-safety-auto-0e6262/,https://honsamnote.co.kr/blog/2026-08-01-safety-auto-0e6262/,generateMetadata 코드,yes,정상(자기 자신)
2026-08-01-safety-auto-0466e2,https://honsamnote.co.kr/blog/2026-08-01-safety-auto-0466e2/,https://honsamnote.co.kr/blog/2026-08-01-safety-auto-0466e2/,generateMetadata 코드,yes,정상(자기 자신)
2026-08-01-products-auto-ff2c16,https://honsamnote.co.kr/blog/2026-08-01-products-auto-ff2c16/,https://honsamnote.co.kr/blog/2026-08-01-products-auto-ff2c16/,generateMetadata 코드,yes,정상(자기 자신)
2026-08-01-products-auto-fee2c4,https://honsamnote.co.kr/blog/2026-08-01-products-auto-fee2c4/,https://honsamnote.co.kr/blog/2026-08-01-products-auto-fee2c4/,generateMetadata 코드,yes,정상(자기 자신)
2026-08-01-products-auto-d180b4,https://honsamnote.co.kr/blog/2026-08-01-products-auto-d180b4/,https://honsamnote.co.kr/blog/2026-08-01-products-auto-d180b4/,generateMetadata 코드,yes,정상(자기 자신)
2026-08-01-products-auto-b433a0,https://honsamnote.co.kr/blog/2026-08-01-products-auto-b433a0/,https://honsamnote.co.kr/blog/2026-08-01-products-auto-b433a0/,generateMetadata 코드,yes,정상(자기 자신)
2026-08-01-products-auto-9e3228,https://honsamnote.co.kr/blog/2026-08-01-products-auto-9e3228/,https://honsamnote.co.kr/blog/2026-08-01-products-auto-9e3228/,generateMetadata 코드,yes,정상(자기 자신)
2026-08-01-products-auto-7e3829,https://honsamnote.co.kr/blog/2026-08-01-products-auto-7e3829/,https://honsamnote.co.kr/blog/2026-08-01-products-auto-7e3829/,generateMetadata 코드,yes,정상(자기 자신)
2026-08-01-products-auto-4d32dc,https://honsamnote.co.kr/blog/2026-08-01-products-auto-4d32dc/,https://honsamnote.co.kr/blog/2026-08-01-products-auto-4d32dc/,generateMetadata 코드,yes,정상(자기 자신)
2026-08-01-products-auto-29af64,https://honsamnote.co.kr/blog/2026-08-01-products-auto-29af64/,https://honsamnote.co.kr/blog/2026-08-01-products-auto-29af64/,generateMetadata 코드,yes,정상(자기 자신)
2026-08-01-products-auto-153ac4,https://honsamnote.co.kr/blog/2026-08-01-products-auto-153ac4/,https://honsamnote.co.kr/blog/2026-08-01-products-auto-153ac4/,generateMetadata 코드,yes,정상(자기 자신)
2026-08-01-products-78,https://honsamnote.co.kr/blog/2026-08-01-products-78/,https://honsamnote.co.kr/blog/2026-08-01-products-78/,generateMetadata 코드,yes,정상(자기 자신)
2026-08-01-lifestyle-auto-f56796,https://honsamnote.co.kr/blog/2026-08-01-lifestyle-auto-f56796/,https://honsamnote.co.kr/blog/2026-08-01-lifestyle-auto-f56796/,generateMetadata 코드,yes,정상(자기 자신)
2026-08-01-lifestyle-auto-b13421,https://honsamnote.co.kr/blog/2026-08-01-lifestyle-auto-b13421/,https://honsamnote.co.kr/blog/2026-08-01-lifestyle-auto-b13421/,generateMetadata 코드,yes,정상(자기 자신)
2026-08-01-lifestyle-auto-ac59b7,https://honsamnote.co.kr/blog/2026-08-01-lifestyle-auto-ac59b7/,https://honsamnote.co.kr/blog/2026-08-01-lifestyle-auto-ac59b7/,generateMetadata 코드,yes,정상(자기 자신)
2026-08-01-lifestyle-auto-ab470f,https://honsamnote.co.kr/blog/2026-08-01-lifestyle-auto-ab470f/,https://honsamnote.co.kr/blog/2026-08-01-lifestyle-auto-ab470f/,generateMetadata 코드,yes,정상(자기 자신)
2026-08-01-lifestyle-auto-a6f950,https://honsamnote.co.kr/blog/2026-08-01-lifestyle-auto-a6f950/,https://honsamnote.co.kr/blog/2026-08-01-lifestyle-auto-a6f950/,generateMetadata 코드,yes,정상(자기 자신)
2026-08-01-lifestyle-auto-976633,https://honsamnote.co.kr/blog/2026-08-01-lifestyle-auto-976633/,https://honsamnote.co.kr/blog/2026-08-01-lifestyle-auto-976633/,generateMetadata 코드,yes,정상(자기 자신)
2026-08-01-lifestyle-auto-37c919,https://honsamnote.co.kr/blog/2026-08-01-lifestyle-auto-37c919/,https://honsamnote.co.kr/blog/2026-08-01-lifestyle-auto-37c919/,generateMetadata 코드,yes,정상(자기 자신)
2026-08-01-lifestyle-auto-29922b,https://honsamnote.co.kr/blog/2026-08-01-lifestyle-auto-29922b/,https://honsamnote.co.kr/blog/2026-08-01-lifestyle-auto-29922b/,generateMetadata 코드,yes,정상(자기 자신)
2026-08-01-lifestyle-auto-19ac88,https://honsamnote.co.kr/blog/2026-08-01-lifestyle-auto-19ac88/,https://honsamnote.co.kr/blog/2026-08-01-lifestyle-auto-19ac88/,generateMetadata 코드,yes,정상(자기 자신)
2026-08-01-housing-auto-ecfb76,https://honsamnote.co.kr/blog/2026-08-01-housing-auto-ecfb76/,https://honsamnote.co.kr/blog/2026-08-01-housing-auto-ecfb76/,generateMetadata 코드,yes,정상(자기 자신)
2026-08-01-housing-auto-e6f8ea,https://honsamnote.co.kr/blog/2026-08-01-housing-auto-e6f8ea/,https://honsamnote.co.kr/blog/2026-08-01-housing-auto-e6f8ea/,generateMetadata 코드,yes,정상(자기 자신)
2026-08-01-housing-auto-e11fd3,https://honsamnote.co.kr/blog/2026-08-01-housing-auto-e11fd3/,https://honsamnote.co.kr/blog/2026-08-01-housing-auto-e11fd3/,generateMetadata 코드,yes,정상(자기 자신)
2026-08-01-housing-auto-c039f6,https://honsamnote.co.kr/blog/2026-08-01-housing-auto-c039f6/,https://honsamnote.co.kr/blog/2026-08-01-housing-auto-c039f6/,generateMetadata 코드,yes,정상(자기 자신)
2026-08-01-housing-auto-bd24e0,https://honsamnote.co.kr/blog/2026-08-01-housing-auto-bd24e0/,https://honsamnote.co.kr/blog/2026-08-01-housing-auto-bd24e0/,generateMetadata 코드,yes,정상(자기 자신)
2026-08-01-housing-auto-ace922,https://honsamnote.co.kr/blog/2026-08-01-housing-auto-ace922/,https://honsamnote.co.kr/blog/2026-08-01-housing-auto-ace922/,generateMetadata 코드,yes,정상(자기 자신)
2026-08-01-housing-auto-abec0f,https://honsamnote.co.kr/blog/2026-08-01-housing-auto-abec0f/,https://honsamnote.co.kr/blog/2026-08-01-housing-auto-abec0f/,generateMetadata 코드,yes,정상(자기 자신)
2026-08-01-housing-auto-1c1518,https://honsamnote.co.kr/blog/2026-08-01-housing-auto-1c1518/,https://honsamnote.co.kr/blog/2026-08-01-housing-auto-1c1518/,generateMetadata 코드,yes,정상(자기 자신)
2026-08-01-housing-auto-18e480,https://honsamnote.co.kr/blog/2026-08-01-housing-auto-18e480/,https://honsamnote.co.kr/blog/2026-08-01-housing-auto-18e480/,generateMetadata 코드,yes,정상(자기 자신)
2026-08-01-food-auto-976f1b,https://honsamnote.co.kr/blog/2026-08-01-food-auto-976f1b/,https://honsamnote.co.kr/blog/2026-08-01-food-auto-976f1b/,generateMetadata 코드,yes,정상(자기 자신)
2026-08-01-food-auto-8c9a71,https://honsamnote.co.kr/blog/2026-08-01-food-auto-8c9a71/,https://honsamnote.co.kr/blog/2026-08-01-food-auto-8c9a71/,generateMetadata 코드,yes,정상(자기 자신)
2026-08-01-food-auto-7f290f,https://honsamnote.co.kr/blog/2026-08-01-food-auto-7f290f/,https://honsamnote.co.kr/blog/2026-08-01-food-auto-7f290f/,generateMetadata 코드,yes,정상(자기 자신)
2026-08-01-food-auto-7bc9dc,https://honsamnote.co.kr/blog/2026-08-01-food-auto-7bc9dc/,https://honsamnote.co.kr/blog/2026-08-01-food-auto-7bc9dc/,generateMetadata 코드,yes,정상(자기 자신)
2026-08-01-food-auto-6b8a79,https://honsamnote.co.kr/blog/2026-08-01-food-auto-6b8a79/,https://honsamnote.co.kr/blog/2026-08-01-food-auto-6b8a79/,generateMetadata 코드,yes,정상(자기 자신)
2026-08-01-food-auto-2c9171,https://honsamnote.co.kr/blog/2026-08-01-food-auto-2c9171/,https://honsamnote.co.kr/blog/2026-08-01-food-auto-2c9171/,generateMetadata 코드,yes,정상(자기 자신)
2026-08-01-food-auto-174113,https://honsamnote.co.kr/blog/2026-08-01-food-auto-174113/,https://honsamnote.co.kr/blog/2026-08-01-food-auto-174113/,generateMetadata 코드,yes,정상(자기 자신)
2026-08-01-food-auto-0f5d02,https://honsamnote.co.kr/blog/2026-08-01-food-auto-0f5d02/,https://honsamnote.co.kr/blog/2026-08-01-food-auto-0f5d02/,generateMetadata 코드,yes,정상(자기 자신)
2026-08-01-food-auto-0ac183,https://honsamnote.co.kr/blog/2026-08-01-food-auto-0ac183/,https://honsamnote.co.kr/blog/2026-08-01-food-auto-0ac183/,generateMetadata 코드,yes,정상(자기 자신)
2026-08-01-cost-auto-f9f9ca,https://honsamnote.co.kr/blog/2026-08-01-cost-auto-f9f9ca/,https://honsamnote.co.kr/blog/2026-08-01-cost-auto-f9f9ca/,generateMetadata 코드,yes,정상(자기 자신)
2026-08-01-cost-auto-eacedc,https://honsamnote.co.kr/blog/2026-08-01-cost-auto-eacedc/,https://honsamnote.co.kr/blog/2026-08-01-cost-auto-eacedc/,generateMetadata 코드,yes,정상(자기 자신)
2026-08-01-cost-auto-e9d2d3,https://honsamnote.co.kr/blog/2026-08-01-cost-auto-e9d2d3/,https://honsamnote.co.kr/blog/2026-08-01-cost-auto-e9d2d3/,generateMetadata 코드,yes,정상(자기 자신)
2026-08-01-cost-auto-aa6f9d,https://honsamnote.co.kr/blog/2026-08-01-cost-auto-aa6f9d/,https://honsamnote.co.kr/blog/2026-08-01-cost-auto-aa6f9d/,generateMetadata 코드,yes,정상(자기 자신)
2026-08-01-cost-auto-9c7467,https://honsamnote.co.kr/blog/2026-08-01-cost-auto-9c7467/,https://honsamnote.co.kr/blog/2026-08-01-cost-auto-9c7467/,generateMetadata 코드,yes,정상(자기 자신)
2026-08-01-cost-auto-8e14b1,https://honsamnote.co.kr/blog/2026-08-01-cost-auto-8e14b1/,https://honsamnote.co.kr/blog/2026-08-01-cost-auto-8e14b1/,generateMetadata 코드,yes,정상(자기 자신)
2026-08-01-cost-auto-4a41b3,https://honsamnote.co.kr/blog/2026-08-01-cost-auto-4a41b3/,https://honsamnote.co.kr/blog/2026-08-01-cost-auto-4a41b3/,generateMetadata 코드,yes,정상(자기 자신)
2026-08-01-cost-auto-44803f,https://honsamnote.co.kr/blog/2026-08-01-cost-auto-44803f/,https://honsamnote.co.kr/blog/2026-08-01-cost-auto-44803f/,generateMetadata 코드,yes,정상(자기 자신)
2026-08-01-cost-auto-0d71f8,https://honsamnote.co.kr/blog/2026-08-01-cost-auto-0d71f8/,https://honsamnote.co.kr/blog/2026-08-01-cost-auto-0d71f8/,generateMetadata 코드,yes,정상(자기 자신)
2026-08-01-cleaning-auto-edbbf8,https://honsamnote.co.kr/blog/2026-08-01-cleaning-auto-edbbf8/,https://honsamnote.co.kr/blog/2026-08-01-cleaning-auto-edbbf8/,generateMetadata 코드,yes,정상(자기 자신)
2026-08-01-cleaning-auto-e1e505,https://honsamnote.co.kr/blog/2026-08-01-cleaning-auto-e1e505/,https://honsamnote.co.kr/blog/2026-08-01-cleaning-auto-e1e505/,generateMetadata 코드,yes,정상(자기 자신)
2026-08-01-cleaning-auto-dd0fd9,https://honsamnote.co.kr/blog/2026-08-01-cleaning-auto-dd0fd9/,https://honsamnote.co.kr/blog/2026-08-01-cleaning-auto-dd0fd9/,generateMetadata 코드,yes,정상(자기 자신)
2026-08-01-cleaning-auto-d3bef1,https://honsamnote.co.kr/blog/2026-08-01-cleaning-auto-d3bef1/,https://honsamnote.co.kr/blog/2026-08-01-cleaning-auto-d3bef1/,generateMetadata 코드,yes,정상(자기 자신)
2026-08-01-cleaning-auto-b67a07,https://honsamnote.co.kr/blog/2026-08-01-cleaning-auto-b67a07/,https://honsamnote.co.kr/blog/2026-08-01-cleaning-auto-b67a07/,generateMetadata 코드,yes,정상(자기 자신)
2026-08-01-cleaning-auto-84665e,https://honsamnote.co.kr/blog/2026-08-01-cleaning-auto-84665e/,https://honsamnote.co.kr/blog/2026-08-01-cleaning-auto-84665e/,generateMetadata 코드,yes,정상(자기 자신)
2026-08-01-cleaning-auto-48265b,https://honsamnote.co.kr/blog/2026-08-01-cleaning-auto-48265b/,https://honsamnote.co.kr/blog/2026-08-01-cleaning-auto-48265b/,generateMetadata 코드,yes,정상(자기 자신)
2026-08-01-cleaning-auto-2b8bbd,https://honsamnote.co.kr/blog/2026-08-01-cleaning-auto-2b8bbd/,https://honsamnote.co.kr/blog/2026-08-01-cleaning-auto-2b8bbd/,generateMetadata 코드,yes,정상(자기 자신)
2026-08-01-cleaning-auto-070bfd,https://honsamnote.co.kr/blog/2026-08-01-cleaning-auto-070bfd/,https://honsamnote.co.kr/blog/2026-08-01-cleaning-auto-070bfd/,generateMetadata 코드,yes,정상(자기 자신)
2026-07-31-safety-73,https://honsamnote.co.kr/blog/2026-07-31-safety-73/,https://honsamnote.co.kr/blog/2026-07-31-safety-73/,generateMetadata 코드,yes,정상(자기 자신)
2026-07-31-safety-72,https://honsamnote.co.kr/blog/2026-07-31-safety-72/,https://honsamnote.co.kr/blog/2026-07-31-safety-72/,generateMetadata 코드,yes,정상(자기 자신)
2026-07-31-products-77,https://honsamnote.co.kr/blog/2026-07-31-products-77/,https://honsamnote.co.kr/blog/2026-07-31-products-77/,generateMetadata 코드,yes,정상(자기 자신)
2026-07-31-products-76,https://honsamnote.co.kr/blog/2026-07-31-products-76/,https://honsamnote.co.kr/blog/2026-07-31-products-76/,generateMetadata 코드,yes,정상(자기 자신)
2026-07-31-products-75,https://honsamnote.co.kr/blog/2026-07-31-products-75/,https://honsamnote.co.kr/blog/2026-07-31-products-75/,generateMetadata 코드,yes,정상(자기 자신)
2026-07-31-housing-71,https://honsamnote.co.kr/blog/2026-07-31-housing-71/,https://honsamnote.co.kr/blog/2026-07-31-housing-71/,generateMetadata 코드,yes,정상(자기 자신)
2026-07-31-cleaning-79,https://honsamnote.co.kr/blog/2026-07-31-cleaning-79/,https://honsamnote.co.kr/blog/2026-07-31-cleaning-79/,generateMetadata 코드,yes,정상(자기 자신)
2026-07-31-cleaning-74,https://honsamnote.co.kr/blog/2026-07-31-cleaning-74/,https://honsamnote.co.kr/blog/2026-07-31-cleaning-74/,generateMetadata 코드,yes,정상(자기 자신)
2026-07-31-cleaning-68,https://honsamnote.co.kr/blog/2026-07-31-cleaning-68/,https://honsamnote.co.kr/blog/2026-07-31-cleaning-68/,generateMetadata 코드,yes,정상(자기 자신)
2026-07-30-storage-24,https://honsamnote.co.kr/blog/2026-07-30-storage-24/,https://honsamnote.co.kr/blog/2026-07-30-storage-24/,generateMetadata 코드,yes,정상(자기 자신)
2026-07-30-storage-23,https://honsamnote.co.kr/blog/2026-07-30-storage-23/,https://honsamnote.co.kr/blog/2026-07-30-storage-23/,generateMetadata 코드,yes,정상(자기 자신)
2026-07-30-storage-22,https://honsamnote.co.kr/blog/2026-07-30-storage-22/,https://honsamnote.co.kr/blog/2026-07-30-storage-22/,generateMetadata 코드,yes,정상(자기 자신)
2026-07-30-storage-21,https://honsamnote.co.kr/blog/2026-07-30-storage-21/,https://honsamnote.co.kr/blog/2026-07-30-storage-21/,generateMetadata 코드,yes,정상(자기 자신)
2026-07-30-storage-20,https://honsamnote.co.kr/blog/2026-07-30-storage-20/,https://honsamnote.co.kr/blog/2026-07-30-storage-20/,generateMetadata 코드,yes,정상(자기 자신)
2026-07-30-storage-19,https://honsamnote.co.kr/blog/2026-07-30-storage-19/,https://honsamnote.co.kr/blog/2026-07-30-storage-19/,generateMetadata 코드,yes,정상(자기 자신)
2026-07-30-storage-18,https://honsamnote.co.kr/blog/2026-07-30-storage-18/,https://honsamnote.co.kr/blog/2026-07-30-storage-18/,generateMetadata 코드,yes,정상(자기 자신)
2026-07-30-storage-17,https://honsamnote.co.kr/blog/2026-07-30-storage-17/,https://honsamnote.co.kr/blog/2026-07-30-storage-17/,generateMetadata 코드,yes,정상(자기 자신)
2026-07-30-safety-41,https://honsamnote.co.kr/blog/2026-07-30-safety-41/,https://honsamnote.co.kr/blog/2026-07-30-safety-41/,generateMetadata 코드,yes,정상(자기 자신)
2026-07-30-safety-40,https://honsamnote.co.kr/blog/2026-07-30-safety-40/,https://honsamnote.co.kr/blog/2026-07-30-safety-40/,generateMetadata 코드,yes,정상(자기 자신)
2026-07-30-safety-39,https://honsamnote.co.kr/blog/2026-07-30-safety-39/,https://honsamnote.co.kr/blog/2026-07-30-safety-39/,generateMetadata 코드,yes,정상(자기 자신)
2026-07-30-safety-38,https://honsamnote.co.kr/blog/2026-07-30-safety-38/,https://honsamnote.co.kr/blog/2026-07-30-safety-38/,generateMetadata 코드,yes,정상(자기 자신)
2026-07-30-safety-37,https://honsamnote.co.kr/blog/2026-07-30-safety-37/,https://honsamnote.co.kr/blog/2026-07-30-safety-37/,generateMetadata 코드,yes,정상(자기 자신)
2026-07-30-safety-36,https://honsamnote.co.kr/blog/2026-07-30-safety-36/,https://honsamnote.co.kr/blog/2026-07-30-safety-36/,generateMetadata 코드,yes,정상(자기 자신)
2026-07-30-safety-35,https://honsamnote.co.kr/blog/2026-07-30-safety-35/,https://honsamnote.co.kr/blog/2026-07-30-safety-35/,generateMetadata 코드,yes,정상(자기 자신)
2026-07-30-safety-34,https://honsamnote.co.kr/blog/2026-07-30-safety-34/,https://honsamnote.co.kr/blog/2026-07-30-safety-34/,generateMetadata 코드,yes,정상(자기 자신)
2026-07-30-safety-33,https://honsamnote.co.kr/blog/2026-07-30-safety-33/,https://honsamnote.co.kr/blog/2026-07-30-safety-33/,generateMetadata 코드,yes,정상(자기 자신)
2026-07-30-products-58,https://honsamnote.co.kr/blog/2026-07-30-products-58/,https://honsamnote.co.kr/blog/2026-07-30-products-58/,generateMetadata 코드,yes,정상(자기 자신)
2026-07-30-products-57,https://honsamnote.co.kr/blog/2026-07-30-products-57/,https://honsamnote.co.kr/blog/2026-07-30-products-57/,generateMetadata 코드,yes,정상(자기 자신)
2026-07-30-products-56,https://honsamnote.co.kr/blog/2026-07-30-products-56/,https://honsamnote.co.kr/blog/2026-07-30-products-56/,generateMetadata 코드,yes,정상(자기 자신)
2026-07-30-products-55,https://honsamnote.co.kr/blog/2026-07-30-products-55/,https://honsamnote.co.kr/blog/2026-07-30-products-55/,generateMetadata 코드,yes,정상(자기 자신)
2026-07-30-products-54,https://honsamnote.co.kr/blog/2026-07-30-products-54/,https://honsamnote.co.kr/blog/2026-07-30-products-54/,generateMetadata 코드,yes,정상(자기 자신)
2026-07-30-products-53,https://honsamnote.co.kr/blog/2026-07-30-products-53/,https://honsamnote.co.kr/blog/2026-07-30-products-53/,generateMetadata 코드,yes,정상(자기 자신)
2026-07-30-products-52,https://honsamnote.co.kr/blog/2026-07-30-products-52/,https://honsamnote.co.kr/blog/2026-07-30-products-52/,generateMetadata 코드,yes,정상(자기 자신)
2026-07-30-products-51,https://honsamnote.co.kr/blog/2026-07-30-products-51/,https://honsamnote.co.kr/blog/2026-07-30-products-51/,generateMetadata 코드,yes,정상(자기 자신)
2026-07-30-products-50,https://honsamnote.co.kr/blog/2026-07-30-products-50/,https://honsamnote.co.kr/blog/2026-07-30-products-50/,generateMetadata 코드,yes,정상(자기 자신)
2026-07-30-lifestyle-66,https://honsamnote.co.kr/blog/2026-07-30-lifestyle-66/,https://honsamnote.co.kr/blog/2026-07-30-lifestyle-66/,generateMetadata 코드,yes,정상(자기 자신)
2026-07-30-lifestyle-65,https://honsamnote.co.kr/blog/2026-07-30-lifestyle-65/,https://honsamnote.co.kr/blog/2026-07-30-lifestyle-65/,generateMetadata 코드,yes,정상(자기 자신)
2026-07-30-lifestyle-64,https://honsamnote.co.kr/blog/2026-07-30-lifestyle-64/,https://honsamnote.co.kr/blog/2026-07-30-lifestyle-64/,generateMetadata 코드,yes,정상(자기 자신)
2026-07-30-lifestyle-63,https://honsamnote.co.kr/blog/2026-07-30-lifestyle-63/,https://honsamnote.co.kr/blog/2026-07-30-lifestyle-63/,generateMetadata 코드,yes,정상(자기 자신)
2026-07-30-lifestyle-62,https://honsamnote.co.kr/blog/2026-07-30-lifestyle-62/,https://honsamnote.co.kr/blog/2026-07-30-lifestyle-62/,generateMetadata 코드,yes,정상(자기 자신)
2026-07-30-lifestyle-61,https://honsamnote.co.kr/blog/2026-07-30-lifestyle-61/,https://honsamnote.co.kr/blog/2026-07-30-lifestyle-61/,generateMetadata 코드,yes,정상(자기 자신)
2026-07-30-lifestyle-60,https://honsamnote.co.kr/blog/2026-07-30-lifestyle-60/,https://honsamnote.co.kr/blog/2026-07-30-lifestyle-60/,generateMetadata 코드,yes,정상(자기 자신)
2026-07-30-lifestyle-59,https://honsamnote.co.kr/blog/2026-07-30-lifestyle-59/,https://honsamnote.co.kr/blog/2026-07-30-lifestyle-59/,generateMetadata 코드,yes,정상(자기 자신)
2026-07-30-housing-69,https://honsamnote.co.kr/blog/2026-07-30-housing-69/,https://honsamnote.co.kr/blog/2026-07-30-housing-69/,generateMetadata 코드,yes,정상(자기 자신)
2026-07-30-housing-49,https://honsamnote.co.kr/blog/2026-07-30-housing-49/,https://honsamnote.co.kr/blog/2026-07-30-housing-49/,generateMetadata 코드,yes,정상(자기 자신)
2026-07-30-housing-48,https://honsamnote.co.kr/blog/2026-07-30-housing-48/,https://honsamnote.co.kr/blog/2026-07-30-housing-48/,generateMetadata 코드,yes,정상(자기 자신)
2026-07-30-housing-47,https://honsamnote.co.kr/blog/2026-07-30-housing-47/,https://honsamnote.co.kr/blog/2026-07-30-housing-47/,generateMetadata 코드,yes,정상(자기 자신)
2026-07-30-housing-46,https://honsamnote.co.kr/blog/2026-07-30-housing-46/,https://honsamnote.co.kr/blog/2026-07-30-housing-46/,generateMetadata 코드,yes,정상(자기 자신)
2026-07-30-housing-45,https://honsamnote.co.kr/blog/2026-07-30-housing-45/,https://honsamnote.co.kr/blog/2026-07-30-housing-45/,generateMetadata 코드,yes,정상(자기 자신)
2026-07-30-housing-44,https://honsamnote.co.kr/blog/2026-07-30-housing-44/,https://honsamnote.co.kr/blog/2026-07-30-housing-44/,generateMetadata 코드,yes,정상(자기 자신)
2026-07-30-housing-43,https://honsamnote.co.kr/blog/2026-07-30-housing-43/,https://honsamnote.co.kr/blog/2026-07-30-housing-43/,generateMetadata 코드,yes,정상(자기 자신)
2026-07-30-housing-42,https://honsamnote.co.kr/blog/2026-07-30-housing-42/,https://honsamnote.co.kr/blog/2026-07-30-housing-42/,generateMetadata 코드,yes,정상(자기 자신)
2026-07-30-food-16,https://honsamnote.co.kr/blog/2026-07-30-food-16/,https://honsamnote.co.kr/blog/2026-07-30-food-16/,generateMetadata 코드,yes,정상(자기 자신)
2026-07-30-food-15,https://honsamnote.co.kr/blog/2026-07-30-food-15/,https://honsamnote.co.kr/blog/2026-07-30-food-15/,generateMetadata 코드,yes,정상(자기 자신)
2026-07-30-food-14,https://honsamnote.co.kr/blog/2026-07-30-food-14/,https://honsamnote.co.kr/blog/2026-07-30-food-14/,generateMetadata 코드,yes,정상(자기 자신)
2026-07-30-food-13,https://honsamnote.co.kr/blog/2026-07-30-food-13/,https://honsamnote.co.kr/blog/2026-07-30-food-13/,generateMetadata 코드,yes,정상(자기 자신)
2026-07-30-food-12,https://honsamnote.co.kr/blog/2026-07-30-food-12/,https://honsamnote.co.kr/blog/2026-07-30-food-12/,generateMetadata 코드,yes,정상(자기 자신)
2026-07-30-food-11,https://honsamnote.co.kr/blog/2026-07-30-food-11/,https://honsamnote.co.kr/blog/2026-07-30-food-11/,generateMetadata 코드,yes,정상(자기 자신)
2026-07-30-food-10,https://honsamnote.co.kr/blog/2026-07-30-food-10/,https://honsamnote.co.kr/blog/2026-07-30-food-10/,generateMetadata 코드,yes,정상(자기 자신)
2026-07-30-cost-80,https://honsamnote.co.kr/blog/2026-07-30-cost-80/,https://honsamnote.co.kr/blog/2026-07-30-cost-80/,generateMetadata 코드,yes,정상(자기 자신)
2026-07-30-cost-8,https://honsamnote.co.kr/blog/2026-07-30-cost-8/,https://honsamnote.co.kr/blog/2026-07-30-cost-8/,generateMetadata 코드,yes,정상(자기 자신)
2026-07-30-cost-70,https://honsamnote.co.kr/blog/2026-07-30-cost-70/,https://honsamnote.co.kr/blog/2026-07-30-cost-70/,generateMetadata 코드,yes,정상(자기 자신)
2026-07-30-cost-7,https://honsamnote.co.kr/blog/2026-07-30-cost-7/,https://honsamnote.co.kr/blog/2026-07-30-cost-7/,generateMetadata 코드,yes,정상(자기 자신)
2026-07-30-cost-6,https://honsamnote.co.kr/blog/2026-07-30-cost-6/,https://honsamnote.co.kr/blog/2026-07-30-cost-6/,generateMetadata 코드,yes,정상(자기 자신)
2026-07-30-cost-5,https://honsamnote.co.kr/blog/2026-07-30-cost-5/,https://honsamnote.co.kr/blog/2026-07-30-cost-5/,generateMetadata 코드,yes,정상(자기 자신)
2026-07-30-cost-4,https://honsamnote.co.kr/blog/2026-07-30-cost-4/,https://honsamnote.co.kr/blog/2026-07-30-cost-4/,generateMetadata 코드,yes,정상(자기 자신)
2026-07-30-cost-3,https://honsamnote.co.kr/blog/2026-07-30-cost-3/,https://honsamnote.co.kr/blog/2026-07-30-cost-3/,generateMetadata 코드,yes,정상(자기 자신)
2026-07-30-cost-2,https://honsamnote.co.kr/blog/2026-07-30-cost-2/,https://honsamnote.co.kr/blog/2026-07-30-cost-2/,generateMetadata 코드,yes,정상(자기 자신)
2026-07-30-cleaning-67,https://honsamnote.co.kr/blog/2026-07-30-cleaning-67/,https://honsamnote.co.kr/blog/2026-07-30-cleaning-67/,generateMetadata 코드,yes,정상(자기 자신)
2026-07-30-cleaning-32,https://honsamnote.co.kr/blog/2026-07-30-cleaning-32/,https://honsamnote.co.kr/blog/2026-07-30-cleaning-32/,generateMetadata 코드,yes,정상(자기 자신)
2026-07-30-cleaning-31,https://honsamnote.co.kr/blog/2026-07-30-cleaning-31/,https://honsamnote.co.kr/blog/2026-07-30-cleaning-31/,generateMetadata 코드,yes,정상(자기 자신)
2026-07-30-cleaning-30,https://honsamnote.co.kr/blog/2026-07-30-cleaning-30/,https://honsamnote.co.kr/blog/2026-07-30-cleaning-30/,generateMetadata 코드,yes,정상(자기 자신)
2026-07-30-cleaning-29,https://honsamnote.co.kr/blog/2026-07-30-cleaning-29/,https://honsamnote.co.kr/blog/2026-07-30-cleaning-29/,generateMetadata 코드,yes,정상(자기 자신)
2026-07-30-cleaning-28,https://honsamnote.co.kr/blog/2026-07-30-cleaning-28/,https://honsamnote.co.kr/blog/2026-07-30-cleaning-28/,generateMetadata 코드,yes,정상(자기 자신)
2026-07-30-cleaning-27,https://honsamnote.co.kr/blog/2026-07-30-cleaning-27/,https://honsamnote.co.kr/blog/2026-07-30-cleaning-27/,generateMetadata 코드,yes,정상(자기 자신)
2026-07-30-cleaning-26,https://honsamnote.co.kr/blog/2026-07-30-cleaning-26/,https://honsamnote.co.kr/blog/2026-07-30-cleaning-26/,generateMetadata 코드,yes,정상(자기 자신)
2026-07-30-cleaning-25,https://honsamnote.co.kr/blog/2026-07-30-cleaning-25/,https://honsamnote.co.kr/blog/2026-07-30-cleaning-25/,generateMetadata 코드,yes,정상(자기 자신)
2026-07-29-food-9,https://honsamnote.co.kr/blog/2026-07-29-food-9/,https://honsamnote.co.kr/blog/2026-07-29-food-9/,generateMetadata 코드,yes,정상(자기 자신)
2026-07-29-cost-1,https://honsamnote.co.kr/blog/2026-07-29-cost-1/,https://honsamnote.co.kr/blog/2026-07-29-cost-1/,generateMetadata 코드,yes,정상(자기 자신)
2026-07-27-welcome,https://honsamnote.co.kr/blog/2026-07-27-welcome/,https://honsamnote.co.kr/blog/2026-07-27-welcome/,generateMetadata 코드,yes,정상(자기 자신)
