post_id,title,url,category,category_name,tags,keywords,meta_title,meta_description,search_intent,primary_keyword,secondary_keywords,duplicate_risk,recommended_cluster,recommended_pillar,title_needs_fix,meta_needs_fix,internal_link_targets,merge_candidate,keep_status,recommended_title,recommended_meta_description,seo_priority,factcheck_needed,sc_impressions,sc_clicks,sc_ctr,sc_average_position
2026-07-30-food-14,"바쁜 1인 가구 직장인, 편의점 식사로 건강과 지갑 동시에 잡는 실전 조합",https://honsamnote.co.kr/blog/2026-07-30-food-14/,food,혼밥·식재료 관리,1인 가구; 편의점; 혼밥; 식비 절약; 건강식; 직장인,편의점 식사; 편의점 조합; 혼밥 레시피; 식비 관리; 건강한 혼밥,"바쁜 1인 가구 직장인, 편의점 식사로 건강과 지갑 동시에 잡는 실전 조합 | 혼삶노트",퇴근 후 요리할 시간 없는 1인 가구 직장인을 위한 편의점 식사 가이드. 매일 먹어도 질리지 않고 영양 균형까지 맞춘 가성비 편의점 조합 노하우를 알려드립니다.,문제해결형,편의점 식사,편의점 조합; 혼밥 레시피; 식비 관리; 건강한 혼밥,낮음,혼밥 레시피·식단,예,아니오,예,2026-08-07-food-auto-e08b8c; 2026-07-29-food-9; 2026-07-30-food-15; 2026-08-06-food-auto-585c1b; 2026-08-09-food-auto-e39c1f; 2026-08-10-food-auto-0b9c15,아니오,유지,편의점 식사 해결 방법｜혼밥·식재료 관리,"결론부터 말씀드리자면, 편의점 식사도 충분히 건강하고 만족스럽게 즐길 수 있습니다.",93,아니오,,,,
2026-07-29-cost-1,"월급날 한숨만? 1인 가구 직장인의 한 달 고정비, 이대로 따라 하면 무조건 줄어듭니다",https://honsamnote.co.kr/blog/2026-07-29-cost-1/,cost,생활비 최적화,1인 가구; 고정비; 생활비; 절약; 재테크; 직장인,1인 가구 고정비; 고정비 줄이는 방법; 생활비 절약 팁; 월급 관리; 혼자 살기 비용,"월급날 한숨만? 1인 가구 직장인의 한 달 고정비, 이대로 따라 하면 무조건 줄어듭니다 | 혼삶노트","혼자 사는 직장인, 월급은 짧고 고정비는 길다고 느끼시나요? 통장 스치는 월급을 붙잡고 싶다면, 이 글이 제시하는 3단계 현실적인 고정비 정리법으로 매달 현금을 확보하세요. 시간과 돈을 아끼는 첫걸음입니다.",질문형,1인 가구 고정비,고정비 줄이는 방법; 생활비 절약 팁; 월급 관리; 혼자 살기 비용,낮음,생활비 절약 전반,예,예,아니오,2026-08-10-cost-auto-78f79c; 2026-08-01-cost-auto-0d71f8; 2026-08-03-cost-auto-4d199c; 2026-08-06-cost-auto-515c77; 2026-08-06-cost-auto-e8c32b; 2026-08-07-cost-auto-d674a8,아니오,유지,1인 가구 고정비 알아보기,"매달 나가는 고정비를 확실히 줄이고 싶다면, 단 3단계만 기억하고 실천하세요.",87,예,,,,
2026-07-30-cleaning-32,"퇴근 후 녹초가 된 1인 가구 직장인, 집안일 자동화 가전으로 얻을 수 있는 시간과 돈은?",https://honsamnote.co.kr/blog/2026-07-30-cleaning-32/,cleaning,청소·세탁·집안일,1인 가구; 직장인; 살림; 청소; 자동화 가전; 로봇청소기; 의류건조기; 식기세척기,1인 가구 청소; 집안일 자동화; 시간 절약 가전; 직장인 살림; 로봇청소기 추천; 건조기 추천; 식기세척기 추천,"퇴근 후 녹초가 된 1인 가구 직장인, 집안일 자동화 가전으로 얻을 수 있는 시간과 돈은? | 혼삶노트","혼자 사는 직장인이 집안일 자동화 가전 도입을 고민할 때, 시간과 돈을 절약할 수 있는 현실적인 기준과 선택 가이드를 제시합니다. 현명한 소비로 삶의 질을 높이세요.",질문형,1인 가구 청소,집안일 자동화; 시간 절약 가전; 직장인 살림; 로봇청소기 추천; 건조기 추천; 식기세척기 추천,낮음,세탁·옷관리,예,예,아니오,2026-08-01-cleaning-auto-b67a07; 2026-08-07-cost-auto-24b43b; 2026-07-31-cleaning-79; 2026-08-01-cleaning-auto-070bfd; 2026-08-01-cleaning-auto-2b8bbd; 2026-08-03-cleaning-auto-d96324,아니오,유지,1인 가구 청소 알아보기,"결론부터 말씀드리자면, 집안일 자동화 가전은 의 시간과 노력을 크게 절약해 줄 수 있는 매우 효과적인 투자입니다.",87,아니오,,,,
2026-07-30-cost-6,"내 돈 새는 줄도 몰랐죠? 1인 가구 직장인, 숨은 보험료 줄이는 3단계 점검법",https://honsamnote.co.kr/blog/2026-07-30-cost-6/,cost,생활비 최적화,1인 가구; 생활비 절약; 보험 점검; 직장인 재테크; 보험료 줄이기,1인 가구 보험; 보험료 아끼는 법; 혼자 살 때 보험; 보험 리모델링; 생활비 최적화,"내 돈 새는 줄도 몰랐죠? 1인 가구 직장인, 숨은 보험료 줄이는 3단계 점검법 | 혼삶노트","혼자 사는 직장인이라면 꼭 보세요. 불필요한 보험료 지출을 줄이고, 나에게 딱 맞는 최소한의 보장을 유지하는 현실적인 보험 점검 가이드를 알려드립니다.",질문형,1인 가구 보험,보험료 아끼는 법; 혼자 살 때 보험; 보험 리모델링; 생활비 최적화,낮음,생활비 절약 전반,예,예,아니오,2026-08-01-cost-auto-8e14b1; 2026-08-01-cost-auto-eacedc; 2026-08-06-cost-auto-e8c32b; 2026-08-08-cost-auto-65e819; 2026-08-01-cost-auto-f9f9ca; 2026-08-05-cost-auto-9715f2,아니오,유지,1인 가구 보험 알아보기,"솔직히 말씀드리면, 현재 불필요한 보험료를 내고 있을 가능성이 매우 높습니다.",87,아니오,,,,
2026-07-30-lifestyle-59,"1인 가구 직장인, 퇴근 후나 주말에 혼자 있을 때 자꾸 무기력해진다면? 당신의 생활 리듬을 되찾는 현실적인 방법",https://honsamnote.co.kr/blog/2026-07-30-lifestyle-59/,lifestyle,관계·고립·생활 리듬,1인 가구; 직장인; 무기력; 생활 리듬; 고립감; 번아웃; 혼자 살기,1인 가구 무기력; 퇴근 후 무기력; 주말 무기력; 생활 루틴; 혼자 살 때 외로움; 에너지 회복,"1인 가구 직장인, 퇴근 후나 주말에 혼자 있을 때 자꾸 무기력해진다면? 당신의 생활 리듬을 되찾는 현실적인 방법 | 혼삶노트","혼자 사는 삶, 퇴근 후나 주말에 찾아오는 무기력증 때문에 고민인가요? 이 글에서는 1인 가구 직장인이 혼자 있을 때 무기력해지는 진짜 이유를 분석하고, 시간과 돈을 들이지 않고도 생활 에너지를 회복할 수 있는 현실적인 3단계 해결책을 제시합니다.",질문형,1인 가구 무기력,퇴근 후 무기력; 주말 무기력; 생활 루틴; 혼자 살 때 외로움; 에너지 회복,낮음,외로움·고립감,예,예,예,2026-08-03-lifestyle-auto-06c5e8; 2026-08-11-lifestyle-auto-0f05f0; 2026-07-30-lifestyle-61; 2026-08-01-lifestyle-auto-b13421; 2026-08-03-lifestyle-auto-dfa23e; 2026-08-05-lifestyle-auto-420299,아니오,유지,1인 가구 무기력 알아보기,혼자 있을 때 찾아오는 무기력감은 당신의 의지가 부족하거나 게을러서 생기는 문제가 아닙니다.,87,아니오,,,,
2026-07-30-lifestyle-63,"혼자 사는 직장인, 안부 연락 부담 줄이고 부모님 걱정 덜어드리는 스마트 안부 시스템 만들기",https://honsamnote.co.kr/blog/2026-07-30-lifestyle-63/,lifestyle,관계·고립·생활 리듬,1인 가구; 직장인; 가족 관계; 생활 최적화; 고립 방지; 스마트 생활,안부 연락; 부모님 안부; 1인 가구 외로움; 가족 소통; 자동 안부 시스템; 효율적 관계,"혼자 사는 직장인, 안부 연락 부담 줄이고 부모님 걱정 덜어드리는 스마트 안부 시스템 만들기 | 혼삶노트",혼자 사는 직장인을 위한 현실적인 안부 시스템 구축 가이드. 연락 부담은 줄이고 부모님 걱정은 덜어드리는 스마트한 방법을 소개합니다. 시간과 돈을 아껴 효율적인 관계를 유지하세요.,문제해결형,안부 연락,부모님 안부; 1인 가구 외로움; 가족 소통; 자동 안부 시스템; 효율적 관계,낮음,외로움·고립감,예,예,아니오,2026-07-30-lifestyle-61; 2026-08-01-lifestyle-auto-b13421; 2026-07-30-lifestyle-59; 2026-08-01-lifestyle-auto-ac59b7; 2026-08-03-lifestyle-auto-06c5e8; 2026-08-07-lifestyle-auto-0b115c,아니오,유지,안부 연락 해결 방법｜관계·고립·생활 리듬,의 시간과 에너지를 아끼면서도 가족과의 연결성을 잃지 않는 가장 좋은 방법은 **'꾸준함'과 '최소한의 노력'을 기반으로 하는 나만의 안부 시스템을 구축하는 것**입니다.,87,아니오,,,,
2026-07-30-products-50,"혼자 사는 직장인, 빨래방 갈 시간 없을 때! 소형 세탁기, '이 기준'으로 후회 없이 고르세요",https://honsamnote.co.kr/blog/2026-07-30-products-50/,products,1인 가구 제품·서비스,1인가구; 소형세탁기; 미니세탁기; 빨래; 가전제품,1인 가구 세탁기; 원룸 세탁기; 직장인 빨래; 소량 빨래; 세탁기 추천,"혼자 사는 직장인, 빨래방 갈 시간 없을 때! 소형 세탁기, '이 기준'으로 후회 없이 고르세요 | 혼삶노트","바쁜 1인 직장인을 위한 소형 세탁기 선택 가이드. 빨래 습관, 공간, 예산을 고려해 당신에게 딱 맞는 세탁기를 고르는 현실적인 기준을 제시합니다.",판단형,1인 가구 세탁기,원룸 세탁기; 직장인 빨래; 소량 빨래; 세탁기 추천,낮음,1인 가구 제품·서비스 기타,예,예,아니오,2026-08-07-products-auto-e9e85e; 2026-07-31-products-75; 2026-08-06-products-auto-9bb85c; 2026-08-06-products-auto-aad52f; 2026-08-08-products-auto-06056d; 2026-08-09-products-auto-7bf3a6,아니오,유지,1인 가구 세탁기 기준,"혼자 사는 직장인에게 소형 세탁기는 분명 유용한 선택지가 될 수 있지만, 무조건적인 해답은 아닙니다.",87,아니오,,,,
2026-07-30-products-51,"꿉꿉한 빨래, 좁은 방에 널지 마세요! 1인 가구 직장인을 위한 미니 건조기, 실패 없이 선택하는 법",https://honsamnote.co.kr/blog/2026-07-30-products-51/,products,1인 가구 제품·서비스,1인 가구; 미니 건조기; 생활 최적화; 빨래 팁; 살림 노하우; 제품 선택,1인 가구 미니 건조기; 원룸 건조기 추천; 미니 건조기 고르는 법; 1인 가구 빨래; 건조기 장단점,"꿉꿉한 빨래, 좁은 방에 널지 마세요! 1인 가구 직장인을 위한 미니 건조기, 실패 없이 선택하는 법 | 혼삶노트","빨래 스트레스에 지친 1인 가구 직장인이라면 주목! 좁은 공간에서 건조기 없이 사는 고충과 미니 건조기가 필요한지, 어떤 제품을 골라야 할지 7단계로 명쾌하게 알려드립니다. 당신의 시간과 공간을 되찾아 줄 현명한 선택 가이드.",방법형,1인 가구 미니 건조기,원룸 건조기 추천; 미니 건조기 고르는 법; 1인 가구 빨래; 건조기 장단점,낮음,1인 가구 제품·서비스 기타,예,예,예,2026-08-01-products-auto-ff2c16; 2026-08-07-products-auto-75313c; 2026-07-30-products-55; 2026-07-30-products-57; 2026-07-31-products-75; 2026-08-03-products-auto-55fd7c,아니오,유지,1인 가구 미니 건조기 방법,결론부터 말씀드립니다.,87,아니오,,,,
2026-07-30-products-53,퇴근 후 음식물 쓰레기 냄새? 1인 가구에 딱 맞는 음식물처리기 현명하게 고르는 법,https://honsamnote.co.kr/blog/2026-07-30-products-53/,products,1인 가구 제품·서비스,1인 가구; 음식물처리기; 생활 팁; 주방 위생; 스마트 가전,음식물 쓰레기 처리; 음식물처리기 종류; 1인 가구 살림; 주방 가전 선택; 효율적인 주방,퇴근 후 음식물 쓰레기 냄새? 1인 가구에 딱 맞는 음식물처리기 현명하게 고르는 법 | 혼삶노트,"혼자 사는 당신의 골칫거리, 음식물 쓰레기. 악취와 번거로움 없이 깔끔하게 처리할 1인 가구 맞춤 음식물처리기 선택 기준과 현명한 구매 방법을 알려드립니다.",질문형,음식물 쓰레기 처리,음식물처리기 종류; 1인 가구 살림; 주방 가전 선택; 효율적인 주방,낮음,1인 가구 제품·서비스 기타,예,예,예,2026-08-07-products-auto-5c0731; 2026-07-31-products-76; 2026-08-07-products-auto-074e7a; 2026-07-30-food-16; 2026-07-30-products-51; 2026-07-30-products-55,아니오,유지,음식물 쓰레기 처리 알아보기,"음식물처리기는 '무조건 좋다/나쁘다'가 아니라, 당신의 주거 환경과 생활 패턴에 따라 필요한지가 결정되는 제품입니다.",87,아니오,,,,
2026-07-30-products-55,"냉동실 자리 부족한 1인 가구 직장인, 식비 절약 소형 냉동고 꼭 사야 할까요?",https://honsamnote.co.kr/blog/2026-07-30-products-55/,products,1인 가구 제품·서비스,1인 가구; 소형 냉동고; 식비 절약; 자취템; 살림 노하우,1인 가구 냉동고; 소형 냉동고 추천; 미니 냉동고; 냉동실 부족 해결; 자취 냉동고,"냉동실 자리 부족한 1인 가구 직장인, 식비 절약 소형 냉동고 꼭 사야 할까요? | 혼삶노트","1인 가구 직장인의 고질적인 냉동실 부족 문제 해결, 소형 냉동고 구매 전 필수 체크리스트와 현명한 선택 기준 제시로 시간과 돈을 최적화하세요.",질문형,1인 가구 냉동고,소형 냉동고 추천; 미니 냉동고; 냉동실 부족 해결; 자취 냉동고,낮음,1인 가구 제품·서비스 기타,예,예,예,2026-07-30-products-51; 2026-08-01-products-auto-9e3228; 2026-08-01-products-auto-ff2c16; 2026-08-07-products-auto-75313c; 2026-07-30-products-53; 2026-07-30-products-56,아니오,유지,1인 가구 냉동고 알아보기,"결론부터 말씀드리자면, 1인 가구에게 소형 냉동고는 ‘무조건 필요하다’기보다",87,아니오,,,,
2026-07-30-products-56,"빈집 걱정 끝! 1인 가구를 위한 가정용 보안카메라, 이 5가지만 보고 고르세요",https://honsamnote.co.kr/blog/2026-07-30-products-56/,products,1인 가구 제품·서비스,1인 가구; 보안 카메라; 가정용 CCTV; 집 지키기; 스마트 홈,1인 가구 보안 카메라; 가정용 보안 카메라 추천; 원룸 보안; CCTV 설치; 혼자 사는 집 안전,"빈집 걱정 끝! 1인 가구를 위한 가정용 보안카메라, 이 5가지만 보고 고르세요 | 혼삶노트","혼자 사는 당신, 빈집 걱정에 불안한가요? 1인 가구를 위한 가정용 보안카메라, 꼼꼼하게 선택하고 설치하는 현실적인 방법을 알려드립니다. 시간과 돈을 아끼면서 안전을 지키는 비결을 확인하세요.",문제해결형,1인 가구 보안 카메라,가정용 보안 카메라 추천; 원룸 보안; CCTV 설치; 혼자 사는 집 안전,낮음,1인 가구 제품·서비스 기타,예,예,예,2026-08-07-products-auto-b07e5f; 2026-07-30-products-51; 2026-07-30-products-53; 2026-07-30-products-55; 2026-07-30-products-57; 2026-07-31-products-75,아니오,유지,1인 가구 보안 카메라 해결 방법,의 빈집 걱정을 덜어줄 가장 현실적인 해결책 중 하나는 바로 '가정용 보안카메라'입니다.,87,아니오,,,,
2026-07-30-products-57,"바쁜 1인 가구 직장인, 장보기 시간 아깝다면? 돈과 시간 아끼는 정기배송 서비스 선택 가이드",https://honsamnote.co.kr/blog/2026-07-30-products-57/,products,1인 가구 제품·서비스,1인 가구; 정기배송; 생활 최적화; 시간 절약; 돈 아끼기,정기배송 서비스 비교; 1인 가구 식단; 생필품 정기배송; 구독 서비스; 싱글 라이프 팁,"바쁜 1인 가구 직장인, 장보기 시간 아깝다면? 돈과 시간 아끼는 정기배송 서비스 선택 가이드 | 혼삶노트","퇴근 후 번거로운 장보기에 지친 1인 가구 직장인을 위한 정기배송 서비스 비교 가이드입니다. 식료품, 생필품 등 다양한 구독 서비스를 내 생활 패턴에 맞춰 현명하게 선택하고 시간과 비용을 절약하는 현실적인 노하우를 알려드립니다.",질문형,정기배송 서비스 비교,1인 가구 식단; 생필품 정기배송; 구독 서비스; 싱글 라이프 팁,낮음,1인 가구 제품·서비스 기타,예,예,예,2026-08-03-products-auto-55fd7c; 2026-08-05-products-auto-9973a7; 2026-08-06-products-auto-2eb0f5; 2026-08-07-products-auto-e9e85e; 2026-08-11-products-auto-fb26b6; 2026-07-30-products-51,아니오,유지,정기배송 서비스 비교 알아보기,"정기배송 서비스는 이 시간과 에너지를 절약하고, 예측 가능한 소비로 가계를 효율적으로 운영할 수 있게 돕는 강력한 대안입니다.",87,아니오,,,,
2026-07-30-safety-33,"혼자 사는 당신, 갑자기 아플 때 후회하지 않을 '생활 비상 키트' 미리 준비하기",https://honsamnote.co.kr/blog/2026-07-30-safety-33/,safety,안전·응급상황,1인 가구 안전; 혼자 아플 때; 비상약; 응급상황 대처; 생활 최적화,혼자 아플 때; 1인 가구; 비상약; 응급상황; 병원 갈 때; 생활 가이드; 건강 관리,"혼자 사는 당신, 갑자기 아플 때 후회하지 않을 '생활 비상 키트' 미리 준비하기 | 혼삶노트","혼자 사는 당신, 갑자기 아프면 서럽고 막막하죠? 응급 상황에 당황하지 않고 대처할 필수 준비물과 절차를 단계별로 안내합니다. 아플 때 후회하지 않도록 미리 대비하세요!",문제해결형,혼자 아플 때,1인 가구; 비상약; 응급상황; 병원 갈 때; 생활 가이드; 건강 관리,낮음,응급상황 대처,예,예,예,2026-08-01-safety-auto-a71046; 2026-08-06-safety-auto-9df39e; 2026-07-30-safety-36; 2026-08-06-safety-auto-b35351; 2026-07-30-safety-41; 2026-08-01-safety-auto-1a5c71,아니오,유지,혼자 아플 때 해결 방법,"혼자 살면서 아플 때의 막막함을 해결하는 가장 확실한 방법은, 아프기 전에 미리 준비해 두는 것입니다.",87,아니오,,,,
2026-07-30-safety-36,"혼자 사는 당신, 퇴근 후 집에 들어서자마자 섬뜩한 가스 냄새가 날 때, 이렇게 행동하세요",https://honsamnote.co.kr/blog/2026-07-30-safety-36/,safety,안전·응급상황,안전; 1인 가구; 가스 냄새; 비상 상황; 생활 팁,가스 냄새 대처법; 혼자 살 때 안전; 도시가스; 가스 사고; 응급상황,"혼자 사는 당신, 퇴근 후 집에 들어서자마자 섬뜩한 가스 냄새가 날 때, 이렇게 행동하세요 | 혼삶노트","퇴근 후 맡은 가스 냄새, 혼자 사는 집에서 당황스럽다면? 침착하게 상황을 판단하고 안전하게 대처하는 7단계 방법을 알아봅니다. 1인 가구의 안전을 최우선으로!",문제해결형,가스 냄새 대처법,혼자 살 때 안전; 도시가스; 가스 사고; 응급상황,낮음,응급상황 대처,예,예,아니오,2026-08-08-safety-auto-2186aa; 2026-07-30-safety-34; 2026-07-30-safety-41; 2026-07-31-safety-72; 2026-08-04-safety-auto-61ce38; 2026-08-06-safety-auto-425601,아니오,유지,가스 냄새 대처법 해결 방법,"만약 가스 냄새가 확실하게 느껴진다면, 당황하지 말고 즉시 **모든 창문을 활짝 열어 환기**시키세요.",87,아니오,,,,
2026-07-30-safety-41,"혼자 사는 당신이 아프거나 연락 안 될 때: 위기 상황 대비 비상연락망, 이렇게 만드세요!",https://honsamnote.co.kr/blog/2026-07-30-safety-41/,safety,안전·응급상황,1인 가구; 안전; 비상연락망; 응급상황; 생활 최적화; 위기대응,1인 가구 안전; 비상연락망 만들기; 혼자 살 때 응급상황; 위기 대비; 독거 생활 안전; 직장인 안전,"혼자 사는 당신이 아프거나 연락 안 될 때: 위기 상황 대비 비상연락망, 이렇게 만드세요! | 혼삶노트","1인 가구 직장인이 갑작스러운 비상 상황에 대비해 효율적인 비상연락망을 구축하는 방법을 알려드립니다. 단순한 연락처 저장을 넘어, 실제로 나를 도울 수 있는 시스템을 만드는 현실적인 가이드입니다.",문제해결형,1인 가구 안전,비상연락망 만들기; 혼자 살 때 응급상황; 위기 대비; 독거 생활 안전; 직장인 안전,낮음,응급상황 대처,예,예,예,2026-07-30-safety-34; 2026-08-06-safety-auto-ec7c17; 2026-08-01-safety-auto-0466e2; 2026-08-04-safety-auto-ceca45; 2026-08-06-safety-auto-0b96ff; 2026-08-06-safety-auto-d2f981,아니오,유지,1인 가구 안전 해결 방법,1인 가구의 비상연락망은 단순히 지인들의 전화번호를 모아둔 목록이 아닙니다.,87,아니오,,,,
2026-07-30-storage-18,"퇴근 후 좁은 원룸, 넘쳐나는 계절옷을 깔끔하게 정리하고 보관하는 현실적인 팁",https://honsamnote.co.kr/blog/2026-07-30-storage-18/,storage,좁은 집과 수납,1인 가구; 자취 꿀팁; 옷 정리; 수납 노하우; 계절옷 보관; 좁은 집 수납,계절옷 보관; 좁은 집 수납; 원룸 옷 정리; 옷 보관 서비스; 의류 압축팩,"퇴근 후 좁은 원룸, 넘쳐나는 계절옷을 깔끔하게 정리하고 보관하는 현실적인 팁 | 혼삶노트",계절마다 옷 정리로 고생하는 1인 가구 직장인 주목! 좁은 원룸에서도 시간과 돈 아끼며 계절옷을 깔끔하고 효율적으로 보관하는 현실적인 팁을 알려드립니다.,문제해결형,계절옷 보관,좁은 집 수납; 원룸 옷 정리; 옷 보관 서비스; 의류 압축팩,낮음,원룸 전체 수납,예,예,예,2026-08-06-storage-auto-11ba62; 2026-08-01-storage-auto-316ab0; 2026-08-07-storage-auto-ee20dc; 2026-08-13-storage-auto-92e3bb; 2026-08-01-storage-auto-387eaf; 2026-08-03-storage-auto-45d4eb,아니오,유지,계절옷 보관 해결 방법,"좁은 공간에 넘쳐나는 계절옷을 깔끔하게 정리하고 싶다면, **'비우기 → 분류 → 압축 및 보관 도구 활용 → 외부 공간 활용'**의 4단계 원칙을 따르세요.",87,아니오,,,,
2026-07-30-storage-21,"현관 열자마자 꿉꿉한 냄새? 1인 가구 신발장 냄새, 근본부터 해결하는 현실 관리법",https://honsamnote.co.kr/blog/2026-07-30-storage-21/,storage,좁은 집과 수납,신발장 냄새; 1인 가구 수납; 좁은 집 청소; 현관 관리; 생활 최적화,신발장 냄새 제거; 신발 냄새 없애는 법; 좁은 집 신발장; 1인 가구 현관 청소; 습기 제거,"현관 열자마자 꿉꿉한 냄새? 1인 가구 신발장 냄새, 근본부터 해결하는 현실 관리법 | 혼삶노트","혼자 사는 당신의 좁은 현관을 점령한 신발장 냄새. 뿌리는 탈취제로는 한계가 있죠? 꿉꿉하고 역한 냄새의 원인을 파악하고, 시간과 돈 아끼는 현실적인 해결법을 알려드립니다.",질문형,신발장 냄새 제거,신발 냄새 없애는 법; 좁은 집 신발장; 1인 가구 현관 청소; 습기 제거,낮음,원룸 전체 수납,예,예,예,2026-08-07-storage-auto-4a268b; 2026-08-08-storage-auto-276b92; 2026-08-01-storage-auto-499287; 2026-08-01-storage-auto-4eec70; 2026-08-01-storage-auto-f1fb81; 2026-08-04-storage-auto-225475,아니오,유지,신발장 냄새 제거 알아보기,신발장 냄새는 '습기'와 '환기 부족'이 만들어내는 '세균 번식'이 주원인입니다.,87,아니오,,,,
2026-07-31-products-75,"퇴근 후 널 공간도, 마를 시간도 없는 1인 가구, 미니 건조기 정말 필요할까요?",https://honsamnote.co.kr/blog/2026-07-31-products-75/,products,1인 가구 제품·서비스,1인 가구; 미니 건조기; 빨래; 가전제품; 생활 꿀팁,미니 건조기 필요성; 1인 가구 건조기; 원룸 빨래 건조; 자취 가전; 생활 최적화,"퇴근 후 널 공간도, 마를 시간도 없는 1인 가구, 미니 건조기 정말 필요할까요? | 혼삶노트","퇴근 후 쌓이는 빨래, 좁은 집에서 건조 스트레스를 겪는 1인 가구를 위한 미니 건조기 구매 가이드. 나에게 정말 필요한지 현실적인 기준으로 판단해 보세요.",질문형,미니 건조기 필요성,1인 가구 건조기; 원룸 빨래 건조; 자취 가전; 생활 최적화,낮음,1인 가구 제품·서비스 기타,예,예,아니오,2026-07-30-products-50; 2026-07-30-products-51; 2026-07-31-products-76; 2026-08-06-products-auto-a2fa71; 2026-08-06-products-auto-aad52f; 2026-08-07-products-auto-5c0731,아니오,유지,미니 건조기 필요성 알아보기,"결론부터 말씀드리자면, 모든 1인 가구에 미니 건조기가 필수템은 아닙니다.",87,아니오,,,,
2026-07-31-products-76,"자취생, 퇴근 후 음식물쓰레기 악취 탈출? 우리집에 딱 맞는 처리기 고르는 법",https://honsamnote.co.kr/blog/2026-07-31-products-76/,products,1인 가구 제품·서비스,1인 가구; 음식물쓰레기; 음식물처리기; 생활 꿀팁; 주방용품,1인 가구 음식물처리기; 자취생 음식물쓰레기; 음식물처리기 추천; 건조식 음식물처리기; 미생물 음식물처리기; 분쇄식 음식물처리기,"자취생, 퇴근 후 음식물쓰레기 악취 탈출? 우리집에 딱 맞는 처리기 고르는 법 | 혼삶노트","혼자 사는 당신의 주방, 음식물쓰레기 냄새 때문에 고민이신가요? 건조식, 미생물식, 분쇄식 음식물처리기 장단점과 선택 기준을 현실적으로 알려드립니다.",질문형,1인 가구 음식물처리기,자취생 음식물쓰레기; 음식물처리기 추천; 건조식 음식물처리기; 미생물 음식물처리기; 분쇄식 음식물처리기,낮음,1인 가구 제품·서비스 기타,예,예,예,2026-07-30-products-53; 2026-07-31-products-75; 2026-08-06-products-auto-a2fa71; 2026-08-07-products-auto-462713; 2026-08-07-products-auto-5c0731; 2026-08-09-products-auto-df5dbc,아니오,유지,1인 가구 음식물처리기 알아보기,"음식물처리기는 편리한 생활을 위한 투자지만, 무조건적인 정답은 아닙니다.",87,아니오,,,,
2026-08-01-cleaning-auto-b67a07,"혼자 사는 직장인, 대형 이불·겨울 외투 빨래? 코인 빨래방 vs 전문 세탁 서비스, 현명한 선택 기준",https://honsamnote.co.kr/blog/2026-08-01-cleaning-auto-b67a07/,cleaning,청소·세탁·집안일,1인 가구; 직장인; 청소; 세탁; 집안일; 코인 빨래방; 전문 세탁; 대형 이불; 겨울 외투,1인 가구 세탁; 대형 이불 세탁; 겨울 외투 세탁; 코인 빨래방 이용; 전문 세탁 서비스; 세탁물 비교; 시간 절약 세탁; 비용 절약 세탁,"혼자 사는 직장인, 대형 이불·겨울 외투 빨래? 코인 빨래방 vs 전문 세탁 서비스, 현명한 선택 기준 | 혼삶노트","혼자 사는 직장인을 위한 대형 이불, 겨울 외투 세탁 가이드. 시간과 비용을 아끼는 코인 빨래방과 전문 세탁 서비스 중 나에게 맞는 최적의 선택 기준을 제시합니다.",질문형,1인 가구 세탁,대형 이불 세탁; 겨울 외투 세탁; 코인 빨래방 이용; 전문 세탁 서비스; 세탁물 비교; 시간 절약 세탁; 비용 절약 세탁,낮음,세탁·옷관리,예,예,아니오,2026-08-06-cleaning-auto-530ba0; 2026-07-30-cleaning-32; 2026-08-06-cleaning-auto-f4b529; 2026-08-01-cleaning-auto-2b8bbd; 2026-08-08-cleaning-auto-3b9de2; 2026-08-08-cleaning-auto-e0020a,아니오,유지,1인 가구 세탁 알아보기,"결론부터 말씀드리자면, **시간 절약이 최우선이고 경제적 여유가 있다면 '전문 세탁 서비스'가, 비용 절약이 중요하고 직접 움직일 시간과 에너지가 있다면 '코인 빨래방'이 현명한 선택**입니다.",87,아니오,,,,
2026-08-01-cost-auto-0d71f8,"혼자 사는 직장인, 배달 앱 유료 멤버십, 나에게 진짜 이득일까? 손익분기점 계산해 후회 없이 결정하는 법",https://honsamnote.co.kr/blog/2026-08-01-cost-auto-0d71f8/,cost,생활비 최적화,생활비 최적화; 배달 앱; 유료 멤버십; 배달비 절약; 1인 가구; 직장인,1인 가구 배달 앱; 배달비 아끼는 법; 배달 앱 멤버십; 요기패스X; 배민클럽; 쿠팡와우; 생활비 줄이기,"혼자 사는 직장인, 배달 앱 유료 멤버십, 나에게 진짜 이득일까? 손익분기점 계산해 후회 없이 결정하는 법 | 혼삶노트",혼자 사는 직장인을 위한 배달 앱 유료 멤버십 분석. 매달 나가는 멤버십 비용이 과연 배달비 절약으로 이어질까요? 내 주문 패턴에 맞는 손익분기점을 계산해 똑똑하게 결정하는 방법을 안내합니다.,질문형,1인 가구 배달 앱,배달비 아끼는 법; 배달 앱 멤버십; 요기패스X; 배민클럽; 쿠팡와우; 생활비 줄이기,낮음,생활비 절약 전반,예,예,아니오,2026-08-11-cost-auto-bf7238; 2026-08-03-cost-auto-749379; 2026-08-03-cost-auto-4d199c; 2026-08-06-cost-auto-515c77; 2026-08-05-cost-auto-9715f2; 2026-08-07-cost-auto-efcd2f,아니오,유지,1인 가구 배달 앱 알아보기,"배달 앱 유료 멤버십, 결론부터 말씀드리면 '매월 최소 3~4회 이상' 배달 음식을 시켜 먹는다면 충분히 고려해볼 가치가 있습니다.",87,예,,,,
2026-08-01-cost-auto-44803f,"혼자 사는 직장인, 매년 놓치는 연말정산 환급금! 내 돈 최대로 돌려받는 실전 가이드",https://honsamnote.co.kr/blog/2026-08-01-cost-auto-44803f/,cost,생활비 최적화,생활비 최적화; 연말정산; 세금; 절세; 1인가구 금융,1인 가구 연말정산; 직장인 연말정산; 환급금 최대로; 연말정산 절세; 월세 세액공제,"혼자 사는 직장인, 매년 놓치는 연말정산 환급금! 내 돈 최대로 돌려받는 실전 가이드 | 혼삶노트",혼자 사는 직장인이라면 매년 돌아오는 연말정산이 골치 아프시죠? 숨겨진 환급금을 놓치지 않고 최대한 돌려받을 수 있는 현실적인 절세 전략과 단계별 가이드를 알려드립니다.,문제해결형,1인 가구 연말정산,직장인 연말정산; 환급금 최대로; 연말정산 절세; 월세 세액공제,낮음,생활비 절약 전반,예,예,아니오,2026-08-01-cost-auto-0d71f8; 2026-08-01-cost-auto-4a41b3; 2026-08-01-cost-auto-9c7467; 2026-08-03-cost-auto-4d199c; 2026-08-03-cost-auto-749379; 2026-08-03-cost-auto-d01191,아니오,유지,1인 가구 연말정산 해결 방법,혼자 사는 직장인이라도 연말정산으로 환급금을 최대로 돌려받는 것은 충분히 가능합니다.,87,예,,,,
2026-08-01-cost-auto-4a41b3,"혼자 사는 직장인, 빨래 쌓일 때마다 한숨 나온다면? 코인 세탁방 vs. 미니 세탁기, 후회 없는 선택 가이드",https://honsamnote.co.kr/blog/2026-08-01-cost-auto-4a41b3/,cost,생활비 최적화,생활비 최적화; 1인 가구; 빨래; 코인 세탁방; 미니 세탁기; 살림 노하우,1인 가구 세탁; 코인빨래방; 소형세탁기; 빨래 고민; 생활비 절약,"혼자 사는 직장인, 빨래 쌓일 때마다 한숨 나온다면? 코인 세탁방 vs. 미니 세탁기, 후회 없는 선택 가이드 | 혼삶노트","혼자 사는 직장인의 고질적인 빨래 고민! 코인 세탁방과 미니 세탁기 중 어떤 것이 내게 맞을까요? 시간, 비용, 공간 효율을 따져 후회 없는 결정을 돕는 현실적인 비교 가이드입니다.",질문형,1인 가구 세탁,코인빨래방; 소형세탁기; 빨래 고민; 생활비 절약,낮음,생활비 절약 전반,예,예,아니오,2026-08-03-cost-auto-d01191; 2026-08-07-cost-auto-24b43b; 2026-08-07-cost-auto-d674a8; 2026-08-10-cost-auto-88aeb7; 2026-08-13-cost-auto-b1e536; 2026-08-11-cost-auto-ff0274,아니오,유지,1인 가구 세탁 알아보기,"혼자 사는 직장인의 빨래 고민, 코인 세탁방과 미니 세탁기 중 무엇이 더 나은지는 정답이 없습니다.",87,예,,,,
2026-08-01-cost-auto-8e14b1,"혼자 사는 직장인, 대용량 생필품/식료품, 사야 할까? 말아야 할까? 내게 맞는 구매 기준 3단계",https://honsamnote.co.kr/blog/2026-08-01-cost-auto-8e14b1/,cost,생활비 최적화,생활비 절약; 1인 가구; 쇼핑 팁; 현명한 소비; 식료품 구매; 생필품 구매,1인 가구 대용량; 혼자 살 때 장보기; 생활비 최적화; 대용량 vs 소량; 식비 절약,"혼자 사는 직장인, 대용량 생필품/식료품, 사야 할까? 말아야 할까? 내게 맞는 구매 기준 3단계 | 혼삶노트","혼자 살지만 대용량 구매가 무조건 이득일까요? 식료품부터 생필품까지, 1인 가구 직장인을 위한 현명한 대용량 구매 판단 기준을 알려드립니다.",질문형,1인 가구 대용량,혼자 살 때 장보기; 생활비 최적화; 대용량 vs 소량; 식비 절약,낮음,생활비 절약 전반,예,예,예,2026-08-08-cost-auto-65e819; 2026-07-30-cost-6; 2026-08-01-cost-auto-eacedc; 2026-08-06-cost-auto-e8c32b; 2026-08-01-cost-auto-f9f9ca; 2026-08-05-cost-auto-9715f2,아니오,유지,1인 가구 대용량 알아보기,혼자 사는 직장인에게 대용량 구매가 무조건적인 생활비 절약으로 이어지는 것은 아닙니다.,87,예,,,,
2026-08-01-cost-auto-9c7467,"혼자 사는 직장인, 매달 옷값으로 새는 돈 아까울 때! 충동구매 줄이고 '스마트 쇼핑'으로 옷장 최적화하는 법",https://honsamnote.co.kr/blog/2026-08-01-cost-auto-9c7467/,cost,생활비 최적화,생활비 최적화; 옷 쇼핑; 1인 가구; 충동구매; 의류관리; 미니멀리즘,혼자 사는 직장인 옷; 옷값 절약; 스마트 쇼핑; 1인 가구 옷장; 충동구매 방지; 미니멀 옷장,"혼자 사는 직장인, 매달 옷값으로 새는 돈 아까울 때! 충동구매 줄이고 '스마트 쇼핑'으로 옷장 최적화하는 법 | 혼삶노트","혼자 사는 직장인이라면 옷을 사도 늘 입을 옷이 없고, 통장은 텅 비는 경험이 흔합니다. 비효율적인 옷 구매 습관을 똑똑한 '스마트 쇼핑'으로 바꿔 시간과 돈을 절약하는 방법을 알려드립니다.",방법형,혼자 사는 직장인 옷,옷값 절약; 스마트 쇼핑; 1인 가구 옷장; 충동구매 방지; 미니멀 옷장,낮음,생활비 절약 전반,예,예,아니오,2026-08-07-cost-auto-0c25d9; 2026-08-01-cost-auto-0d71f8; 2026-08-01-cost-auto-4a41b3; 2026-08-03-cost-auto-4d199c; 2026-08-03-cost-auto-749379; 2026-08-03-cost-auto-d01191,아니오,유지,혼자 사는 직장인 옷 방법,"혼자 사는 직장인이 옷 때문에 돈과 시간을 낭비하는 악순환을 끊고 싶다면, **'내가 가진 모든 옷을 한눈에 파악하고, 명확한 쇼핑 원칙을 세워 필요한 옷만 구매하는 습관'**을 지금 바로 시작해야 합니다.",87,아니오,,,,
2026-08-01-cost-auto-eacedc,"혼자 사는 직장인, 설거지 지옥에서 해방될까? 1인 가구 식기세척기, 진짜 필요한지 따져볼 때",https://honsamnote.co.kr/blog/2026-08-01-cost-auto-eacedc/,cost,생활비 최적화,1인 가구; 생활비 절약; 식기세척기; 살림팁; 시간 절약,1인 가구 식기세척기; 혼자 사는 직장인 식기세척기; 식기세척기 구매 가이드; 식기세척기 장단점; 생활비 최적화,"혼자 사는 직장인, 설거지 지옥에서 해방될까? 1인 가구 식기세척기, 진짜 필요한지 따져볼 때 | 혼삶노트","혼자 사는 직장인에게 식기세척기는 사치일까요, 생활 최적화 필수템일까요? 시간과 돈을 아끼려는 1인 가구를 위한 식기세척기 구매 가이드와 현명한 선택 기준을 제시합니다.",질문형,1인 가구 식기세척기,혼자 사는 직장인 식기세척기; 식기세척기 구매 가이드; 식기세척기 장단점; 생활비 최적화,낮음,생활비 절약 전반,예,예,아니오,2026-07-30-cost-6; 2026-08-01-cost-auto-8e14b1; 2026-08-06-cost-auto-e8c32b; 2026-08-08-cost-auto-65e819; 2026-08-01-cost-auto-f9f9ca; 2026-08-05-cost-auto-9715f2,아니오,유지,1인 가구 식기세척기 알아보기｜생활비 최적화,식기세척기는 1인 가구에게 '선택적 효율성 도구'입니다.,87,아니오,,,,
2026-08-01-cost-auto-f9f9ca,"혼자 사는 직장인, 냉장고 속 음식물 쓰레기 없이 식비 절반으로 줄이는 3단계 장보기 & 보관 전략",https://honsamnote.co.kr/blog/2026-08-01-cost-auto-f9f9ca/,cost,생활비 최적화,1인 가구; 생활비 절약; 식비 절약; 식재료 관리; 음식물 쓰레기,1인 가구 식비; 식재료 소분; 냉동 보관; 장보기 리스트; 음식물 쓰레기 줄이기,"혼자 사는 직장인, 냉장고 속 음식물 쓰레기 없이 식비 절반으로 줄이는 3단계 장보기 & 보관 전략 | 혼삶노트","혼자 사는 직장인이라면 공감할 식재료 고민. 대용량 구매와 음식물 쓰레기, 높아지는 식비까지. 이 글에서 혼자 사는 당신의 냉장고를 살리고 식비까지 절반으로 줄이는 실질적인 전략을 알려드립니다.",문제해결형,1인 가구 식비,식재료 소분; 냉동 보관; 장보기 리스트; 음식물 쓰레기 줄이기,낮음,생활비 절약 전반,예,예,예,2026-08-06-cost-auto-e2088d; 2026-07-30-cost-6; 2026-08-01-cost-auto-8e14b1; 2026-08-01-cost-auto-eacedc; 2026-08-04-cost-auto-959521; 2026-08-05-cost-auto-9715f2,아니오,유지,1인 가구 식비 해결 방법,혼자 사는 사람에게 식재료 관리란 복잡하고 번거로운 일처럼 느껴지기 쉽습니다.,87,아니오,,,,
2026-08-01-food-auto-8c9a71,"혼자 사는 직장인, 냉장고 속 식용유와 조미료, 버릴까 말까? 알뜰하게 다 쓰는 보관법",https://honsamnote.co.kr/blog/2026-08-01-food-auto-8c9a71/,food,혼밥·식재료 관리,혼밥; 식재료 관리; 주방 정리; 1인 가구; 식용유; 조미료,1인 가구 식용유 보관; 혼자 사는 조미료; 식용유 유통기한; 간장 고추장 보관; 식재료 낭비 줄이기,"혼자 사는 직장인, 냉장고 속 식용유와 조미료, 버릴까 말까? 알뜰하게 다 쓰는 보관법 | 혼삶노트","싱글 직장인이 흔히 겪는 냉장고 속 처치 곤란 식용유와 조미료 문제! 유통기한과 보관법을 몰라 버리기 일쑤였다면, 이제는 똑똑하게 관리하고 알뜰하게 다 쓰는 현실적인 방법을 알려드립니다.",질문형,1인 가구 식용유 보관,혼자 사는 조미료; 식용유 유통기한; 간장 고추장 보관; 식재료 낭비 줄이기,낮음,식재료 낭비 줄이기,예,예,예,2026-08-01-food-auto-174113; 2026-08-09-food-auto-bd7a7d; 2026-07-30-food-12; 2026-07-30-food-13; 2026-07-30-food-16; 2026-08-07-food-auto-0e8387,아니오,유지,1인 가구 식용유 보관 알아보기,대부분의 개봉한 식용유와 조미료는 '유통기한'보다,87,아니오,,,,
2026-08-01-lifestyle-auto-29922b,"혼자 살던 직장인, 외로움과 관리비 앞에 흔들린다면? 하우스메이트 vs. 완전한 독립, 나에게 맞는 선택 기준",https://honsamnote.co.kr/blog/2026-08-01-lifestyle-auto-29922b/,lifestyle,관계·고립·생활 리듬,1인 가구; 하우스메이트; 동거; 생활비 절약; 고립감 해소,혼자 사는 삶; 하우스메이트 장단점; 독립생활; 관계 맺기; 주거 형태,"혼자 살던 직장인, 외로움과 관리비 앞에 흔들린다면? 하우스메이트 vs. 완전한 독립, 나에게 맞는 선택 기준 | 혼삶노트","혼자 살던 직장인, 생활비 부담과 예상치 못한 외로움으로 하우스메이트를 고민하고 있나요? 완전한 독립과 하우스메이트 생활의 장단점을 비교하고 당신에게 맞는 최적의 선택 기준을 제시합니다.",질문형,혼자 사는 삶,하우스메이트 장단점; 독립생활; 관계 맺기; 주거 형태,낮음,외로움·고립감,예,예,아니오,2026-08-06-lifestyle-auto-91c019; 2026-07-30-lifestyle-59; 2026-07-30-lifestyle-61; 2026-07-30-lifestyle-63; 2026-08-01-lifestyle-auto-ac59b7; 2026-08-01-lifestyle-auto-b13421,아니오,유지,혼자 사는 삶 알아보기,"하우스메이트를 구할지, 아니면 완전한 독립 생활을 고수할지는 결국 '당신이 무엇을 가장 중요하게 생각하는가'에 달려있습니다.",87,아니오,,,,
2026-08-01-lifestyle-auto-f56796,"1인 가구 직장인, 퇴근 후 적막한 집에 활기를 더하고 싶다면? AI 스피커 vs. 미니 반려동물, 나에게 맞는 선택 가이드",https://honsamnote.co.kr/blog/2026-08-01-lifestyle-auto-f56796/,lifestyle,관계·고립·생활 리듬,1인 가구; 생활 리듬; AI 스피커; 미니 반려동물; 관계 고립; 집안 분위기,혼자 사는 집; 퇴근 후 루틴; 적막함 해소; 스마트 기기; 소형 동물 키우기; 외로움 관리,"1인 가구 직장인, 퇴근 후 적막한 집에 활기를 더하고 싶다면? AI 스피커 vs. 미니 반려동물, 나에게 맞는 선택 가이드 | 혼삶노트","퇴근 후 적막한 집에 생기를 불어넣고 싶은 1인 가구를 위한 현실적인 비교 가이드. AI 스피커와 미니 반려동물의 장단점을 비교하고, 내 라이프스타일에 맞는 최적의 선택 기준을 제시합니다.",질문형,혼자 사는 집,퇴근 후 루틴; 적막함 해소; 스마트 기기; 소형 동물 키우기; 외로움 관리,낮음,외로움·고립감,예,예,아니오,2026-08-03-lifestyle-auto-06c5e8; 2026-07-30-lifestyle-59; 2026-07-30-lifestyle-61; 2026-08-03-lifestyle-auto-dfa23e; 2026-08-05-lifestyle-auto-420299; 2026-08-06-lifestyle-auto-91c019,아니오,유지,혼자 사는 집 알아보기,퇴근 후 적막한 집에 활기를 불어넣는 방법은 크게 두 가지로 생각해 볼 수 있습니다.,87,아니오,,,,
2026-08-01-products-auto-29af64,"혼자 사는 직장인, 잦은 이사에 목돈 부담? 가구 구독/렌탈, 우리 집에 맞는지 따져보는 3가지 기준",https://honsamnote.co.kr/blog/2026-08-01-products-auto-29af64/,products,1인 가구 제품·서비스,1인 가구; 가구 구독; 가구 렌탈; 가구 구매; 자취 가구; 이사 준비; 비용 절약,1인 가구 가구 구독; 1인 가구 가구 렌탈; 자취 가구 구매; 이사 가구; 혼자 사는 직장인 가구,"혼자 사는 직장인, 잦은 이사에 목돈 부담? 가구 구독/렌탈, 우리 집에 맞는지 따져보는 3가지 기준 | 혼삶노트","혼자 사는 직장인에게 가구 구매는 큰 결정입니다. 잦은 이사, 목돈 부담, 처분 고민까지. 가구 구독/렌탈이 과연 당신에게 최적의 선택일까요? 현실적인 판단 기준을 제시합니다.",질문형,1인 가구 가구 구독,1인 가구 가구 렌탈; 자취 가구 구매; 이사 가구; 혼자 사는 직장인 가구,낮음,1인 가구 제품·서비스 기타,예,예,아니오,2026-07-30-products-51; 2026-07-30-products-53; 2026-07-30-products-55; 2026-07-30-products-56; 2026-07-30-products-57; 2026-07-31-products-75,아니오,유지,1인 가구 가구 구독 알아보기,"혼자 사는 직장인에게 가구 구독/렌탈 서비스는 **이사 주기가 2년 미만으로 짧거나, 초기 목돈 지출을 줄이고 싶은 경우, 혹은 공간 활용과 취향 변화에 유연하게 대처하고 싶을 때 매우 유용한 대안이 될 수 있습니다.** 다만, **총 지출액이 가구 구매 비용보다",87,아니오,,,,
2026-08-01-products-auto-7e3829,"혼자 사는 직장인, 가구·가전제품 폐기 막막하다면? 대형 폐기물 현명하게 버리는 4가지 방법 비교",https://honsamnote.co.kr/blog/2026-08-01-products-auto-7e3829/,products,1인 가구 제품·서비스,1인 가구; 대형 폐기물; 가구 버리기; 전자제품 버리기; 폐기물 처리,1인 가구 폐기물; 대형 폐기물 처리; 혼자 가구 버리기; 가전제품 무상 수거; 폐기물 스티커,"혼자 사는 직장인, 가구·가전제품 폐기 막막하다면? 대형 폐기물 현명하게 버리는 4가지 방법 비교 | 혼삶노트","이사, 가구 교체, 전자제품 폐기. 혼자서는 엄두가 안 나는 대형 폐기물 처리, 돈과 시간을 아끼면서 깔끔하게 해결할 방법을 찾으시나요? 지자체, 사설 업체, 무상 수거까지, 당신에게 딱 맞는 처리법을 비교하고 선택하세요.",질문형,1인 가구 폐기물,대형 폐기물 처리; 혼자 가구 버리기; 가전제품 무상 수거; 폐기물 스티커,낮음,1인 가구 제품·서비스 기타,예,예,아니오,2026-08-09-products-auto-df5dbc; 2026-07-30-products-51; 2026-07-30-products-53; 2026-07-30-products-55; 2026-07-30-products-56; 2026-07-30-products-57,아니오,유지,1인 가구 폐기물 알아보기,"결론부터 말씀드리자면, 대형 폐기물을 처리하는 '정답'은 없습니다.",87,아니오,,,,
2026-08-01-products-auto-9e3228,"혼자 사는 직장인, 퇴근 후 저녁 식사 고민 끝! 1인 가구 맞춤 밀키트·반찬 구독 서비스, 현명하게 고르는 법",https://honsamnote.co.kr/blog/2026-08-01-products-auto-9e3228/,products,1인 가구 제품·서비스,1인 가구; 식단 관리; 밀키트; 반찬 구독; 식비 절약; 워라밸,1인 가구 밀키트; 1인 가구 반찬 배달; 혼자 사는 직장인 식사; 식비 절약 노하우; 저녁 메뉴 고민,"혼자 사는 직장인, 퇴근 후 저녁 식사 고민 끝! 1인 가구 맞춤 밀키트·반찬 구독 서비스, 현명하게 고르는 법 | 혼삶노트","퇴근 후 매일 저녁 메뉴를 고민하거나 외식비, 배달비에 지쳤다면? 1인 가구 맞춤 밀키트·반찬 구독 서비스로 시간과 돈을 아끼면서 건강하고 맛있는 한 끼를 해결하는 현실적인 가이드를 확인해보세요.",방법형,1인 가구 밀키트,1인 가구 반찬 배달; 혼자 사는 직장인 식사; 식비 절약 노하우; 저녁 메뉴 고민,낮음,1인 가구 제품·서비스 기타,예,예,아니오,2026-07-30-products-55; 2026-08-08-products-auto-c4d689; 2026-07-30-products-51; 2026-07-30-products-53; 2026-07-30-products-56; 2026-07-30-products-57,아니오,유지,1인 가구 밀키트 방법,혼자 사는 직장인의 저녁 식사 고민은 밀키트 또는 반찬 구독 서비스로 해결할 수 있습니다.,87,아니오,,,,
2026-08-01-products-auto-ff2c16,"혼자 사는 직장인, 생수 배달·끓이는 물 번거롭다면? 1인 가구 정수기, 우리 집에 맞는지 따져보는 3가지 기준",https://honsamnote.co.kr/blog/2026-08-01-products-auto-ff2c16/,products,1인 가구 제품·서비스,1인 가구; 정수기; 생활 최적화; 제품 선택; 자취템,1인 가구 정수기; 혼자 사는 정수기; 정수기 렌탈; 정수기 구매; 생수 대용,"혼자 사는 직장인, 생수 배달·끓이는 물 번거롭다면? 1인 가구 정수기, 우리 집에 맞는지 따져보는 3가지 기준 | 혼삶노트","생수 배달이 번거롭고, 끓여 마시자니 시간이 아까운 1인 가구 직장인을 위한 정수기 선택 가이드. 우리 집 환경과 생활 패턴에 맞는 정수기 유형을 비용, 공간, 편의성 기준으로 명확하게 제시합니다.",질문형,1인 가구 정수기,혼자 사는 정수기; 정수기 렌탈; 정수기 구매; 생수 대용,낮음,1인 가구 제품·서비스 기타,예,예,예,2026-08-08-products-auto-06056d; 2026-07-30-products-51; 2026-07-30-products-55; 2026-07-30-products-57; 2026-08-03-products-auto-55fd7c; 2026-08-05-products-auto-9973a7,아니오,유지,1인 가구 정수기 알아보기｜1인 가구 제품·서비스,"혼자 사는 직장인이라면, **생수 구매 및 배달에 드는 비용과 시간, 그리고 주방 공간 활용도를 따져보고 월 2만원 내외의 관리형 정수기 렌탈이나 1만원 내외의 자가 관리형 직수 정수기 구매를 고려**하는 것이 좋습니다.",87,아니오,,,,
2026-08-01-safety-auto-0466e2,"혼자 사는 당신, 집에서 갑자기 쓰러지거나 움직일 수 없을 때? 스마트 응급 호출 시스템, 나에게 정말 필요할까?",https://honsamnote.co.kr/blog/2026-08-01-safety-auto-0466e2/,safety,안전·응급상황,안전; 응급상황; 1인가구; 스마트비상벨; 응급시스템,1인 가구 안전; 응급 호출; 스마트 비상벨; 쓰러졌을 때; 혼자 사는 사람 안전,"혼자 사는 당신, 집에서 갑자기 쓰러지거나 움직일 수 없을 때? 스마트 응급 호출 시스템, 나에게 정말 필요할까? | 혼삶노트","혼자 사는 삶, 집 안에서 예측 불가능한 응급 상황이 발생했을 때의 불안감. 스마트 응급 호출 시스템과 기존 비상연락망 중 나에게 맞는 안전망을 선택하는 현실적인 기준을 제시합니다.",질문형,1인 가구 안전,응급 호출; 스마트 비상벨; 쓰러졌을 때; 혼자 사는 사람 안전,낮음,응급상황 대처,예,예,아니오,2026-08-06-safety-auto-d2f981; 2026-07-30-safety-34; 2026-07-30-safety-41; 2026-08-04-safety-auto-ceca45; 2026-08-06-safety-auto-0b96ff; 2026-08-06-safety-auto-ec7c17,아니오,유지,1인 가구 안전 알아보기,"집에서 홀로 갑작스러운 사고나 건강 문제로 움직일 수 없는 상황에 대비하여, 기존의 비상연락망만으로는 부족하다고 느끼는 1인 가구라면 '스마트 응급 호출 시스템' 도입을 진지하게 고려해 볼 필요가 있습니다.",87,아니오,,,,
2026-08-01-storage-auto-387eaf,"좁은 원룸, 의자에 쌓이는 '어중간한 옷'더미! 1인 가구라면 이것부터 확인하세요",https://honsamnote.co.kr/blog/2026-08-01-storage-auto-387eaf/,storage,좁은 집과 수납,1인 가구; 원룸 수납; 옷 정리; 생활 팁; 미니멀 라이프,1인 가구 옷 정리; 원룸 옷 보관; 입었던 옷 보관; 어중간한 옷; 옷걸이 정리,"좁은 원룸, 의자에 쌓이는 '어중간한 옷'더미! 1인 가구라면 이것부터 확인하세요 | 혼삶노트",입긴 애매하고 빨긴 아까운 '어중간한 옷' 때문에 좁은 원룸이 늘 지저분해 보인다면? 1인 가구의 시간과 돈을 아끼는 현실적인 옷 보관법과 필수템 판단 기준을 알려드립니다.,문제해결형,1인 가구 옷 정리,원룸 옷 보관; 입었던 옷 보관; 어중간한 옷; 옷걸이 정리,낮음,원룸 전체 수납,예,예,아니오,2026-07-30-storage-18; 2026-08-01-storage-auto-39ae63; 2026-08-05-storage-auto-c8c36f; 2026-08-06-storage-auto-19a86d; 2026-08-06-storage-auto-239c0d; 2026-08-06-storage-auto-d7c10d,아니오,유지,1인 가구 옷 정리 해결 방법,대부분의 '어중간한 옷' 문제는 *명확한 보관 위치와 적절한 도구의 부재*에서 시작됩니다.,87,아니오,,,,
2026-08-01-storage-auto-499287,"베란다 없는 원룸러, 방 한가운데 빨래 건조대? 최소 공간으로 '빨래 지옥' 끝내는 법",https://honsamnote.co.kr/blog/2026-08-01-storage-auto-499287/,storage,좁은 집과 수납,1인 가구 수납; 원룸 인테리어; 빨래 건조; 세탁 공간; 좁은 집 활용,원룸 빨래; 빨래 건조대; 세탁용품 수납; 좁은 집 빨래; 베란다 없는 집,"베란다 없는 원룸러, 방 한가운데 빨래 건조대? 최소 공간으로 '빨래 지옥' 끝내는 법 | 혼삶노트",베란다나 다용도실이 없어 방 한가운데 빨래 건조대를 펼치고 사는 1인 가구 직장인을 위한 현실적인 세탁용품 수납 및 건조 공간 최적화 가이드입니다.,질문형,원룸 빨래,빨래 건조대; 세탁용품 수납; 좁은 집 빨래; 베란다 없는 집,낮음,원룸 전체 수납,예,예,예,2026-08-04-storage-auto-225475; 2026-08-07-storage-auto-c71b14; 2026-07-30-storage-21; 2026-08-01-storage-auto-316ab0; 2026-08-01-storage-auto-4eec70; 2026-08-01-storage-auto-f1fb81,아니오,유지,원룸 빨래 알아보기,지금 당장 큰돈을 들이거나 복잡한 시공을 할 필요는 없습니다.,87,아니오,,,,
2026-08-01-storage-auto-4eec70,"바쁜 1인 가구 직장인, 좁은 욕실 물건 쌓여 답답하다면? '우리 집'에 맞는 수납 솔루션 찾는 비교 가이드",https://honsamnote.co.kr/blog/2026-08-01-storage-auto-4eec70/,storage,좁은 집과 수납,1인 가구 수납; 좁은 집 수납; 욕실 수납; 원룸 정리; 수납 비교,1인 가구 욕실 정리; 원룸 욕실 수납; 좁은 욕실 수납; 욕실 수납 아이디어; 욕실 수납 추천,"바쁜 1인 가구 직장인, 좁은 욕실 물건 쌓여 답답하다면? '우리 집'에 맞는 수납 솔루션 찾는 비교 가이드 | 혼삶노트","좁은 욕실 공간, 어떤 수납장을 들여야 할지 고민될 때. 1인 가구의 라이프스타일에 맞춰 벽 부착형, 변기 위 선반, 틈새장 3가지 유형의 장단점을 비교하고 나에게 맞는 최적의 선택을 돕습니다.",질문형,1인 가구 욕실 정리,원룸 욕실 수납; 좁은 욕실 수납; 욕실 수납 아이디어; 욕실 수납 추천,낮음,원룸 전체 수납,예,예,아니오,2026-08-13-storage-auto-ccc061; 2026-08-07-storage-auto-c71b14; 2026-08-07-storage-auto-ffedfc; 2026-08-08-storage-auto-276b92; 2026-08-12-storage-auto-ec0e5a; 2026-07-30-storage-18,아니오,유지,1인 가구 욕실 정리 알아보기,좁은 1인 가구 욕실 수납의 핵심은 '버리는 것'과 '세로 공간 활용'입니다.,87,아니오,,,,
2026-08-01-storage-auto-662a7f,"1인 가구 직장인, 좁은 원룸 '한 번 입은 옷' 더미! 간편한 의류 리프레시 존 만드는 현실 팁",https://honsamnote.co.kr/blog/2026-08-01-storage-auto-662a7f/,storage,좁은 집과 수납,좁은집수납; 1인가구팁; 옷정리; 원룸정리; 효율적인수납,1인 가구 옷 정리; 한 번 입은 옷; 원룸 수납; 의류 리프레시 존; 옷 관리,"1인 가구 직장인, 좁은 원룸 '한 번 입은 옷' 더미! 간편한 의류 리프레시 존 만드는 현실 팁 | 혼삶노트",혼자 사는 직장인이라면 공감할 '한 번 입은 옷' 더미. 좁은 원룸에서 이 애매한 옷들을 깔끔하게 관리하는 현실적인 '의류 리프레시 존' 설정 가이드와 유지 팁을 알려드립니다.,문제해결형,1인 가구 옷 정리,한 번 입은 옷; 원룸 수납; 의류 리프레시 존; 옷 관리,낮음,원룸 전체 수납,예,예,아니오,2026-07-30-storage-24; 2026-08-01-storage-auto-387eaf; 2026-08-06-storage-auto-11ba62; 2026-08-06-storage-auto-c14a3a; 2026-08-07-storage-auto-6dca4b; 2026-08-11-storage-auto-9064d7,아니오,유지,1인 가구 옷 정리 해결 방법,좁은 원룸에서 '한 번 입은 옷' 더미를 해결하는 핵심은 바로 **'의류 리프레시 존(Refresh Zone)'을 만드는 것**입니다.,87,아니오,,,,
2026-08-01-storage-auto-c54f86,"1인 가구 직장인, 방바닥 어지럽히는 가방·모자·벨트! '걸이형 vs 칸막이형' 내게 맞는 액세서리 수납법 비교",https://honsamnote.co.kr/blog/2026-08-01-storage-auto-c54f86/,storage,좁은 집과 수납,1인 가구; 수납; 좁은 집; 액세서리 정리; 원룸 생활,1인 가구 액세서리 수납; 원룸 가방 정리; 모자 정리; 벨트 수납; 스카프 정리; 걸이형 수납; 칸막이 수납,"1인 가구 직장인, 방바닥 어지럽히는 가방·모자·벨트! '걸이형 vs 칸막이형' 내게 맞는 액세서리 수납법 비교 | 혼삶노트","좁은 원룸에 널브러진 가방, 모자, 벨트, 스카프. 매일 쓰는 액세서리, 어떻게 정리해야 할까요? 1인 가구 생활 습관에 맞춰 걸이형과 칸막이형 수납의 장단점을 비교하고, 나에게 딱 맞는 최적의 솔루션을 찾아 깔끔한 공간을 만드는 현실적인 가이드를 제시합니다.",비교형,1인 가구 액세서리 수납,원룸 가방 정리; 모자 정리; 벨트 수납; 스카프 정리; 걸이형 수납; 칸막이 수납,낮음,원룸 전체 수납,예,예,아니오,2026-07-30-storage-24; 2026-08-01-storage-auto-316ab0; 2026-08-01-storage-auto-f1fb81; 2026-08-04-storage-auto-06061f; 2026-08-05-storage-auto-c8c36f; 2026-08-06-storage-auto-239c0d,아니오,유지,1인 가구 액세서리 수납 비교,"의 액세서리 양, 종류, 그리고 가장 중요한 '생활 습관'에 따라 최적의 수납 방식은 달라집니다.",87,아니오,,,,
2026-08-03-cost-auto-749379,"혼자 사는 직장인, 집에 인터넷 꼭 설치해야 할까? 모바일 데이터 vs 광랜, 후회 없는 결정 가이드",https://honsamnote.co.kr/blog/2026-08-03-cost-auto-749379/,cost,생활비 최적화,생활비 최적화; 1인 가구; 인터넷; 모바일 핫스팟; 광랜; 통신비 절약,1인 가구 인터넷; 모바일 핫스팟; 유선 인터넷; 생활비 줄이기; 통신비 아끼기; 혼자 사는 직장인,"혼자 사는 직장인, 집에 인터넷 꼭 설치해야 할까? 모바일 데이터 vs 광랜, 후회 없는 결정 가이드 | 혼삶노트","1인 가구 직장인을 위한 인터넷 선택 고민. 모바일 핫스팟과 유선 광랜 중 당신에게 꼭 맞는 옵션은? 사용량, 예산, 라이프스타일에 따라 현명하게 결정하는 방법을 안내합니다.",질문형,1인 가구 인터넷,모바일 핫스팟; 유선 인터넷; 생활비 줄이기; 통신비 아끼기; 혼자 사는 직장인,낮음,생활비 절약 전반,예,예,예,2026-08-05-cost-auto-9715f2; 2026-08-01-cost-auto-0d71f8; 2026-08-11-cost-auto-bf7238; 2026-08-07-cost-auto-efcd2f; 2026-08-01-cost-auto-4a41b3; 2026-08-01-cost-auto-9c7467,아니오,유지,1인 가구 인터넷 알아보기,집에서 사용하는 인터넷의 **월평균 데이터 사용량**과 **필요한 안정성/속도**를 기준으로 판단하세요.,87,아니오,,,,
2026-08-03-cost-auto-d01191,"혼자 사는 직장인, 바쁜 당신에게 홈 서비스 구독, 과연 돈 값 할까? 똑똑하게 따져보고 후회 없이 결정하는 법",https://honsamnote.co.kr/blog/2026-08-03-cost-auto-d01191/,cost,생활비 최적화,생활비 최적화; 1인 가구; 홈 서비스; 구독 서비스; 시간 관리,1인 가구 청소 서비스; 1인 가구 방역; 1인 가구 정수기; 생활비 절약; 홈 서비스 추천,"혼자 사는 직장인, 바쁜 당신에게 홈 서비스 구독, 과연 돈 값 할까? 똑똑하게 따져보고 후회 없이 결정하는 법 | 혼삶노트","퇴근 후 지쳐서 집안일은 엄두도 못 낼 때, 청소, 방역, 정수기 등 홈 서비스 구독이 과연 1인 가구에게 이득일까요? 내 시간당 가치와 실질적 효용을 비교해 현명하게 선택하는 가이드를 드립니다.",질문형,1인 가구 청소 서비스,1인 가구 방역; 1인 가구 정수기; 생활비 절약; 홈 서비스 추천,낮음,생활비 절약 전반,예,예,아니오,2026-08-01-cost-auto-4a41b3; 2026-08-07-cost-auto-24b43b; 2026-08-10-cost-auto-88aeb7; 2026-08-13-cost-auto-b1e536; 2026-08-06-cost-auto-c59747; 2026-08-05-cost-auto-e4ec33,아니오,유지,1인 가구 청소 서비스 알아보기,"혼자 사는 직장인의 홈 서비스 구독, **무조건 '좋다'거나 '나쁘다'고 단정할 수는 없습니다.** 핵심은 **‘내 라이프스타일과 예산’**에 맞춰 신중하게 결정해야 한다는 것입니다.",87,아니오,,,,
2026-08-03-lifestyle-auto-06c5e8,"혼자 사는 직장인, '혼자 있는 시간 = 외로운 시간' 착각에 지쳤다면? '의무적 약속' vs. '계획된 고요', 나에게 맞는 시간 활용법",https://honsamnote.co.kr/blog/2026-08-03-lifestyle-auto-06c5e8/,lifestyle,관계·고립·생활 리듬,1인 가구; 직장인; 생활 리듬; 고립감; 인간관계; 시간 관리; 워라밸,1인 가구 시간 활용; 혼자 사는 직장인 고립; 의무적 약속; 계획된 고요; 사회적 에너지; 외로움 관리,"혼자 사는 직장인, '혼자 있는 시간 = 외로운 시간' 착각에 지쳤다면? '의무적 약속' vs. '계획된 고요', 나에게 맞는 시간 활용법 | 혼삶노트","혼자 사는 삶, 모든 시간을 약속으로 채워야 한다는 압박감에 지쳤나요? 의무적인 만남과 계획된 고요 사이에서 나에게 맞는 균형을 찾아 퇴근 후와 주말 시간을 최적화하는 현실적인 방법을 안내합니다.",질문형,1인 가구 시간 활용,혼자 사는 직장인 고립; 의무적 약속; 계획된 고요; 사회적 에너지; 외로움 관리,낮음,외로움·고립감,예,예,아니오,2026-07-30-lifestyle-59; 2026-08-11-lifestyle-auto-0f05f0; 2026-08-01-lifestyle-auto-f56796; 2026-07-30-lifestyle-61; 2026-08-01-lifestyle-auto-b13421; 2026-08-03-lifestyle-auto-dfa23e,아니오,유지,1인 가구 시간 활용 알아보기,혼자 있는 시간과 외로움은 다릅니다.,87,아니오,,,,
2026-08-03-lifestyle-auto-dfa23e,"혼자 사는 직장인, 명절·연말연시 찾아오는 외로움, 나만의 방식으로 즐겁게 대비하는 법",https://honsamnote.co.kr/blog/2026-08-03-lifestyle-auto-dfa23e/,lifestyle,관계·고립·생활 리듬,1인 가구; 외로움; 명절; 연말연시; 생활 리듬; 고립감; 심리 관리,혼자 명절; 1인 가구 연말; 명절 외로움; 연말 외로움; 직장인 혼자,"혼자 사는 직장인, 명절·연말연시 찾아오는 외로움, 나만의 방식으로 즐겁게 대비하는 법 | 혼삶노트","혼자 사는 직장인에게 명절과 연말연시는 외로움을 증폭시키는 시간일 수 있습니다. 사회적 시선과 비교에 지쳤다면, 나만의 방식으로 이 시간을 즐겁게 채우는 현실적인 대비법을 알아보세요.",방법형,혼자 명절,1인 가구 연말; 명절 외로움; 연말 외로움; 직장인 혼자,낮음,외로움·고립감,예,예,아니오,2026-07-30-lifestyle-59; 2026-07-30-lifestyle-61; 2026-08-03-lifestyle-auto-06c5e8; 2026-08-05-lifestyle-auto-420299; 2026-08-06-lifestyle-auto-bf4537; 2026-08-08-lifestyle-auto-83e6d5,아니오,유지,혼자 명절 방법,명절이나 연말연시처럼 특별한 날 찾아오는 외로움은 피할 수 없는 감정일 수 있습니다.,87,아니오,,,,
2026-08-03-products-auto-1b3cc6,"퇴근 후 내 방만 시원하게! 1인 가구 이동식 에어컨 VS 서큘레이터, 뭐가 맞을까?",https://honsamnote.co.kr/blog/2026-08-03-products-auto-1b3cc6/,products,1인 가구 제품·서비스,1인 가구; 직장인; 여름나기; 냉방 가전; 이동식 에어컨; 서큘레이터; 전기세 절약,1인 가구 냉방; 이동식 에어컨 장단점; 서큘레이터 활용법; 여름철 전기세; 자취방 에어컨,"퇴근 후 내 방만 시원하게! 1인 가구 이동식 에어컨 VS 서큘레이터, 뭐가 맞을까? | 혼삶노트","혼자 사는 직장인, 여름밤마다 찜통 같은 방에서 잠 못 드셨나요? 이동식 에어컨과 서큘레이터 중 나에게 딱 맞는 냉방 솔루션을 현명하게 고르는 기준을 알려드립니다.",질문형,1인 가구 냉방,이동식 에어컨 장단점; 서큘레이터 활용법; 여름철 전기세; 자취방 에어컨,낮음,1인 가구 제품·서비스 기타,예,예,아니오,2026-08-06-products-auto-1d916e; 2026-08-06-products-auto-707d16; 2026-08-06-products-auto-aad52f; 2026-08-07-products-auto-074e7a; 2026-08-08-products-auto-c4d689; 2026-08-12-products-auto-74d817,아니오,유지,1인 가구 냉방 알아보기,"혼자 사는 직장인에게 '나만의 시원함'을 선사할 냉방 가전은 선택지가 많지만, 그중 이동식 에어컨과 서큘레이터는 각자의 장단점이 극명합니다.",87,아니오,,,,
2026-08-03-products-auto-55fd7c,"혼자 사는 직장인, 퇴근 후 어두운 집에 지쳤다면? 1인 가구 스마트 조명·스마트 플러그, '이 3가지' 따져보고 고르세요",https://honsamnote.co.kr/blog/2026-08-03-products-auto-55fd7c/,products,1인 가구 제품·서비스,1인 가구; 스마트홈; 스마트 조명; 스마트 플러그; 생활 최적화; 시간 절약; 에너지 절약,1인 가구 스마트 조명; 1인 가구 스마트 플러그; 스마트홈 입문; 퇴근 후 집안일; 혼자 사는 직장인,"혼자 사는 직장인, 퇴근 후 어두운 집에 지쳤다면? 1인 가구 스마트 조명·스마트 플러그, '이 3가지' 따져보고 고르세요 | 혼삶노트","퇴근 후 어두운 집에 들어서는 순간의 허무함, 혹시 불을 끄고 왔는지 불안감. 혼자 사는 직장인이라면 스마트 조명과 스마트 플러그로 시간과 에너지를 절약하고 생활의 편리함을 최적화할 수 있습니다. 우리 집에 딱 맞는 스마트 기기를 고르는 현실적인 기준을 제시합니다.",질문형,1인 가구 스마트 조명,1인 가구 스마트 플러그; 스마트홈 입문; 퇴근 후 집안일; 혼자 사는 직장인,낮음,1인 가구 제품·서비스 기타,예,예,아니오,2026-07-30-products-57; 2026-08-05-products-auto-9973a7; 2026-08-06-products-auto-2eb0f5; 2026-08-07-products-auto-e9e85e; 2026-08-11-products-auto-fb26b6; 2026-08-04-products-auto-e91dfc,아니오,유지,1인 가구 스마트 조명 알아보기｜1인 가구 제품·서비스,"혼자 사는 직장인에게 스마트 조명과 스마트 플러그는 단순히 '있으면 좋은' 제품을 넘어, 시간과 에너지 낭비를 줄이고 심리적 안정감까지 선사하는 현실적인 생활 최적화 솔루션입니다.",87,아니오,,,,
2026-08-03-products-auto-c75a1a,"혼자 사는 직장인, 퇴근 후 집에서 사소한 고장 발견 시 전문가 부를까 직접 고칠까?",https://honsamnote.co.kr/blog/2026-08-03-products-auto-c75a1a/,products,1인 가구 제품·서비스,1인 가구 생활; 집 수리; DIY; 생활 팁; 제품 서비스,1인 가구 집 수리; 자취방 수리; 자취생 고장; 셀프 인테리어; 전문가 호출 비용,"혼자 사는 직장인, 퇴근 후 집에서 사소한 고장 발견 시 전문가 부를까 직접 고칠까? | 혼삶노트",퇴근 후 사소한 집 고장에 막막하다면? 1인 가구 직장인을 위한 현실적인 집 수리 가이드로 시간과 돈을 아끼세요. 전문가 호출 전 이것부터 확인하세요!,질문형,1인 가구 집 수리,자취방 수리; 자취생 고장; 셀프 인테리어; 전문가 호출 비용,낮음,1인 가구 제품·서비스 기타,예,예,예,2026-08-06-products-auto-5b74f3; 2026-08-08-products-auto-3f53f6; 2026-07-30-products-53; 2026-08-07-products-auto-074e7a; 2026-08-11-products-auto-fb26b6; 2026-07-30-products-50,아니오,유지,1인 가구 집 수리 알아보기,"사소한 집 수리는 무조건 전문가를 부르기 전에 **'고장 범위와 심각성'**을 먼저 파악하고, **'내 집인지 전월세인지'**에 따라 수리 책임 소재를 확인한 뒤, **'가장 기본적인 도구'**로 해결할 수 있는지 판단해야 합니다.",87,아니오,,,,
2026-08-03-safety-auto-75476d,"혼자 사는 당신, 갑자기 지진이 났을 때 당황하지 않고 안전하게 대피하는 현실적인 방법",https://honsamnote.co.kr/blog/2026-08-03-safety-auto-75476d/,safety,안전·응급상황,1인 가구 안전; 지진 대비; 재난 대처; 비상상황; 응급상황,1인 가구 지진; 지진 대피 요령; 혼자 지진 대처; 지진 비상 키트; 재난 안전 수칙,"혼자 사는 당신, 갑자기 지진이 났을 때 당황하지 않고 안전하게 대피하는 현실적인 방법 | 혼삶노트","혼자 사는 집에 갑자기 지진이 났을 때, 패닉 없이 나 자신을 보호하고 안전하게 대피하는 실질적인 행동 요령과 필수 준비물을 알려드립니다.",방법형,1인 가구 지진,지진 대피 요령; 혼자 지진 대처; 지진 비상 키트; 재난 안전 수칙,낮음,응급상황 대처,예,예,아니오,2026-08-01-safety-auto-1a5c71; 2026-08-06-safety-auto-063890; 2026-08-06-safety-auto-0b96ff; 2026-08-06-safety-auto-b04dc4; 2026-07-30-safety-33; 2026-07-30-safety-34,아니오,유지,1인 가구 지진 방법,지진이 발생했을 때 이 가장 먼저 해야 할 일은 '머리와 몸을 보호하고 안전한 곳으로 피하는 것'입니다.,87,아니오,,,,
2026-08-03-storage-auto-45d4eb,"1인 가구 직장인, 계절 바뀔 때마다 쌓이는 이불! 압축팩 vs 부직포 수납함, 현명하게 고르는 보관법 비교",https://honsamnote.co.kr/blog/2026-08-03-storage-auto-45d4eb/,storage,좁은 집과 수납,1인 가구; 좁은 집 수납; 계절 이불; 압축팩; 부직포 수납함; 침구 정리,1인 가구 수납; 좁은 집 이불; 계절 이불 보관; 압축팩 사용법; 부직포 수납함 장점; 침구류 정리 팁,"1인 가구 직장인, 계절 바뀔 때마다 쌓이는 이불! 압축팩 vs 부직포 수납함, 현명하게 고르는 보관법 비교 | 혼삶노트","좁은 원룸에서 부피 큰 이불, 담요 보관이 고민이신가요? 압축팩과 부직포 수납함의 장단점을 비교하고, 내게 맞는 최적의 침구류 보관법을 찾아드립니다.",비교형,1인 가구 수납,좁은 집 이불; 계절 이불 보관; 압축팩 사용법; 부직포 수납함 장점; 침구류 정리 팁,낮음,원룸 전체 수납,예,예,아니오,2026-08-06-storage-auto-11ba62; 2026-08-06-storage-auto-d7c10d; 2026-08-11-storage-auto-9064d7; 2026-07-30-storage-24; 2026-08-01-storage-auto-316ab0; 2026-08-01-storage-auto-39ae63,아니오,유지,1인 가구 수납 비교,"좁은 집에서 부피 큰 계절 이불이나 담요를 효율적으로 보관하려면 **'최대 공간 절약'이 우선인지, '침구류의 손상 방지 및 통기성'이 우선인지** 명확히 판단해야 합니다.",87,아니오,,,,
2026-08-04-cost-auto-959521,"혼자 사는 직장인, 집밥 먹고 싶은데 매번 고민된다면? 밀키트 vs 직접 요리 vs 간편식, 내게 맞는 최적의 선택은?",https://honsamnote.co.kr/blog/2026-08-04-cost-auto-959521/,cost,생활비 최적화,1인 가구; 생활비 최적화; 식비 절약; 밀키트; 간편식; 집밥,혼자 사는 직장인 식비; 1인 가구 요리; 밀키트 추천; 간편식 비교; 식비 줄이기; 집밥 효율,"혼자 사는 직장인, 집밥 먹고 싶은데 매번 고민된다면? 밀키트 vs 직접 요리 vs 간편식, 내게 맞는 최적의 선택은? | 혼삶노트","퇴근 후 집밥이 그리울 때, 시간과 돈 아끼며 현명하게 한 끼를 해결하는 방법을 비교합니다. 내 라이프스타일에 딱 맞는 최적의 식사 준비 방식을 찾아보세요.",질문형,혼자 사는 직장인 식비,1인 가구 요리; 밀키트 추천; 간편식 비교; 식비 줄이기; 집밥 효율,낮음,생활비 절약 전반,예,예,아니오,2026-08-06-cost-auto-e2088d; 2026-08-11-cost-auto-bf7238; 2026-08-01-cost-auto-0d71f8; 2026-08-01-cost-auto-4a41b3; 2026-08-01-cost-auto-9c7467; 2026-08-01-cost-auto-f9f9ca,아니오,유지,혼자 사는 직장인 식비 알아보기,"결론부터 말씀드리자면, 혼자 사는 직장인에게 정답은 없습니다.",87,아니오,,,,
2026-08-04-cost-auto-dac7b3,"혼자 사는 직장인, 건강 관리 돈 아끼려면? 헬스장 vs 홈트 vs 야외 운동, 내게 맞는 선택 기준 3가지",https://honsamnote.co.kr/blog/2026-08-04-cost-auto-dac7b3/,cost,생활비 최적화,생활비 최적화; 건강 관리; 운동 루틴; 1인 가구; 직장인 운동,1인 가구 운동; 헬스장 비용; 홈트레이닝; 야외 운동 장단점; 건강 관리 비용,"혼자 사는 직장인, 건강 관리 돈 아끼려면? 헬스장 vs 홈트 vs 야외 운동, 내게 맞는 선택 기준 3가지 | 혼삶노트","혼자 사는 직장인이라면 비싼 헬스장, 작심삼일 홈트, 날씨 타는 야외 운동 중 고민할 때가 많죠. 내게 딱 맞는 운동법을 찾아 시간과 돈을 절약하고 꾸준히 건강을 지키는 현실적인 선택 가이드를 알려드립니다.",질문형,1인 가구 운동,헬스장 비용; 홈트레이닝; 야외 운동 장단점; 건강 관리 비용,낮음,생활비 절약 전반,예,예,아니오,2026-08-01-cost-auto-0d71f8; 2026-08-01-cost-auto-4a41b3; 2026-08-01-cost-auto-9c7467; 2026-08-03-cost-auto-4d199c; 2026-08-03-cost-auto-749379; 2026-08-03-cost-auto-d01191,아니오,유지,1인 가구 운동 알아보기,"혼자 사는 직장인이 후회 없이 운동 방법을 선택하고 꾸준히 실천하려면, 먼저 **① 나의 핵심 운동 목표, ② 월별 감당 가능한 예산, ③ 현실적인 생활 패턴과 의지력** 이 세 가지를 명확히 파악해야 합니다.",87,예,,,,
2026-08-04-products-auto-d4b4c6,"혼자 사는 직장인, 좁은 원룸/오피스텔 공간 활용이 답답할 때! 1인 가구 다기능 가구, '이 3가지' 따져보고 고르세요",https://honsamnote.co.kr/blog/2026-08-04-products-auto-d4b4c6/,products,1인 가구 제품·서비스,1인 가구; 공간 최적화; 다기능 가구; 원룸 인테리어; 자취 팁,1인 가구 가구; 좁은 집 가구; 원룸 수납; 다기능 가구 추천; 공간 활용 가구,"혼자 사는 직장인, 좁은 원룸/오피스텔 공간 활용이 답답할 때! 1인 가구 다기능 가구, '이 3가지' 따져보고 고르세요 | 혼삶노트","좁은 집에서 답답함을 느끼는 1인 가구를 위한 현실적인 가구 선택 가이드. 공간을 똑똑하게 활용해 시간, 돈, 삶의 질까지 최적화하는 다기능 가구, 나에게 필요한지 3가지 기준으로 판단하는 법을 알려드립니다.",문제해결형,1인 가구 가구,좁은 집 가구; 원룸 수납; 다기능 가구 추천; 공간 활용 가구,낮음,1인 가구 제품·서비스 기타,예,예,아니오,2026-08-04-products-auto-e91dfc; 2026-08-10-products-auto-ea40dc; 2026-08-11-storage-auto-9064d7; 2026-07-30-products-51; 2026-07-30-products-53; 2026-07-30-products-55,아니오,유지,1인 가구 가구 해결 방법,"좁은 1인 가구의 공간 문제를 해결하고 싶다면, 여러 가지 기능을 하나로 합친 **‘다기능 가구’**가 아주 효과적인 솔루션이 될 수 있습니다.",87,아니오,,,,
2026-08-04-products-auto-e91dfc,"혼자 사는 직장인, 새 가구 조립/분해 엄두가 안 난다면? 1인 가구 맞춤 가구 조립·분해 서비스, '이 3가지'로 현명하게 고르세요",https://honsamnote.co.kr/blog/2026-08-04-products-auto-e91dfc/,products,1인 가구 제품·서비스,1인 가구; 가구 조립; 가구 분해; 생활 서비스; 자취 팁; 가구 설치,가구 설치; 조립 서비스; 이케아 조립; 혼자 사는 직장인; 가구 운반,"혼자 사는 직장인, 새 가구 조립/분해 엄두가 안 난다면? 1인 가구 맞춤 가구 조립·분해 서비스, '이 3가지'로 현명하게 고르세요 | 혼삶노트","새 가구 조립이나 기존 가구 분해가 막막한 1인 가구 직장인을 위한 현실적인 가이드. 서비스 선택 기준부터 비용, 주의사항까지 한 번에 알려드립니다.",질문형,가구 설치,조립 서비스; 이케아 조립; 혼자 사는 직장인; 가구 운반,낮음,1인 가구 제품·서비스 기타,예,예,예,2026-08-11-products-auto-fb26b6; 2026-08-03-products-auto-55fd7c; 2026-08-06-products-auto-99b34b; 2026-08-04-products-auto-d4b4c6; 2026-08-10-products-auto-ea40dc; 2026-07-30-products-51,아니오,유지,가구 설치 알아보기,"새 가구 조립이나 기존 가구 분해가 막막하다면, 무리하게 혼자 끙끙대기보다",87,아니오,,,,
2026-08-04-safety-auto-ceca45,"혼자 사는 당신, 갑자기 창문이 깨졌을 때? 날카로운 위험과 침입 걱정 없이 안전하게 대처하는 법",https://honsamnote.co.kr/blog/2026-08-04-safety-auto-ceca45/,safety,안전·응급상황,안전; 응급상황; 창문수리; 1인가구안전; 집수리,창문 깨짐; 1인 가구 안전; 유리 파편; 창문 응급조치; 창문 수리,"혼자 사는 당신, 갑자기 창문이 깨졌을 때? 날카로운 위험과 침입 걱정 없이 안전하게 대처하는 법 | 혼삶노트",혼자 사는 집에 갑자기 창문이 깨졌다면? 날카로운 파편 위험과 외부 침입 걱정 없이 혼자서도 안전하게 응급조치하고 전문 수리를 맡기는 현실적인 방법을 알려드립니다.,질문형,창문 깨짐,1인 가구 안전; 유리 파편; 창문 응급조치; 창문 수리,낮음,응급상황 대처,예,예,예,2026-07-30-safety-34; 2026-07-30-safety-41; 2026-08-01-safety-auto-0466e2; 2026-08-06-safety-auto-0b96ff; 2026-08-06-safety-auto-d2f981; 2026-08-06-safety-auto-ec7c17,아니오,유지,창문 깨짐 알아보기,"창문이 깨졌다면 가장 먼저 **자신의 안전을 확보**하고, 추가 피해를 막기 위해 **깨진 부분을 임시로 봉쇄**해야 합니다.",87,아니오,,,,
2026-08-04-storage-auto-06061f,"1인 가구 직장인, 좁은 책상 위 '전자기기 케이블 지옥'이라면? 깔끔한 '스마트 충전 스테이션' 만드는 현실 수납법",https://honsamnote.co.kr/blog/2026-08-04-storage-auto-06061f/,storage,좁은 집과 수납,1인 가구; 좁은 집; 수납; 책상 정리; 전자기기; 케이블 정리; 스마트 충전; 직장인,1인 가구 책상 정리; 원룸 케이블 정리; 스마트 충전 스테이션; 멀티 충전기 추천; 좁은 공간 수납; 전자기기 수납,"1인 가구 직장인, 좁은 책상 위 '전자기기 케이블 지옥'이라면? 깔끔한 '스마트 충전 스테이션' 만드는 현실 수납법 | 혼삶노트","혼자 사는 직장인의 좁은 책상 위, 얽히고설킨 전자기기 케이블과 충전기 때문에 스트레스받고 있다면? 이 글이 현실적인 해결책을 제시합니다. 시간과 돈 낭비 없이 깔끔하고 안전한 스마트 충전 스테이션을 만드는 노하우를 확인하세요.",질문형,1인 가구 책상 정리,원룸 케이블 정리; 스마트 충전 스테이션; 멀티 충전기 추천; 좁은 공간 수납; 전자기기 수납,낮음,원룸 전체 수납,예,예,아니오,2026-08-06-storage-auto-239c0d; 2026-08-06-storage-auto-c14a3a; 2026-08-07-storage-auto-ee20dc; 2026-07-30-storage-24; 2026-08-01-storage-auto-316ab0; 2026-08-01-storage-auto-c54f86,아니오,유지,1인 가구 책상 정리 알아보기,"지금 당장 눈앞의 케이블 지옥을 해결하고 싶다면, **가장 자주 쓰는 기기 3~4개(스마트폰, 무선 이어폰, 스마트워치 등)에 집중하고, 이들을 한 번에 충전할 수 있는 '멀티 포트 충전기'와 복잡한 케이블을 감춰줄 '케이블 정리함'을 우선적으로 구매하여 충전 존을 한 곳으로…",87,아니오,,,,
2026-08-04-storage-auto-225475,"1인 가구 직장인, 좁은 원룸 '식사-업무' 공간이 애매하다면? 다용도 vs 고정형 테이블, 내게 맞는 선택 기준 비교",https://honsamnote.co.kr/blog/2026-08-04-storage-auto-225475/,storage,좁은 집과 수납,1인 가구 수납; 좁은 집 꾸미기; 원룸 인테리어; 테이블 추천; 공간 활용,1인 가구 테이블; 다용도 테이블; 접이식 테이블; 고정형 테이블; 원룸 가구,"1인 가구 직장인, 좁은 원룸 '식사-업무' 공간이 애매하다면? 다용도 vs 고정형 테이블, 내게 맞는 선택 기준 비교 | 혼삶노트","좁은 원룸에서 식사, 업무, 취미 활동까지 해결해야 한다면? 공간 활용의 핵심, 테이블 선택이 중요합니다. 다용도와 고정형 중 나에게 딱 맞는 테이블을 고르는 현실적인 가이드를 확인하세요.",질문형,1인 가구 테이블,다용도 테이블; 접이식 테이블; 고정형 테이블; 원룸 가구,낮음,원룸 전체 수납,예,예,아니오,2026-08-14-storage-auto-be0ab4; 2026-08-01-storage-auto-499287; 2026-08-06-storage-auto-11ba62; 2026-08-06-storage-auto-c25261; 2026-08-07-storage-auto-c71b14; 2026-08-07-storage-auto-54d5cd,아니오,유지,1인 가구 테이블 알아보기,"좁은 집에서 식사와 업무, 취미 생활까지 만족스럽게 영위하려면 '테이블' 선택이 핵심입니다.",87,아니오,,,,
2026-08-04-storage-auto-28ed9d,"1인 가구 직장인, 좁은 주방 냉장고·싱크대 주변 ‘쌓이는 식재료·간식’ 넘쳐난다면? 낭비 없이 효율적으로 수납하는 현실 가이드",https://honsamnote.co.kr/blog/2026-08-04-storage-auto-28ed9d/,storage,좁은 집과 수납,1인 가구 주방; 주방 수납; 식재료 정리; 원룸 수납; 자취 주방,1인 가구 식료품 수납; 좁은 주방 정리; 간식 보관; 식재료 낭비 방지; 효율적인 주방,"1인 가구 직장인, 좁은 주방 냉장고·싱크대 주변 ‘쌓이는 식재료·간식’ 넘쳐난다면? 낭비 없이 효율적으로 수납하는 현실 가이드 | 혼삶노트",좁은 주방에서 냉장고나 싱크대 외에 쌓이는 식재료와 간식 때문에 고민이신가요? 1인 가구 직장인을 위한 현실적인 주방 식료품 수납 노하우로 낭비 없이 효율적인 주방을 만들어보세요.,질문형,1인 가구 식료품 수납,좁은 주방 정리; 간식 보관; 식재료 낭비 방지; 효율적인 주방,낮음,원룸 전체 수납,예,예,예,2026-08-01-storage-auto-387eaf; 2026-08-01-storage-auto-39ae63; 2026-08-05-storage-auto-c8c36f; 2026-08-06-storage-auto-19a86d; 2026-08-06-storage-auto-bb011a; 2026-08-06-storage-auto-d7c10d,아니오,유지,1인 가구 식료품 수납 알아보기,좁은 주방의 냉장고 밖 식재료와 간식 수납 문제는 무조건 많이 사서 쌓아두지 않는 것이 첫걸음입니다.,87,아니오,,,,
2026-08-05-cost-auto-9715f2,"혼자 사는 직장인, 물값 매달 낭비 말고! 생수 vs. 정수기 vs. 필터, 내게 맞는 최적의 선택은?",https://honsamnote.co.kr/blog/2026-08-05-cost-auto-9715f2/,cost,생활비 최적화,생활비 절약; 1인 가구; 물값; 생수; 정수기; 필터; 살림 팁,1인 가구 물; 생활비 줄이기; 혼자 사는 직장인; 물 구매; 정수 필터; 미니 정수기,"혼자 사는 직장인, 물값 매달 낭비 말고! 생수 vs. 정수기 vs. 필터, 내게 맞는 최적의 선택은? | 혼삶노트","혼자 사는 직장인을 위한 물값 최적화 가이드! 생수, 정수기, 필터 중 나에게 딱 맞는 선택은? 비용, 편의성, 위생을 고려해 현명한 결정을 내리세요.",질문형,1인 가구 물,생활비 줄이기; 혼자 사는 직장인; 물 구매; 정수 필터; 미니 정수기,낮음,생활비 절약 전반,예,예,아니오,2026-08-03-cost-auto-749379; 2026-08-01-cost-auto-0d71f8; 2026-08-11-cost-auto-bf7238; 2026-07-30-cost-6; 2026-08-01-cost-auto-8e14b1; 2026-08-01-cost-auto-eacedc,아니오,유지,1인 가구 물 알아보기,"당신의 물 소비량, 예산, 주거 환경에 따라 최적의 선택은 달라집니다.",87,예,,,,
2026-08-05-cost-auto-e4ec33,"혼자 사는 직장인, 매달 쓰레기 봉투값도 아깝다면? 생활 폐기물 비용 줄이고 버리는 스트레스 없애는 법",https://honsamnote.co.kr/blog/2026-08-05-cost-auto-e4ec33/,cost,생활비 최적화,생활비 최적화; 쓰레기 분리수거; 폐기물 관리; 1인 가구 살림; 절약 습관,1인 가구 쓰레기; 쓰레기봉투 가격; 분리수거 요령; 음식물 쓰레기; 생활비 절약,"혼자 사는 직장인, 매달 쓰레기 봉투값도 아깝다면? 생활 폐기물 비용 줄이고 버리는 스트레스 없애는 법 | 혼삶노트",혼자 산다고 쓰레기 봉투 값이 저렴해지는 건 아니죠. 1인 가구 직장인이 생활 폐기물 비용을 줄이고 버리는 스트레스까지 없애는 현실적인 3단계 가이드를 확인하세요.,질문형,1인 가구 쓰레기,쓰레기봉투 가격; 분리수거 요령; 음식물 쓰레기; 생활비 절약,낮음,생활비 절약 전반,예,예,예,2026-08-09-cost-auto-80b3c9; 2026-08-08-cost-auto-770f4a; 2026-08-01-cost-auto-4a41b3; 2026-08-03-cost-auto-d01191; 2026-08-06-cost-auto-3826dd; 2026-08-07-cost-auto-24b43b,아니오,유지,1인 가구 쓰레기 알아보기,"혼자 사는 사람의 생활 폐기물 비용을 최적화하고 버리는 스트레스를 줄이려면, **쓰레기 '발생량 자체'를 줄이고, '분리 배출'을 철저히 하며, '가장 효율적인 봉투 사이즈'를 선택하는 3가지 습관을 정착시키는 것이 핵심**입니다.",87,예,,,,
2026-08-05-lifestyle-auto-420299,"1인 가구 직장인, 재택근무로 무너진 생활 리듬과 고립감? 나만의 홈 오피스 루틴으로 잡는 법",https://honsamnote.co.kr/blog/2026-08-05-lifestyle-auto-420299/,lifestyle,관계·고립·생활 리듬,재택근무; 1인 가구; 생활 리듬; 고립감; 홈 오피스 루틴,재택근무 루틴; 1인 가구 재택근무; 혼자 사는 직장인 재택근무; 재택근무 생활 리듬; 재택근무 고립감,"1인 가구 직장인, 재택근무로 무너진 생활 리듬과 고립감? 나만의 홈 오피스 루틴으로 잡는 법 | 혼삶노트",재택근무가 길어지며 무너진 생활 리듬과 늘어나는 고립감. 혼자 사는 직장인을 위한 효율적인 재택근무 루틴 설정으로 생산성과 만족감을 동시에 잡는 현실적인 방법을 안내합니다.,질문형,재택근무 루틴,1인 가구 재택근무; 혼자 사는 직장인 재택근무; 재택근무 생활 리듬; 재택근무 고립감,낮음,외로움·고립감,예,예,아니오,2026-07-30-lifestyle-59; 2026-08-03-lifestyle-auto-06c5e8; 2026-08-03-lifestyle-auto-dfa23e; 2026-08-06-lifestyle-auto-bf4537; 2026-08-11-lifestyle-auto-0f05f0; 2026-07-30-lifestyle-61,아니오,유지,재택근무 루틴 알아보기,재택근무로 인한 생활 리듬 붕괴와 고립감은 혼자 사는 직장인에게 특히 더 치명적입니다.,87,아니오,,,,
2026-08-05-products-auto-8d663c,"혼자 사는 직장인, 퇴근 후 드라이클리닝 번거롭다면? 동네 세탁소 vs 세탁 앱 vs 홈케어, 내게 맞는 선택은?",https://honsamnote.co.kr/blog/2026-08-05-products-auto-8d663c/,products,1인 가구 제품·서비스,1인 가구 생활 최적화; 드라이클리닝; 세탁 고민; 세탁 서비스; 의류 관리,1인 가구 드라이클리닝; 세탁 앱 추천; 동네 세탁소; 홈 드라이클리닝; 의류 관리팁,"혼자 사는 직장인, 퇴근 후 드라이클리닝 번거롭다면? 동네 세탁소 vs 세탁 앱 vs 홈케어, 내게 맞는 선택은? | 혼삶노트","바쁜 1인 가구 직장인을 위한 드라이클리닝 솔루션 비교. 시간, 비용, 편의성을 고려한 동네 세탁소, 세탁 앱, 홈케어 기기의 장단점을 분석해 현명한 선택을 돕습니다.",질문형,1인 가구 드라이클리닝,세탁 앱 추천; 동네 세탁소; 홈 드라이클리닝; 의류 관리팁,낮음,1인 가구 제품·서비스 기타,예,예,예,2026-08-06-products-auto-17f494; 2026-08-11-products-auto-3a0a24; 2026-08-06-cost-auto-177634; 2026-07-30-products-50; 2026-07-30-products-51; 2026-07-30-products-53,아니오,유지,1인 가구 드라이클리닝 알아보기,"바쁜 에게 드라이클리닝은 단순히 옷을 깨끗하게 하는 것을 넘어, 시간과 에너지를 어떻게 배분할지에 대한 중요한 결정입니다.",87,아니오,,,,
2026-08-05-products-auto-9973a7,"혼자 사는 직장인, 택배 분실·재배송 스트레스 끝! 1인 가구 스마트/무인 택배함, 우리 집에 딱 맞는지 따져보는 3가지 기준",https://honsamnote.co.kr/blog/2026-08-05-products-auto-9973a7/,products,1인 가구 제품·서비스,1인 가구; 택배; 스마트 택배함; 무인 택배함; 제품 추천; 생활 최적화; 시간 절약; 돈 절약,1인 가구 택배; 스마트 택배함; 무인 택배함; 택배 분실; 택배 재배송; 원룸 택배; 오피스텔 택배,"혼자 사는 직장인, 택배 분실·재배송 스트레스 끝! 1인 가구 스마트/무인 택배함, 우리 집에 딱 맞는지 따져보는 3가지 기준 | 혼삶노트","혼자 사는 직장인을 위한 택배 분실, 재배송 스트레스 해소 가이드! 스마트/무인 택배함이 우리 집에 필요한지, 설치 환경, 비용, 보안 세 가지 기준으로 현명하게 선택하는 법을 알려드립니다.",판단형,1인 가구 택배,스마트 택배함; 무인 택배함; 택배 분실; 택배 재배송; 원룸 택배; 오피스텔 택배,낮음,1인 가구 제품·서비스 기타,예,예,아니오,2026-08-05-safety-auto-9a8ad6; 2026-08-06-products-auto-2eb0f5; 2026-08-11-products-auto-fb26b6; 2026-08-14-products-auto-50ff5a; 2026-07-30-products-57; 2026-08-03-products-auto-55fd7c,아니오,유지,1인 가구 택배 기준,혼자 사는 직장인이라면 스마트 택배함이나 아파트/오피스텔의 공용 무인 택배함은 택배 분실과 재배송 스트레스를 줄이고 생활의 편리함을 극대화할 수 있는 현명한 선택지가 될 수 있습니다.,87,아니오,,,,
2026-08-05-storage-auto-c8c36f,"1인 가구 직장인, 좁은 집에 못 박기 망설인다면? 벽 뚫지 않고 '숨은 공간' 활용하는 현실 수납법",https://honsamnote.co.kr/blog/2026-08-05-storage-auto-c8c36f/,storage,좁은 집과 수납,1인 가구; 좁은 집; 수납; 벽 수납; 못 박기 없이; 원룸 수납; 자취방 정리; 공간 최적화,1인 가구 벽 수납; 원룸 못 박기; 벽지 손상 없는 수납; 접착식 수납; 압축봉 활용; 좁은 집 수납 아이디어,"1인 가구 직장인, 좁은 집에 못 박기 망설인다면? 벽 뚫지 않고 '숨은 공간' 활용하는 현실 수납법 | 혼삶노트","혼자 사는 좁은 집, 벽은 비어있는데 못 박기는 부담스럽다면? 벽을 뚫지 않고도 수납을 해결할 수 있는 현실적인 방법들을 알려드립니다. 접착식, 압축식 솔루션부터 판단 기준, 주의사항까지 한 번에 확인하세요.",질문형,1인 가구 벽 수납,원룸 못 박기; 벽지 손상 없는 수납; 접착식 수납; 압축봉 활용; 좁은 집 수납 아이디어,낮음,원룸 전체 수납,예,예,아니오,2026-08-09-storage-auto-b54398; 2026-07-30-storage-24; 2026-08-01-storage-auto-316ab0; 2026-08-01-storage-auto-c54f86; 2026-08-01-storage-auto-f1fb81; 2026-08-04-storage-auto-06061f,아니오,유지,1인 가구 벽 수납 알아보기,"좁은 집에 못을 박기 망설이는 1인 가구라면, **벽을 뚫지 않고도 충분히 효율적인 벽 수납이 가능합니다.** 핵심은 보관할 물건의 무게와 자주 사용하는 정도, 그리고 벽의 재질을 정확히 파악한 뒤, **‘접착식’과 ‘압축/고정식’ 수납 솔루션을 전략적으로 활용하는 것입니다.…",87,아니오,,,,
2026-08-06-cleaning-auto-07ebe3,"혼자 사는 당신, 건조기 돌릴 때마다 정전기·건조 시간 불만? 건조 시트 vs. 드라이볼, 후회 없는 선택 기준",https://honsamnote.co.kr/blog/2026-08-06-cleaning-auto-07ebe3/,cleaning,청소·세탁·집안일,건조기; 건조 시트; 드라이볼; 1인 가구; 빨래; 생활팁,건조기 정전기; 건조 시간 단축; 꿉꿉한 냄새 제거; 건조 시트 장단점; 드라이볼 장단점; 혼자 사는 직장인 빨래,"혼자 사는 당신, 건조기 돌릴 때마다 정전기·건조 시간 불만? 건조 시트 vs. 드라이볼, 후회 없는 선택 기준 | 혼삶노트","1인 가구 직장인을 위한 건조 시트와 드라이볼 비교 가이드! 정전기, 건조 시간, 꿉꿉한 냄새까지 한 번에 해결하고 똑똑하게 건조하는 방법을 알려드립니다.",질문형,건조기 정전기,건조 시간 단축; 꿉꿉한 냄새 제거; 건조 시트 장단점; 드라이볼 장단점; 혼자 사는 직장인 빨래,낮음,세탁·옷관리,예,예,예,2026-08-01-cleaning-auto-070bfd; 2026-08-06-cleaning-auto-f4b529; 2026-08-10-cleaning-auto-aeb4a0; 2026-08-11-cleaning-auto-5be420; 2026-07-30-cleaning-32; 2026-08-01-cleaning-auto-2b8bbd,아니오,유지,건조기 정전기 알아보기,"의 건조 고민, '건조 시트'와 '드라이볼' 중 어떤 것이 정답일지는 **당신의 라이프스타일과 가장 중요하게 생각하는 가치**에 따라 달라집니다.",87,아니오,,,,
2026-08-06-cleaning-auto-ff8d39,"혼자 사는 당신, 옷장 터지기 일보 직전? 헌 옷 깔끔하게 비우고 돈까지 버는 현실 가이드",https://honsamnote.co.kr/blog/2026-08-06-cleaning-auto-ff8d39/,cleaning,청소·세탁·집안일,1인 가구; 헌 옷 정리; 옷 비우기; 미니멀 라이프; 생활 최적화,1인 가구 옷 정리; 헌 옷 버리기; 옷장 정리; 헌 옷 수거; 중고거래,"혼자 사는 당신, 옷장 터지기 일보 직전? 헌 옷 깔끔하게 비우고 돈까지 버는 현실 가이드 | 혼삶노트","좁은 원룸 옷장 속 넘쳐나는 헌 옷, 이제 그만 쌓아두세요! 이 글은 입지 않는 옷을 효율적으로 분류하고, 의류수거함, 헌 옷 수거 업체, 중고거래 앱 등을 활용해 깔끔하게 비우면서 부수입까지 얻는 현실적인 방법을 안내합니다. 옷장 공간을 되찾고 쾌적한 나만의 집을 만들어보세요.",질문형,1인 가구 옷 정리,헌 옷 버리기; 옷장 정리; 헌 옷 수거; 중고거래,낮음,세탁·옷관리,예,예,예,2026-08-08-cleaning-auto-e6a45e; 2026-07-30-cleaning-32; 2026-08-01-cleaning-auto-070bfd; 2026-08-01-cleaning-auto-2b8bbd; 2026-08-01-cleaning-auto-b67a07; 2026-08-06-cleaning-auto-07ebe3,아니오,유지,1인 가구 옷 정리 알아보기,"넘쳐나는 옷 때문에 스트레스받고 있다면, 가장 먼저 **'입지 않는 옷을 비우겠다'는 결심**이 필요합니다.",87,아니오,,,,
2026-08-06-cost-auto-177634,"혼자 사는 직장인, 매달 드라이클리닝 비용 부담될 때! 집에서 세탁 vs 전문 업체, 후회 없이 결정하는 법",https://honsamnote.co.kr/blog/2026-08-06-cost-auto-177634/,cost,생활비 최적화,생활비 최적화; 드라이클리닝; 세탁팁; 1인 가구 살림; 의류 관리,1인 가구 드라이클리닝; 드라이클리닝 비용; 집에서 드라이클리닝; 울 세탁; 비싼 옷 관리,"혼자 사는 직장인, 매달 드라이클리닝 비용 부담될 때! 집에서 세탁 vs 전문 업체, 후회 없이 결정하는 법 | 혼삶노트","매달 쌓여가는 드라이클리닝 비용, 혼자 사는 직장인이라면 더욱 고민될 겁니다. 비싼 옷을 망치지 않으면서도 생활비를 아끼는 현실적인 드라이클리닝 해결 가이드를 알려드립니다.",비교형,1인 가구 드라이클리닝,드라이클리닝 비용; 집에서 드라이클리닝; 울 세탁; 비싼 옷 관리,낮음,생활비 절약 전반,예,예,아니오,2026-08-05-cost-auto-e4ec33; 2026-08-06-cost-auto-b32a96; 2026-08-08-cost-auto-770f4a; 2026-08-01-cost-auto-0d71f8; 2026-08-01-cost-auto-44803f; 2026-08-01-cost-auto-4a41b3,아니오,유지,1인 가구 드라이클리닝 비교,"혼자 사는 직장인의 드라이클리닝 비용, 무조건 아낄 수 있습니다!",87,아니오,,,,
2026-08-06-cost-auto-3826dd,"혼자 사는 직장인, 불안한 우리 집 보안, 돈 들이지 않고 강화할 수 있을까? 스마트 도어락 vs CCTV vs 보안 서비스, 현명한 선택 가이드",https://honsamnote.co.kr/blog/2026-08-06-cost-auto-3826dd/,cost,생활비 최적화,생활비 최적화; 1인 가구 보안; 스마트홈; 안전; 생활 팁,1인 가구 보안; 스마트 도어락; CCTV; 보안 서비스; 집 안전; 생활비 절약; 전월세 보안,"혼자 사는 직장인, 불안한 우리 집 보안, 돈 들이지 않고 강화할 수 있을까? 스마트 도어락 vs CCTV vs 보안 서비스, 현명한 선택 가이드 | 혼삶노트","혼자 사는 직장인이라면 한 번쯤 고민했을 집 보안 문제! 스마트 도어락, CCTV, 전문 보안 서비스 중 내 상황과 예산에 맞는 최적의 선택으로 불안감을 해소하고 생활비를 최적화하는 현실적인 가이드.",질문형,1인 가구 보안,스마트 도어락; CCTV; 보안 서비스; 집 안전; 생활비 절약; 전월세 보안,낮음,생활비 절약 전반,예,예,아니오,2026-08-01-cost-auto-4a41b3; 2026-08-03-cost-auto-d01191; 2026-08-05-cost-auto-e4ec33; 2026-08-07-cost-auto-24b43b; 2026-08-07-cost-auto-b1ff82; 2026-08-08-cost-auto-770f4a,아니오,유지,1인 가구 보안 알아보기,혼자 사는 직장인의 집 보안은 '예방'과 '대응'의 균형을 찾는 것이 핵심입니다.,87,아니오,,,,
2026-08-06-cost-auto-515c77,"혼자 사는 직장인, 매년 이사 갈 때마다 막막하다면? 직접 vs 전문 이사 서비스, 후회 없는 결정 가이드",https://honsamnote.co.kr/blog/2026-08-06-cost-auto-515c77/,cost,생활비 최적화,생활비 최적화; 이사; 1인 가구; 직장인; 이사 비용; 이사 준비,1인 가구 이사; 이사 비용 줄이기; 셀프 이사; 반포장 이사; 포장이사; 이사 준비물,"혼자 사는 직장인, 매년 이사 갈 때마다 막막하다면? 직접 vs 전문 이사 서비스, 후회 없는 결정 가이드 | 혼삶노트","혼자 사는 직장인이 이사할 때, 직접 짐을 옮기는 DIY 이사와 전문 이사 서비스 중 어떤 선택이 합리적인지 비용, 시간, 체력을 고려하여 최적의 방법을 찾아드립니다.",질문형,1인 가구 이사,이사 비용 줄이기; 셀프 이사; 반포장 이사; 포장이사; 이사 준비물,낮음,생활비 절약 전반,예,예,아니오,2026-08-01-cost-auto-0d71f8; 2026-08-03-cost-auto-4d199c; 2026-08-11-cost-auto-bf7238; 2026-07-29-cost-1; 2026-08-01-cost-auto-4a41b3; 2026-08-01-cost-auto-9c7467,아니오,유지,1인 가구 이사 알아보기,"혼자 사는 직장인의 이사, 정답은 없습니다.",87,예,,,,
2026-08-06-cost-auto-9d0ea4,"혼자 사는 직장인, 밤마다 불청객 때문에 잠 못 이룬다면? DIY 해충 박멸 vs 전문 방역 서비스, 후회 없이 결정하는 법",https://honsamnote.co.kr/blog/2026-08-06-cost-auto-9d0ea4/,cost,생활비 최적화,1인 가구; 생활비 절약; 해충 박멸; 방역 서비스; 셀프 방역,1인 가구 해충; 혼자 사는 직장인 방역; 해충 박멸 비용; 셀프 방역 방법; 방역 서비스 추천,"혼자 사는 직장인, 밤마다 불청객 때문에 잠 못 이룬다면? DIY 해충 박멸 vs 전문 방역 서비스, 후회 없이 결정하는 법 | 혼삶노트","혼자 사는 직장인에게 해충은 큰 스트레스입니다. 직접 해결할지, 전문가에게 맡길지 고민될 때 현명한 선택을 돕는 현실적인 가이드를 제시합니다.",질문형,1인 가구 해충,혼자 사는 직장인 방역; 해충 박멸 비용; 셀프 방역 방법; 방역 서비스 추천,낮음,생활비 절약 전반,예,예,아니오,2026-07-30-cost-6; 2026-08-01-cost-auto-8e14b1; 2026-08-01-cost-auto-eacedc; 2026-08-01-cost-auto-f9f9ca; 2026-08-05-cost-auto-9715f2; 2026-08-07-cost-auto-0c25d9,아니오,유지,1인 가구 해충 알아보기,"혼자 사는 직장인이 해충 문제에 직면했을 때, 가장 먼저 고려해야 할 것은 **해충의 종류, 발생 규모, 그리고 본인의 시간 투자 가능성**입니다.",87,아니오,,,,
2026-08-06-cost-auto-b32a96,"혼자 사는 직장인, 매번 배송비 내거나 필요 없는 것까지 담는다면? 온라인 쇼핑 배송비 폭탄 피하는 현명한 주문 전략",https://honsamnote.co.kr/blog/2026-08-06-cost-auto-b32a96/,cost,생활비 최적화,생활비 최적화; 온라인 쇼핑; 배송비 절약; 1인 가구 살림; 현명한 소비,온라인 쇼핑 배송비; 1인 가구 쇼핑; 배송비 아끼는 법; 무료배송 기준; 현명한 소비 습관,"혼자 사는 직장인, 매번 배송비 내거나 필요 없는 것까지 담는다면? 온라인 쇼핑 배송비 폭탄 피하는 현명한 주문 전략 | 혼삶노트",혼자 사는 직장인을 위한 온라인 쇼핑 배송비 절약 가이드. 잦은 소량 구매와 무료배송 함정에서 벗어나 합리적인 소비를 위한 실질적인 전략을 제시합니다.,질문형,온라인 쇼핑 배송비,1인 가구 쇼핑; 배송비 아끼는 법; 무료배송 기준; 현명한 소비 습관,낮음,생활비 절약 전반,예,예,아니오,2026-08-05-cost-auto-e4ec33; 2026-08-06-cost-auto-177634; 2026-08-08-cost-auto-770f4a; 2026-08-11-cost-auto-ff0274; 2026-08-01-cost-auto-0d71f8; 2026-08-01-cost-auto-44803f,아니오,유지,온라인 쇼핑 배송비 알아보기｜생활비 최적화,"혼자 사는 직장인의 온라인 쇼핑 배송비 폭탄을 피하는 가장 빠른 조치는 **'계획적인 합배송 전략'을 세우고, '배송비 지불의 가치를 인정'하는 것입니다.** 무조건 무료배송을 쫓아 필요",87,예,,,,
2026-08-06-cost-auto-bf984a,"혼자 사는 직장인, 매일 식비는 줄이고 싶지만 요리할 시간은 부족하다면? 에어프라이어 vs 전자레인지, 후회 없이 결정하는 법",https://honsamnote.co.kr/blog/2026-08-06-cost-auto-bf984a/,cost,생활비 최적화,생활비 최적화; 1인 가구 식비; 주방 가전; 에어프라이어; 전자레인지,1인 가구 식비 절약; 에어프라이어 구매; 전자레인지 추천; 혼자 사는 직장인 요리; 자취 필수템,"혼자 사는 직장인, 매일 식비는 줄이고 싶지만 요리할 시간은 부족하다면? 에어프라이어 vs 전자레인지, 후회 없이 결정하는 법 | 혼삶노트","혼자 사는 직장인의 식비 고민, 에어프라이어와 전자레인지 중 어떤 조리 도구가 나에게 더 효율적일까요? 시간과 돈을 최적화하는 현명한 선택 기준을 제시합니다.",질문형,1인 가구 식비 절약,에어프라이어 구매; 전자레인지 추천; 혼자 사는 직장인 요리; 자취 필수템,낮음,생활비 절약 전반,예,예,아니오,2026-08-11-cost-auto-bf7238; 2026-08-10-cost-auto-88aeb7; 2026-08-01-cost-auto-0d71f8; 2026-08-01-cost-auto-44803f; 2026-08-01-cost-auto-4a41b3; 2026-08-01-cost-auto-9c7467,아니오,유지,1인 가구 식비 절약 알아보기,"집에서 빠르고 간편하게 식사를 해결하며 식비를 줄이고 싶다면, **당신의 식습관과 생활 패턴을 먼저 점검하는 것이 중요합니다.** 에어프라이어와 전자레인지 모두 훌륭한 조리 도구지만, 어떤 음식을 주로 먹고 얼마나 건강하게 조리하고 싶은지에 따라 최적의 선택은 달라집니다.",87,아니오,,,,
2026-08-06-cost-auto-c59747,"혼자 사는 직장인, 밤마다 OTT 유목민이라면? 나에게 딱 맞는 구독 전략으로 매달 만원 아끼는 법",https://honsamnote.co.kr/blog/2026-08-06-cost-auto-c59747/,cost,생활비 최적화,생활비 최적화; OTT; 구독 서비스; 1인 가구; 직장인 재테크,OTT 구독료 줄이기; 1인 가구 엔터테인먼트; 넷플릭스 요금; 티빙 할인; 디즈니플러스 싸게 보는 법,"혼자 사는 직장인, 밤마다 OTT 유목민이라면? 나에게 딱 맞는 구독 전략으로 매달 만원 아끼는 법 | 혼삶노트","혼자 사는 직장인이라면 공감할 OTT 구독료 고민. 여러 플랫폼을 오가며 매달 지출하는 구독료, 과연 현명할까요? 나에게 딱 맞는 OTT 선택 기준과 최적화 전략으로 매달 만원 이상 아끼는 현실적인 방법을 알려드립니다.",질문형,OTT 구독료 줄이기,1인 가구 엔터테인먼트; 넷플릭스 요금; 티빙 할인; 디즈니플러스 싸게 보는 법,낮음,생활비 절약 전반,예,예,예,2026-08-03-cost-auto-d01191; 2026-08-06-cost-auto-e8c32b; 2026-07-30-cost-6; 2026-08-01-cost-auto-0d71f8; 2026-08-01-cost-auto-4a41b3; 2026-08-01-cost-auto-9c7467,아니오,유지,OTT 구독료 줄이기 알아보기,혼자 사는 직장인에게 OTT(온라인 동영상 서비스)는 단순한 오락을 넘어 소중한 휴식과 재충전의 수단입니다.,87,예,,,,
2026-08-06-cost-auto-cfda8d,"혼자 사는 직장인, 매일 마시는 커피값에 지갑이 텅 빈다면? 홈 카페 vs 외부 구매, 내게 맞는 경제적인 선택은?",https://honsamnote.co.kr/blog/2026-08-06-cost-auto-cfda8d/,cost,생활비 최적화,생활비최적화; 커피값절약; 1인가구; 홈카페; 직장인재테크; 식비절약,1인 가구 커피; 커피값 절약; 홈카페 비용; 프랜차이즈 커피; 직장인 커피; 생활비 줄이기,"혼자 사는 직장인, 매일 마시는 커피값에 지갑이 텅 빈다면? 홈 카페 vs 외부 구매, 내게 맞는 경제적인 선택은? | 혼삶노트","매일 마시는 커피, 밖에서 사 마실까? 집에서 직접 내려 마실까? 1인 가구 직장인의 라이프스타일에 맞춰 커피 지출을 최적화하는 현실적인 가이드를 제시합니다. 당신의 시간과 돈을 아끼는 현명한 커피 소비법을 찾아보세요.",질문형,1인 가구 커피,커피값 절약; 홈카페 비용; 프랜차이즈 커피; 직장인 커피; 생활비 줄이기,낮음,생활비 절약 전반,예,예,예,2026-08-01-cost-auto-e9d2d3; 2026-08-01-cost-auto-0d71f8; 2026-08-03-cost-auto-749379; 2026-08-05-cost-auto-9715f2; 2026-08-07-cost-auto-efcd2f; 2026-08-11-cost-auto-bf7238,아니오,유지,1인 가구 커피 알아보기,"혼자 사는 직장인의 커피 생활비 최적화는 '홈 카페'와 '외부 구매(카페, 편의점)' 중 어느 한쪽을 맹목적으로 선택하기보다는, 당신의 라이프스타일과 커피 소비 패턴을 정확히 파악하여 **가장 합리적인 지점**을 찾는 데 있습니다.",87,예,,,,
2026-08-06-cost-auto-e8c32b,"혼자 사는 직장인, 예상치 못한 지출에 늘 불안하다면? 나만의 비상금 통장, 어떻게 만들어야 할까?",https://honsamnote.co.kr/blog/2026-08-06-cost-auto-e8c32b/,cost,생활비 최적화,생활비 최적화; 비상금; 재테크; 1인 가구; 직장인 재테크,1인 가구 비상금; 직장인 비상금 통장; 생활비 최적화; 재정 불안; 비상금 목표 설정,"혼자 사는 직장인, 예상치 못한 지출에 늘 불안하다면? 나만의 비상금 통장, 어떻게 만들어야 할까? | 혼삶노트",갑작스러운 지출에 혼자 모든 부담을 지는 1인 가구 직장인을 위한 비상금 통장 만들기 가이드. 불안감을 없애고 든든한 내일을 만드는 현실적인 비상금 플랜을 알려드립니다.,질문형,1인 가구 비상금,직장인 비상금 통장; 생활비 최적화; 재정 불안; 비상금 목표 설정,낮음,생활비 절약 전반,예,예,예,2026-07-30-cost-6; 2026-08-06-cost-auto-c59747; 2026-08-01-cost-auto-8e14b1; 2026-08-01-cost-auto-eacedc; 2026-07-29-cost-1; 2026-08-01-cost-auto-0d71f8,아니오,유지,1인 가구 비상금 알아보기,이 재정적 불안감에서 벗어나고 예상치 못한 지출에 현명하게 대비하는 가장 확실한 방법은 **'3개월에서 6개월치 필수 생활비를 모아 별도의 비상금 통장에 넣어두는 것'**입니다.,87,아니오,,,,
2026-08-06-food-auto-9e2cfe,"1인 가구 직장인, 냉장고 속 개봉한 소스·반찬류, 언제까지 먹어야 할지 헷갈릴 때? 버리지 않고 안전하게 끝까지 다 먹는 법",https://honsamnote.co.kr/blog/2026-08-06-food-auto-9e2cfe/,food,혼밥·식재료 관리,혼밥; 식재료 관리; 소스 보관; 반찬 보관; 1인 가구 팁; 식비 절약,개봉 후 유통기한; 소스 보관법; 반찬 보관법; 1인 가구 식재료 낭비; 냉장고 관리,"1인 가구 직장인, 냉장고 속 개봉한 소스·반찬류, 언제까지 먹어야 할지 헷갈릴 때? 버리지 않고 안전하게 끝까지 다 먹는 법 | 혼삶노트","혼자 사는 당신, 냉장고 속 개봉한 마요네즈, 피클, 고추장 등 소스·반찬류 앞에서 유통기한이 지나지 않아도 버릴지 말지 망설이나요? 개봉 후 보관 기준과 안전하게 소비하는 현실적인 가이드를 통해 시간과 돈을 아끼세요.",질문형,개봉 후 유통기한,소스 보관법; 반찬 보관법; 1인 가구 식재료 낭비; 냉장고 관리,낮음,식재료 낭비 줄이기,예,예,예,2026-08-06-food-auto-75ad3e; 2026-08-09-food-auto-937ea1; 2026-08-09-food-auto-bd7a7d; 2026-08-13-food-auto-05f1fc; 2026-07-30-food-12; 2026-07-30-food-13,아니오,유지,개봉 후 유통기한 알아보기,"가장 먼저 눈으로 이상 징후(색 변화, 곰팡이)를 확인하고, 냄새를 맡아보고(시큼하거나 이상한 냄새), 점성 변화(물처럼 묽어지거나 덩어리짐)가 없는지 살펴보세요.",87,아니오,,,,
2026-08-06-food-auto-dea971,"혼자 사는 직장인, 신선 채소 한 팩 앞에서 망설일 때: 버리지 않고 끝까지 신선하게 즐기는 현실적인 구매부터 소비 전략",https://honsamnote.co.kr/blog/2026-08-06-food-auto-dea971/,food,혼밥·식재료 관리,혼밥; 식재료 관리; 신선 채소; 식재료 낭비; 냉장고 정리; 건강 식단,1인 가구 채소; 혼자 채소 보관; 신선 채소 구매; 채소 낭비 줄이기; 혼밥 식단; 채소 손질,"혼자 사는 직장인, 신선 채소 한 팩 앞에서 망설일 때: 버리지 않고 끝까지 신선하게 즐기는 현실적인 구매부터 소비 전략 | 혼삶노트","혼자 사는 직장인을 위한 신선 채소 구매부터 보관, 소비까지의 현실적인 가이드. 한 팩 다 못 먹고 버리는 일 없이 알뜰하게 건강한 식사를 즐기는 법을 알려드립니다.",문제해결형,1인 가구 채소,혼자 채소 보관; 신선 채소 구매; 채소 낭비 줄이기; 혼밥 식단; 채소 손질,낮음,식재료 낭비 줄이기,예,예,아니오,2026-08-09-food-auto-bd7a7d; 2026-07-30-food-13; 2026-08-03-food-auto-f85a75; 2026-08-07-food-auto-bb56bf; 2026-08-08-food-auto-2c836a; 2026-08-13-food-auto-05f1fc,아니오,유지,1인 가구 채소 해결 방법,혼자 사는 직장인이라도 신선 채소를 버리지 않고 건강하게 즐길 수 있습니다.,87,아니오,,,,
2026-08-06-lifestyle-auto-bf4537,"혼자 사는 직장인, 갑작스러운 이별에 무너진 일상과 공허함? 나만의 회복 루틴으로 다시 서는 현실 가이드",https://honsamnote.co.kr/blog/2026-08-06-lifestyle-auto-bf4537/,lifestyle,관계·고립·생활 리듬,1인 가구; 이별; 관계 단절; 공허함; 고립감; 생활 리듬; 회복 루틴,1인 가구 이별; 혼자 사는 직장인 공허함; 관계 단절 회복; 생활 리듬 재정비; 고립감 극복; 헤어지고 다시 시작; 회복 루틴,"혼자 사는 직장인, 갑작스러운 이별에 무너진 일상과 공허함? 나만의 회복 루틴으로 다시 서는 현실 가이드 | 혼삶노트",혼자 사는 직장인이 갑작스러운 이별 후 겪는 공허함과 무너진 일상에 대처하는 현실적인 회복 루틴과 단계별 가이드를 제시합니다. 나만의 방식으로 다시 일어서는 방법을 알아보세요.,질문형,1인 가구 이별,혼자 사는 직장인 공허함; 관계 단절 회복; 생활 리듬 재정비; 고립감 극복; 헤어지고 다시 시작; 회복 루틴,낮음,외로움·고립감,예,예,아니오,2026-07-30-lifestyle-59; 2026-08-03-lifestyle-auto-06c5e8; 2026-08-03-lifestyle-auto-dfa23e; 2026-08-05-lifestyle-auto-420299; 2026-08-11-lifestyle-auto-0f05f0; 2026-07-30-lifestyle-61,아니오,유지,1인 가구 이별 알아보기,"가장 먼저, *충분히 슬퍼하고 애도할 시간을 자신에게 허락*하세요.",87,아니오,,,,
2026-08-06-products-auto-17f494,"혼자 사는 직장인, 구겨진 옷 때문에 출근길 스트레스받는다면? 1인 가구 스팀다리미 vs 의류관리기, 내게 맞는 최적의 선택은?",https://honsamnote.co.kr/blog/2026-08-06-products-auto-17f494/,products,1인 가구 제품·서비스,1인 가구 제품; 생활 최적화; 의류 관리; 스팀다리미; 의류관리기; 시간 절약; 돈 절약,1인 가구 옷 관리; 직장인 옷 주름; 스팀다리미 추천; 의류관리기 비교; 혼자 사는 사람 의류관리; 드라이클리닝 비용 절약,"혼자 사는 직장인, 구겨진 옷 때문에 출근길 스트레스받는다면? 1인 가구 스팀다리미 vs 의류관리기, 내게 맞는 최적의 선택은? | 혼삶노트","바쁜 1인 가구 직장인을 위한 옷 관리 해법! 스팀다리미와 의류관리기 중 내 라이프스타일에 맞는 최적의 제품을 선택하는 현실적인 기준과 비용, 주의사항까지 한 번에 알려드립니다.",질문형,1인 가구 옷 관리,직장인 옷 주름; 스팀다리미 추천; 의류관리기 비교; 혼자 사는 사람 의류관리; 드라이클리닝 비용 절약,낮음,1인 가구 제품·서비스 기타,예,예,예,2026-08-06-products-auto-aad52f; 2026-08-05-products-auto-9973a7; 2026-08-06-products-auto-2eb0f5; 2026-08-11-products-auto-fb26b6; 2026-07-30-products-57; 2026-08-03-products-auto-55fd7c,아니오,유지,1인 가구 옷 관리 알아보기,"시간과 돈을 절약하면서도 언제나 깔끔한 옷차림을 유지하고 싶다면, 나의 옷 관리 루틴과 라이프스타일에 맞는 스팀다리미 또는 의류관리기를 선택하는 것이 현명한 해결책입니다.",87,아니오,,,,
2026-08-06-products-auto-1d916e,"혼자 사는 직장인, 혹시 모를 우리 집 재난에 등골 오싹? 1인 가구 전월세 안심보험, 나에게 맞는 상품 고르는 법",https://honsamnote.co.kr/blog/2026-08-06-products-auto-1d916e/,products,1인 가구 제품·서비스,1인 가구; 직장인; 재테크; 안전; 보험; 생활팁; 전월세,1인 가구 전월세 안심보험; 자취생 보험; 세입자 보험; 화재보험; 내 보상; 배상 책임,"혼자 사는 직장인, 혹시 모를 우리 집 재난에 등골 오싹? 1인 가구 전월세 안심보험, 나에게 맞는 상품 고르는 법 | 혼삶노트","혼자 사는 직장인이라면 꼭 알아야 할 전월세 안심보험. 갑작스러운 화재, 파손, 도난 사고로부터 내 소중한 보금자리와 재산을 지키는 현명한 선택 기준을 알아봅니다.",질문형,1인 가구 전월세 안심보험,자취생 보험; 세입자 보험; 화재보험; 내 보상; 배상 책임,낮음,1인 가구 제품·서비스 기타,예,예,아니오,2026-08-03-products-auto-1b3cc6; 2026-08-06-products-auto-2eb0f5; 2026-08-06-products-auto-707d16; 2026-08-06-products-auto-aad52f; 2026-08-07-products-auto-074e7a; 2026-08-07-products-auto-2fe4a8,아니오,유지,1인 가구 전월세 안심보험 알아보기｜1인 가구 제품·서비스,"혼자 사는 직장인에게 전월세 안심보험(또는 세입자 보험, 주택화재보험 내 세입자 특별약관 등)은 선택이 아닌 필수입니다.",87,아니오,,,,
2026-08-06-products-auto-2eb0f5,"혼자 사는 직장인, 짧은 출장/휴가 때 반려동물 돌봄 걱정이라면? 펫시터 vs. 펫호텔 vs. 스마트 기기, 내게 맞는 최적의 선택은?",https://honsamnote.co.kr/blog/2026-08-06-products-auto-2eb0f5/,products,1인 가구 제품·서비스,1인 가구; 반려동물; 펫시터; 펫호텔; 스마트 기기; 생활 최적화; 시간 절약; 돈 절약; 안전,1인 가구 반려동물; 펫시터 비용; 펫호텔 비용; 반려동물 돌봄; 혼자 사는 직장인 반려동물; 스마트 급식기; 스마트 카메라,"혼자 사는 직장인, 짧은 출장/휴가 때 반려동물 돌봄 걱정이라면? 펫시터 vs. 펫호텔 vs. 스마트 기기, 내게 맞는 최적의 선택은? | 혼삶노트","혼자 사는 직장인에게 짧은 출장이나 휴가는 즐거움과 동시에 반려동물 돌봄이라는 숙제를 안겨줍니다. 펫시터, 펫호텔, 스마트 기기, 어떤 선택이 내 반려동물과 생활 패턴에 맞을지 현실적인 판단 기준을 제시합니다.",질문형,1인 가구 반려동물,펫시터 비용; 펫호텔 비용; 반려동물 돌봄; 혼자 사는 직장인 반려동물; 스마트 급식기; 스마트 카메라,낮음,1인 가구 제품·서비스 기타,예,예,아니오,2026-08-05-products-auto-9973a7; 2026-08-11-products-auto-fb26b6; 2026-07-30-products-57; 2026-08-03-products-auto-55fd7c; 2026-08-06-products-auto-17f494; 2026-08-07-products-auto-e9e85e,아니오,유지,1인 가구 반려동물 알아보기,"혼자 사는 직장인이 짧은 부재 시 반려동물 돌봄 문제를 해결하는 방법은 크게 '방문 펫시터', '펫호텔/유치원 위탁', 그리고 '스마트 기기 활용' 세 가지로 나눌 수 있습니다.",87,아니오,,,,
2026-08-06-products-auto-44e274,"혼자 사는 직장인, 비싼 인터넷 요금에 통신사 약정까지 복잡하다면? 1인 가구 인터넷 요금제, 똑똑하게 고르고 후회 없이 바꾸는 법",https://honsamnote.co.kr/blog/2026-08-06-products-auto-44e274/,products,1인 가구 제품·서비스,1인 가구; 인터넷; 요금제; 통신비; 생활비 절약; 서비스 비교,1인 가구 인터넷; 인터넷 요금제 비교; 자취 인터넷; 통신비 절약; 약정 없는 인터넷; 모바일 결합 할인,"혼자 사는 직장인, 비싼 인터넷 요금에 통신사 약정까지 복잡하다면? 1인 가구 인터넷 요금제, 똑똑하게 고르고 후회 없이 바꾸는 법 | 혼삶노트",혼자 사는 직장인이라면 필독! 1인 가구의 시간과 돈을 아껴주는 인터넷 요금제 선택 가이드. 내게 딱 맞는 속도와 요금을 찾아 불필요한 지출과 복잡한 약정에서 벗어나세요.,질문형,1인 가구 인터넷,인터넷 요금제 비교; 자취 인터넷; 통신비 절약; 약정 없는 인터넷; 모바일 결합 할인,낮음,1인 가구 제품·서비스 기타,예,예,아니오,2026-08-06-products-auto-707d16; 2026-08-06-products-auto-b9fc71; 2026-08-08-products-auto-c4d689; 2026-07-30-products-51; 2026-07-30-products-53; 2026-07-30-products-55,아니오,유지,1인 가구 인터넷 알아보기｜1인 가구 제품·서비스,"혼자 사는 직장인이라면 무조건 '최저가'나 '최고 속도'만을 쫓기보다, 자신의 실제 인터넷 사용 패턴과 모바일 통신사 결합 가능성을 먼저 파악하는 것이 중요합니다.",87,아니오,,,,
2026-08-06-products-auto-5b74f3,"혼자 사는 직장인, 옆집 소음에 잠 못 이루고 스트레스받는다면? 1인 가구 맞춤 층간소음/생활소음 해결, '이 3가지'로 현실적인 대책 마련하세요!",https://honsamnote.co.kr/blog/2026-08-06-products-auto-5b74f3/,products,1인 가구 제품·서비스,1인 가구 생활; 소음; 주거 문제; 생활 팁; 방음 대책; 스트레스 관리; 주거 환경,1인 가구 소음; 층간소음 해결; 벽간소음 대처; 생활 소음 줄이기; 원룸 방음; 소음 스트레스; 주거 안정,"혼자 사는 직장인, 옆집 소음에 잠 못 이루고 스트레스받는다면? 1인 가구 맞춤 층간소음/생활소음 해결, '이 3가지'로 현실적인 대책 마련하세요! | 혼삶노트","혼자 사는 직장인을 위한 현실적인 소음 문제 해결 가이드. 층간소음, 벽간소음 등 다양한 생활 소음으로부터 나만의 조용한 공간을 지키는 실용적인 방법을 소개합니다.",질문형,1인 가구 소음,층간소음 해결; 벽간소음 대처; 생활 소음 줄이기; 원룸 방음; 소음 스트레스; 주거 안정,낮음,1인 가구 제품·서비스 기타,예,예,아니오,2026-08-03-products-auto-c75a1a; 2026-08-13-products-auto-ae3976; 2026-07-30-products-53; 2026-08-07-products-auto-074e7a; 2026-07-30-products-50; 2026-07-30-products-51,아니오,유지,1인 가구 소음 알아보기,완벽한 소음 차단은 현실적으로 어렵습니다.,87,아니오,,,,
2026-08-06-products-auto-707d16,"혼자 사는 직장인, 방에만 가면 와이파이 뚝뚝 끊긴다면? 1인 가구 인터넷 속도 최적화, '이 5단계'로 끝내세요!",https://honsamnote.co.kr/blog/2026-08-06-products-auto-707d16/,products,1인 가구 제품·서비스,1인 가구; 와이파이; 인터넷; 공유기; 직장인,1인 가구 인터넷; 와이파이 끊김; 와이파이 속도; 무선 공유기; 인터넷 요금 최적화,"혼자 사는 직장인, 방에만 가면 와이파이 뚝뚝 끊긴다면? 1인 가구 인터넷 속도 최적화, '이 5단계'로 끝내세요! | 혼삶노트",1인 가구 직장인의 고질적인 와이파이 끊김 문제! 느린 인터넷 속도를 해결하고 시간과 돈을 아끼는 현실적인 와이파이 최적화 방법을 알려드립니다.,질문형,1인 가구 인터넷,와이파이 끊김; 와이파이 속도; 무선 공유기; 인터넷 요금 최적화,낮음,1인 가구 제품·서비스 기타,예,예,예,2026-08-06-products-auto-44e274; 2026-08-03-products-auto-1b3cc6; 2026-08-06-products-auto-1d916e; 2026-08-06-products-auto-aad52f; 2026-08-07-products-auto-074e7a; 2026-08-08-products-auto-c4d689,아니오,유지,1인 가구 인터넷 알아보기｜1인 가구 제품·서비스,"지금 당장 와이파이가 끊겨서 답답하다면, **가장 먼저 현재 인터넷 속도를 측정하고, 공유기의 전원을 껐다가 다시 켜보세요.** 대부분의 일시적인 문제는 이 두 가지 행동으로 해결되거나, 문제의 원인을 파악하는 실마리가 됩니다.",87,아니오,,,,
2026-08-06-products-auto-99b34b,"혼자 사는 직장인, 좁은 집에서도 허리 편한 홈 오피스? 인체공학 의자 vs 스탠딩 데스크 컨버터, 내게 맞는 선택은?",https://honsamnote.co.kr/blog/2026-08-06-products-auto-99b34b/,products,1인 가구 제품·서비스,1인 가구; 재택근무; 홈 오피스; 인체공학 의자; 스탠딩 데스크; 자세 교정; 건강 관리,혼자 사는 직장인; 홈오피스 가구; 스탠딩 책상 컨버터; 허리 통증; 어깨 결림; 작업 환경 최적화,"혼자 사는 직장인, 좁은 집에서도 허리 편한 홈 오피스? 인체공학 의자 vs 스탠딩 데스크 컨버터, 내게 맞는 선택은? | 혼삶노트","좁은 1인 가구 홈 오피스, 구부정한 자세로 허리 아픈 당신을 위해. 인체공학 의자와 스탠딩 데스크 컨버터 중 나에게 딱 맞는 건강한 작업 환경 만드는 법을 알려드립니다.",질문형,혼자 사는 직장인,홈오피스 가구; 스탠딩 책상 컨버터; 허리 통증; 어깨 결림; 작업 환경 최적화,낮음,1인 가구 제품·서비스 기타,예,예,아니오,2026-08-03-products-auto-55fd7c; 2026-08-04-products-auto-e91dfc; 2026-07-30-products-51; 2026-07-30-products-53; 2026-07-30-products-55; 2026-07-30-products-56,아니오,유지,혼자 사는 직장인 알아보기,"좁은 1인 가구 공간에서 효율적인 홈 오피스를 만들면서 몸의 피로도를 줄이고 싶다면, 다음을 기준으로 우선순위를 정해보세요.",87,아니오,,,,
2026-08-06-products-auto-9bb85c,"혼자 사는 직장인, 좁은 집에 쌓인 짐 처리 난감하다면? 셀프 스토리지 vs 방문형 짐 보관 서비스, 내게 맞는 선택은?",https://honsamnote.co.kr/blog/2026-08-06-products-auto-9bb85c/,products,1인 가구 제품·서비스,1인가구; 짐보관; 셀프스토리지; 방문형짐보관; 공간활용; 정리정돈; 생활팁,1인 가구 짐 보관; 셀프 스토리지; 방문형 짐 보관; 짐 정리; 공간 부족 해결; 보관 서비스 비교,"혼자 사는 직장인, 좁은 집에 쌓인 짐 처리 난감하다면? 셀프 스토리지 vs 방문형 짐 보관 서비스, 내게 맞는 선택은? | 혼삶노트","좁은 1인 가구 공간, 넘쳐나는 짐 때문에 스트레스받고 있나요? 셀프 스토리지와 방문형 짐 보관 서비스의 장단점을 비교하고, 내게 딱 맞는 현명한 선택 기준을 제시합니다.",질문형,1인 가구 짐 보관,셀프 스토리지; 방문형 짐 보관; 짐 정리; 공간 부족 해결; 보관 서비스 비교,낮음,1인 가구 제품·서비스 기타,예,예,아니오,2026-08-14-products-auto-6493cd; 2026-08-09-products-auto-7bf3a6; 2026-07-30-products-50; 2026-08-06-products-auto-1d916e; 2026-08-07-products-auto-2fe4a8; 2026-07-30-products-51,아니오,유지,1인 가구 짐 보관 알아보기,"넘쳐나는 짐 때문에 스트레스받고 있다면, 짐 보관 서비스가 훌륭한 대안이 될 수 있습니다.",87,아니오,,,,
2026-08-06-products-auto-a2fa71,"퇴근 후 에어컨 켰는데 꿉꿉한 냄새? 1인 가구 에어컨 청소, 셀프냐 전문가냐 고민 끝내는 3가지 기준",https://honsamnote.co.kr/blog/2026-08-06-products-auto-a2fa71/,products,1인 가구 제품·서비스,1인 가구; 에어컨 청소; 여름철 관리; 생활 꿀팁; 가전제품 관리,1인 가구 에어컨; 에어컨 냄새; 에어컨 청소 셀프; 에어컨 청소 업체; 에어컨 관리,"퇴근 후 에어컨 켰는데 꿉꿉한 냄새? 1인 가구 에어컨 청소, 셀프냐 전문가냐 고민 끝내는 3가지 기준 | 혼삶노트","혼자 사는 직장인이라면 에어컨 냄새와 냉방 효율 저하에 골치 아프셨을 텐데요. 셀프 청소와 전문 업체 의뢰 중 어떤 선택이 현명할지, 세 가지 기준으로 명쾌하게 알려드립니다.",질문형,1인 가구 에어컨,에어컨 냄새; 에어컨 청소 셀프; 에어컨 청소 업체; 에어컨 관리,낮음,1인 가구 제품·서비스 기타,예,예,아니오,2026-07-31-products-75; 2026-07-31-products-76; 2026-08-07-products-auto-5c0731; 2026-08-09-products-auto-df5dbc; 2026-07-30-products-51; 2026-07-30-products-53,아니오,유지,1인 가구 에어컨 알아보기｜1인 가구 제품·서비스,"에어컨에서 나는 냄새의 종류와 강도, 그리고 필터 오염 상태, 마지막으로 에어컨 사용 기간을 기준으로 셀프 청소와 전문 업체 의뢰 중 어느 것이 더 적합한지 판단하세요.",87,아니오,,,,
2026-08-06-products-auto-aad52f,"혼자 사는 직장인, 매일 입는 옷 관리 막막하다면? 의류관리기 vs. 핸디 스팀다리미, 내게 딱 맞는 선택은?",https://honsamnote.co.kr/blog/2026-08-06-products-auto-aad52f/,products,1인 가구 제품·서비스,1인 가구; 직장인; 옷 관리; 의류관리기; 스팀다리미; 가전제품; 살림팁; 효율적인 삶,1인 가구 옷 관리; 의류관리기 비교; 핸디 스팀다리미; 옷 구김 제거; 냄새 제거; 소형 가전; 생활 가전 추천,"혼자 사는 직장인, 매일 입는 옷 관리 막막하다면? 의류관리기 vs. 핸디 스팀다리미, 내게 딱 맞는 선택은? | 혼삶노트","바쁜 1인 가구 직장인의 옷 관리는 시간과 공간 싸움! 매일 입는 옷의 구김, 냄새 고민을 해결할 의류관리기와 핸디 스팀다리미 중 나에게 더 효율적인 솔루션은 무엇일까요? 비용, 공간, 사용 목적에 따른 현실적인 비교로 당신의 옷장 고민을 해결해 드립니다.",질문형,1인 가구 옷 관리,의류관리기 비교; 핸디 스팀다리미; 옷 구김 제거; 냄새 제거; 소형 가전; 생활 가전 추천,낮음,1인 가구 제품·서비스 기타,예,예,예,2026-08-06-products-auto-17f494; 2026-07-31-products-75; 2026-08-03-products-auto-1b3cc6; 2026-08-06-products-auto-1d916e; 2026-08-06-products-auto-707d16; 2026-08-07-products-auto-074e7a,아니오,유지,1인 가구 옷 관리 알아보기,혼자 사는 직장인이라면 옷 관리에 대한 고민이 깊을 수밖에 없습니다.,87,아니오,,,,
2026-08-06-products-auto-b3c106,"혼자 사는 직장인, 퇴근 후 현관문 앞에서 허둥지둥? 1인 가구 스마트 도어록, 똑똑하게 선택하고 설치하는 법",https://honsamnote.co.kr/blog/2026-08-06-products-auto-b3c106/,products,1인 가구 제품·서비스,1인 가구; 스마트 도어록; 현관문; 주거 안전; 생활 편의,1인 가구 도어록; 스마트 도어록 설치; 혼자 사는 집 보안; 현관문 디지털 잠금; 주거 최적화,"혼자 사는 직장인, 퇴근 후 현관문 앞에서 허둥지둥? 1인 가구 스마트 도어록, 똑똑하게 선택하고 설치하는 법 | 혼삶노트","퇴근 후 두 손 가득 짐 들고 열쇠 찾는 스트레스, 혼자 사는 직장인이라면 공감할 텐데요. 시간과 안전을 최적화하는 1인 가구 스마트 도어록, 우리 집에 맞게 선택하고 설치하는 현실적인 방법을 알려드립니다.",질문형,1인 가구 도어록,스마트 도어록 설치; 혼자 사는 집 보안; 현관문 디지털 잠금; 주거 최적화,낮음,1인 가구 제품·서비스 기타,예,예,예,2026-07-30-products-51; 2026-07-30-products-53; 2026-07-30-products-55; 2026-07-30-products-56; 2026-07-30-products-57; 2026-07-31-products-75,아니오,유지,1인 가구 도어록 알아보기,"혼자 사는 직장인에게 스마트 도어록은 단순한 문 잠금 장치를 넘어, 시간과 번거로움을 줄이고 주거 안전과 편의성을 크게 높여주는 만족도 높은 투자입니다.",87,아니오,,,,
2026-08-06-products-auto-b9fc71,"혼자 사는 직장인, 비싼 카페 커피 졸업하고 싶다면? 캡슐 커피 머신 vs 핸드드립, 나에게 딱 맞는 선택은?",https://honsamnote.co.kr/blog/2026-08-06-products-auto-b9fc71/,products,1인 가구 제품·서비스,1인 가구; 커피; 캡슐 커피; 핸드드립; 생활비 절약; 시간 절약; 홈카페,1인 가구 커피; 캡슐 커피 머신; 핸드드립 도구; 자취생 커피; 직장인 커피; 홈카페 비교; 커피 지출,"혼자 사는 직장인, 비싼 카페 커피 졸업하고 싶다면? 캡슐 커피 머신 vs 핸드드립, 나에게 딱 맞는 선택은? | 혼삶노트","매일 마시는 커피값 부담, 집에서 해결하고 싶지만 막막하셨죠? 바쁜 1인 가구를 위해 캡슐 커피와 핸드드립의 장단점을 비교하고, 내게 맞는 커피 생활을 찾는 현실적인 기준을 제시합니다.",질문형,1인 가구 커피,캡슐 커피 머신; 핸드드립 도구; 자취생 커피; 직장인 커피; 홈카페 비교; 커피 지출,낮음,1인 가구 제품·서비스 기타,예,예,아니오,2026-07-30-products-57; 2026-08-03-products-auto-55fd7c; 2026-08-05-products-auto-9973a7; 2026-08-06-products-auto-2eb0f5; 2026-08-06-products-auto-44e274; 2026-08-07-products-auto-074e7a,아니오,유지,1인 가구 커피 알아보기,바쁜 의 커피 생활을 최적화하기 위한 핵심은 '나의 생활 패턴'과 '커피에 대한 기대치'를 명확히 아는 것입니다.,87,아니오,,,,
2026-08-06-products-auto-be51b1,"혼자 사는 직장인, 혹시 모를 화재에 등골 오싹? 1인 가구 소화기·화재경보기, 똑똑하게 준비하는 법",https://honsamnote.co.kr/blog/2026-08-06-products-auto-be51b1/,products,1인 가구 제품·서비스,1인 가구 안전; 소화기; 화재경보기; 주방 화재; 생활 안전; 자취 필수템,1인 가구 소화기; 1인 가구 화재경보기; K급 소화기; 단독경보형 감지기; 원룸 화재 예방; 자취 안전,"혼자 사는 직장인, 혹시 모를 화재에 등골 오싹? 1인 가구 소화기·화재경보기, 똑똑하게 준비하는 법 | 혼삶노트","혼자 사는 직장인이라면 필독! 작은 부주의가 큰 화재로 이어지는 불상사를 막기 위해, 1인 가구에게 꼭 필요한 소화기와 화재경보기를 현명하게 선택하고 설치하는 현실적인 가이드를 제시합니다. 지금 바로 우리 집 안전을 점검하세요!",질문형,1인 가구 소화기,1인 가구 화재경보기; K급 소화기; 단독경보형 감지기; 원룸 화재 예방; 자취 안전,낮음,1인 가구 제품·서비스 기타,예,예,아니오,2026-08-07-products-auto-b07e5f; 2026-08-13-products-auto-8b83e4; 2026-07-30-products-50; 2026-07-30-products-51; 2026-07-30-products-53; 2026-07-30-products-55,아니오,유지,1인 가구 소화기 알아보기｜1인 가구 제품·서비스,내 집의 안전은 내가 지켜야 합니다.,87,아니오,,,,
2026-08-06-products-auto-f84639,"혼자 사는 직장인, 난방비 폭탄 맞기 싫다면? 퇴근 후 우리집 보일러, '이 3가지'로 현명하게 관리하세요!",https://honsamnote.co.kr/blog/2026-08-06-products-auto-f84639/,products,1인 가구 제품·서비스,1인 가구 난방; 보일러 관리; 난방비 절약; 겨울철 생활; 에너지 절약,1인 가구 난방비; 보일러 사용법; 겨울철 보일러; 난방 효율; 원룸 난방,"혼자 사는 직장인, 난방비 폭탄 맞기 싫다면? 퇴근 후 우리집 보일러, '이 3가지'로 현명하게 관리하세요! | 혼삶노트","퇴근 후 몸은 녹여야 하는데 난방비 걱정에 보일러 켜기가 망설여진다면? 1인 가구에 딱 맞는 보일러 사용법부터 효율적인 난방 관리 팁까지, 당신의 겨울을 따뜻하고 경제적으로 만들어 줄 현실적인 가이드를 제시합니다.",질문형,1인 가구 난방비,보일러 사용법; 겨울철 보일러; 난방 효율; 원룸 난방,낮음,1인 가구 제품·서비스 기타,예,예,아니오,2026-08-10-products-auto-ea40dc; 2026-08-03-products-auto-55fd7c; 2026-08-04-cost-auto-7e7d88; 2026-07-30-products-50; 2026-07-30-products-51; 2026-07-30-products-53,아니오,유지,1인 가구 난방비 알아보기,"난방비 걱정 없이 따뜻한 겨울을 보내고 싶다면, 지금 당장 다음 세 가지를 확인하고 실천하세요.",87,아니오,,,,
2026-08-06-safety-auto-063890,"혼자 사는 당신, 주말 밤 갑자기 음식 중독 증상이 나타났을 때: 응급처치부터 병원 방문 판단 기준까지",https://honsamnote.co.kr/blog/2026-08-06-safety-auto-063890/,safety,안전·응급상황,1인 가구 안전; 응급상황; 음식 중독; 식중독; 자가 응급처치; 병원 방문,1인 가구 식중독; 혼자 살 때 아플 때; 응급처치; 병원 갈 타이밍; 음식 중독 증상,"혼자 사는 당신, 주말 밤 갑자기 음식 중독 증상이 나타났을 때: 응급처치부터 병원 방문 판단 기준까지 | 혼삶노트","혼자 사는 1인 가구, 예상치 못한 음식 중독 증상으로 당황하지 마세요. 주말 밤 갑작스러운 구토와 설사, 열이 날 때 집에서 할 수 있는 응급처치와 병원 방문 시점을 판단하는 현실적인 기준을 알려드립니다.",판단형,1인 가구 식중독,혼자 살 때 아플 때; 응급처치; 병원 갈 타이밍; 음식 중독 증상,낮음,응급상황 대처,예,예,아니오,2026-07-31-safety-73; 2026-08-07-safety-auto-86e30d; 2026-08-11-safety-auto-3045ad; 2026-08-01-safety-auto-1a5c71; 2026-08-03-safety-auto-75476d; 2026-08-06-safety-auto-0b96ff,아니오,유지,1인 가구 식중독 기준,"이 음식 중독 증상을 겪고 있다면, **최우선 목표는 '탈수 방지'**입니다.",87,아니오,,,,
2026-08-06-safety-auto-425601,"혼자 사는 당신, 주말 저녁 갑자기 우리 집 물·전기·가스가 끊겼을 때: 당황하지 않고 원인 파악 및 해결하는 현실적인 방법",https://honsamnote.co.kr/blog/2026-08-06-safety-auto-425601/,safety,안전·응급상황,안전; 응급상황; 1인 가구; 생활팁; 유틸리티; 긴급대처,물 끊김; 전기 끊김; 가스 끊김; 1인 가구 비상; 유틸리티 문제; 주말 응급,"혼자 사는 당신, 주말 저녁 갑자기 우리 집 물·전기·가스가 끊겼을 때: 당황하지 않고 원인 파악 및 해결하는 현실적인 방법 | 혼삶노트","혼자 사는 집에 갑자기 물, 전기, 가스 중 하나가 끊겼나요? 주말이나 늦은 밤, 당황스러운 상황에서 침착하게 원인을 파악하고 안전하게 해결하는 단계별 가이드를 알려드립니다.",방법형,물 끊김,전기 끊김; 가스 끊김; 1인 가구 비상; 유틸리티 문제; 주말 응급,낮음,응급상황 대처,예,예,아니오,2026-07-30-safety-34; 2026-07-30-safety-41; 2026-07-31-safety-72; 2026-08-04-safety-auto-61ce38; 2026-08-06-safety-auto-ec7c17; 2026-08-07-safety-auto-580f1f,아니오,유지,물 끊김 방법,"갑작스러운 유틸리티(물, 전기, 가스) 공급 중단 상황에서는 **'우리 집만 문제가 생긴 건지' 아니면 '건물 전체 또는 주변 지역의 문제인지'를 먼저 파악하는 것이 핵심입니다.** 이 판단에 따라 대처 방법과 연락할 곳이 완전히 달라집니다.",87,아니오,,,,
2026-08-06-safety-auto-5817e5,"혼자 사는 당신, 태풍·호우·강풍 예보가 떴을 때: 갑작스러운 재해에 우리 집을 안전하게 지키는 현실적인 방법",https://honsamnote.co.kr/blog/2026-08-06-safety-auto-5817e5/,safety,안전·응급상황,안전; 응급상황; 재난대비; 자연재해; 1인가구,1인가구 재난대비; 태풍 대비; 호우 대비; 강풍 대비; 집 안전 점검; 비상용품,"혼자 사는 당신, 태풍·호우·강풍 예보가 떴을 때: 갑작스러운 재해에 우리 집을 안전하게 지키는 현실적인 방법 | 혼삶노트","혼자 사는 당신을 위한 태풍, 호우, 강풍 등 악천후 대비 가이드. 우리 집 안전 점검부터 비상용품 준비, 행동 요령까지 단계별로 알아보고 불안감을 해소하세요.",체크형,1인가구 재난대비,태풍 대비; 호우 대비; 강풍 대비; 집 안전 점검; 비상용품,낮음,응급상황 대처,예,예,예,2026-07-31-safety-73; 2026-08-01-safety-auto-0466e2; 2026-08-01-safety-auto-0e6262; 2026-08-06-safety-auto-d2f981; 2026-08-07-safety-auto-22735c; 2026-08-08-safety-auto-fcd8d6,아니오,유지,1인가구 재난대비 체크리스트,"갑작스러운 악천후 예보에 당황하더라도, 은 미리 대비하면 충분히 안전하게 집을 지킬 수 있습니다.",87,아니오,,,,
2026-08-06-safety-auto-8dc9e3,"혼자 사는 당신, 스마트 기기 많아 정전에 불안하다면? 휴대용 파워뱅크 vs. UPS, 나에게 맞는 정전 대비책은?",https://honsamnote.co.kr/blog/2026-08-06-safety-auto-8dc9e3/,safety,안전·응급상황,안전·응급상황; 정전대비; 1인가구; 스마트홈; 파워뱅크; UPS,1인가구 정전; 스마트홈 정전; 휴대용 파워뱅크; UPS; 비상전력; 정전 대비,"혼자 사는 당신, 스마트 기기 많아 정전에 불안하다면? 휴대용 파워뱅크 vs. UPS, 나에게 맞는 정전 대비책은? | 혼삶노트","혼자 사는 당신의 스마트 홈, 갑작스러운 정전에도 끊김 없이 유지하는 방법! 휴대용 파워뱅크와 UPS 중 나에게 맞는 정전 대비책을 현실적인 기준으로 비교 분석해 드립니다.",질문형,1인가구 정전,스마트홈 정전; 휴대용 파워뱅크; UPS; 비상전력; 정전 대비,낮음,응급상황 대처,예,예,예,2026-07-31-safety-73; 2026-08-01-safety-auto-0466e2; 2026-08-01-safety-auto-0e6262; 2026-08-06-safety-auto-5817e5; 2026-08-06-safety-auto-d2f981; 2026-08-06-safety-auto-ec7c17,아니오,유지,1인가구 정전 알아보기,혼자 사는 스마트한 당신에게 갑작스러운 정전은 큰 골칫거리입니다.,87,아니오,,,,
2026-08-06-safety-auto-97b7d5,"혼자 사는 당신, 외출 중 지갑이나 신분증을 잃어버렸을 때: 당황하지 않고 개인정보와 재산을 지키는 최단기 대처법",https://honsamnote.co.kr/blog/2026-08-06-safety-auto-97b7d5/,safety,안전·응급상황,안전; 응급상황; 재산보호; 개인정보; 지갑분실; 신분증분실,지갑 잃어버렸을 때; 신분증 분실; 카드 정지; 주민등록증 재발급; 운전면허증 재발급; 개인정보 유출,"혼자 사는 당신, 외출 중 지갑이나 신분증을 잃어버렸을 때: 당황하지 않고 개인정보와 재산을 지키는 최단기 대처법 | 혼삶노트","혼자 사는 당신에게 지갑, 신분증 분실은 재산과 개인정보 유출의 위험을 넘어 큰 불안감으로 다가옵니다. 당황하지 않고 가장 빠르게 대처하여 피해를 최소화하는 현실적인 방법을 안내합니다.",문제해결형,지갑 잃어버렸을 때,신분증 분실; 카드 정지; 주민등록증 재발급; 운전면허증 재발급; 개인정보 유출,낮음,응급상황 대처,예,예,예,2026-08-07-safety-auto-0d1c1b; 2026-07-30-safety-34; 2026-07-30-safety-41; 2026-07-31-safety-72; 2026-07-31-safety-73; 2026-08-01-safety-auto-0466e2,아니오,유지,지갑 잃어버렸을 때 해결 방법,"지갑이나 신분증 분실을 인지한 즉시, **가장 먼저 모든 금융카드(신용/체크카드)와 현금카드(은행별)를 정지시키고, 신분증 분실 신고를 하는 것이 최우선**입니다.",87,예,,,,
2026-08-06-safety-auto-9df39e,"혼자 사는 당신, 집에서 갑자기 심각한 응급 증상이 나타났을 때: 119 신고부터 응급실 도착 전까지 대처법",https://honsamnote.co.kr/blog/2026-08-06-safety-auto-9df39e/,safety,안전·응급상황,1인 가구 안전; 응급상황 대처; 119 신고; 심장 마비; 뇌졸중; 응급실 준비,1인 가구 응급; 혼자 살다 아플 때; 심각한 증상 119; 응급 상황 대처법; 집에서 응급; 응급상황 준비물,"혼자 사는 당신, 집에서 갑자기 심각한 응급 증상이 나타났을 때: 119 신고부터 응급실 도착 전까지 대처법 | 혼삶노트","혼자 사는 집에서 갑작스러운 심장 마비, 뇌졸중 등 심각한 응급 증상이 나타났을 때, 당황하지 않고 119 신고부터 응급실 도착 전까지 안전하게 대처하는 현실적인 방법을 알려드립니다.",문제해결형,1인 가구 응급,혼자 살다 아플 때; 심각한 증상 119; 응급 상황 대처법; 집에서 응급; 응급상황 준비물,낮음,응급상황 대처,예,예,예,2026-07-30-safety-33; 2026-08-01-safety-auto-a71046; 2026-08-01-safety-auto-1a5c71; 2026-08-03-safety-auto-75476d; 2026-08-06-safety-auto-063890; 2026-08-06-safety-auto-0b96ff,아니오,유지,1인 가구 응급 해결 방법,"집에서 갑자기 가슴 통증, 심한 호흡 곤란, 신체 일부 마비, 심한 출혈, 의식 저하와 같이 생명에 위협이 되거나 심각한 장애를 유발할 수 있는 응급 증상이 나타났다면, **망설이지 말고 즉시 119에 신고해야 합니다.** 스스로 병원에 가려고 시도하거나 시간을 지체하면 안…",87,아니오,,,,
2026-08-06-safety-auto-b04dc4,"혼자 사는 당신, 욕실/주방 배수구가 갑자기 막혀 물이 역류할 때: 당황하지 않고 안전하게 막고 해결하는 현실적인 방법",https://honsamnote.co.kr/blog/2026-08-06-safety-auto-b04dc4/,safety,안전·응급상황,배수구 막힘; 역류; 응급상황; 1인 가구 안전; 생활 팁,배수구 막혔을 때; 싱크대 역류; 욕실 물 역류; 배수관 막힘; 1인 가구 배관 문제,"혼자 사는 당신, 욕실/주방 배수구가 갑자기 막혀 물이 역류할 때: 당황하지 않고 안전하게 막고 해결하는 현실적인 방법 | 혼삶노트","샤워 중 물이 발목까지 차오르거나 설거지 도중 싱크대 물이 역류한다면? 혼자 사는 당신을 위한 배수구 막힘 응급 대처법과 해결 순서, 예방 팁까지 현실적으로 알려드립니다.",방법형,배수구 막혔을 때,싱크대 역류; 욕실 물 역류; 배수관 막힘; 1인 가구 배관 문제,낮음,응급상황 대처,예,예,예,2026-08-01-safety-auto-1a5c71; 2026-08-03-safety-auto-75476d; 2026-08-06-safety-auto-063890; 2026-08-06-safety-auto-0b96ff; 2026-07-30-safety-33; 2026-07-30-safety-34,아니오,유지,배수구 막혔을 때 방법,"물이 넘치기 시작한다면 가장 먼저 할 일은 물 사용을 즉시 중단하고, 세면대나 싱크대의 팝업 마개(배수구 마개)를 닫아 추가적인 역류를 막는 것입니다.",87,아니오,,,,
2026-08-06-safety-auto-b35351,"혼자 사는 당신, 예상치 못한 방문자가 '점검왔다'며 현관문을 두드릴 때: 신분 확인부터 안전한 응대까지 현실적인 대처법",https://honsamnote.co.kr/blog/2026-08-06-safety-auto-b35351/,safety,안전·응급상황,1인가구안전; 현관보안; 낯선방문자; 사칭주의; 응급상황대처,1인 가구; 방문자 응대; 현관문; 안전 대처; 사칭; 집 지키기,"혼자 사는 당신, 예상치 못한 방문자가 '점검왔다'며 현관문을 두드릴 때: 신분 확인부터 안전한 응대까지 현실적인 대처법 | 혼삶노트","혼자 사는 집, 갑자기 현관문을 두드리는 낯선 방문자 때문에 불안하신가요? 신분 확인부터 안전한 응대까지, 1인 가구를 위한 현실적인 대처법을 알려드립니다.",체크형,1인 가구,방문자 응대; 현관문; 안전 대처; 사칭; 집 지키기,낮음,응급상황 대처,예,예,아니오,2026-07-30-safety-33; 2026-08-04-safety-auto-ceca45; 2026-08-11-safety-auto-197473; 2026-07-30-safety-34; 2026-07-30-safety-36; 2026-07-30-safety-41,아니오,유지,1인 가구 체크리스트,예상치 못한 방문자가 문을 두드릴 때는 **절대 문을 먼저 열지 마세요.** 외부 침입 시도는 의외로 간단한 상황에서 시작됩니다.,87,아니오,,,,
2026-08-06-safety-auto-d2f981,"혼자 사는 당신, 늦은 밤 귀갓길 불안할 때? 호신용 경보기 vs. 스마트폰 호신 앱, 나에게 맞는 선택은?",https://honsamnote.co.kr/blog/2026-08-06-safety-auto-d2f981/,safety,안전·응급상황,1인가구; 안전; 귀갓길; 호신용품; 호신앱; 응급상황,1인 가구 안전; 호신용 경보기; 호신 앱; 밤길 안전; 귀가 안전; 스마트폰 호신; 비상벨,"혼자 사는 당신, 늦은 밤 귀갓길 불안할 때? 호신용 경보기 vs. 스마트폰 호신 앱, 나에게 맞는 선택은? | 혼삶노트","혼자 사는 1인 가구를 위한 현실적인 귀갓길 안전 가이드. 물리적 호신용 경보기와 스마트폰 호신 앱의 장단점을 비교하고, 당신의 라이프스타일에 맞는 최적의 선택 기준을 제시합니다.",질문형,1인 가구 안전,호신용 경보기; 호신 앱; 밤길 안전; 귀가 안전; 스마트폰 호신; 비상벨,낮음,응급상황 대처,예,예,아니오,2026-08-01-safety-auto-0466e2; 2026-07-30-safety-34; 2026-07-30-safety-41; 2026-08-04-safety-auto-ceca45; 2026-08-06-safety-auto-0b96ff; 2026-08-06-safety-auto-ec7c17,아니오,유지,1인 가구 안전 알아보기,늦은 밤 귀갓길 불안감을 해소하기 위한 대표적인 방법으로는 **'호신용 경보기'**와 **'스마트폰 호신 앱'**이 있습니다.,87,아니오,,,,
2026-08-06-storage-auto-19a86d,"1인 가구 직장인, 좁은 원룸 '새 가구' 하나 들여도 수납 고민이라면? '다기능 수납 가구' 똑똑하게 고르는 현실 가이드",https://honsamnote.co.kr/blog/2026-08-06-storage-auto-19a86d/,storage,좁은 집과 수납,1인 가구; 원룸 수납; 좁은 집 수납; 다기능 가구; 수납 가구 선택,1인 가구 수납 가구; 좁은 원룸 가구; 다기능 가구 추천; 수납 침대; 수납 테이블,"1인 가구 직장인, 좁은 원룸 '새 가구' 하나 들여도 수납 고민이라면? '다기능 수납 가구' 똑똑하게 고르는 현실 가이드 | 혼삶노트",좁은 원룸에서 가구를 고를 때마다 수납 걱정에 지친 1인 가구 직장인이라면 주목! 새로운 가구 하나로 수납까지 해결하는 다기능 수납 가구 선택 기준을 알려드립니다.,질문형,1인 가구 수납 가구,좁은 원룸 가구; 다기능 가구 추천; 수납 침대; 수납 테이블,낮음,원룸 전체 수납,예,예,예,2026-08-06-storage-auto-d7c10d; 2026-08-08-storage-auto-15969c; 2026-08-08-storage-auto-24e806; 2026-08-11-storage-auto-80b064; 2026-07-30-storage-18; 2026-08-01-storage-auto-387eaf,아니오,유지,1인 가구 수납 가구 알아보기,"좁은 집에서 새로운 가구를 들여야 한다면, 단순히 '멋진 가구'가 아니라 '공간을 절약하고 수납까지 해결해 주는 다기능 수납 가구'를 우선순위에 두어야 합니다.",87,아니오,,,,
2026-08-06-storage-auto-53c51c,"1인 가구 직장인, 좁은 틈새 공간, 버려두기 아깝다면? '초슬림 틈새 선반' vs '모듈형 스택킹 수납', 현명하게 고르는 법 비교",https://honsamnote.co.kr/blog/2026-08-06-storage-auto-53c51c/,storage,좁은 집과 수납,좁은 집; 수납; 틈새 공간; 1인 가구; 정리정돈; 인테리어,1인 가구 틈새 수납; 초슬림 선반; 모듈형 수납; 좁은 공간 활용; 스택킹 수납; 원룸 정리,"1인 가구 직장인, 좁은 틈새 공간, 버려두기 아깝다면? '초슬림 틈새 선반' vs '모듈형 스택킹 수납', 현명하게 고르는 법 비교 | 혼삶노트",좁은 원룸의 애매한 틈새 공간을 활용하고 싶다면? 초슬림 틈새 선반과 모듈형 스택킹 수납 중 당신에게 딱 맞는 솔루션을 찾는 현실적인 판단 기준을 제시합니다.,질문형,1인 가구 틈새 수납,초슬림 선반; 모듈형 수납; 좁은 공간 활용; 스택킹 수납; 원룸 정리,낮음,원룸 전체 수납,예,예,아니오,2026-08-01-storage-auto-316ab0; 2026-08-01-storage-auto-f1fb81; 2026-08-07-storage-auto-3c236f; 2026-08-07-storage-auto-6dca4b; 2026-08-07-storage-auto-ee20dc; 2026-07-30-storage-24,아니오,유지,1인 가구 틈새 수납 알아보기,"좁은 집의 애매한 틈새 공간을 최적화하려면, '초슬림 틈새 선반'과 '모듈형 스택킹 수납' 중 하나를 선택해야 합니다.",87,아니오,,,,
2026-08-06-storage-auto-5477a3,"좁은 원룸, 매번 다림질에 한숨 쉬는 1인 가구라면? '다리미판 vs 스팀다리미' 현명하게 고르는 법",https://honsamnote.co.kr/blog/2026-08-06-storage-auto-5477a3/,storage,좁은 집과 수납,1인 가구; 좁은 집; 수납; 살림팁; 다림질; 가전제품 비교,1인 가구 다림질; 좁은 집 다리미; 스팀다리미 추천; 다리미판 보관; 좁은 원룸 생활,"좁은 원룸, 매번 다림질에 한숨 쉬는 1인 가구라면? '다리미판 vs 스팀다리미' 현명하게 고르는 법 | 혼삶노트","좁은 집에서 매번 다리미판 꺼내고 보관하기 힘들다면? 1인 가구의 라이프스타일에 맞춰 다리미판과 스팀다리미 중 어떤 것이 더 효율적인지, 현실적인 판단 기준과 사용 팁을 비교 분석합니다.",질문형,1인 가구 다림질,좁은 집 다리미; 스팀다리미 추천; 다리미판 보관; 좁은 원룸 생활,낮음,원룸 전체 수납,예,예,아니오,2026-07-30-storage-24; 2026-08-01-storage-auto-316ab0; 2026-08-01-storage-auto-c54f86; 2026-08-01-storage-auto-f1fb81; 2026-08-04-storage-auto-06061f; 2026-08-05-storage-auto-c8c36f,아니오,유지,1인 가구 다림질 알아보기,"결론부터 말씀드리자면, '어떤 옷을, 얼마나 자주, 어떻게 다릴지'에 따라 좁은 집 1인 가구에게 최적의 다림질 도구는 달라집니다.",87,아니오,,,,
2026-08-06-storage-auto-bb011a,"1인 가구 직장인, 대용량 생활용품 좁은 집에 쌓아두다 발 디딜 틈 없다면? 똑똑하게 수납하고 현명하게 비축하는 현실 가이드",https://honsamnote.co.kr/blog/2026-08-06-storage-auto-bb011a/,storage,좁은 집과 수납,1인 가구 수납; 대용량 생활용품; 원룸 수납; 좁은 집 정리; 생활용품 비축; 화장실 수납; 다용도실 수납; 효율적인 보관,1인 가구 대용량 구매; 원룸 생활용품 보관; 화장지 수납; 세제 보관; 샴푸 보관; 비축량 관리,"1인 가구 직장인, 대용량 생활용품 좁은 집에 쌓아두다 발 디딜 틈 없다면? 똑똑하게 수납하고 현명하게 비축하는 현실 가이드 | 혼삶노트",좁은 원룸에 대용량 생활용품 쌓아둘 공간 없어 고민인가요? 효율적인 보관법과 합리적인 비축량 기준을 제시하여 시간과 돈을 아끼는 1인 가구 맞춤 수납 전략을 소개합니다.,질문형,1인 가구 대용량 구매,원룸 생활용품 보관; 화장지 수납; 세제 보관; 샴푸 보관; 비축량 관리,낮음,원룸 전체 수납,예,예,아니오,2026-08-07-storage-auto-4a268b; 2026-08-01-storage-auto-39ae63; 2026-08-06-storage-auto-c25261; 2026-08-06-storage-auto-ee77b8; 2026-08-08-storage-auto-276b92; 2026-07-30-storage-21,아니오,유지,1인 가구 대용량 구매 알아보기,"좁은 집에 대용량 생활용품을 효율적으로 보관하고 싶다면, 무조건 싸다고 많이 사는 것보다",87,아니오,,,,
2026-08-06-storage-auto-c14a3a,"1인 가구 직장인, 중요한 서류와 영수증이 책상 위에 쌓여 답답하다면? 좁은 원룸 '종이 쓰레기' 없이 깔끔하게 보관하는 현실 수납법",https://honsamnote.co.kr/blog/2026-08-06-storage-auto-c14a3a/,storage,좁은 집과 수납,1인 가구; 직장인; 좁은 집; 수납; 서류 정리; 페이퍼리스,1인 가구 서류 정리; 원룸 수납; 종이 쓰레기; 영수증 보관; 중요 서류 보관; 페이퍼리스,"1인 가구 직장인, 중요한 서류와 영수증이 책상 위에 쌓여 답답하다면? 좁은 원룸 '종이 쓰레기' 없이 깔끔하게 보관하는 현실 수납법 | 혼삶노트",혼자 사는 직장인이라면 공감할 서류 더미 스트레스! 좁은 원룸 책상 위를 차지한 각종 종이들을 똑똑하게 분류하고 보관해 시간과 공간을 아끼는 현실적인 방법을 안내합니다.,질문형,1인 가구 서류 정리,원룸 수납; 종이 쓰레기; 영수증 보관; 중요 서류 보관; 페이퍼리스,낮음,원룸 전체 수납,예,예,아니오,2026-07-30-storage-24; 2026-08-07-storage-auto-6dca4b; 2026-08-13-storage-auto-92e3bb; 2026-08-04-storage-auto-06061f; 2026-08-06-storage-auto-239c0d; 2026-08-07-storage-auto-ee20dc,아니오,유지,1인 가구 서류 정리 알아보기,"지금 당장 쌓인 종이 더미를 해결하고 싶다면, 가장 먼저 **모든 종이를 세 덩어리로 나누는 것**부터 시작하세요.",87,아니오,,,,
2026-08-06-storage-auto-c25261,"1인 가구 직장인, 좁은 집 서랍 속 '잃어버린 물건' 찾다 시간 다 보낸다면? 칸막이형 vs 낱개 수납 용기, 현명하게 고르는 법",https://honsamnote.co.kr/blog/2026-08-06-storage-auto-c25261/,storage,좁은 집과 수납,1인 가구 수납; 서랍 정리; 칸막이 정리함; 낱개 수납 용기; 좁은 집 정리; 시간 절약; 공간 활용; 미니멀 라이프,1인 가구 서랍 정리; 서랍 칸막이; 서랍 수납함; 좁은 집 서랍; 효율적인 수납; 직장인 수납,"1인 가구 직장인, 좁은 집 서랍 속 '잃어버린 물건' 찾다 시간 다 보낸다면? 칸막이형 vs 낱개 수납 용기, 현명하게 고르는 법 | 혼삶노트",좁은 서랍 속 물건이 뒤섞여 답답한 1인 가구 직장인을 위한 가이드. 칸막이형 서랍 정리함과 낱개 수납 용기의 장단점을 비교하여 내게 꼭 맞는 효율적인 서랍 정리법을 제시합니다. 시간과 공간을 최적화하세요.,질문형,1인 가구 서랍 정리,서랍 칸막이; 서랍 수납함; 좁은 집 서랍; 효율적인 수납; 직장인 수납,낮음,원룸 전체 수납,예,예,예,2026-08-01-storage-auto-39ae63; 2026-08-04-storage-auto-225475; 2026-08-06-storage-auto-bb011a; 2026-08-06-storage-auto-ee77b8; 2026-08-07-storage-auto-4a268b; 2026-08-01-storage-auto-316ab0,아니오,유지,1인 가구 서랍 정리 알아보기,"서랍 정리에 앞서, 서랍에 무엇을 넣을지, 얼마나 자주 꺼내 쓸지 먼저 확인해야 합니다.",87,아니오,,,,
2026-08-06-storage-auto-d7c10d,"1인 가구 직장인, 좁은 원룸 '어딘가 어중간한 물건'에 발 걸린다면? 버려지는 틈새 공간, 숨은 수납력으로 바꾸는 현실 가이드",https://honsamnote.co.kr/blog/2026-08-06-storage-auto-d7c10d/,storage,좁은 집과 수납,1인 가구; 좁은 집 수납; 원룸 수납; 틈새 공간 활용; 생활 최적화,1인 가구 수납; 좁은 공간 수납; 원룸 틈새; 죽은 공간 활용; 어중간한 물건 정리,"1인 가구 직장인, 좁은 원룸 '어딘가 어중간한 물건'에 발 걸린다면? 버려지는 틈새 공간, 숨은 수납력으로 바꾸는 현실 가이드 | 혼삶노트","좁은 원룸에서 어디에 둬야 할지 몰라 방치되는 어중간한 물건들, 이제 발에 걸리지 않게 정리하세요. 버려지던 틈새 공간을 찾아 숨은 수납력을 극대화하는 현실적인 방법을 알려드립니다.",질문형,1인 가구 수납,좁은 공간 수납; 원룸 틈새; 죽은 공간 활용; 어중간한 물건 정리,낮음,원룸 전체 수납,예,예,예,2026-08-08-storage-auto-24e806; 2026-08-11-storage-auto-80b064; 2026-08-01-storage-auto-39ae63; 2026-08-03-storage-auto-45d4eb; 2026-08-06-storage-auto-11ba62; 2026-08-07-storage-auto-fcc47d,아니오,유지,1인 가구 수납 알아보기,"좁은 원룸에서 '어중간한 물건'들이 발에 걸린다면, 크고 비싼 가구를 들일 필요",87,아니오,,,,
2026-08-07-cleaning-auto-1c4212,"혼자 사는 당신, 꿉꿉한 빨래와 습기 고민 한 방에? 건조기 vs 제습기, 현명한 선택 기준",https://honsamnote.co.kr/blog/2026-08-07-cleaning-auto-1c4212/,cleaning,청소·세탁·집안일,빨래건조; 제습; 습기관리; 가전비교; 1인가구생활,건조기; 제습기; 1인 가구 빨래; 원룸 습기; 효율적인 빨래,"혼자 사는 당신, 꿉꿉한 빨래와 습기 고민 한 방에? 건조기 vs 제습기, 현명한 선택 기준 | 혼삶노트",좁은 원룸에서 빨래 건조와 습기 관리에 스트레스받는 1인 가구를 위한 현실 가이드. 건조기와 제습기 중 당신에게 더 맞는 해결책을 찾아드립니다.,질문형,건조기,제습기; 1인 가구 빨래; 원룸 습기; 효율적인 빨래,낮음,세탁·옷관리,예,예,아니오,2026-08-01-cleaning-auto-070bfd; 2026-08-04-cleaning-auto-123d17; 2026-08-06-cleaning-auto-f4b529; 2026-08-10-cleaning-auto-aeb4a0; 2026-07-30-cleaning-28; 2026-07-30-cleaning-32,아니오,유지,건조기 알아보기｜청소·세탁·집안일,의 빨래 건조와 습기 관리 문제는 **'건조 속도'와 '종합적인 습기 제거' 중 무엇을 더 중요하게 여기는지**에 따라 답이 달라집니다.,87,아니오,,,,
2026-08-07-cleaning-auto-5100a8,"혼자 사는 당신, '드라이클리닝 전용' 라벨 옷, 세탁소 없이 집에서 안전하게 세탁하는 현실 가이드",https://honsamnote.co.kr/blog/2026-08-07-cleaning-auto-5100a8/,cleaning,청소·세탁·집안일,1인 가구 세탁; 드라이클리닝; 홈드라이; 옷 관리; 절약 팁,혼자 사는 세탁; 드라이클리닝 대체; 집에서 드라이클리닝; 1인 가구 옷 관리; 세탁 비용 절약,"혼자 사는 당신, '드라이클리닝 전용' 라벨 옷, 세탁소 없이 집에서 안전하게 세탁하는 현실 가이드 | 혼삶노트","비싼 드라이클리닝 비용, 이제 그만! '드라이클리닝 전용' 옷도 집에서 옷감 손상 없이 세탁할 수 있습니다. 시간과 돈을 아끼는 1인 가구 만의 스마트 세탁법을 알려드립니다.",비용형,혼자 사는 세탁,드라이클리닝 대체; 집에서 드라이클리닝; 1인 가구 옷 관리; 세탁 비용 절약,낮음,세탁·옷관리,예,예,아니오,2026-07-30-cleaning-28; 2026-08-01-cleaning-auto-2b8bbd; 2026-08-04-cleaning-auto-123d17; 2026-08-06-cleaning-auto-17f2ed; 2026-08-06-cleaning-auto-530ba0; 2026-08-06-cleaning-auto-eb5789,아니오,유지,혼자 사는 세탁 비용 정리,대부분의 '드라이클리닝 전용'으로 표기된 옷들은 실제로는 집에서 **중성세제를 이용한 손세탁**이 가능합니다.,87,아니오,,,,
2026-08-07-cleaning-auto-e52e72,"혼자 사는 당신, 퀘퀘한 커튼 먼지 냄새? 좁은 집에서도 쾌적하게 만드는 현실적인 세탁·청소법",https://honsamnote.co.kr/blog/2026-08-07-cleaning-auto-e52e72/,cleaning,청소·세탁·집안일,커튼청소; 셀프세탁; 집안일; 1인가구청소; 실내공기,커튼 먼지 제거; 커튼 세탁 주기; 커튼 냄새; 1인 가구 커튼 청소; 좁은 집 커튼 건조,"혼자 사는 당신, 퀘퀘한 커튼 먼지 냄새? 좁은 집에서도 쾌적하게 만드는 현실적인 세탁·청소법 | 혼삶노트","혼자 사는 당신의 방을 퀘퀘하게 만드는 커튼 먼지. 무겁고 번거로운 커튼 세탁, 좁은 집에서도 냄새와 먼지를 한 번에 잡는 현실적인 청소·세탁법을 알려드립니다.",질문형,커튼 먼지 제거,커튼 세탁 주기; 커튼 냄새; 1인 가구 커튼 청소; 좁은 집 커튼 건조,낮음,세탁·옷관리,예,예,예,2026-07-31-cleaning-74; 2026-08-01-cleaning-auto-b67a07; 2026-08-06-cleaning-auto-f4b529; 2026-08-08-cleaning-auto-e0020a; 2026-08-10-cleaning-auto-aeb4a0; 2026-07-30-cleaning-28,아니오,유지,커튼 먼지 제거 알아보기,커튼의 퀘퀘한 냄새와 먼지는 공기 질 악화와 직결됩니다.,87,아니오,,,,
2026-08-07-cleaning-auto-ef484e,"혼자 사는 당신, 찝찝한 베개와 이불, 언제 어떻게 빨아야 할까요? 수면의 질을 높이는 침구류 세탁/관리 현실 가이드",https://honsamnote.co.kr/blog/2026-08-07-cleaning-auto-ef484e/,cleaning,청소·세탁·집안일,1인 가구; 침구류 세탁; 베개 세탁; 이불 세탁; 집안일 루틴; 청소 팁,1인 가구 침구 세탁; 베개 세탁 주기; 이불 세탁법; 매트리스 커버; 침구 위생; 진드기 예방,"혼자 사는 당신, 찝찝한 베개와 이불, 언제 어떻게 빨아야 할까요? 수면의 질을 높이는 침구류 세탁/관리 현실 가이드 | 혼삶노트","혼자 사는 당신의 침구류, 언제 어떻게 빨아야 할지 막막하셨죠? 베개부터 이불까지, 소재별 세탁 주기와 관리법으로 쾌적한 잠자리를 되찾으세요.",질문형,1인 가구 침구 세탁,베개 세탁 주기; 이불 세탁법; 매트리스 커버; 침구 위생; 진드기 예방,낮음,세탁·옷관리,예,예,예,2026-07-30-cleaning-32; 2026-08-01-cleaning-auto-070bfd; 2026-08-01-cleaning-auto-2b8bbd; 2026-08-01-cleaning-auto-b67a07; 2026-08-06-cleaning-auto-07ebe3; 2026-08-06-cleaning-auto-530ba0,아니오,유지,1인 가구 침구 세탁 알아보기,"의 침구류, 소재와 사용 빈도에 따라 세탁 주기를 명확히 정하고 지키는 것이 핵심입니다.",87,아니오,,,,
2026-08-07-cost-auto-0c25d9,"혼자 사는 직장인, 매달 알게 모르게 새는 퍼스널 케어 비용! 나에게 딱 맞는 '스마트 지출'로 피부도 지갑도 지키는 법",https://honsamnote.co.kr/blog/2026-08-07-cost-auto-0c25d9/,cost,생활비 최적화,1인 가구; 생활비 절약; 퍼스널 케어; 화장품 비용; 스마트 소비,1인 가구 생활비; 직장인 생활비; 퍼스널 케어 제품; 화장품 비용 절약; 스마트 쇼핑,"혼자 사는 직장인, 매달 알게 모르게 새는 퍼스널 케어 비용! 나에게 딱 맞는 '스마트 지출'로 피부도 지갑도 지키는 법 | 혼삶노트","바쁜 1인 가구 직장인, 매달 피부와 몸을 위한 지출이 생각보다 크지 않나요? 이 글에서 불필요한 퍼스널 케어 비용을 줄이고, 나에게 꼭 맞는 제품을 현명하게 선택해 시간과 돈을 절약하는 현실적인 방법을 알려드립니다.",비용형,1인 가구 생활비,직장인 생활비; 퍼스널 케어 제품; 화장품 비용 절약; 스마트 쇼핑,낮음,생활비 절약 전반,예,예,예,2026-08-01-cost-auto-9c7467; 2026-07-30-cost-6; 2026-08-01-cost-auto-8e14b1; 2026-08-01-cost-auto-eacedc; 2026-08-01-cost-auto-f9f9ca; 2026-08-03-cost-auto-4d199c,아니오,유지,1인 가구 생활비 비용 정리,혼자 사는 직장인의 퍼스널 케어 비용을 최적화하는 핵심은 의외로 간단합니다.,87,예,,,,
2026-08-07-cost-auto-24b43b,"혼자 사는 직장인, 쌓여가는 먼지에 한숨만 나온다면? 로봇청소기 vs 일반 청소기, 내게 맞는 효율적인 청소법은?",https://honsamnote.co.kr/blog/2026-08-07-cost-auto-24b43b/,cost,생활비 최적화,생활비 최적화; 청소; 로봇청소기; 1인 가구; 시간 절약,1인 가구 청소; 로봇청소기 구매; 일반 청소기; 생활비 절약; 효율적인 청소,"혼자 사는 직장인, 쌓여가는 먼지에 한숨만 나온다면? 로봇청소기 vs 일반 청소기, 내게 맞는 효율적인 청소법은? | 혼삶노트","퇴근 후 지친 몸으로 청소할 엄두가 안 난다면? 로봇청소기와 일반 청소기 중 무엇이 나에게 더 효율적일지, 시간과 돈을 아끼는 현명한 선택 가이드를 알려드립니다.",질문형,1인 가구 청소,로봇청소기 구매; 일반 청소기; 생활비 절약; 효율적인 청소,낮음,생활비 절약 전반,예,예,아니오,2026-08-01-cost-auto-4a41b3; 2026-08-03-cost-auto-d01191; 2026-08-10-cost-auto-88aeb7; 2026-08-13-cost-auto-b1e536; 2026-08-05-cost-auto-e4ec33; 2026-08-06-cost-auto-3826dd,아니오,유지,1인 가구 청소 알아보기,혼자 사는 직장인의 청소 고민에 대한 결론은 '정답은 없다'입니다.,87,아니오,,,,
2026-08-07-cost-auto-811cef,"혼자 사는 직장인, 매일 쓰는 일회용품 쌓일 때마다 낭비 같아서 불안하다면? 다회용품 vs 일회용품, 내게 맞는 최적의 선택 기준",https://honsamnote.co.kr/blog/2026-08-07-cost-auto-811cef/,cost,생활비 최적화,생활비최적화; 1인가구팁; 살림노하우; 환경보호; 미니멀라이프,일회용품 줄이기; 다회용품 선택; 생활비 절약; 1인 가구 살림; 지속가능한 소비,"혼자 사는 직장인, 매일 쓰는 일회용품 쌓일 때마다 낭비 같아서 불안하다면? 다회용품 vs 일회용품, 내게 맞는 최적의 선택 기준 | 혼삶노트",혼자 사는 직장인이라면 편리함과 낭비 사이에서 일회용품 구매를 고민하셨을 텐데요. 내 생활 습관과 사용 목적에 맞춰 다회용품과 일회용품 중 어떤 것이 더 합리적인지 판단하는 현실적인 기준을 제시합니다.,질문형,일회용품 줄이기,다회용품 선택; 생활비 절약; 1인 가구 살림; 지속가능한 소비,낮음,생활비 절약 전반,예,예,아니오,2026-08-09-cost-auto-80b3c9; 2026-08-01-cost-auto-4a41b3; 2026-08-03-cost-auto-d01191; 2026-08-05-cost-auto-e4ec33; 2026-08-06-cost-auto-3826dd; 2026-08-07-cost-auto-24b43b,아니오,유지,일회용품 줄이기 알아보기,"혼자 사는 직장인에게 ""무조건 일회용품을 쓰지 마라""거나 ""모든 것을 다회용품으로 바꿔라""고 강요하는 것은 현실성이 떨어집니다.",87,아니오,,,,
2026-08-07-cost-auto-846842,"혼자 사는 직장인, 예상치 못한 사고에 내 물건 다 날아갈까 봐 불안하다면? 1인 가구 주택화재보험(세입자 보험), 과연 돈 값 할까?",https://honsamnote.co.kr/blog/2026-08-07-cost-auto-846842/,cost,생활비 최적화,생활비 최적화; 1인 가구 보험; 주택화재보험; 세입자 보험; 재산 보호,1인 가구 주택화재보험; 세입자 보험 필요성; 자취 보험; 월세 보험; 전세 보험,"혼자 사는 직장인, 예상치 못한 사고에 내 물건 다 날아갈까 봐 불안하다면? 1인 가구 주택화재보험(세입자 보험), 과연 돈 값 할까? | 혼삶노트","나 혼자 산다고 안심했다가는 큰코다칩니다. 1인 가구에게도 주택화재보험, 특히 세입자라면 필수입니다. 내 소중한 재산과 배상 책임까지 지켜줄 보험, 똑똑하게 고르는 법을 알려드립니다.",질문형,1인 가구 주택화재보험,세입자 보험 필요성; 자취 보험; 월세 보험; 전세 보험,낮음,생활비 절약 전반,예,예,아니오,2026-08-01-cost-auto-0d71f8; 2026-08-01-cost-auto-44803f; 2026-08-01-cost-auto-4a41b3; 2026-08-01-cost-auto-9c7467; 2026-08-03-cost-auto-4d199c; 2026-08-03-cost-auto-749379,아니오,유지,1인 가구 주택화재보험 알아보기｜생활비 최적화,결론부터 말씀드립니다.,87,예,,,,
2026-08-07-cost-auto-b1ff82,"혼자 사는 직장인, 매달 나가는 미용실 비용이 부담된다면? 저렴한 동네 미용실 vs 프랜차이즈 vs 셀프, 후회 없는 선택 가이드",https://honsamnote.co.kr/blog/2026-08-07-cost-auto-b1ff82/,cost,생활비 최적화,생활비 최적화; 미용실 비용; 헤어 커트; 1인 가구 절약; 개인 관리비,1인 가구 미용실; 헤어 커트 비용; 생활비 절약; 셀프 커트; 프랜차이즈 미용실; 동네 미용실,"혼자 사는 직장인, 매달 나가는 미용실 비용이 부담된다면? 저렴한 동네 미용실 vs 프랜차이즈 vs 셀프, 후회 없는 선택 가이드 | 혼삶노트","1인 가구 직장인의 헤어 커트 고민 해결! 비싼 미용실부터 셀프 커트까지, 당신의 시간과 돈을 아끼는 최적의 선택 기준을 제시합니다.",질문형,1인 가구 미용실,헤어 커트 비용; 생활비 절약; 셀프 커트; 프랜차이즈 미용실; 동네 미용실,낮음,생활비 절약 전반,예,예,예,2026-08-01-cost-auto-4a41b3; 2026-08-03-cost-auto-d01191; 2026-08-05-cost-auto-e4ec33; 2026-08-06-cost-auto-3826dd; 2026-08-07-cost-auto-24b43b; 2026-08-08-cost-auto-770f4a,아니오,유지,1인 가구 미용실 알아보기,"혼자 사는 직장인의 헤어 커트 고민, 정답은 하나가 아닙니다.",87,예,,,,
2026-08-07-cost-auto-d674a8,"혼자 사는 직장인, 빨래 말리는 공간 없어 한숨만 나온다면? 건조기 vs 건조대, 나에게 맞는 후회 없는 선택 가이드",https://honsamnote.co.kr/blog/2026-08-07-cost-auto-d674a8/,cost,생활비 최적화,1인 가구; 생활비; 건조기; 건조대; 빨래,1인 가구 빨래; 건조기 추천; 건조대 효율; 빨래 건조 팁; 생활비 절약,"혼자 사는 직장인, 빨래 말리는 공간 없어 한숨만 나온다면? 건조기 vs 건조대, 나에게 맞는 후회 없는 선택 가이드 | 혼삶노트","좁은 원룸에서 빨래 건조는 늘 숙제죠. 1인 가구 직장인을 위한 건조기와 건조대, 어떤 선택이 시간과 돈을 아낄지 현실적인 기준과 해결법을 알려드립니다.",질문형,1인 가구 빨래,건조기 추천; 건조대 효율; 빨래 건조 팁; 생활비 절약,낮음,생활비 절약 전반,예,예,예,2026-08-01-cost-auto-4a41b3; 2026-08-03-cost-auto-d01191; 2026-08-07-cost-auto-24b43b; 2026-08-10-cost-auto-88aeb7; 2026-08-13-cost-auto-b1e536; 2026-07-29-cost-1,아니오,유지,1인 가구 빨래 알아보기,"당장 빨래 말릴 공간이 없어 스트레스를 받고 있다면, **우선 현재 주거 환경과 빨래량을 파악한 후, 최소 비용으로 효율을 높일 수 있는 '건조대+보조 장치' 조합부터 시작**해 보세요.",87,아니오,,,,
2026-08-07-cost-auto-efcd2f,"혼자 사는 직장인, 사랑하는 반려동물 병원비 폭탄 걱정된다면? 펫보험 vs 예방 관리, 내게 맞는 최적의 선택은?",https://honsamnote.co.kr/blog/2026-08-07-cost-auto-efcd2f/,cost,생활비 최적화,생활비 최적화; 반려동물; 펫보험; 예방 관리; 의료비 절약,1인 가구; 반려동물 병원비; 펫보험 필요성; 반려동물 예방 관리; 동물 의료비; 생활비 줄이기,"혼자 사는 직장인, 사랑하는 반려동물 병원비 폭탄 걱정된다면? 펫보험 vs 예방 관리, 내게 맞는 최적의 선택은? | 혼삶노트","혼자 사는 직장인의 반려동물 병원비 걱정, 펫보험 가입과 예방 관리 사이에서 어떤 선택을 해야 할지 현실적인 기준과 해결책을 제시합니다.",질문형,1인 가구,반려동물 병원비; 펫보험 필요성; 반려동물 예방 관리; 동물 의료비; 생활비 줄이기,낮음,생활비 절약 전반,예,예,아니오,2026-08-01-cost-auto-0d71f8; 2026-08-03-cost-auto-749379; 2026-08-11-cost-auto-bf7238; 2026-08-01-cost-auto-e9d2d3; 2026-08-05-cost-auto-9715f2; 2026-08-06-cost-auto-cfda8d,아니오,유지,1인 가구 알아보기,"사랑하는 반려동물의 병원비 걱정을 덜기 위한 가장 현명한 길은 **'예방 관리에 집중하며, 동시에 예상치 못한 큰 지출에 대비하는'** 것입니다.",87,예,,,,
2026-08-07-food-auto-0e8387,"1인 가구 직장인, 혼자 시킨 배달 음식 한 끼에 다 못 먹을 때: 버리지 않고 다음 끼니까지 알뜰하게 즐기는 현실적인 전략",https://honsamnote.co.kr/blog/2026-08-07-food-auto-0e8387/,food,혼밥·식재료 관리,1인 가구; 혼밥; 식재료 관리; 배달 음식; 음식물 쓰레기; 절약,1인 가구 배달 음식; 배달음식 소분; 남은 음식 보관; 배달음식 재활용; 혼밥 절약,"1인 가구 직장인, 혼자 시킨 배달 음식 한 끼에 다 못 먹을 때: 버리지 않고 다음 끼니까지 알뜰하게 즐기는 현실적인 전략 | 혼삶노트","혼자 시킨 배달 음식이 너무 많아 버리게 되나요? 1인 가구 직장인을 위한 배달 음식 소분, 보관, 재활용 노하우로 시간과 돈을 아끼고 죄책감 없이 즐기세요.",문제해결형,1인 가구 배달 음식,배달음식 소분; 남은 음식 보관; 배달음식 재활용; 혼밥 절약,낮음,식재료 낭비 줄이기,예,예,예,2026-07-30-food-12; 2026-07-30-food-13; 2026-07-30-food-16; 2026-08-09-food-auto-937ea1; 2026-08-01-food-auto-174113; 2026-08-01-food-auto-8c9a71,아니오,유지,1인 가구 배달 음식 해결 방법,"배달 음식이 도착하면 일단 먹을 만큼만 덜어 드시고, 나머지는 바로 밀폐 용기에 소분하여 냉장 또는 냉동 보관 계획을 세우세요.",87,아니오,,,,
2026-08-07-food-auto-13d75f,"1인 가구 직장인, 냉장고/팬트리 속 '유통기한 지난 미개봉 가공식품' 앞에서 망설일 때: 버릴까? 먹을까? 안전하게 판단하고 알뜰하게 활용하는 법",https://honsamnote.co.kr/blog/2026-08-07-food-auto-13d75f/,food,혼밥·식재료 관리,혼밥; 식재료관리; 유통기한; 소비기한; 미개봉식품; 음식물쓰레기; 1인가구팁,1인 가구 식재료; 유통기한 지난 음식; 미개봉 가공식품; 혼밥 식재료 관리; 소비기한; 알뜰 살림,"1인 가구 직장인, 냉장고/팬트리 속 '유통기한 지난 미개봉 가공식품' 앞에서 망설일 때: 버릴까? 먹을까? 안전하게 판단하고 알뜰하게 활용하는 법 | 혼삶노트","유통기한이 지난 미개봉 가공식품 앞에서 망설이는 1인 가구 직장인을 위한 가이드입니다. 버리기 아까운 음식, 소비기한과 유통기한의 차이를 정확히 알고 안전하게 판단하여 알뜰하게 소비하는 현실적인 방법을 알려드립니다.",질문형,1인 가구 식재료,유통기한 지난 음식; 미개봉 가공식품; 혼밥 식재료 관리; 소비기한; 알뜰 살림,낮음,식재료 낭비 줄이기,예,예,예,2026-08-01-food-auto-0ac183; 2026-08-07-food-auto-44e578; 2026-08-01-food-auto-174113; 2026-08-01-food-auto-6b8a79; 2026-08-03-food-auto-f85a75; 2026-08-07-food-auto-bb56bf,아니오,유지,1인 가구 식재료 알아보기,"유통기한이 지난 미개봉 가공식품 앞에서 망설이는 을 위한 가이드입니다. 버리기 아까운 음식, 소비기한과 유통기한의 차이를 정확히 알고 안전하게 판단하여 알뜰하게 소비하는 .",87,아니오,,,,
2026-08-07-food-auto-44e578,"1인 가구 직장인, 특별한 요리 위해 산 비싼 식재료, 남은 거 버릴까 말까? 알뜰하게 다 쓰는 현실적인 전략",https://honsamnote.co.kr/blog/2026-08-07-food-auto-44e578/,food,혼밥·식재료 관리,혼밥; 식재료관리; 낭비방지; 1인_가구_꿀팁; 알뜰살림,1인 가구 식재료; 남은 식재료 활용; 비싼 식재료; 식재료 낭비; 알뜰 요리,"1인 가구 직장인, 특별한 요리 위해 산 비싼 식재료, 남은 거 버릴까 말까? 알뜰하게 다 쓰는 현실적인 전략 | 혼삶노트","특별한 한 끼를 위해 큰맘 먹고 산 비싼 식재료, 한 번 쓰고 냉장고에서 시들어가는 걸 보면 아깝죠. 버리지 않고 끝까지 알뜰하게 활용하는 1인 가구를 위한 현실적인 가이드입니다.",질문형,1인 가구 식재료,남은 식재료 활용; 비싼 식재료; 식재료 낭비; 알뜰 요리,낮음,식재료 낭비 줄이기,예,예,아니오,2026-08-13-food-auto-05f1fc; 2026-08-01-food-auto-0ac183; 2026-08-07-food-auto-13d75f; 2026-08-07-food-auto-f5cf37; 2026-08-01-food-auto-174113; 2026-08-01-food-auto-6b8a79,아니오,유지,1인 가구 식재료 알아보기,"남은 비싼 식재료, 당장 버리지 마세요!",87,아니오,,,,
2026-08-07-lifestyle-auto-0b115c,"혼자 사는 직장인, 혼자 끙끙 앓는 마음의 짐? 전문 상담 vs. 익명 커뮤니티, 나에게 맞는 감정 해소법",https://honsamnote.co.kr/blog/2026-08-07-lifestyle-auto-0b115c/,lifestyle,관계·고립·생활 리듬,1인 가구; 직장인; 정신 건강; 심리 상담; 익명 커뮤니티; 관계; 고립; 생활 리듬,1인 가구 감정 해소; 혼자 사는 직장인 외로움; 심리 상담 비용; 온라인 커뮤니티 정신 건강; 나에게 맞는 상담; 직장인 스트레스,"혼자 사는 직장인, 혼자 끙끙 앓는 마음의 짐? 전문 상담 vs. 익명 커뮤니티, 나에게 맞는 감정 해소법 | 혼삶노트","혼자 사는 직장인이 겪는 감정적 어려움. 전문 심리 상담과 온라인 익명 커뮤니티 중 어떤 방법이 내게 맞을지 시간, 비용, 심리적 안정감을 기준으로 비교 분석합니다.",질문형,1인 가구 감정 해소,혼자 사는 직장인 외로움; 심리 상담 비용; 온라인 커뮤니티 정신 건강; 나에게 맞는 상담; 직장인 스트레스,낮음,외로움·고립감,예,예,아니오,2026-08-01-lifestyle-auto-ac59b7; 2026-08-08-lifestyle-auto-83e6d5; 2026-08-11-lifestyle-auto-0f05f0; 2026-07-30-lifestyle-59; 2026-07-30-lifestyle-61; 2026-08-01-lifestyle-auto-b13421,아니오,유지,1인 가구 감정 해소 알아보기,"혼자 짊어진 마음의 짐을 내려놓을 방법은 다양하지만, 당신의 **문제의 '깊이'와 '지속성', 그리고 '기대하는 결과'**에 따라 적합한 해결책은 달라집니다.",87,아니오,,,,
2026-08-07-lifestyle-auto-6d2617,"혼자 사는 직장인, 외로움에 반려동물 입양 고민한다면? 충동 구매 막고 후회 없는 결정을 위한 현실 가이드",https://honsamnote.co.kr/blog/2026-08-07-lifestyle-auto-6d2617/,lifestyle,관계·고립·생활 리듬,반려동물; 외로움; 1인가구; 생활리듬; 관계최적화; 직장인,1인가구 반려동물; 혼자 사는 사람 반려동물; 반려동물 입양; 외로움 반려동물; 강아지 고양이 입양,"혼자 사는 직장인, 외로움에 반려동물 입양 고민한다면? 충동 구매 막고 후회 없는 결정을 위한 현실 가이드 | 혼삶노트","혼자 사는 직장인이 외로움 때문에 반려동물 입양을 고민할 때, 충동적인 결정을 피하고 후회 없는 선택을 위한 현실적인 판단 기준과 단계별 가이드를 제시합니다. 시간, 돈, 공간, 마음의 책임을 냉정하게 따져보세요.",질문형,1인가구 반려동물,혼자 사는 사람 반려동물; 반려동물 입양; 외로움 반려동물; 강아지 고양이 입양,낮음,외로움·고립감,예,예,아니오,2026-07-30-lifestyle-61; 2026-07-30-lifestyle-59; 2026-07-30-lifestyle-63; 2026-08-01-lifestyle-auto-ac59b7; 2026-08-01-lifestyle-auto-b13421; 2026-08-03-lifestyle-auto-06c5e8,아니오,유지,1인가구 반려동물 알아보기,반려동물은 외로움을 달래주는 ‘힐링 아이템’이 아닙니다.,87,아니오,,,,
2026-08-07-products-auto-074e7a,"혼자 사는 직장인, 가끔 필요한 문서 인쇄가 번거롭다면? 개인 프린터 vs 인쇄 서비스, 내게 맞는 최적의 선택은?",https://honsamnote.co.kr/blog/2026-08-07-products-auto-074e7a/,products,1인 가구 제품·서비스,1인 가구; 직장인; 프린터; 인쇄; 문서 인쇄; 생활 팁; 제품 비교; 비용 절감; 시간 절약,1인 가구 프린터; 자취생 프린터; 문서 인쇄 방법; 인쇄 서비스; 편의점 인쇄; 무한잉크 프린터; 레이저 프린터,"혼자 사는 직장인, 가끔 필요한 문서 인쇄가 번거롭다면? 개인 프린터 vs 인쇄 서비스, 내게 맞는 최적의 선택은? | 혼삶노트","잦지 않은 문서 인쇄, 비싼 프린터 사야 할까? 잉크 마를 걱정 없이 합리적으로 인쇄하는 법. 개인 프린터와 인쇄 서비스의 장단점을 비교해 나만의 해답을 찾아보세요.",질문형,1인 가구 프린터,자취생 프린터; 문서 인쇄 방법; 인쇄 서비스; 편의점 인쇄; 무한잉크 프린터; 레이저 프린터,낮음,1인 가구 제품·서비스 기타,예,예,아니오,2026-07-30-products-53; 2026-07-30-products-57; 2026-08-03-products-auto-1b3cc6; 2026-08-03-products-auto-55fd7c; 2026-08-05-products-auto-9973a7; 2026-08-06-products-auto-1d916e,아니오,유지,1인 가구 프린터 알아보기,혼자 사는 직장인의 문서 인쇄 문제는 크게 두 가지 방식으로 해결할 수 있습니다.,87,아니오,,,,
2026-08-07-products-auto-0e769c,"혼자 사는 직장인, 좁은 주방 조리 기구 선택에 고민된다면? 1인 가구 인덕션 vs 휴대용 가스레인지, 내게 맞는 최적의 선택은?",https://honsamnote.co.kr/blog/2026-08-07-products-auto-0e769c/,products,1인 가구 제품·서비스,1인 가구 제품; 주방 용품; 인덕션; 휴대용 가스레인지; 조리 기구,1인 가구 인덕션; 휴대용 가스레인지; 좁은 주방; 1인 가구 요리; 주방 가전,"혼자 사는 직장인, 좁은 주방 조리 기구 선택에 고민된다면? 1인 가구 인덕션 vs 휴대용 가스레인지, 내게 맞는 최적의 선택은? | 혼삶노트",혼자 사는 직장인이라면 좁은 주방에서 매일 요리할 조리 기구 선택이 중요합니다. 인덕션과 휴대용 가스레인지 중 내 라이프스타일에 맞는 제품을 현명하게 고르는 현실적인 기준을 제시합니다.,질문형,1인 가구 인덕션,휴대용 가스레인지; 좁은 주방; 1인 가구 요리; 주방 가전,낮음,1인 가구 제품·서비스 기타,예,예,아니오,2026-08-06-products-auto-17f494; 2026-08-14-products-auto-50ff5a; 2026-07-30-products-50; 2026-07-30-products-51; 2026-07-30-products-53; 2026-07-30-products-55,아니오,유지,1인 가구 인덕션 알아보기｜1인 가구 제품·서비스,"혼자 사는 직장인의 좁은 주방 조리 기구 선택은 '**요리 빈도와 스타일**, **주방 환경(콘센트/환기)**, **안전성**' 이 세 가지를 먼저 따져보고 결정해야 합니다.",87,아니오,,,,
2026-08-07-products-auto-2fe4a8,"혼자 사는 직장인, 좁은 집에 쌓이는 분리수거에 지쳤다면? 1인 가구 맞춤 '똑똑한 분리수거' 3단계로 끝내세요!",https://honsamnote.co.kr/blog/2026-08-07-products-auto-2fe4a8/,products,1인 가구 제품·서비스,1인 가구; 분리수거; 재활용; 생활팁; 살림노하우; 자취생활,1인 가구 분리수거; 좁은집 재활용; 효율적인 분리수거; 분리수거 꿀팁; 자취 분리수거,"혼자 사는 직장인, 좁은 집에 쌓이는 분리수거에 지쳤다면? 1인 가구 맞춤 '똑똑한 분리수거' 3단계로 끝내세요! | 혼삶노트","혼자 사는 직장인을 위한 똑똑한 분리수거 가이드. 좁은 공간에서 재활용품을 효율적으로 줄이고, 보관하며, 배출하는 현실적인 3단계 방법을 알려드립니다. 시간과 공간을 아끼는 꿀팁!",질문형,1인 가구 분리수거,좁은집 재활용; 효율적인 분리수거; 분리수거 꿀팁; 자취 분리수거,낮음,1인 가구 제품·서비스 기타,예,예,아니오,2026-08-06-products-auto-1d916e; 2026-07-30-products-51; 2026-07-30-products-53; 2026-07-30-products-55; 2026-07-30-products-56; 2026-07-30-products-57,아니오,유지,1인 가구 분리수거 알아보기,"1인 가구의 효율적인 분리수거는 **'줄이고, 모으고, 비우는' 3단계 전략**을 통해 해결할 수 있습니다.",87,아니오,,,,
2026-08-07-products-auto-462713,"혼자 사는 직장인, 냉장고 속 식재료가 자꾸 시든다면? 1인 가구 식재료 보관, '이 3가지'로 신선함 두 배!",https://honsamnote.co.kr/blog/2026-08-07-products-auto-462713/,products,1인 가구 제품·서비스,1인 가구; 식재료 보관; 음식물 쓰레기; 냉장고 정리; 주방용품,1인 가구 식재료; 냉장고 정리법; 식재료 보관 용기; 진공 포장기; 음식물 쓰레기 줄이기,"혼자 사는 직장인, 냉장고 속 식재료가 자꾸 시든다면? 1인 가구 식재료 보관, '이 3가지'로 신선함 두 배! | 혼삶노트","혼자 사는 당신의 냉장고 속 시든 식재료, 이제 그만! 시간과 돈 아끼는 1인 가구 맞춤 식재료 보관법과 제품 선택 가이드로 신선함을 오래 유지하고 음식물 쓰레기를 줄이세요.",질문형,1인 가구 식재료,냉장고 정리법; 식재료 보관 용기; 진공 포장기; 음식물 쓰레기 줄이기,낮음,1인 가구 제품·서비스 기타,예,예,예,2026-08-08-safety-auto-9834c4; 2026-07-31-products-76; 2026-08-01-food-auto-976f1b; 2026-08-07-products-auto-5c0731; 2026-07-30-products-51; 2026-07-30-products-53,아니오,유지,1인 가구 식재료 알아보기｜1인 가구 제품·서비스,"의 식재료 유통기한을 늘리는 핵심은 **'구매 직후의 적절한 손질과 소분, 그리고 올바른 보관 습관'**입니다.",87,아니오,,,,
2026-08-07-products-auto-5c0731,"혼자 사는 직장인, 매번 버리기 귀찮은 소량 음식물 쓰레기에 지쳤다면? 1인 가구 음식물 처리기, 나에게 딱 맞는 현명한 선택 기준",https://honsamnote.co.kr/blog/2026-08-07-products-auto-5c0731/,products,1인 가구 제품·서비스,1인 가구; 음식물 쓰레기; 음식물 처리기; 주방 가전; 생활 꿀팁,1인 가구 음식물 처리기; 음식물 쓰레기 처리; 주방 위생; 소형 음식물 처리기; 건조식 음식물 처리기; 미생물 음식물 처리기,"혼자 사는 직장인, 매번 버리기 귀찮은 소량 음식물 쓰레기에 지쳤다면? 1인 가구 음식물 처리기, 나에게 딱 맞는 현명한 선택 기준 | 혼삶노트","혼자 사는 직장인을 위한 음식물 쓰레기 처리 고민 해결! 매번 버리기 귀찮고 냄새나는 소량의 음식물 쓰레기, 1인 가구에게 음식물 처리기가 정말 필요할까요? 건조식, 미생물식 등 유형별 장단점과 내 라이프스타일에 맞는 제품 선택 기준을 제시합니다. 시간과 위생을 모두 잡는 효율적인 음식물 쓰레기 처리법을 찾아보세요.",질문형,1인 가구 음식물 처리기,음식물 쓰레기 처리; 주방 위생; 소형 음식물 처리기; 건조식 음식물 처리기; 미생물 음식물 처리기,낮음,1인 가구 제품·서비스 기타,예,예,예,2026-07-30-products-53; 2026-07-31-products-75; 2026-07-31-products-76; 2026-08-06-products-auto-a2fa71; 2026-08-07-products-auto-462713; 2026-08-09-products-auto-df5dbc,아니오,유지,1인 가구 음식물 처리기 알아보기｜1인 가구 제품·서비스,"혼자 사는 직장인에게 음식물 처리기는 ‘필수’는 아니지만, ‘삶의 질을 높이는’ 좋은 투자일 수 있습니다.",87,아니오,,,,
2026-08-07-products-auto-75313c,"혼자 사는 직장인, 멀쩡한 옷도 보풀 때문에 헌 옷 같다면? 1인 가구 보풀제거기, 후회 없이 고르고 옷 수명 늘리는 법",https://honsamnote.co.kr/blog/2026-08-07-products-auto-75313c/,products,1인 가구 제품·서비스,1인 가구; 옷 관리; 보풀제거기; 생활 최적화; 살림 노하우,1인 가구 보풀제거기; 옷 보풀 제거; 보풀 관리; 의류 관리; 깔끔한 옷차림,"혼자 사는 직장인, 멀쩡한 옷도 보풀 때문에 헌 옷 같다면? 1인 가구 보풀제거기, 후회 없이 고르고 옷 수명 늘리는 법 | 혼삶노트",멀쩡한 옷에 보풀이 생겨 낡아 보이고 입을 옷이 없다고 느끼는 1인 가구 직장인을 위한 보풀제거기 선택 및 사용 가이드. 옷 수명을 늘리고 깔끔한 외출을 위한 현실적인 팁을 제공합니다.,질문형,1인 가구 보풀제거기,옷 보풀 제거; 보풀 관리; 의류 관리; 깔끔한 옷차림,낮음,1인 가구 제품·서비스 기타,예,예,예,2026-07-30-products-51; 2026-07-30-products-55; 2026-07-30-products-57; 2026-08-01-products-auto-ff2c16; 2026-08-03-products-auto-55fd7c; 2026-08-05-products-auto-9973a7,아니오,유지,1인 가구 보풀제거기 알아보기｜1인 가구 제품·서비스,"갑자기 생긴 보풀 때문에 당장 외출이 곤란하다면, 집에 있는 **새 면도기나 눈썹칼**을 이용해 아주 조심스럽게 보풀을 긁어내는 임시방편을 쓸 수 있습니다.",87,아니오,,,,
2026-08-07-products-auto-b07e5f,"혼자 사는 직장인, 퇴근 후 창문/베란다 보안 걱정된다면? 1인 가구 맞춤 방범, '물리 + 감지 + 경고' 3단계로 끝내세요!",https://honsamnote.co.kr/blog/2026-08-07-products-auto-b07e5f/,products,1인 가구 제품·서비스,1인 가구 안전; 자취방 방범; 창문 보안; 베란다 보안; 스마트 방범,1인 가구 방범; 창문 잠금장치; 창문 열림 감지센서; 방범 필름; 원룸 보안,"혼자 사는 직장인, 퇴근 후 창문/베란다 보안 걱정된다면? 1인 가구 맞춤 방범, '물리 + 감지 + 경고' 3단계로 끝내세요! | 혼삶노트","혼자 사는 직장인이라면 꼭 알아야 할 창문/베란다 방범 솔루션! 1차 물리적 잠금, 2차 침입 감지, 3차 경고까지, 현실적인 3단계 방범 시스템으로 불안감 없이 안전하게 지내세요.",질문형,1인 가구 방범,창문 잠금장치; 창문 열림 감지센서; 방범 필름; 원룸 보안,낮음,1인 가구 제품·서비스 기타,예,예,아니오,2026-07-30-products-56; 2026-08-06-products-auto-be51b1; 2026-07-30-products-50; 2026-07-30-products-51; 2026-07-30-products-53; 2026-07-30-products-55,아니오,유지,1인 가구 방범 알아보기,"불안한 마음을 덜고 우리 집을 안전하게 지키고 싶다면, 거창한 방범창이나 값비싼 보안 서비스만이 답은 아닙니다.",87,아니오,,,,
2026-08-07-products-auto-bd7178,"혼자 사는 직장인, 낯선 초인종 소리에 불안하다면? 1인 가구 스마트 도어벨, 현명하게 고르는 3가지 기준",https://honsamnote.co.kr/blog/2026-08-07-products-auto-bd7178/,products,1인 가구 제품·서비스,스마트 도어벨; 스마트 초인종; 1인 가구 보안; 택배 분실 방지; 현관 안전,스마트 도어벨 추천; 혼자 사는 사람 보안; 택배 도난 방지; 무선 초인종; 현관 카메라,"혼자 사는 직장인, 낯선 초인종 소리에 불안하다면? 1인 가구 스마트 도어벨, 현명하게 고르는 3가지 기준 | 혼삶노트","혼자 사는 직장인을 위한 스마트 도어벨 가이드. 낯선 방문자나 택배 확인이 불안하다면, 배터리/유선, 클라우드/로컬 저장 방식, 주요 기능 비교로 우리 집에 딱 맞는 스마트 도어벨을 고르세요.",질문형,스마트 도어벨 추천,혼자 사는 사람 보안; 택배 도난 방지; 무선 초인종; 현관 카메라,낮음,1인 가구 제품·서비스 기타,예,예,아니오,2026-08-14-products-auto-50ff5a; 2026-07-30-products-50; 2026-07-30-products-51; 2026-07-30-products-53; 2026-07-30-products-55; 2026-07-30-products-56,아니오,유지,스마트 도어벨 추천 알아보기,"혼자 사는 직장인에게 스마트 도어벨은 낯선 방문자에 대한 불안감을 덜고, 집을 비웠을 때도 현관 상황을 파악하며, 놓칠 수 있는 중요한 택배를 안전하게 관리할 수 있게 돕는 유용한 아이템입니다.",87,아니오,,,,
2026-08-07-products-auto-d33666,"혼자 사는 직장인, 좁은 욕실 물때·곰팡이 관리가 어렵다면? 1인 가구 맞춤 욕실 청소, 셀프 vs 전문가 관리 현명하게 고르는 법",https://honsamnote.co.kr/blog/2026-08-07-products-auto-d33666/,products,1인 가구 제품·서비스,1인 가구; 욕실 청소; 물때; 곰팡이; 셀프 청소; 전문가 청소; 생활 최적화; 위생,1인 가구 욕실 청소; 좁은 욕실 관리; 물때 제거; 곰팡이 제거; 셀프 욕실 청소; 욕실 청소 서비스; 직장인 청소 팁,"혼자 사는 직장인, 좁은 욕실 물때·곰팡이 관리가 어렵다면? 1인 가구 맞춤 욕실 청소, 셀프 vs 전문가 관리 현명하게 고르는 법 | 혼삶노트","혼자 사는 직장인을 위한 좁은 욕실 물때와 곰팡이 해결 가이드. 셀프 청소 루틴부터 전문가 서비스 선택 기준까지, 바쁜 당신에게 최적화된 욕실 관리법을 제시합니다.",질문형,1인 가구 욕실 청소,좁은 욕실 관리; 물때 제거; 곰팡이 제거; 셀프 욕실 청소; 욕실 청소 서비스; 직장인 청소 팁,낮음,1인 가구 제품·서비스 기타,예,예,아니오,2026-07-30-products-51; 2026-07-30-products-57; 2026-08-01-products-auto-ff2c16; 2026-08-03-products-auto-55fd7c; 2026-08-05-products-auto-9973a7; 2026-08-06-products-auto-2eb0f5,아니오,유지,1인 가구 욕실 청소 알아보기,"좁은 1인 가구 욕실의 물때와 곰팡이 문제는 **매일 5분 예방 관리와 주 1회 가벼운 청소, 그리고 월 1회 딥클리닝(셀프) 또는 연 1~2회 전문가 서비스 조합**이 가장 효과적입니다.",87,아니오,,,,
2026-08-07-products-auto-e9e85e,"혼자 사는 직장인, 소량 빨래나 속옷 손빨래 매번 번거롭다면? 1인 가구 미니 세탁기 vs. 손빨래, 나에게 딱 맞는 선택은?",https://honsamnote.co.kr/blog/2026-08-07-products-auto-e9e85e/,products,1인 가구 제품·서비스,1인 가구; 생활 최적화; 미니 세탁기; 손빨래; 생활 가전; 빨래; 시간 절약; 공간 활용,1인 가구 미니 세탁기; 소량 빨래; 속옷 세탁; 손빨래; 자취 빨래; 미니 세탁기 추천; 생활 가전 비교,"혼자 사는 직장인, 소량 빨래나 속옷 손빨래 매번 번거롭다면? 1인 가구 미니 세탁기 vs. 손빨래, 나에게 딱 맞는 선택은? | 혼삶노트","혼자 사는 직장인을 위한 현실적인 빨래 가이드! 소량 빨래나 속옷 손빨래에 지쳤다면 미니 세탁기와 손빨래 중 어떤 방법이 시간, 돈, 공간을 최적화할지 현명하게 비교하고 결정하세요.",질문형,1인 가구 미니 세탁기,소량 빨래; 속옷 세탁; 손빨래; 자취 빨래; 미니 세탁기 추천; 생활 가전 비교,낮음,1인 가구 제품·서비스 기타,예,예,아니오,2026-07-30-products-57; 2026-08-03-products-auto-55fd7c; 2026-08-05-products-auto-9973a7; 2026-08-06-products-auto-2eb0f5; 2026-08-11-products-auto-fb26b6; 2026-08-14-products-auto-6493cd,아니오,유지,1인 가구 미니 세탁기 알아보기｜1인 가구 제품·서비스,혼자 사는 직장인의 소량 빨래 고민은 크게 두 가지 현실적인 해결책으로 좁혀집니다.,87,아니오,,,,
2026-08-07-safety-auto-0d1c1b,"혼자 사는 당신, 인터넷 공유기(라우터) 해킹이 의심될 때 개인 정보를 지키는 현실적인 방법",https://honsamnote.co.kr/blog/2026-08-07-safety-auto-0d1c1b/,safety,안전·응급상황,안전; 응급상황; 디지털안전; 개인정보보호; 1인가구팁,인터넷 공유기 해킹; 라우터 보안; 와이파이 해킹; 개인정보 유출; 네트워크 안전,"혼자 사는 당신, 인터넷 공유기(라우터) 해킹이 의심될 때 개인 정보를 지키는 현실적인 방법 | 혼삶노트","혼자 사는 당신의 인터넷 공유기 해킹 의심 상황, 당황하지 마세요. 알 수 없는 접속 기기부터 느려진 인터넷까지, 쉽고 빠르게 개인 정보를 보호하고 안전한 네트워크 환경을 되찾는 현실적인 대처법을 알려드립니다.",방법형,인터넷 공유기 해킹,라우터 보안; 와이파이 해킹; 개인정보 유출; 네트워크 안전,낮음,응급상황 대처,예,예,예,2026-08-06-safety-auto-97b7d5; 2026-07-30-safety-34; 2026-07-30-safety-41; 2026-07-31-safety-72; 2026-07-31-safety-73; 2026-08-01-safety-auto-0466e2,아니오,유지,인터넷 공유기 해킹 방법,"인터넷 공유기(라우터) 해킹이 의심된다면, 가장 먼저 유선으로 연결된 PC를 통해 공유기 관리자 페이지에 접속하여 알 수 없는 기기를 차단하고, 관리자 및 와이파이 비밀번호를 강력하게 변경하며, 공유기 펌웨어를 최신 버전으로 업데이트해야 합니다.",87,아니오,,,,
2026-08-07-safety-auto-22735c,"혼자 사는 당신, 한밤중 반려동물 응급 상황 발생 시? 24시 동물병원 vs. 방문 진료 앱, 어떤 선택이 더 빠르고 안전할까?",https://honsamnote.co.kr/blog/2026-08-07-safety-auto-22735c/,safety,안전·응급상황,반려동물; 응급상황; 안전; 1인가구; 동물병원; 방문진료,반려동물 응급; 24시 동물병원; 방문 진료 앱; 펫택시; 1인 가구 반려동물,"혼자 사는 당신, 한밤중 반려동물 응급 상황 발생 시? 24시 동물병원 vs. 방문 진료 앱, 어떤 선택이 더 빠르고 안전할까? | 혼삶노트","혼자 사는 1인 가구에게 반려동물의 응급 상황은 더욱 당황스럽습니다. 한밤중 갑작스러운 반려동물 응급 상황에 24시 동물병원과 방문 진료 앱 중 어떤 선택이 더 현명한지, 비용과 시간, 안전을 기준으로 비교하고 판단 기준을 제시합니다.",질문형,반려동물 응급,24시 동물병원; 방문 진료 앱; 펫택시; 1인 가구 반려동물,낮음,응급상황 대처,예,예,아니오,2026-07-31-safety-73; 2026-08-01-safety-auto-0466e2; 2026-08-01-safety-auto-0e6262; 2026-08-06-safety-auto-5817e5; 2026-08-06-safety-auto-d2f981; 2026-08-08-safety-auto-fcd8d6,아니오,유지,반려동물 응급 알아보기｜안전·응급상황,"반려동물의 응급 상황 시, **생명에 위협이 되는 명백한 위급 상황(호흡 곤란, 의식 상실, 과다",87,아니오,,,,
2026-08-07-safety-auto-580f1f,"혼자 사는 당신, 갑자기 심한 알레르기 반응이 나타났을 때: 증상 확인부터 응급처치, 병원 판단 기준까지",https://honsamnote.co.kr/blog/2026-08-07-safety-auto-580f1f/,safety,안전·응급상황,안전; 응급상황; 알레르기; 아나필락시스; 응급처치; 1인 가구,1인 가구 알레르기; 혼자 알레르기; 벌레 물림 알레르기; 음식 알레르기 반응; 알레르기 응급처치; 아나필락시스 쇼크,"혼자 사는 당신, 갑자기 심한 알레르기 반응이 나타났을 때: 증상 확인부터 응급처치, 병원 판단 기준까지 | 혼삶노트","혼자 사는 당신에게 갑자기 찾아온 음식/벌레 알레르기 반응. 당황하지 않고 증상을 파악하고, 안전하게 대처하며 병원 방문을 결정하는 현실적인 방법을 안내합니다.",판단형,1인 가구 알레르기,혼자 알레르기; 벌레 물림 알레르기; 음식 알레르기 반응; 알레르기 응급처치; 아나필락시스 쇼크,낮음,응급상황 대처,예,예,예,2026-08-04-safety-auto-61ce38; 2026-07-30-safety-34; 2026-07-30-safety-41; 2026-07-31-safety-72; 2026-08-06-safety-auto-425601; 2026-08-06-safety-auto-ec7c17,아니오,유지,1인 가구 알레르기 기준,갑작스러운 알레르기 반응은 그 심각도에 따라 대처법이 완전히 달라집니다.,87,아니오,,,,
2026-08-07-safety-auto-86e30d,"혼자 사는 당신, 갑자기 아프거나 다쳐 집 밖을 나갈 수 없을 때: 끼니부터 약까지, 당황하지 않고 생활을 유지하는 현실적인 대처법",https://honsamnote.co.kr/blog/2026-08-07-safety-auto-86e30d/,safety,안전·응급상황,1인 가구; 안전; 응급상황; 건강 관리; 아플 때; 다쳤을 때; 비상 대처,혼자 살 때 아플 때; 1인 가구 비상 대처; 아플 때 식사; 다쳤을 때 약; 병원 못 갈 때; 혼자 사는 사람 건강,"혼자 사는 당신, 갑자기 아프거나 다쳐 집 밖을 나갈 수 없을 때: 끼니부터 약까지, 당황하지 않고 생활을 유지하는 현실적인 대처법 | 혼삶노트","혼자 살다 보면 갑자기 몸이 아프거나 다쳐서 집 밖으로 한 발짝도 나가기 어려운 날이 생깁니다. 이때 당황하지 않고 식사와 약 복용, 병원 진료까지 혼자서 해결하는 현실적인 대처법을 알려드립니다.",문제해결형,혼자 살 때 아플 때,1인 가구 비상 대처; 아플 때 식사; 다쳤을 때 약; 병원 못 갈 때; 혼자 사는 사람 건강,낮음,응급상황 대처,예,예,아니오,2026-08-12-safety-auto-52e6c7; 2026-07-30-safety-34; 2026-07-30-safety-41; 2026-07-31-safety-72; 2026-08-04-safety-auto-61ce38; 2026-08-06-safety-auto-425601,아니오,유지,혼자 살 때 아플 때 해결 방법,갑자기 아프거나 다쳐서 움직이기 어려울 때는 무엇보다,87,아니오,,,,
2026-08-07-storage-auto-18dbcb,"1인 가구 직장인, 좁은 원룸 '애물단지' 자전거! 벽걸이 vs 스탠드, 현명하게 고르는 법",https://honsamnote.co.kr/blog/2026-08-07-storage-auto-18dbcb/,storage,좁은 집과 수납,1인 가구; 좁은 집; 수납; 자전거 보관; 원룸 인테리어,1인 가구 자전거; 원룸 자전거 보관; 자전거 거치대; 벽걸이 자전거 거치대; 세로 스탠드 자전거 거치대; 좁은 집 자전거 수납,"1인 가구 직장인, 좁은 원룸 '애물단지' 자전거! 벽걸이 vs 스탠드, 현명하게 고르는 법 | 혼삶노트",좁은 원룸에 자리만 차지하는 자전거. 벽걸이형과 세로 스탠드형 자전거 거치대 중 나에게 맞는 것은? 현실적인 설치 기준과 주의사항을 비교합니다.,비교형,1인 가구 자전거,원룸 자전거 보관; 자전거 거치대; 벽걸이 자전거 거치대; 세로 스탠드 자전거 거치대; 좁은 집 자전거 수납,낮음,원룸 전체 수납,예,예,아니오,2026-08-01-storage-auto-316ab0; 2026-08-01-storage-auto-f1fb81; 2026-07-30-storage-24; 2026-08-01-storage-auto-c54f86; 2026-08-04-storage-auto-06061f; 2026-08-05-storage-auto-c8c36f,아니오,유지,1인 가구 자전거 비교,"좁은 집에서 자전거 보관 스트레스를 한 번에 해결하고 싶다면, `벽걸이형 자전거 거치대`와 `세로 스탠드형 자전거 거치대` 중 당신의 주거 환경과 라이프스타일에 더 적합한 것을 선택해야 합니다.",87,아니오,,,,
2026-08-07-storage-auto-3c236f,"1인 가구 직장인, 좁은 주방에 쌓여가는 식료품 더미! 팬트리장 vs. 오픈 선반, 현명하게 고르는 법 비교",https://honsamnote.co.kr/blog/2026-08-07-storage-auto-3c236f/,storage,좁은 집과 수납,1인 가구; 좁은 집; 수납; 주방 수납; 식료품 정리; 팬트리장; 오픈 선반; 인테리어,1인 가구 주방; 좁은 주방 수납; 식료품 보관; 팬트리 수납; 오픈 선반 활용; 주방 정리 팁,"1인 가구 직장인, 좁은 주방에 쌓여가는 식료품 더미! 팬트리장 vs. 오픈 선반, 현명하게 고르는 법 비교 | 혼삶노트","좁은 주방, 쌓여가는 통조림, 라면, 간식 때문에 답답하신가요? 팬트리장과 오픈 선반 중 나에게 맞는 식료품 수납 방법을 찾아 시간과 공간을 최적화하는 현실 가이드를 드립니다.",비교형,1인 가구 주방,좁은 주방 수납; 식료품 보관; 팬트리 수납; 오픈 선반 활용; 주방 정리 팁,낮음,원룸 전체 수납,예,예,아니오,2026-08-06-storage-auto-53c51c; 2026-07-30-storage-24; 2026-08-01-storage-auto-316ab0; 2026-08-01-storage-auto-c54f86; 2026-08-01-storage-auto-f1fb81; 2026-08-04-storage-auto-06061f,아니오,유지,1인 가구 주방 비교,좁은 주방에 쌓이는 식료품 문제는 혼자 사는 직장인이라면 누구나 겪는 현실입니다.,87,아니오,,,,
2026-08-07-storage-auto-4a268b,"1인 가구 직장인, 좁은 집 '잡동사니 수납'에 고민이라면? 패브릭 수납함 vs 투명 플라스틱 박스, 내게 맞는 선택 기준 비교",https://honsamnote.co.kr/blog/2026-08-07-storage-auto-4a268b/,storage,좁은 집과 수납,1인 가구 수납; 좁은 집 정리; 원룸 수납; 패브릭 수납함; 투명 플라스틱 박스; 생활 최적화; 수납 아이템 비교,좁은 집 수납; 원룸 정리; 수납함 추천; 플라스틱 수납함; 패브릭 상자; 1인 가구 살림; 잡동사니 정리,"1인 가구 직장인, 좁은 집 '잡동사니 수납'에 고민이라면? 패브릭 수납함 vs 투명 플라스틱 박스, 내게 맞는 선택 기준 비교 | 혼삶노트","좁은 원룸에 쌓이는 잡동사니, 어떻게 정리해야 할까요? 깔끔한 인테리어와 실용성 사이에서 고민하는 1인 가구를 위해 패브릭 수납함과 투명 플라스틱 박스의 장단점을 비교하고, 나에게 맞는 현명한 선택 기준을 제시합니다.",질문형,좁은 집 수납,원룸 정리; 수납함 추천; 플라스틱 수납함; 패브릭 상자; 1인 가구 살림; 잡동사니 정리,낮음,원룸 전체 수납,예,예,아니오,2026-08-01-storage-auto-316ab0; 2026-08-06-storage-auto-bb011a; 2026-08-08-storage-auto-276b92; 2026-07-30-storage-21; 2026-08-01-storage-auto-39ae63; 2026-08-06-storage-auto-c25261,아니오,유지,좁은 집 수납 알아보기,"좁은 집에서 잡동사니 수납의 효율을 극대화하려면, **'무엇을', '어디에' 보관할지에 따라 패브릭 수납함과 투명 플라스틱 박스 중 적합한 것을 선택하는 것이 핵심**입니다.",87,아니오,,,,
2026-08-07-storage-auto-b02bd8,"1인 가구 직장인, 좁은 원룸 책상·선반 위 '쓸데없는 작은 소품들' 때문에 눈이 어지럽다면? '비움'과 '효율적인 진열'로 깔끔하게 쓰는 현실 수납법",https://honsamnote.co.kr/blog/2026-08-07-storage-auto-b02bd8/,storage,좁은 집과 수납,1인 가구; 좁은 집 수납; 원룸 인테리어; 미니멀 라이프; 공간 최적화; 정리정돈,1인 가구 소품; 원룸 소품 정리; 작은 집 정리; 책상 수납; 선반 정리; 생활 용품 정리,"1인 가구 직장인, 좁은 원룸 책상·선반 위 '쓸데없는 작은 소품들' 때문에 눈이 어지럽다면? '비움'과 '효율적인 진열'로 깔끔하게 쓰는 현실 수납법 | 혼삶노트","혼자 사는 좁은 원룸, 여기저기 쌓인 작은 소품들 때문에 스트레스인가요? 진짜 필요한 물건만 남기고, 효과적으로 진열해 공간을 넓고 깔끔하게 쓰는 현실적인 방법을 알려드립니다.",질문형,1인 가구 소품,원룸 소품 정리; 작은 집 정리; 책상 수납; 선반 정리; 생활 용품 정리,낮음,원룸 전체 수납,예,예,예,2026-08-11-storage-auto-9064d7; 2026-08-01-storage-auto-f1fb81; 2026-08-06-storage-auto-11ba62; 2026-08-06-storage-auto-b1740f; 2026-08-08-storage-auto-24e806; 2026-08-14-storage-auto-be0ab4,아니오,유지,1인 가구 소품 알아보기,좁은 집에 쌓여가는 작은 소품들로 인한 스트레스는 '새로운 수납 가구'가 아닌 '비움'과 '효율적인 진열 공간 설정'으로 해결해야 합니다.,87,아니오,,,,
2026-08-07-storage-auto-c71b14,"1인 가구 직장인, 좁은 원룸 '기본 수납공간' 없어 늘 어지럽다면? 첫 번째 대형 수납 가구 현명하게 고르는 법",https://honsamnote.co.kr/blog/2026-08-07-storage-auto-c71b14/,storage,좁은 집과 수납,1인 가구 수납; 원룸 인테리어; 좁은 집 수납; 대형 수납 가구; 수납장 선택,1인 가구 수납장; 원룸 옷장; 좁은 방 수납; 첫 수납 가구; 수납 가이드,"1인 가구 직장인, 좁은 원룸 '기본 수납공간' 없어 늘 어지럽다면? 첫 번째 대형 수납 가구 현명하게 고르는 법 | 혼삶노트",좁은 원룸에 마땅한 수납장이 없어 고민하는 1인 가구를 위한 가이드. 내게 꼭 맞는 첫 대형 수납장을 고르는 현실적인 판단 기준을 제시합니다.,질문형,1인 가구 수납장,원룸 옷장; 좁은 방 수납; 첫 수납 가구; 수납 가이드,낮음,원룸 전체 수납,예,예,아니오,2026-08-01-storage-auto-499287; 2026-08-01-storage-auto-4eec70; 2026-08-04-storage-auto-225475; 2026-08-06-storage-auto-11ba62; 2026-08-06-storage-auto-b1740f; 2026-08-07-storage-auto-b02bd8,아니오,유지,1인 가구 수납장 알아보기,"좁은 원룸에서 '첫 번째 대형 수납 가구'를 선택해야 한다면, **가장 많은 부피를 차지하는 물건(대부분 옷)을 우선적으로 수납할 수 있으면서도 공간 효율성이 높은 ‘시스템 행거형 옷장’ 또는 ‘모듈형 수납장’ 조합을 고려하는 것이 좋습니다.** 이 둘은 필요에 따라 확장하거…",87,아니오,,,,
2026-08-07-storage-auto-ee20dc,"1인 가구 직장인, 좁은 집에 '쌓여가는 취미 용품' 때문에 스트레스라면? 깔끔하게 정리하고 몰입하며 즐기는 현실 수납법",https://honsamnote.co.kr/blog/2026-08-07-storage-auto-ee20dc/,storage,좁은 집과 수납,1인 가구; 좁은 집; 수납; 취미; 정리정돈; 직장인,1인 가구 취미 용품; 좁은 집 수납; 취미 공간 정리; 원룸 취미 생활; 효율적인 수납,"1인 가구 직장인, 좁은 집에 '쌓여가는 취미 용품' 때문에 스트레스라면? 깔끔하게 정리하고 몰입하며 즐기는 현실 수납법 | 혼삶노트","혼자 사는 당신의 좁은 공간을 어지럽히는 취미 용품들, 이젠 체계적으로 정리하고 싶다면? 사용 빈도에 맞춰 효율적인 '나만의 취미 존'을 만드는 현실적인 수납 가이드를 확인하세요. 시간과 돈 낭비 없이 취미 생활의 만족도를 높일 수 있습니다.",질문형,1인 가구 취미 용품,좁은 집 수납; 취미 공간 정리; 원룸 취미 생활; 효율적인 수납,낮음,원룸 전체 수납,예,예,예,2026-08-01-storage-auto-316ab0; 2026-08-06-storage-auto-239c0d; 2026-08-08-storage-auto-12975c; 2026-08-13-storage-auto-92e3bb; 2026-08-01-storage-auto-f1fb81; 2026-08-04-storage-auto-06061f,아니오,유지,1인 가구 취미 용품 알아보기,"좁은 집에 쌓여가는 취미 용품을 깔끔하게 정리하고 싶다면, 먼저 모든 용품을 한데 모아 '사용 빈도'와 '크기/형태'에 따라 분류해야 합니다.",87,아니오,,,,
2026-08-07-storage-auto-ffedfc,"1인 가구 직장인, 쌓여가는 책 때문에 좁은 원룸이 답답하다면? '이것'부터 확인하고 책 수납 최적화하는 현실 가이드",https://honsamnote.co.kr/blog/2026-08-07-storage-auto-ffedfc/,storage,좁은 집과 수납,1인 가구; 좁은 집 수납; 책 수납; 원룸 정리; 미니멀리즘; 생활 최적화,1인 가구 책 수납; 좁은 원룸 책 정리; 효율적인 책장; 책 보관; 독서 공간; 공간 최적화,"1인 가구 직장인, 쌓여가는 책 때문에 좁은 원룸이 답답하다면? '이것'부터 확인하고 책 수납 최적화하는 현실 가이드 | 혼삶노트",좁은 원룸에 쌓여가는 책 때문에 공간이 답답하고 청소도 힘들다면? 1인 가구의 독서 습관과 공간 특성에 맞춰 책 수납을 최적화하는 현실적인 방법을 알려드립니다.,질문형,1인 가구 책 수납,좁은 원룸 책 정리; 효율적인 책장; 책 보관; 독서 공간; 공간 최적화,낮음,원룸 전체 수납,예,예,예,2026-08-14-storage-auto-be0ab4; 2026-08-06-storage-auto-d7c10d; 2026-08-07-storage-auto-fcc47d; 2026-08-08-storage-auto-12975c; 2026-08-08-storage-auto-24e806; 2026-08-11-storage-auto-80b064,아니오,유지,1인 가구 책 수납 알아보기,"좁은 원룸에서 쌓여가는 책 문제를 해결하려면, 먼저 **내 책들의 '생애 주기'를 파악하고, 그에 맞는 '멀티 수납 솔루션'을 찾아 공간에 적용해야 합니다.** 무작정 책장을 사는 것이 아니라, 지금 당장 읽고 있는 책, 자주 꺼내 볼 책, 그리고 한 번 읽고 말 책을 구분하…",87,아니오,,,,
2026-08-08-cleaning-auto-3b9de2,"혼자 사는 당신, 늘어나는 니트/코트 보풀 고민? 보풀제거기 vs 먼지 롤러, 현명한 선택 기준",https://honsamnote.co.kr/blog/2026-08-08-cleaning-auto-3b9de2/,cleaning,청소·세탁·집안일,1인가구; 생활최적화; 청소; 세탁; 옷관리; 보풀제거; 먼지제거,보풀제거기; 먼지롤러; 옷관리팁; 니트관리; 코트관리; 직장인옷관리,"혼자 사는 당신, 늘어나는 니트/코트 보풀 고민? 보풀제거기 vs 먼지 롤러, 현명한 선택 기준 | 혼삶노트","혼자 사는 직장인, 아끼는 옷에 생긴 보풀과 먼지 때문에 고민이신가요? 보풀제거기와 먼지 제거 롤러 중 무엇이 당신의 옷과 생활에 더 필요한지, 현실적인 판단 기준을 제시합니다.",질문형,보풀제거기,먼지롤러; 옷관리팁; 니트관리; 코트관리; 직장인옷관리,낮음,세탁·옷관리,예,예,아니오,2026-07-31-cleaning-74; 2026-08-01-cleaning-auto-b67a07; 2026-08-08-cleaning-auto-e0020a; 2026-07-30-cleaning-32; 2026-08-06-cleaning-auto-530ba0; 2026-08-06-cleaning-auto-f4b529,아니오,유지,보풀제거기 알아보기｜청소·세탁·집안일,"결론부터 말씀드리자면, 옷에 생기는 문제를 **'보풀'**과 **'먼지/털'** 중 어떤 것에 우선순위를 두느냐에 따라 선택이 달라집니다.",87,아니오,,,,
2026-08-08-cleaning-auto-e0020a,"혼자 사는 당신, 세탁 후에도 옷에 지저분한 보풀이 덕지덕지? 10분 만에 새 옷처럼 깔끔하게 되돌리는 현실 솔루션",https://honsamnote.co.kr/blog/2026-08-08-cleaning-auto-e0020a/,cleaning,청소·세탁·집안일,세탁; 보풀; 옷관리; 집안일; 1인 가구 청소,보풀 제거; 옷 보풀; 세탁 보풀; 보풀 제거기; 옷 관리 팁,"혼자 사는 당신, 세탁 후에도 옷에 지저분한 보풀이 덕지덕지? 10분 만에 새 옷처럼 깔끔하게 되돌리는 현실 솔루션 | 혼삶노트",세탁 후에도 옷에 지저분하게 붙어있는 보풀 때문에 고민이신가요? 혼자 사는 직장인을 위한 보풀 제거 현실 솔루션과 예방법으로 소중한 옷을 새 옷처럼 관리하세요.,질문형,보풀 제거,옷 보풀; 세탁 보풀; 보풀 제거기; 옷 관리 팁,낮음,세탁·옷관리,예,예,아니오,2026-08-01-cleaning-auto-b67a07; 2026-08-06-cleaning-auto-f4b529; 2026-08-08-cleaning-auto-3b9de2; 2026-07-31-cleaning-74; 2026-08-06-cleaning-auto-530ba0; 2026-08-07-cleaning-auto-e52e72,아니오,유지,보풀 제거 알아보기,옷에 붙은 보풀은 빠르고 깔끔하게 제거할 수 있습니다.,87,아니오,,,,
2026-08-08-cost-auto-65e819,"혼자 사는 직장인, 매일 점심값으로 새는 돈 아깝다면? 도시락 vs 배달 vs 구내식당/식당, 내게 맞는 최적의 점심 식사 전략",https://honsamnote.co.kr/blog/2026-08-08-cost-auto-65e819/,cost,생활비 최적화,생활비 절약; 직장인 점심; 점심값 아끼기; 도시락; 배달음식; 구내식당; 1인 가구 식비,1인 가구 점심; 직장인 점심값; 점심 도시락; 생활비 최적화; 식비 절약; 효율적인 점심,"혼자 사는 직장인, 매일 점심값으로 새는 돈 아깝다면? 도시락 vs 배달 vs 구내식당/식당, 내게 맞는 최적의 점심 식사 전략 | 혼삶노트","매일 반복되는 점심 식사, 어떻게 해결하고 계신가요? 혼자 사는 직장인의 점심 식사 비용과 시간을 동시에 잡는 현실적인 방법들을 비교 분석하고, 나에게 딱 맞는 최적의 전략을 찾아드립니다.",질문형,1인 가구 점심,직장인 점심값; 점심 도시락; 생활비 최적화; 식비 절약; 효율적인 점심,낮음,생활비 절약 전반,예,예,아니오,2026-08-01-cost-auto-8e14b1; 2026-07-30-cost-6; 2026-08-01-cost-auto-eacedc; 2026-08-06-cost-auto-e8c32b; 2026-08-10-cost-auto-2c9756; 2026-08-01-cost-auto-f9f9ca,아니오,유지,1인 가구 점심 알아보기,혼자 사는 직장인의 점심 식사 최적화는 '나의 라이프스타일'에 맞는 방법을 찾는 것이 핵심입니다.,87,예,,,,
2026-08-08-cost-auto-770f4a,"혼자 사는 직장인, 답답한 실내 공기, 어떻게 관리해야 할까? 공기청정기 vs 제습기 vs 환기, 내게 맞는 최적의 선택은?",https://honsamnote.co.kr/blog/2026-08-08-cost-auto-770f4a/,cost,생활비 최적화,생활비 최적화; 1인 가구 살림; 공기 질 관리; 공기청정기; 제습기; 환기,1인 가구 공기청정기; 원룸 제습기; 실내 공기질 관리; 생활비 절약; 미세먼지 대처; 습도 관리,"혼자 사는 직장인, 답답한 실내 공기, 어떻게 관리해야 할까? 공기청정기 vs 제습기 vs 환기, 내게 맞는 최적의 선택은? | 혼삶노트","혼자 사는 집의 실내 공기 질 문제, 미세먼지, 습기, 냄새까지. 비싼 가전제품 없이도 쾌적하고 건강한 공간을 만들 수 있는 현실적인 선택 가이드를 제시합니다.",질문형,1인 가구 공기청정기,원룸 제습기; 실내 공기질 관리; 생활비 절약; 미세먼지 대처; 습도 관리,낮음,생활비 절약 전반,예,예,아니오,2026-08-05-cost-auto-e4ec33; 2026-08-01-cost-auto-4a41b3; 2026-08-03-cost-auto-d01191; 2026-08-06-cost-auto-3826dd; 2026-08-07-cost-auto-24b43b; 2026-08-07-cost-auto-b1ff82,아니오,유지,1인 가구 공기청정기 알아보기,"결론부터 말씀드리자면, 당신의 집에서 가장 심각한 '공기 문제'가 무엇인지 파악하는 것이 우선입니다.",87,예,,,,
2026-08-08-cost-auto-bbb3d7,"혼자 사는 직장인, 매달 아파트/오피스텔 관리비 폭탄 막고 지출 최적화하는 3단계 전략",https://honsamnote.co.kr/blog/2026-08-08-cost-auto-bbb3d7/,cost,생활비 최적화,관리비 절약; 1인 가구 생활비; 아파트 관리비; 오피스텔 관리비; 생활비 최적화,1인 가구 관리비; 관리비 줄이기; 아파트 관리비 내역; 오피스텔 관리비 확인; 장기수선충당금,"혼자 사는 직장인, 매달 아파트/오피스텔 관리비 폭탄 막고 지출 최적화하는 3단계 전략 | 혼삶노트","혼자 살지만 만만치 않은 아파트/오피스텔 관리비, 혹시 새는 돈은 없을까요? 고지서 꼼꼼히 확인하고 효율적으로 줄이는 현실적인 팁을 알려드립니다.",문제해결형,1인 가구 관리비,관리비 줄이기; 아파트 관리비 내역; 오피스텔 관리비 확인; 장기수선충당금,낮음,생활비 절약 전반,예,예,아니오,2026-08-08-housing-auto-82f28f; 2026-08-01-cost-auto-0d71f8; 2026-08-01-cost-auto-44803f; 2026-08-01-cost-auto-4a41b3; 2026-08-01-cost-auto-9c7467; 2026-08-03-cost-auto-4d199c,아니오,유지,1인 가구 관리비 해결 방법,"결론부터 말씀드리자면, 아파트/오피스텔 관리비는 충분히 줄일 수 있습니다.",87,예,,,,
2026-08-08-food-auto-2c836a,"1인 가구 직장인, 개봉한 식재료 신선하게 보관할 때: 밀폐 용기 vs. 랩·지퍼백, 당신의 최적 선택 가이드",https://honsamnote.co.kr/blog/2026-08-08-food-auto-2c836a/,food,혼밥·식재료 관리,1인 가구; 식재료 관리; 혼밥; 냉장고 정리; 생활팁,개봉 식재료; 신선 보관; 밀폐 용기; 랩; 지퍼백; 식재료 낭비,"1인 가구 직장인, 개봉한 식재료 신선하게 보관할 때: 밀폐 용기 vs. 랩·지퍼백, 당신의 최적 선택 가이드 | 혼삶노트","혼자 사는 직장인이라면 공감할 냉장고 속 '애매하게 남은' 식재료 문제. 밀폐 용기, 랩, 지퍼백 중 어떤 것을 써야 식재료 낭비를 막고 시간과 돈을 아낄 수 있을까요? 당신의 라이프스타일에 맞는 현명한 보관법을 알려드립니다.",비교형,개봉 식재료,신선 보관; 밀폐 용기; 랩; 지퍼백; 식재료 낭비,낮음,식재료 낭비 줄이기,예,예,아니오,2026-07-30-food-13; 2026-08-08-food-auto-9b0e80; 2026-08-13-food-auto-05f1fc; 2026-07-30-food-12; 2026-07-30-food-16; 2026-08-01-food-auto-174113,아니오,유지,개봉 식재료 비교,개봉한 식재료를 신선하게 보관하는 방법은 크게 **밀폐 용기**와 **랩·지퍼백** 두 가지로 나눌 수 있습니다.,87,아니오,,,,
2026-08-08-food-auto-6f0a23,"1인 가구 직장인, 국물 요리 후 남은 대파·무·양파 자투리, 버릴까 말까? 낭비 없이 알뜰하게 활용하는 현실적인 전략",https://honsamnote.co.kr/blog/2026-08-08-food-auto-6f0a23/,food,혼밥·식재료 관리,혼밥; 식재료관리; 자투리채소; 냉동보관; 식비절약,1인 가구 채소 보관; 남은 채소 활용법; 대파 보관; 무 보관; 양파 보관; 식재료 낭비 줄이기,"1인 가구 직장인, 국물 요리 후 남은 대파·무·양파 자투리, 버릴까 말까? 낭비 없이 알뜰하게 활용하는 현실적인 전략 | 혼삶노트","혼자 요리하고 남은 대파, 무, 양파 자투리, 버리지 말고 효율적으로 보관해 알뜰하게 활용하는 1인 가구 맞춤 전략을 알려드립니다.",질문형,1인 가구 채소 보관,남은 채소 활용법; 대파 보관; 무 보관; 양파 보관; 식재료 낭비 줄이기,낮음,식재료 낭비 줄이기,예,예,아니오,2026-08-12-food-auto-6ed755; 2026-08-07-food-auto-f5cf37; 2026-08-12-food-auto-7b4cd9; 2026-08-01-food-auto-174113; 2026-08-01-food-auto-6b8a79; 2026-08-01-food-auto-8c9a71,아니오,유지,1인 가구 채소 보관 알아보기,"혼자 요리하고 남은 대파, 무, 양파 자투리, 버리지 말고 효율적으로 보관해 알뜰하게 활용하는 1인 가구 맞춤 전략을 알려드립니다.",87,아니오,,,,
2026-08-08-food-auto-9b0e80,"혼자 사는 직장인, 요리에 허브/향신료 쓰고 싶을 때: 신선 vs. 건조 vs. 분말, 당신의 요리 스타일과 지갑을 위한 최적의 선택 가이드",https://honsamnote.co.kr/blog/2026-08-08-food-auto-9b0e80/,food,혼밥·식재료 관리,혼밥; 식재료 관리; 허브; 향신료; 구매 가이드; 알뜰 살림,1인 가구 허브; 혼밥 향신료; 신선 허브 보관; 건조 허브 활용; 분말 향신료; 식재료 낭비,"혼자 사는 직장인, 요리에 허브/향신료 쓰고 싶을 때: 신선 vs. 건조 vs. 분말, 당신의 요리 스타일과 지갑을 위한 최적의 선택 가이드 | 혼삶노트","요리에 멋을 더하고 싶지만 남은 허브/향신료 처리 고민이신가요? 혼자 사는 직장인을 위한 신선, 건조, 분말 허브/향신료의 현명한 선택 기준을 제시합니다.",비교형,1인 가구 허브,혼밥 향신료; 신선 허브 보관; 건조 허브 활용; 분말 향신료; 식재료 낭비,낮음,식재료 낭비 줄이기,예,예,아니오,2026-08-08-food-auto-2c836a; 2026-08-13-food-auto-05f1fc; 2026-08-14-food-auto-0030b0; 2026-08-07-food-auto-44e578; 2026-08-07-food-auto-f5cf37; 2026-07-30-food-12,아니오,유지,1인 가구 허브 비교,"혼자 사는 직장인이 허브/향신료를 가장 효율적으로 활용하는 방법은 **'자주 사용하는 요리에 맞춰, 최소 3개월 이상 꾸준히 쓸 수 있는 형태'를 선택하는 것**입니다.",87,아니오,,,,
2026-08-08-lifestyle-auto-4e7860,"혼자 사는 직장인, 매일 혼밥 지겹다면? 밀키트 vs. 소셜 다이닝, 나에게 맞는 식사 경험",https://honsamnote.co.kr/blog/2026-08-08-lifestyle-auto-4e7860/,lifestyle,관계·고립·생활 리듬,혼밥; 밀키트; 소셜다이닝; 관계; 생활리듬; 1인라이프,혼밥 해결; 밀키트 추천; 소셜 다이닝 경험; 1인 가구 식사; 외로움 해소,"혼자 사는 직장인, 매일 혼밥 지겹다면? 밀키트 vs. 소셜 다이닝, 나에게 맞는 식사 경험 | 혼삶노트","혼자 먹는 밥이 지겨울 때, 밀키트의 간편함과 소셜 다이닝의 특별한 만남 중 무엇이 나에게 맞을까요? 시간, 비용, 관계까지 고려한 현실적인 선택 가이드.",질문형,혼밥 해결,밀키트 추천; 소셜 다이닝 경험; 1인 가구 식사; 외로움 해소,낮음,외로움·고립감,예,예,아니오,2026-08-01-lifestyle-auto-ac59b7; 2026-08-01-lifestyle-auto-b13421; 2026-08-07-lifestyle-auto-0b115c; 2026-08-07-lifestyle-auto-6d2617; 2026-08-08-lifestyle-auto-83e6d5; 2026-08-08-lifestyle-auto-9fe492,아니오,유지,혼밥 해결 알아보기,"매일 혼밥이 지겨워 식사 시간의 만족도를 높이고 싶다면, '밀키트'는 요리의 번거로움을 줄여주면서 집에서 근사한 한 끼를 즐기게 돕고, '소셜 다이닝'은 새로운 사람들과 함께 식사하며 관계를 확장하고 외식의 즐거움을 더해줍니다.",87,아니오,,,,
2026-08-08-lifestyle-auto-83e6d5,"혼자 사는 직장인, 퇴근 후 적막한 집에 오히려 불편함을 느낀다면? 나만의 '고요한 안식처' 만드는 법",https://honsamnote.co.kr/blog/2026-08-08-lifestyle-auto-83e6d5/,lifestyle,관계·고립·생활 리듬,1인 가구; 혼자 사는 직장인; 관계; 고립; 생활 리듬; 고요함; 적막; 외로움; 마음 관리; 퇴근 후 루틴,혼자 사는 불편함; 퇴근 후 적막; 고요한 시간 활용; 1인 가구 외로움 극복; 집에서 평화 찾기; 나만의 안식처; 생활 리듬 최적화; 고립감 해소,"혼자 사는 직장인, 퇴근 후 적막한 집에 오히려 불편함을 느낀다면? 나만의 '고요한 안식처' 만드는 법 | 혼삶노트",퇴근 후 적막한 집에 들어서는 것이 오히려 불편하게 느껴지는 1인 가구 직장인을 위한 가이드입니다. 고요함을 외로움이 아닌 휴식과 성장의 기회로 바꾸는 현실적인 루틴을 제안합니다.,질문형,혼자 사는 불편함,퇴근 후 적막; 고요한 시간 활용; 1인 가구 외로움 극복; 집에서 평화 찾기; 나만의 안식처; 생활 리듬 최적화; 고립감 해소,낮음,외로움·고립감,예,예,예,2026-08-07-lifestyle-auto-0b115c; 2026-07-30-lifestyle-61; 2026-08-01-lifestyle-auto-ac59b7; 2026-08-03-lifestyle-auto-dfa23e; 2026-08-06-lifestyle-auto-7d8463; 2026-08-11-lifestyle-auto-0f05f0,아니오,유지,혼자 사는 불편함 알아보기,"혼자 사는 직장인에게 '고요함'은 결핍이나 외로움의 상징이 아니라, **나 자신에게 온전히 집중하고 재충전할 수 있는 최고의 선물**입니다.",87,아니오,,,,
2026-08-08-lifestyle-auto-9fe492,"혼자 사는 직장인, 친구들 라이프스타일 달라져 약속 잡기 애매하다면? 내 시간과 에너지를 아끼는 스마트 소셜 스케줄링",https://honsamnote.co.kr/blog/2026-08-08-lifestyle-auto-9fe492/,lifestyle,관계·고립·생활 리듬,관계; 고립감; 생활 리듬; 소셜 스케줄링; 친구 관리,1인 가구 친구 관계; 라이프스타일 차이; 약속 잡기; 소셜 에너지; 현명한 거절,"혼자 사는 직장인, 친구들 라이프스타일 달라져 약속 잡기 애매하다면? 내 시간과 에너지를 아끼는 스마트 소셜 스케줄링 | 혼삶노트","싱글, 커플, 부모 친구들 사이에서 약속 잡기 애매할 때, 번아웃과 재정 부담 없이 현명하게 관계를 유지하는 현실적인 소셜 스케줄링 방법을 소개합니다.",질문형,1인 가구 친구 관계,라이프스타일 차이; 약속 잡기; 소셜 에너지; 현명한 거절,낮음,외로움·고립감,예,예,아니오,2026-08-11-lifestyle-auto-0f05f0; 2026-07-30-lifestyle-59; 2026-08-01-lifestyle-auto-b13421; 2026-08-03-lifestyle-auto-06c5e8; 2026-08-03-lifestyle-auto-dfa23e; 2026-08-05-lifestyle-auto-420299,아니오,유지,1인 가구 친구 관계 알아보기,모든 약속에 참여하거나 다른 사람의 방식에 나를 맞춰줄 필요는 없습니다.,87,아니오,,,,
2026-08-08-products-auto-06056d,"혼자 사는 직장인, 매일 마시는 물, 똑똑하게 고르고 싶다면? 생수 vs 필터 정수기 vs 렌탈 정수기, 내게 맞는 최적의 선택은?",https://honsamnote.co.kr/blog/2026-08-08-products-auto-06056d/,products,1인 가구 제품·서비스,1인 가구; 생활 최적화; 정수기; 생수; 필터 정수기; 렌탈 정수기; 물; 가전제품,1인 가구 정수기; 혼자 사는 사람 물; 생수 배달; 필터 교체 정수기; 렌탈 정수기 비용; 1인 가구 생활비 절약,"혼자 사는 직장인, 매일 마시는 물, 똑똑하게 고르고 싶다면? 생수 vs 필터 정수기 vs 렌탈 정수기, 내게 맞는 최적의 선택은? | 혼삶노트","혼자 사는 당신의 물 고민, 이 글 하나로 끝내세요! 매일 마시는 물, 생수 구매부터 필터 정수기, 렌탈 정수기까지 각 방식의 장단점과 실제 비용, 효율적인 선택 기준을 현실적으로 알려드립니다.",질문형,1인 가구 정수기,혼자 사는 사람 물; 생수 배달; 필터 교체 정수기; 렌탈 정수기 비용; 1인 가구 생활비 절약,낮음,1인 가구 제품·서비스 기타,예,예,예,2026-08-01-products-auto-ff2c16; 2026-07-30-products-51; 2026-07-30-products-57; 2026-07-31-products-75; 2026-08-03-products-auto-55fd7c; 2026-08-05-products-auto-9973a7,아니오,유지,1인 가구 정수기 알아보기,"혼자 사는 직장인의 '물' 고민은 결국 **당신의 월평균 물 소비량, 예산, 주방 공간, 그리고 관리에 대한 선호도**에 따라 최적의 답이 달라집니다.",87,아니오,,,,
2026-08-08-products-auto-3f53f6,"혼자 사는 직장인, 뚝딱 고치고 싶어도 막막하다면? 1인 가구 필수 공구 키트, 이 3가지 기준으로 현명하게 고르세요!",https://honsamnote.co.kr/blog/2026-08-08-products-auto-3f53f6/,products,1인 가구 제품·서비스,1인 가구; 공구 키트; 생활용품; 셀프 수리; 미니멀리즘,1인 가구 공구; 가정용 공구 세트; 미니 공구함; 셀프 인테리어; 자취생 필수템,"혼자 사는 직장인, 뚝딱 고치고 싶어도 막막하다면? 1인 가구 필수 공구 키트, 이 3가지 기준으로 현명하게 고르세요! | 혼삶노트","혼자 사는 직장인을 위한 필수 공구 키트 가이드! 좁은 집에서도 공간 차지 없이, 사소한 고장부터 가구 조립까지 뚝딱 해결하는 나만의 공구 키트, 현명하게 고르는 3가지 기준을 알려드립니다.",질문형,1인 가구 공구,가정용 공구 세트; 미니 공구함; 셀프 인테리어; 자취생 필수템,낮음,1인 가구 제품·서비스 기타,예,예,아니오,2026-08-12-products-auto-2ee7a1; 2026-08-03-products-auto-c75a1a; 2026-07-30-products-51; 2026-07-30-products-53; 2026-07-30-products-55; 2026-07-30-products-56,아니오,유지,1인 가구 공구 알아보기,"대부분의 1인 가구에서 발생하는 사소한 문제는 거창한 전문가용 공구 없이, '1인 가구 맞춤형 미니 공구 키트' 하나로 충분히 해결할 수 있습니다.",87,아니오,,,,
2026-08-08-products-auto-a84bd7,"혼자 사는 직장인, 퇴근 후 무거운 장바구니 대신? 1인 가구 온라인 장보기 서비스, 현명하게 고르고 알뜰하게 이용하는 법",https://honsamnote.co.kr/blog/2026-08-08-products-auto-a84bd7/,products,1인 가구 제품·서비스,1인 가구 장보기; 온라인 식료품; 새벽 배송; 당일 배송; 스마트 장보기,혼자 장보기; 온라인 식료품 배달; 1인 가구 식비 절약; 온라인 마트 이용 팁,"혼자 사는 직장인, 퇴근 후 무거운 장바구니 대신? 1인 가구 온라인 장보기 서비스, 현명하게 고르고 알뜰하게 이용하는 법 | 혼삶노트","바쁜 퇴근길, 무거운 짐 대신 스마트폰으로 장보기 끝! 혼자 사는 직장인을 위한 온라인 식료품 배달 서비스, 나에게 딱 맞는 유형부터 비용 절약 팁까지 한 번에 알려드립니다.",질문형,혼자 장보기,온라인 식료품 배달; 1인 가구 식비 절약; 온라인 마트 이용 팁,낮음,1인 가구 제품·서비스 기타,예,예,아니오,2026-08-12-products-auto-2ee7a1; 2026-07-30-products-50; 2026-07-30-products-51; 2026-07-30-products-53; 2026-07-30-products-55; 2026-07-30-products-56,아니오,유지,혼자 장보기 알아보기,혼자 사는 직장인이라면 온라인 식료품 배달 서비스를 적극 활용해 보세요.,87,아니오,,,,
2026-08-08-products-auto-c4d689,"혼자 사는 직장인, 퇴근 후 빠르고 근사한 한 끼 식사, 매번 고민된다면? 밀키트 vs. 가정간편식(HMR), 나에게 딱 맞는 선택은?",https://honsamnote.co.kr/blog/2026-08-08-products-auto-c4d689/,products,1인 가구 제품·서비스,1인 가구; 직장인; 식사; 밀키트; HMR; 가정간편식; 요리; 생활비 절약,1인 가구 식사; 직장인 저녁; 밀키트 추천; HMR 비교; 혼밥 메뉴; 간편 요리,"혼자 사는 직장인, 퇴근 후 빠르고 근사한 한 끼 식사, 매번 고민된다면? 밀키트 vs. 가정간편식(HMR), 나에게 딱 맞는 선택은? | 혼삶노트","바쁜 1인 가구 직장인을 위한 밀키트와 HMR 비교 분석. 시간, 비용, 맛, 요리 난이도 기준으로 나에게 맞는 최적의 식사 솔루션을 찾아보세요.",질문형,1인 가구 식사,직장인 저녁; 밀키트 추천; HMR 비교; 혼밥 메뉴; 간편 요리,낮음,1인 가구 제품·서비스 기타,예,예,예,2026-08-01-products-auto-9e3228; 2026-08-03-products-auto-1b3cc6; 2026-08-06-products-auto-1d916e; 2026-08-06-products-auto-44e274; 2026-08-06-products-auto-707d16; 2026-08-06-products-auto-aad52f,아니오,유지,1인 가구 식사 알아보기,"혼자 사는 직장인의 저녁 식사 고민, **밀키트**와 **가정간편식(HMR)** 중 어떤 것이 더 효율적일까요?",87,아니오,,,,
2026-08-08-safety-auto-2186aa,"혼자 사는 당신, 응급상황 시 내 몸이 말 못 할 때? 비상 의료 정보 카드 vs. 스마트폰 응급 ID, 어떤 대비가 나에게 맞을까?",https://honsamnote.co.kr/blog/2026-08-08-safety-auto-2186aa/,safety,안전·응급상황,안전; 응급상황; 1인 가구; 건강; 의료 정보,비상 의료 정보 카드; 스마트폰 응급 ID; 응급상황 대비; 혼자 살 때 안전; 의료 정보 보관,"혼자 사는 당신, 응급상황 시 내 몸이 말 못 할 때? 비상 의료 정보 카드 vs. 스마트폰 응급 ID, 어떤 대비가 나에게 맞을까? | 혼삶노트","혼자 사는 당신이 응급상황으로 의식을 잃었을 때, 응급 의료 정보 카드와 스마트폰 응급 ID 중 어떤 방법이 내 생명과 안전을 지켜줄 수 있을지 현실적인 판단 기준을 제시합니다.",질문형,비상 의료 정보 카드,스마트폰 응급 ID; 응급상황 대비; 혼자 살 때 안전; 의료 정보 보관,낮음,응급상황 대처,예,예,예,2026-07-30-safety-36; 2026-07-30-safety-34; 2026-07-30-safety-41; 2026-07-31-safety-72; 2026-08-04-safety-auto-61ce38; 2026-08-06-safety-auto-425601,아니오,유지,비상 의료 정보 카드 알아보기｜안전·응급상황,응급 상황 시 당신의 의료 정보를 알리는 가장 효과적인 방법은 비상 의료 정보 카드/팔찌와 스마트폰 응급 ID를 모두 활용하는 것입니다.,87,예,,,,
2026-08-08-safety-auto-985515,"혼자 사는 당신, 우리 집 천장/벽에서 갑자기 물이 뚝뚝 샐 때: 당황하지 않고 원인 파악 및 안전하게 대처하는 현실적인 방법",https://honsamnote.co.kr/blog/2026-08-08-safety-auto-985515/,safety,안전·응급상황,누수; 천장 누수; 벽 누수; 1인 가구 안전; 집안 응급상황; 생활 안전,혼자 사는 집 누수; 아파트 누수; 윗집 누수 대처; 누수 발생 시 행동; 1인 가구 비상 대처,"혼자 사는 당신, 우리 집 천장/벽에서 갑자기 물이 뚝뚝 샐 때: 당황하지 않고 원인 파악 및 안전하게 대처하는 현실적인 방법 | 혼삶노트","혼자 사는 당신의 집 천장이나 벽에서 갑자기 물이 샌다면? 누전 위험부터 윗집과의 갈등까지, 당황하지 않고 원인 파악 후 안전하게 대처하며 피해를 최소화하는 현실적인 가이드를 알려드립니다.",방법형,혼자 사는 집 누수,아파트 누수; 윗집 누수 대처; 누수 발생 시 행동; 1인 가구 비상 대처,낮음,응급상황 대처,예,예,예,2026-08-01-safety-auto-b177af; 2026-08-01-safety-auto-a71046; 2026-08-07-safety-auto-86e30d; 2026-07-30-safety-33; 2026-08-01-safety-auto-1a5c71; 2026-08-03-safety-auto-75476d,아니오,유지,혼자 사는 집 누수 방법,"천장이나 벽에서 갑자기 물이 샌다면, 가장 먼저 **누수 지점 주변의 모든 전원을 차단하고, 물받이 용기를 준비한 뒤, 물이 새는 위치와 상황에 따라 윗집 또는 관리사무소/경비실에 즉시 연락해야 합니다.** 전기 감전이나 추가적인 재산 피해를 막는 것이 최우선이며, 혼자서 판…",87,아니오,,,,
2026-08-08-safety-auto-fcd8d6,"혼자 사는 당신, 늦은 밤/주말 갑자기 아플 때: 응급실은 부담스럽고 일반 병원은 닫았을 때, 현명하게 병원 찾고 이동하는 법",https://honsamnote.co.kr/blog/2026-08-08-safety-auto-fcd8d6/,safety,안전·응급상황,안전; 응급상황; 1인가구; 병원; 야간진료; 휴일진료; 건강관리,1인가구 응급상황; 늦은 밤 병원; 주말 병원; 야간진료 병원; 응급실 비용; 혼자 병원 가기,"혼자 사는 당신, 늦은 밤/주말 갑자기 아플 때: 응급실은 부담스럽고 일반 병원은 닫았을 때, 현명하게 병원 찾고 이동하는 법 | 혼삶노트","늦은 밤이나 주말, 갑자기 아플 때 응급실 갈 정도는 아닌데 어디로 가야 할지 막막한 1인 가구를 위한 현실적인 병원 선택 및 이동 가이드.",비용형,1인가구 응급상황,늦은 밤 병원; 주말 병원; 야간진료 병원; 응급실 비용; 혼자 병원 가기,낮음,응급상황 대처,예,예,아니오,2026-07-31-safety-73; 2026-07-30-safety-34; 2026-08-01-safety-auto-0466e2; 2026-08-01-safety-auto-0e6262; 2026-08-06-safety-auto-5817e5; 2026-08-06-safety-auto-d2f981,아니오,유지,1인가구 응급상황 비용 정리,"늦은 밤이나 주말에 갑자기 아프고 응급실 갈 정도는 아니지만, 즉각적인 의료 처치가 필요하다고 판단된다면, **가장 먼저 현재 증상의 경중을 객관적으로 판단하고, 이어서 가까운 ‘야간/휴일 진료 병원’ 또는 ‘달빛어린이병원’(소아청소년과 중심이지만 성인도 일부 진료 가능)을…",87,아니오,,,,
2026-08-08-storage-auto-15969c,"1인 가구 직장인, 퇴근 후 벗어놓은 옷·가방, 좁은 원룸 임시 보관 어디에 할지 막막하다면? 이동식 행거 vs. 벽걸이 후크, 내게 맞는 선택 기준 비교",https://honsamnote.co.kr/blog/2026-08-08-storage-auto-15969c/,storage,좁은 집과 수납,1인 가구; 좁은 집 수납; 원룸 수납; 임시 보관; 이동식 행거; 벽걸이 후크; 옷걸이; 가방 수납,1인 가구 옷 수납; 원룸 임시 보관; 퇴근 후 옷걸이; 좁은 집 행거; 벽걸이 후크 활용; 가방 정리; 생활 최적화; 수납 가구 비교,"1인 가구 직장인, 퇴근 후 벗어놓은 옷·가방, 좁은 원룸 임시 보관 어디에 할지 막막하다면? 이동식 행거 vs. 벽걸이 후크, 내게 맞는 선택 기준 비교 | 혼삶노트","퇴근 후 옷, 가방, 모자 등을 아무데나 던져두어 좁은 원룸이 어수선해진다면? 이동식 행거와 벽걸이 후크 중 나에게 딱 맞는 임시 보관 솔루션을 찾아보세요. 공간 활용, 편리함, 인테리어까지 고려한 현실적인 선택 가이드를 제시합니다.",질문형,1인 가구 옷 수납,원룸 임시 보관; 퇴근 후 옷걸이; 좁은 집 행거; 벽걸이 후크 활용; 가방 정리; 생활 최적화; 수납 가구 비교,낮음,원룸 전체 수납,예,예,아니오,2026-08-06-storage-auto-19a86d; 2026-08-06-storage-auto-d7c10d; 2026-08-08-storage-auto-24e806; 2026-08-11-storage-auto-80b064; 2026-07-30-storage-18; 2026-08-01-storage-auto-387eaf,아니오,유지,1인 가구 옷 수납 알아보기,좁은 원룸에서 퇴근 후 벗어놓은 옷과 가방을 위한 임시 보관 솔루션은 크게 **이동식 행거**와 **벽걸이 후크**로 나눌 수 있습니다.,87,아니오,,,,
2026-08-08-storage-auto-276b92,"1인 가구 직장인, 좁은 원룸 '세탁물 더미' 발에 채이고 지저분하다면? '고정형 vs 접이식 vs 다용도 세탁 바구니' 현명하게 고르는 법 비교",https://honsamnote.co.kr/blog/2026-08-08-storage-auto-276b92/,storage,좁은 집과 수납,1인 가구 수납; 좁은 집 수납; 세탁물 정리; 생활 최적화; 원룸 수납; 세탁 바구니 추천,1인 가구 세탁 바구니; 좁은 원룸 빨래통; 세탁물 수납 팁; 접이식 세탁 바구니; 고정형 세탁 바구니,"1인 가구 직장인, 좁은 원룸 '세탁물 더미' 발에 채이고 지저분하다면? '고정형 vs 접이식 vs 다용도 세탁 바구니' 현명하게 고르는 법 비교 | 혼삶노트","좁은 원룸에서 늘 애물단지였던 세탁 바구니, 더 이상 고민하지 마세요. 고정형, 접이식, 다용도 세탁 바구니 중 당신의 라이프스타일에 딱 맞는 최적의 선택 기준을 비교 분석해드립니다. 시간과 공간을 아끼는 현명한 수납 팁으로 쾌적한 1인 가구 생활을 시작해보세요.",질문형,1인 가구 세탁 바구니,좁은 원룸 빨래통; 세탁물 수납 팁; 접이식 세탁 바구니; 고정형 세탁 바구니,낮음,원룸 전체 수납,예,예,아니오,2026-08-06-storage-auto-d7c10d; 2026-08-07-storage-auto-4a268b; 2026-08-08-storage-auto-24e806; 2026-08-11-storage-auto-80b064; 2026-07-30-storage-21; 2026-08-01-storage-auto-4eec70,아니오,유지,1인 가구 세탁 바구니 알아보기,좁은 원룸의 세탁물 수납 문제는 '세탁 주기'와 '가용 공간'이라는 두 가지 핵심 요인으로 결정됩니다.,87,아니오,,,,
2026-08-09-cost-auto-80b3c9,"혼자 사는 직장인, 매주 장보기 귀찮고 음식물 쓰레기 걱정된다면? 식료품 정기배송 vs 직접 장보기, 내게 맞는 최적의 선택은?",https://honsamnote.co.kr/blog/2026-08-09-cost-auto-80b3c9/,cost,생활비 최적화,생활비 최적화; 식료품; 장보기; 정기배송; 구독서비스; 1인가구팁,1인 가구 장보기; 식료품 정기배송; 마트 장보기; 생활비 절약; 음식물 쓰레기,"혼자 사는 직장인, 매주 장보기 귀찮고 음식물 쓰레기 걱정된다면? 식료품 정기배송 vs 직접 장보기, 내게 맞는 최적의 선택은? | 혼삶노트","혼자 사는 직장인을 위한 식료품 정기배송과 직접 장보기 비교 가이드. 시간, 돈, 음식물 쓰레기를 줄이는 현명한 장보기 방법을 찾아보세요.",질문형,1인 가구 장보기,식료품 정기배송; 마트 장보기; 생활비 절약; 음식물 쓰레기,낮음,생활비 절약 전반,예,예,아니오,2026-08-05-cost-auto-e4ec33; 2026-08-01-cost-auto-4a41b3; 2026-08-03-cost-auto-d01191; 2026-08-06-cost-auto-3826dd; 2026-08-07-cost-auto-24b43b; 2026-08-07-cost-auto-811cef,아니오,유지,1인 가구 장보기 알아보기,"혼자 사는 직장인이라면 식료품 '정기배송'과 '직접 장보기' 중 어떤 방법이 더 효율적일지는 당신의 라이프스타일(요리 빈도, 식재료 소진 속도, 시간 여유, 예산)에 따라 달라집니다.",87,예,,,,
2026-08-09-food-auto-937ea1,"1인 가구 직장인, 신선한 고기·생선 한 팩 샀는데 한 끼 먹고 남은 것 버릴까 말까? 신선도 낭비 없이 끝까지 즐기는 현실적인 보관 & 활용 전략",https://honsamnote.co.kr/blog/2026-08-09-food-auto-937ea1/,food,혼밥·식재료 관리,1인 가구; 식재료 관리; 혼밥; 음식물 쓰레기; 냉동 보관; 식비 절약; 고기 보관; 생선 보관,1인 가구 고기 보관; 혼밥 생선 보관; 남은 식재료 활용; 냉동 고기; 신선육 보관; 식비 절약 팁; 식품 낭비 줄이기,"1인 가구 직장인, 신선한 고기·생선 한 팩 샀는데 한 끼 먹고 남은 것 버릴까 말까? 신선도 낭비 없이 끝까지 즐기는 현실적인 보관 & 활용 전략 | 혼삶노트",신선한 고기나 생선을 한 팩 샀다가 한 끼 먹고 남아서 난감했던 경험 있으신가요? 1인 가구를 위한 남은 식재료 버리지 않고 안전하게 보관하고 활용하는 현실적인 팁을 알려드립니다.,질문형,1인 가구 고기 보관,혼밥 생선 보관; 남은 식재료 활용; 냉동 고기; 신선육 보관; 식비 절약 팁; 식품 낭비 줄이기,낮음,식재료 낭비 줄이기,예,예,아니오,2026-07-30-food-12; 2026-07-30-food-13; 2026-07-30-food-16; 2026-08-07-food-auto-0e8387; 2026-08-03-food-auto-b8f8a0; 2026-08-01-food-auto-174113,아니오,유지,1인 가구 고기 보관 알아보기,"신선한 고기나 생선이 한 끼 이상 남았다면, **당장 먹을 분량을 제외하고 즉시 밀봉하여 냉동실로 직행하세요.** 냉장 보관은 하루 이틀 이상을 보장하기 어렵습니다.",87,아니오,,,,
2026-08-09-food-auto-bd7a7d,"혼자 사는 직장인, 요리 시간 아끼고 싶을 때: 손질 채소 vs. 통 채소, 당신의 시간과 지갑을 위한 현명한 선택",https://honsamnote.co.kr/blog/2026-08-09-food-auto-bd7a7d/,food,혼밥·식재료 관리,혼밥; 식재료 관리; 손질 채소; 통 채소; 1인 가구 요리; 시간 절약; 식비 절약,1인 가구 채소; 손질 채소 구매; 통 채소 보관; 혼자 사는 직장인 요리; 식재료 낭비 줄이기,"혼자 사는 직장인, 요리 시간 아끼고 싶을 때: 손질 채소 vs. 통 채소, 당신의 시간과 지갑을 위한 현명한 선택 | 혼삶노트","바쁜 1인 가구 직장인, 요리 시간은 아끼고 싶지만 식재료 낭비도 싫죠? 손질 채소와 통 채소, 무엇이 당신에게 더 효율적일지 현실적인 비교 분석으로 알려드립니다.",비교형,1인 가구 채소,손질 채소 구매; 통 채소 보관; 혼자 사는 직장인 요리; 식재료 낭비 줄이기,낮음,식재료 낭비 줄이기,예,예,예,2026-08-03-food-auto-fb2380; 2026-08-13-food-auto-05f1fc; 2026-08-01-food-auto-174113; 2026-08-01-food-auto-8c9a71; 2026-08-06-food-auto-dea971; 2026-08-06-food-auto-36b7bb,아니오,유지,1인 가구 채소 비교,"결론부터 말씀드리자면, '손질 채소'와 '통 채소' 중 어느 쪽이 무조건 더 좋다고 단정할 수는 없습니다.",87,아니오,,,,
2026-08-09-products-auto-7bf3a6,"혼자 사는 직장인, 좁은 집에서도 나만의 영화관을 만들고 싶다면? 미니 빔 프로젝터 vs 스마트 TV, 내게 맞는 최적의 선택은?",https://honsamnote.co.kr/blog/2026-08-09-products-auto-7bf3a6/,products,1인 가구 제품·서비스,1인가구; 제품비교; 미니빔프로젝터; 스마트TV; 홈엔터테인먼트; 공간활용,1인 가구 엔터테인먼트; 미니 빔 프로젝터; 스마트 TV; 좁은 집 영화관; 공간 효율적인 가전; 혼족 생활 팁,"혼자 사는 직장인, 좁은 집에서도 나만의 영화관을 만들고 싶다면? 미니 빔 프로젝터 vs 스마트 TV, 내게 맞는 최적의 선택은? | 혼삶노트","혼자 사는 직장인을 위한 미니 빔 프로젝터와 스마트 TV 비교 가이드! 좁은 집에서 나만의 영화관을 만들 때, 무엇을 선택해야 할지 공간, 사용성, 비용 기준으로 현실적인 선택지를 제시합니다.",질문형,1인 가구 엔터테인먼트,미니 빔 프로젝터; 스마트 TV; 좁은 집 영화관; 공간 효율적인 가전; 혼족 생활 팁,낮음,1인 가구 제품·서비스 기타,예,예,아니오,2026-08-06-products-auto-9bb85c; 2026-07-30-products-50; 2026-07-30-products-51; 2026-07-30-products-53; 2026-07-30-products-55; 2026-07-30-products-56,아니오,유지,1인 가구 엔터테인먼트 알아보기,혼자 사는 직장인에게 좁은 집 홈 시네마는 '스마트 TV'와 '미니 빔 프로젝터' 두 가지 선택지로 압축됩니다.,87,아니오,,,,
2026-08-09-products-auto-df5dbc,"혼자 사는 직장인, 부피 큰 가구/가전 처리에 막막하다면? 1인 가구 맞춤 대형 폐기물 처리, '이 3단계'로 깔끔하게 끝내세요!",https://honsamnote.co.kr/blog/2026-08-09-products-auto-df5dbc/,products,1인 가구 제품·서비스,1인 가구; 대형 폐기물; 가구 버리기; 가전제품 버리기; 폐기물 처리; 생활 꿀팁,1인 가구 폐기물; 대형 폐기물 신고; 폐가전 무상수거; 가구 버리는 법; 혼자 살이 팁,"혼자 사는 직장인, 부피 큰 가구/가전 처리에 막막하다면? 1인 가구 맞춤 대형 폐기물 처리, '이 3단계'로 깔끔하게 끝내세요! | 혼삶노트","혼자 사는 직장인을 위한 부피 큰 폐기물 처리 가이드. 낡은 가구, 고장난 가전제품, 어떻게 버려야 할지 막막할 때 시간과 돈을 아끼는 현명한 3단계 해결법을 제시합니다.",질문형,1인 가구 폐기물,대형 폐기물 신고; 폐가전 무상수거; 가구 버리는 법; 혼자 살이 팁,낮음,1인 가구 제품·서비스 기타,예,예,아니오,2026-08-01-products-auto-7e3829; 2026-07-31-products-75; 2026-07-31-products-76; 2026-08-06-products-auto-a2fa71; 2026-08-07-products-auto-5c0731; 2026-07-30-products-51,아니오,유지,1인 가구 폐기물 알아보기,이 부피 큰 가구/가전을 처리할 때 가장 빠르고 확실한 방법은 **지자체에 '대형 폐기물 배출 신고'를 하고 '신고 필증'을 부착하여 지정된 장소에 배출하는 것**입니다.,87,아니오,,,,
2026-08-10-cost-auto-2c9756,"혼자 사는 직장인, 세탁 세제 살 때마다 고민된다면? 액체 vs 가루 vs 캡슐, 나에게 맞는 최적의 선택 가이드",https://honsamnote.co.kr/blog/2026-08-10-cost-auto-2c9756/,cost,생활비 최적화,세탁세제; 1인가구세탁; 생활비절약; 빨래꿀팁; 살림노하우,세탁세제 종류; 액체세제; 가루세제; 캡슐세제; 1인가구 살림; 생활비 최적화,"혼자 사는 직장인, 세탁 세제 살 때마다 고민된다면? 액체 vs 가루 vs 캡슐, 나에게 맞는 최적의 선택 가이드 | 혼삶노트","혼자 사는 직장인의 세탁 세제 고민을 해결합니다. 액체, 가루, 캡슐 세제의 장단점을 비교하고, 당신의 라이프스타일에 맞는 최적의 선택 기준을 제시해 시간과 돈을 아껴보세요.",질문형,세탁세제 종류,액체세제; 가루세제; 캡슐세제; 1인가구 살림; 생활비 최적화,낮음,생활비 절약 전반,예,예,아니오,2026-07-30-cost-6; 2026-08-01-cost-auto-8e14b1; 2026-08-01-cost-auto-eacedc; 2026-08-06-cost-auto-e8c32b; 2026-08-08-cost-auto-65e819; 2026-08-01-cost-auto-aa6f9d,아니오,유지,세탁세제 종류 알아보기,"에게 가장 좋은 세탁 세제는 당신의 **빨래 습관, 보관 공간, 그리고 세척과 편리함 중 무엇을 더 중요하게 생각하는지에 따라 달라집니다.** 액체, 가루, 캡슐 세제는 각각 명확한 장단점을 가지고 있으니, 이 글을 통해 자신의 라이프스타일에 맞는 세제를 찾아보는 것이 핵심입…",87,아니오,,,,
2026-08-10-cost-auto-78f79c,"혼자 사는 직장인, 집에 사소한 고장 났을 때! 직접 고치기 vs 전문가 부르기, 비용 아끼는 현명한 선택은?",https://honsamnote.co.kr/blog/2026-08-10-cost-auto-78f79c/,cost,생활비 최적화,생활비 최적화; 집 관리; DIY; 수리; 1인 가구,1인 가구 집 수리; 혼자 사는 집 고장; 자가 수리 비용; 전문가 수리 비용; 생활비 절약 팁,"혼자 사는 직장인, 집에 사소한 고장 났을 때! 직접 고치기 vs 전문가 부르기, 비용 아끼는 현명한 선택은? | 혼삶노트","혼자 사는 직장인이라면 필독! 집에 사소한 고장이 났을 때 막연히 전문가를 부르기 전에, 과연 직접 고칠 수 있을지 현실적인 판단 기준과 해결 방법을 알려드립니다. 시간과 돈을 아끼는 현명한 선택 가이드.",질문형,1인 가구 집 수리,혼자 사는 집 고장; 자가 수리 비용; 전문가 수리 비용; 생활비 절약 팁,낮음,생활비 절약 전반,예,예,아니오,2026-08-13-cost-auto-b1e536; 2026-07-29-cost-1; 2026-08-01-cost-auto-0d71f8; 2026-08-01-cost-auto-4a41b3; 2026-08-01-cost-auto-9c7467; 2026-08-03-cost-auto-4d199c,아니오,유지,1인 가구 집 수리 알아보기,혼자 사는 직장인에게 집 안의 사소한 고장은 피할 수 없는 현실입니다.,87,아니오,,,,
2026-08-10-cost-auto-88aeb7,"혼자 사는 직장인, 요리할 때마다 가스 요금 걱정된다면? 인덕션 vs 하이라이트 vs 가스레인지, 내게 맞는 주방 에너지 선택 가이드",https://honsamnote.co.kr/blog/2026-08-10-cost-auto-88aeb7/,cost,생활비 최적화,생활비 최적화; 주방 가전; 가스레인지; 인덕션; 하이라이트; 전기요금; 도시가스 요금; 1인 가구,1인 가구 주방; 전기레인지 추천; 가스 요금 줄이기; 인덕션 단점; 하이라이트 장점; 원룸 요리; 생활비 절약,"혼자 사는 직장인, 요리할 때마다 가스 요금 걱정된다면? 인덕션 vs 하이라이트 vs 가스레인지, 내게 맞는 주방 에너지 선택 가이드 | 혼삶노트","요리 빈도와 스타일에 따라 달라지는 주방 에너지 선택! 도시가스, 인덕션, 하이라이트 중 혼자 사는 직장인에게 가장 합리적인 선택 기준을 제시합니다.",질문형,1인 가구 주방,전기레인지 추천; 가스 요금 줄이기; 인덕션 단점; 하이라이트 장점; 원룸 요리; 생활비 절약,낮음,생활비 절약 전반,예,예,아니오,2026-08-01-cost-auto-4a41b3; 2026-08-03-cost-auto-d01191; 2026-08-07-cost-auto-24b43b; 2026-08-13-cost-auto-b1e536; 2026-08-05-cost-auto-e4ec33; 2026-08-06-cost-auto-3826dd,아니오,유지,1인 가구 주방 알아보기,"결론부터 말씀드리자면, 본인의 **요리 빈도와 스타일, 주거 형태(월세/전세/자가), 그리고 초기 투자 예산**에 따라 최적의 주방 에너지원은 달라집니다.",87,아니오,,,,
2026-08-10-products-auto-ea40dc,"혼자 사는 직장인, 난방비 폭탄은 싫은데 발 시린 창가에 지쳤다면? 1인 가구 맞춤 '우풍 완벽 차단', 이 3단계로 끝내세요!",https://honsamnote.co.kr/blog/2026-08-10-products-auto-ea40dc/,products,1인 가구 제품·서비스,1인 가구; 난방비 절약; 우풍 차단; 겨울철 생활; 자취 팁,1인 가구 난방; 우풍 해결; 난방비 절약; 셀프 우풍 차단; 겨울철 보온,"혼자 사는 직장인, 난방비 폭탄은 싫은데 발 시린 창가에 지쳤다면? 1인 가구 맞춤 '우풍 완벽 차단', 이 3단계로 끝내세요! | 혼삶노트",퇴근 후 따뜻한 집에서 쉬고 싶은데 창문 틈새로 스며드는 찬 바람과 올라가는 난방비 때문에 스트레스받고 있나요? 혼자 사는 당신을 위한 현실적인 우풍 차단법으로 쾌적하고 따뜻한 공간을 만드세요!,질문형,1인 가구 난방,우풍 해결; 난방비 절약; 셀프 우풍 차단; 겨울철 보온,낮음,1인 가구 제품·서비스 기타,예,예,예,2026-08-04-products-auto-d4b4c6; 2026-08-04-products-auto-e91dfc; 2026-08-06-products-auto-f84639; 2026-07-30-products-51; 2026-07-30-products-53; 2026-07-30-products-55,아니오,유지,1인 가구 난방 알아보기,"지금 당장 창문이나 문틈으로 찬 바람이 느껴진다면, 가장 빠르고 저렴한 해결책은 **'문풍지'와 '틈새막이 테이프'로 보이는 틈을 일시적으로 막는 것**입니다.",87,아니오,,,,
2026-08-11-cost-auto-ff0274,"혼자 사는 직장인, 매번 휴지·키친타월 살 때마다 후회된다면? 대용량 vs 소량, 현명한 선택 가이드",https://honsamnote.co.kr/blog/2026-08-11-cost-auto-ff0274/,cost,생활비 최적화,생활비 최적화; 1인 가구; 생필품; 현명한 소비; 살림 노하우,1인 가구 휴지; 키친타월 구매; 대용량 소량 비교; 생필품 절약; 생활비 아끼기,"혼자 사는 직장인, 매번 휴지·키친타월 살 때마다 후회된다면? 대용량 vs 소량, 현명한 선택 가이드 | 혼삶노트","1인 가구에게 애매한 생필품 구매, 휴지·키친타월! 공간은 좁고 비용은 아끼고 싶을 때, 대용량과 소량 구매 중 어떤 것이 최적의 선택인지 현실적인 판단 기준을 제시합니다.",질문형,1인 가구 휴지,키친타월 구매; 대용량 소량 비교; 생필품 절약; 생활비 아끼기,낮음,생활비 절약 전반,예,예,아니오,2026-08-01-cost-auto-4a41b3; 2026-08-06-cost-auto-f652a0; 2026-08-12-cost-auto-b36efb; 2026-08-01-cost-auto-0d71f8; 2026-08-01-cost-auto-8e14b1; 2026-08-01-cost-auto-9c7467,아니오,유지,1인 가구 휴지 알아보기,혼자 사는 직장인의 휴지·키친타월 구매는 **‘보관 공간’과 ‘개인별 소비 속도’**가 핵심 판단 기준입니다.,87,예,,,,
2026-08-11-products-auto-056afc,"혼자 사는 직장인, 집 비울 때나 혼자 있을 때 우리 집 보안 걱정된다면? 1인 가구 홈 CCTV vs. 전문 보안 서비스, 내게 맞는 최적의 선택은?",https://honsamnote.co.kr/blog/2026-08-11-products-auto-056afc/,products,1인 가구 제품·서비스,1인 가구; 보안; 홈 CCTV; 보안 서비스; 안전; 홈캠; 방범,1인 가구 보안; 자가 CCTV; 보안 업체; 집 지킴이; 홈 보안 시스템; 직장인 보안,"혼자 사는 직장인, 집 비울 때나 혼자 있을 때 우리 집 보안 걱정된다면? 1인 가구 홈 CCTV vs. 전문 보안 서비스, 내게 맞는 최적의 선택은? | 혼삶노트","혼자 사는 직장인을 위한 집 보안 솔루션. 자가 설치 홈 CCTV와 전문 보안 서비스의 장단점, 비용, 설치, 사후 대응 등을 비교하여 나에게 딱 맞는 선택을 돕는 현실적인 가이드.",질문형,1인 가구 보안,자가 CCTV; 보안 업체; 집 지킴이; 홈 보안 시스템; 직장인 보안,낮음,1인 가구 제품·서비스 기타,예,예,아니오,2026-08-06-products-auto-1d916e; 2026-08-06-products-auto-2eb0f5; 2026-08-09-housing-auto-1e381e; 2026-07-30-products-51; 2026-07-30-products-53; 2026-07-30-products-55,아니오,유지,1인 가구 보안 알아보기,집 보안에 대한 걱정은 매우 현실적입니다.,87,아니오,,,,
2026-08-11-products-auto-3a0a24,"혼자 사는 직장인, 좁은 집에서 부피 큰 이불 빨래가 막막하다면? 코인 세탁소 vs 전문 업체, 내게 맞는 최적의 선택은?",https://honsamnote.co.kr/blog/2026-08-11-products-auto-3a0a24/,products,1인 가구 제품·서비스,1인 가구; 이불 빨래; 세탁; 코인 세탁소; 세탁 서비스; 집안일 효율화; 시간 절약; 돈 절약,1인 가구 이불 빨래; 부피 큰 이불 세탁; 코인 세탁방 이용; 이불 세탁 전문 업체; 침구류 관리; 세탁 서비스 비교,"혼자 사는 직장인, 좁은 집에서 부피 큰 이불 빨래가 막막하다면? 코인 세탁소 vs 전문 업체, 내게 맞는 최적의 선택은? | 혼삶노트","혼자 사는 직장인이라면 누구나 공감할 이불 빨래 고민! 좁은 집 세탁기 용량과 건조 공간의 한계, 어떻게 해결할까요? 코인 세탁소와 전문 세탁 서비스, 그리고 집에서 할 수 있는 현실적인 관리 팁까지, 내 상황에 딱 맞는 최적의 이불 관리법을 알려드립니다.",질문형,1인 가구 이불 빨래,부피 큰 이불 세탁; 코인 세탁방 이용; 이불 세탁 전문 업체; 침구류 관리; 세탁 서비스 비교,낮음,1인 가구 제품·서비스 기타,예,예,아니오,2026-08-05-products-auto-9973a7; 2026-08-06-products-auto-2eb0f5; 2026-08-11-products-auto-fb26b6; 2026-08-12-products-auto-2ee7a1; 2026-08-13-products-auto-2cf601; 2026-07-30-products-57,아니오,유지,1인 가구 이불 빨래 알아보기,지금 당장 급하게 대용량 이불을 빠르고 깨끗하게 세탁/건조하고 싶다면 **가장 가까운 코인 세탁소로 달려가세요.** 세탁과 건조를 한 번에 해결할 수 있어 시간 효율이 가장 높습니다.,87,아니오,,,,
2026-08-11-products-auto-fb26b6,"혼자 사는 직장인, 온라인으로 산 조립 가구 앞에서 막막하다면? 셀프 조립 vs. 전문가 서비스, 내게 딱 맞는 선택은?",https://honsamnote.co.kr/blog/2026-08-11-products-auto-fb26b6/,products,1인 가구 제품·서비스,1인 가구; 조립 가구; 가구 조립; 생활 최적화; 시간 절약; 돈 절약; 제품 서비스,1인 가구 가구 조립; 셀프 조립 가구; 가구 조립 서비스; 조립 가구 추천; 이케아 조립,"혼자 사는 직장인, 온라인으로 산 조립 가구 앞에서 막막하다면? 셀프 조립 vs. 전문가 서비스, 내게 딱 맞는 선택은? | 혼삶노트",혼자 사는 직장인을 위한 조립 가구 선택 가이드. 시간과 비용을 아끼면서 스트레스 없이 새 가구를 완성할 수 있는 셀프 조립과 전문가 서비스 선택 기준을 제시합니다.,질문형,1인 가구 가구 조립,셀프 조립 가구; 가구 조립 서비스; 조립 가구 추천; 이케아 조립,낮음,1인 가구 제품·서비스 기타,예,예,아니오,2026-08-05-products-auto-9973a7; 2026-08-06-products-auto-2eb0f5; 2026-08-04-products-auto-e91dfc; 2026-07-30-products-57; 2026-08-03-products-auto-55fd7c; 2026-08-06-products-auto-17f494,아니오,유지,1인 가구 가구 조립 알아보기,"혼자 조립 가구를 만났을 때의 막막함, 충분히 공감합니다.",87,아니오,,,,
2026-08-11-storage-auto-80b064,"1인 가구 직장인, 좁은 원룸 빨래 건조대가 '거실 한가운데 애물단지'라면? '이동식 vs 접이식 vs 벽걸이' 현명하게 고르고 깔끔하게 쓰는 현실 수납법",https://honsamnote.co.kr/blog/2026-08-11-storage-auto-80b064/,storage,좁은 집과 수납,1인 가구; 좁은 집 수납; 빨래 건조대; 원룸 수납; 생활 최적화,1인 가구 빨래 건조대; 좁은 집 건조대; 원룸 건조대; 접이식 건조대; 벽걸이 건조대; 빨래 수납,"1인 가구 직장인, 좁은 원룸 빨래 건조대가 '거실 한가운데 애물단지'라면? '이동식 vs 접이식 vs 벽걸이' 현명하게 고르고 깔끔하게 쓰는 현실 수납법 | 혼삶노트","좁은 원룸에서 빨래 건조대가 애물단지처럼 느껴진다면? 이동식, 접이식, 벽걸이 건조대 중 나에게 맞는 것을 고르고 깔끔하게 수납하는 현실적인 방법을 알아봅니다.",질문형,1인 가구 빨래 건조대,좁은 집 건조대; 원룸 건조대; 접이식 건조대; 벽걸이 건조대; 빨래 수납,낮음,원룸 전체 수납,예,예,아니오,2026-08-06-storage-auto-d7c10d; 2026-08-08-storage-auto-24e806; 2026-08-06-storage-auto-19a86d; 2026-08-07-storage-auto-ffedfc; 2026-08-08-storage-auto-15969c; 2026-08-08-storage-auto-276b92,아니오,유지,1인 가구 빨래 건조대 알아보기,"지금 당장 건조대가 답답하다면, **가장 먼저 지금 사용하고 있는 건조대의 종류와 빨래량, 그리고 집안의 숨은 여유 공간을 점검해 보세요.** 무조건 새것을 사는 것보다, 기존 건조대의 활용도를 높이거나 내 생활 환경에 맞는 다른 종류의 건조대로 교체하는 것이 가장 빠르고 현…",87,아니오,,,,
2026-08-12-food-auto-6ed755,"혼자 사는 직장인, 우유 한 팩 앞에서 망설일 때: 신선 우유 vs. 멸균 우유, 당신의 건강과 지갑을 위한 현명한 선택",https://honsamnote.co.kr/blog/2026-08-12-food-auto-6ed755/,food,혼밥·식재료 관리,1인가구; 혼밥; 식재료관리; 우유; 멸균우유; 신선우유; 냉장고파먹기,1인 가구 우유; 혼자 우유; 신선 우유 멸균 우유 비교; 우유 보관; 우유 유통기한; 혼자 사는 직장인 우유; 식재료 낭비 줄이기,"혼자 사는 직장인, 우유 한 팩 앞에서 망설일 때: 신선 우유 vs. 멸균 우유, 당신의 건강과 지갑을 위한 현명한 선택 | 혼삶노트","혼자 사는 직장인이라면 우유 한 팩을 끝까지 마시지 못하고 버리는 경험이 잦죠. 신선 우유와 멸균 우유 중 어떤 선택이 당신의 라이프스타일과 식탁에 더 잘 맞을까요? 시간, 돈, 건강을 아끼는 현실적인 선택 가이드입니다.",비교형,1인 가구 우유,혼자 우유; 신선 우유 멸균 우유 비교; 우유 보관; 우유 유통기한; 혼자 사는 직장인 우유; 식재료 낭비 줄이기,낮음,식재료 낭비 줄이기,예,예,아니오,2026-08-08-food-auto-6f0a23; 2026-08-07-food-auto-f5cf37; 2026-08-12-food-auto-7b4cd9; 2026-08-01-food-auto-174113; 2026-08-01-food-auto-6b8a79; 2026-08-01-food-auto-8c9a71,아니오,유지,1인 가구 우유 비교,"혼자 사는 직장인이라면, **주 3회 이상 꾸준히 우유를 섭취한다면 '신선 우유'를, 우유 섭취량이 적거나 냉장 보관이 어렵다면 '멸균 우유'가 현명한 선택**입니다.",87,아니오,,,,
2026-08-12-food-auto-7b4cd9,"혼자 사는 직장인, 냉장고 속 '남은 유제품' 버릴까 말까? 신선도 낭비 없이 끝까지 알뜰하게 즐기는 현실적인 활용법",https://honsamnote.co.kr/blog/2026-08-12-food-auto-7b4cd9/,food,혼밥·식재료 관리,혼밥; 식재료관리; 1인 가구; 유제품; 식비절약; 냉장고파먹기,1인 가구 유제품 보관; 남은 생크림 활용; 남은 치즈 보관; 혼자 사는 식재료 관리; 냉장고 식재료 낭비,"혼자 사는 직장인, 냉장고 속 '남은 유제품' 버릴까 말까? 신선도 낭비 없이 끝까지 알뜰하게 즐기는 현실적인 활용법 | 혼삶노트","혼자 사는데 요리하다 남은 생크림, 치즈, 요거트… 처치 곤란할 때 많으셨죠? 신선하게 보관하고 끝까지 알뜰하게 활용하는 1인 가구 맞춤 전략을 알려드립니다.",질문형,1인 가구 유제품 보관,남은 생크림 활용; 남은 치즈 보관; 혼자 사는 식재료 관리; 냉장고 식재료 낭비,낮음,식재료 낭비 줄이기,예,예,아니오,2026-08-07-food-auto-f5cf37; 2026-08-08-food-auto-6f0a23; 2026-08-12-food-auto-6ed755; 2026-07-30-food-12; 2026-07-30-food-13; 2026-07-30-food-16,아니오,유지,1인 가구 유제품 보관 알아보기,"냉장고 속 남은 유제품, 대부분은 적절한 보관과 빠른 활용 전략만 있다면 버리지 않고 끝까지 알뜰하게 즐길 수 있습니다.",87,아니오,,,,
2026-08-12-products-auto-2ee7a1,"혼자 사는 직장인, 매번 장보기 번거롭고 필요한 건 깜빡한다면? 1인 가구 맞춤 구독 박스 vs 직접 장보기, 나에게 딱 맞는 선택은?",https://honsamnote.co.kr/blog/2026-08-12-products-auto-2ee7a1/,products,1인 가구 제품·서비스,1인 가구; 구독 서비스; 장보기; 생활용품; 식료품; 시간 절약; 돈 절약; 최적화,1인 가구 구독 박스; 혼자 장보기; 생활용품 구독; 식료품 구독; 시간 절약 팁; 장보기 귀찮을 때; 효율적인 소비,"혼자 사는 직장인, 매번 장보기 번거롭고 필요한 건 깜빡한다면? 1인 가구 맞춤 구독 박스 vs 직접 장보기, 나에게 딱 맞는 선택은? | 혼삶노트","퇴근 후 장보기가 귀찮거나 필요한 물건을 자주 잊어버리는 1인 가구를 위해, 구독 박스와 직접 장보기 중 어떤 선택이 더 효율적인지 현실적인 판단 기준을 제시합니다.",질문형,1인 가구 구독 박스,혼자 장보기; 생활용품 구독; 식료품 구독; 시간 절약 팁; 장보기 귀찮을 때; 효율적인 소비,낮음,1인 가구 제품·서비스 기타,예,예,아니오,2026-08-05-products-auto-9973a7; 2026-08-06-products-auto-2eb0f5; 2026-08-11-products-auto-3a0a24; 2026-08-11-products-auto-fb26b6; 2026-08-13-products-auto-2cf601; 2026-07-30-products-57,아니오,유지,1인 가구 구독 박스 알아보기,"매번 장보기 품목을 고민하고 구매하는 과정이 번거롭고, 정기적으로 필요한 생활용품이나 식료품에서 특정 브랜드에 대한 강한 고집이 없다면 **구독 박스를 적극 고려해 보세요.** 시간과 정신적 에너지를 절약하고, 예측 가능한 지출로 효율적인 생활 관리가 가능합니다.",87,아니오,,,,
2026-08-12-products-auto-6c6a4a,"혼자 사는 직장인, 퇴근 후 어두운 집, 굳이 불 켜러 가기 귀찮다면? 1인 가구 스마트 전구, 과연 나에게 필요한 최적의 선택일까?",https://honsamnote.co.kr/blog/2026-08-12-products-auto-6c6a4a/,products,1인 가구 제품·서비스,스마트홈; 1인가구제품; 생활가전; 시간절약; 에너지절약,스마트 전구; 1인 가구 조명; 스마트홈 입문; 퇴근 후 편리함; 에너지 효율; 스마트 전구 설치,"혼자 사는 직장인, 퇴근 후 어두운 집, 굳이 불 켜러 가기 귀찮다면? 1인 가구 스마트 전구, 과연 나에게 필요한 최적의 선택일까? | 혼삶노트","퇴근 후 어두운 집, 아침마다 불 끄러 가는 번거로움에 지쳤나요? 1인 가구를 위한 스마트 전구의 현실적인 필요성과 선택 기준, 설치부터 활용 팁까지 전문가가 알려드립니다.",질문형,스마트 전구,1인 가구 조명; 스마트홈 입문; 퇴근 후 편리함; 에너지 효율; 스마트 전구 설치,낮음,1인 가구 제품·서비스 기타,예,예,아니오,2026-08-03-products-auto-55fd7c; 2026-07-30-products-50; 2026-07-30-products-51; 2026-07-30-products-53; 2026-07-30-products-55; 2026-07-30-products-56,아니오,유지,스마트 전구 알아보기｜1인 가구 제품·서비스,"이 **퇴근 후 어두운 집에 들어서는 불쾌함을 없애고, 사소한 전기 낭비를 줄이며, 매일 전등 스위치까지 가는 번거로움에서 벗어나고 싶다면 스마트 전구는 충분히 투자할 가치가 있는 현실적인 선택**입니다.",87,아니오,,,,
2026-08-12-products-auto-74d817,"혼자 사는 직장인, 냉난방비 아끼고 쾌적한 실내 공기? 서큘레이터 vs. 선풍기, 나에게 딱 맞는 선택은?",https://honsamnote.co.kr/blog/2026-08-12-products-auto-74d817/,products,1인 가구 제품·서비스,1인 가구; 냉난방; 서큘레이터; 선풍기; 제품 비교; 절약,1인 가구 냉난방; 서큘레이터; 선풍기 차이; 서큘레이터 추천; 선풍기 추천; 냉방비 절약,"혼자 사는 직장인, 냉난방비 아끼고 쾌적한 실내 공기? 서큘레이터 vs. 선풍기, 나에게 딱 맞는 선택은? | 혼삶노트",냉난방 효율을 높이고 쾌적한 실내 공기를 유지하고 싶은 1인 가구를 위한 서큘레이터와 선풍기 비교 가이드. 목적에 맞는 최적의 선택으로 시간과 돈을 절약하세요.,질문형,1인 가구 냉난방,서큘레이터; 선풍기 차이; 서큘레이터 추천; 선풍기 추천; 냉방비 절약,낮음,1인 가구 제품·서비스 기타,예,예,아니오,2026-08-03-products-auto-1b3cc6; 2026-08-07-products-auto-074e7a; 2026-07-30-products-51; 2026-07-30-products-53; 2026-07-30-products-55; 2026-07-30-products-56,아니오,유지,1인 가구 냉난방 알아보기,"결론부터 말씀드리자면, **'직접적인 바람으로 체감 온도를 낮춰 순간적인 시원함'을 원한다면 선풍기**가, **'실내 공기 전체를 순환시켜 냉난방 효율을 높이고 쾌적한 공기 질'을 만들고 싶다면 서큘레이터**가 답입니다.",87,아니오,,,,
2026-08-12-safety-auto-020b2f,"혼자 사는 당신, 욕실이나 주방 배수구에서 갑자기 악취가 올라올 때: 당황하지 않고 원인 파악부터 위생적으로 해결하는 현실적인 방법",https://honsamnote.co.kr/blog/2026-08-12-safety-auto-020b2f/,safety,안전·응급상황,안전; 응급상황; 배수구 악취; 싱크대 냄새; 화장실 냄새; 1인 가구 청소,배수구 냄새 제거; 싱크대 악취; 욕실 배수구 냄새; 1인 가구 배수구 관리; 자가 배수구 청소,"혼자 사는 당신, 욕실이나 주방 배수구에서 갑자기 악취가 올라올 때: 당황하지 않고 원인 파악부터 위생적으로 해결하는 현실적인 방법 | 혼삶노트","혼자 사는 집에 갑자기 역한 배수구 냄새가 진동할 때, 당황하지 마세요. 원인부터 파악해 베이킹소다, 식초 등 자가 해결법부터 전문가 호출까지 단계별로 위생적인 해결책을 제시합니다.",방법형,배수구 냄새 제거,싱크대 악취; 욕실 배수구 냄새; 1인 가구 배수구 관리; 자가 배수구 청소,낮음,응급상황 대처,예,예,아니오,2026-07-30-safety-34; 2026-07-30-safety-41; 2026-07-31-safety-72; 2026-07-31-safety-73; 2026-08-01-safety-auto-0466e2; 2026-08-01-safety-auto-0e6262,아니오,유지,배수구 냄새 제거 방법,"가장 먼저, **배수구 주변을 꼼꼼하게 청소하고 물을 충분히 흘려보내세요.** 특히 싱크대 배수구의 음식물 거름망을 비우고 깨끗하게 닦은 뒤, 욕실 배수구 커버를 열어 쌓인 머리카락 등을 모두 제거해야 합니다.",87,아니오,,,,
2026-08-12-safety-auto-15ca61,"혼자 사는 당신, 갑자기 정전될 때? 배터리식 비상등 vs. 충전식 자가발전/태양광 비상등, 나에게 맞는 안전 선택은?",https://honsamnote.co.kr/blog/2026-08-12-safety-auto-15ca61/,safety,안전·응급상황,안전; 응급상황; 정전; 비상등; 1인 가구,1인 가구 정전; 비상등 추천; 배터리 비상등; 충전식 비상등; 자가발전 비상등; 태양광 비상등,"혼자 사는 당신, 갑자기 정전될 때? 배터리식 비상등 vs. 충전식 자가발전/태양광 비상등, 나에게 맞는 안전 선택은? | 혼삶노트","혼자 살며 겪는 갑작스러운 정전, 당황하지 않고 안전하게 어둠을 밝힐 비상등을 고르세요. 배터리식과 충전식 비상등의 장단점을 비교하고 나에게 맞는 비상등을 고르는 현실적인 가이드.",질문형,1인 가구 정전,비상등 추천; 배터리 비상등; 충전식 비상등; 자가발전 비상등; 태양광 비상등,낮음,응급상황 대처,예,예,아니오,2026-07-30-safety-34; 2026-07-30-safety-41; 2026-07-31-safety-72; 2026-08-04-safety-auto-61ce38; 2026-08-06-safety-auto-425601; 2026-08-06-safety-auto-ec7c17,아니오,유지,1인 가구 정전 알아보기,에게 갑작스러운 정전은 큰 공포로 다가올 수 있습니다.,87,아니오,,,,
2026-08-12-safety-auto-52e6c7,"혼자 사는 당신, 주방/침실 화재 경보기가 갑자기 울릴 때: 당황하지 않고 안전하게 오작동 확인 및 대처하는 현실적인 방법",https://honsamnote.co.kr/blog/2026-08-12-safety-auto-52e6c7/,safety,안전·응급상황,안전; 응급상황; 1인 가구; 화재 경보기; 소방 안전; 비상 대처,혼자 화재 경보기; 화재 경보기 오작동; 연기 감지기 울림; 단독경보형 감지기; 비상 대처법,"혼자 사는 당신, 주방/침실 화재 경보기가 갑자기 울릴 때: 당황하지 않고 안전하게 오작동 확인 및 대처하는 현실적인 방법 | 혼삶노트","혼자 사는 집에 갑자기 화재 경보기가 울려 패닉에 빠졌나요? 이 글은 당황하지 않고 화재 여부를 빠르게 확인하고, 오작동 시 안전하게 끄거나 실제 화재 시 신속하게 대처하는 현실적인 방법을 안내합니다. 시간과 안전을 모두 지키세요.",방법형,혼자 화재 경보기,화재 경보기 오작동; 연기 감지기 울림; 단독경보형 감지기; 비상 대처법,낮음,응급상황 대처,예,예,아니오,2026-08-07-safety-auto-86e30d; 2026-07-30-safety-34; 2026-07-30-safety-41; 2026-07-31-safety-72; 2026-08-04-safety-auto-61ce38; 2026-08-06-safety-auto-425601,아니오,유지,혼자 화재 경보기 방법,"화재 경보기가 울린다면, **가장 먼저 침착하게 진짜 화재 상황인지 아닌지 육안과 후각으로 확인하고, 그에 따라 오작동이라면 조용히 해제하거나, 실제 화재라면 즉시 119에 신고하고 대피 준비를 하는 것이 핵심입니다.** 초기 1~2분 안에 이 판단을 내리는 것이 내 안전을…",87,아니오,,,,
2026-08-12-storage-auto-0db620,"1인 가구 직장인, 좁은 집 서랍 속 '조립 가구 남은 부품·자잘한 수리 용품' 때문에 어지럽다면? 깔끔하게 정리하고 필요할 때 바로 찾아 쓰는 현실 수납법",https://honsamnote.co.kr/blog/2026-08-12-storage-auto-0db620/,storage,좁은 집과 수납,1인 가구; 좁은 집 수납; 서랍 정리; 생활 최적화; DIY 용품 정리,원룸 수납; 자잘한 부품 정리; 조립 가구 남은 부품; 수리 용품 보관; 효율적인 서랍 정리,"1인 가구 직장인, 좁은 집 서랍 속 '조립 가구 남은 부품·자잘한 수리 용품' 때문에 어지럽다면? 깔끔하게 정리하고 필요할 때 바로 찾아 쓰는 현실 수납법 | 혼삶노트","혼자 살다 보면 쌓이는 조립 가구 여분 부품, 남은 나사, 작은 공구, 접착제 등으로 어지러운 서랍. 스트레스 받는 당신을 위해 깔끔하게 정리하고 필요한 순간 바로 찾아 쓰는 현실적인 수납 팁을 알려드립니다.",질문형,원룸 수납,자잘한 부품 정리; 조립 가구 남은 부품; 수리 용품 보관; 효율적인 서랍 정리,낮음,원룸 전체 수납,예,예,아니오,2026-08-06-storage-auto-11ba62; 2026-08-11-storage-auto-9064d7; 2026-08-06-storage-auto-d7c10d; 2026-08-07-storage-auto-ffedfc; 2026-08-08-storage-auto-24e806; 2026-08-11-storage-auto-80b064,아니오,유지,원룸 수납 알아보기,이런 잡동사니 수납 문제는 '일단 전부 꺼내서 버릴 것과 보관할 것을 명확히 나누는 것'부터 시작해야 합니다.,87,아니오,,,,
2026-08-12-storage-auto-ec0e5a,"1인 가구 직장인, 좁은 원룸 '넘쳐나는 재활용 쓰레기'에 발 디딜 틈 없다면? 깔끔하게 분리하고 스트레스 없이 배출하는 현실 수납법",https://honsamnote.co.kr/blog/2026-08-12-storage-auto-ec0e5a/,storage,좁은 집과 수납,1인 가구 수납; 좁은 집 수납; 재활용 분리수거; 쓰레기 정리; 공간 최적화,1인 가구 재활용; 좁은 원룸 분리수거; 쓰레기 수납; 플라스틱 정리; 종이 박스 정리,"1인 가구 직장인, 좁은 원룸 '넘쳐나는 재활용 쓰레기'에 발 디딜 틈 없다면? 깔끔하게 분리하고 스트레스 없이 배출하는 현실 수납법 | 혼삶노트","퇴근 후 쌓여가는 재활용 쓰레기로 좁은 집이 늘 지저분하다면? 1인 가구의 효율적인 재활용 수납을 위한 배출 주기 파악부터 압축, 공간 최적화 팁까지, 현실적인 해결책을 제시합니다.",질문형,1인 가구 재활용,좁은 원룸 분리수거; 쓰레기 수납; 플라스틱 정리; 종이 박스 정리,낮음,원룸 전체 수납,예,예,아니오,2026-08-13-storage-auto-ccc061; 2026-08-01-storage-auto-4eec70; 2026-08-07-storage-auto-b02bd8; 2026-08-07-storage-auto-c71b14; 2026-08-08-storage-auto-276b92; 2026-08-11-storage-auto-9064d7,아니오,유지,1인 가구 재활용 알아보기,1인 가구의 좁은 집에서 재활용 쓰레기 수납 문제는 '배출 주기 파악'과 '최소 공간 최대 효율'에 달려 있습니다.,87,아니오,,,,
2026-08-13-cost-auto-590148,"혼자 사는 직장인, 매달 통장 스쳐 가는 숨은 구독료에 놀란다면? OTT 외 디지털 구독 서비스 비용 확 줄이는 법",https://honsamnote.co.kr/blog/2026-08-13-cost-auto-590148/,cost,생활비 최적화,생활비 최적화; 구독료 절약; 1인 가구 절약; 디지털 지출; 숨은 비용,1인 가구 구독 서비스; 디지털 구독료 절약; 숨은 구독료 찾기; 클라우드 비용 줄이기; 생활비 관리,"혼자 사는 직장인, 매달 통장 스쳐 가는 숨은 구독료에 놀란다면? OTT 외 디지털 구독 서비스 비용 확 줄이는 법 | 혼삶노트","혼자 사는 직장인이라면 주목! 나도 모르게 빠져나가는 클라우드, 음악, 생산성 앱 등 OTT 외 디지털 구독 서비스 비용을 확 줄이고 지갑을 지키는 현실적인 방법을 알려드립니다.",질문형,1인 가구 구독 서비스,디지털 구독료 절약; 숨은 구독료 찾기; 클라우드 비용 줄이기; 생활비 관리,낮음,생활비 절약 전반,예,예,예,2026-08-07-cost-auto-b1ff82; 2026-08-01-cost-auto-0d71f8; 2026-08-01-cost-auto-44803f; 2026-08-01-cost-auto-4a41b3; 2026-08-01-cost-auto-9c7467; 2026-08-03-cost-auto-4d199c,아니오,유지,1인 가구 구독 서비스 알아보기,"매달 나가는 숨은 구독료 때문에 고민이 많으셨다면, 오늘 당장 모든 디지털 구독 서비스 목록을 정리하고, '나 혼자서도 정말 필요한가?', '얼마나 자주 쓰는가?'라는 두 가지 질문을 기준으로 불필요한 구독은 즉시 해지하고, 꼭 필요한 구독은 더 합리적인 대안을 찾아 갈아타는…",87,아니오,,,,
2026-08-13-cost-auto-b1e536,"혼자 사는 직장인, 사소한 집안일에 매번 공구 빌리기 번거롭다면? 멀티 공구 세트 구매 vs 필요할 때마다 대여/전문가 부르기, 후회 없는 선택 가이드",https://honsamnote.co.kr/blog/2026-08-13-cost-auto-b1e536/,cost,생활비 최적화,생활비 최적화; 1인 가구; 공구; DIY; 집안일,1인 가구 공구; 멀티 공구 세트; 공구 대여; 집수리; 생활비 절약,"혼자 사는 직장인, 사소한 집안일에 매번 공구 빌리기 번거롭다면? 멀티 공구 세트 구매 vs 필요할 때마다 대여/전문가 부르기, 후회 없는 선택 가이드 | 혼삶노트","혼자 사는 직장인을 위한 현실적인 공구 선택 가이드. 멀티 공구 세트를 사야 할지, 필요할 때마다 빌리거나 전문가를 불러야 할지 고민이라면, 이 글을 읽고 당신에게 딱 맞는 최적의 선택을 찾아보세요.",질문형,1인 가구 공구,멀티 공구 세트; 공구 대여; 집수리; 생활비 절약,낮음,생활비 절약 전반,예,예,아니오,2026-08-01-cost-auto-4a41b3; 2026-08-03-cost-auto-d01191; 2026-08-07-cost-auto-24b43b; 2026-08-10-cost-auto-88aeb7; 2026-08-10-cost-auto-78f79c; 2026-08-05-cost-auto-e4ec33,아니오,유지,1인 가구 공구 알아보기,"결론부터 말하자면, 당신의 생활 습관과 주거 환경에 따라 다릅니다.",87,아니오,,,,
2026-08-13-food-auto-05f1fc,"혼자 사는 직장인, 신선 채소는 썩히기 일쑤, 냉동 채소는 맛없을까 걱정될 때: 혼밥러를 위한 최적의 채소 선택 가이드",https://honsamnote.co.kr/blog/2026-08-13-food-auto-05f1fc/,food,혼밥·식재료 관리,혼밥; 식재료 관리; 냉동 채소; 신선 채소; 식비 절약; 시간 절약; 1인 가구 요리,혼밥 채소; 냉동 채소 활용; 1인 가구 식재료; 채소 보관; 채소 구매 팁; 식재료 낭비,"혼자 사는 직장인, 신선 채소는 썩히기 일쑤, 냉동 채소는 맛없을까 걱정될 때: 혼밥러를 위한 최적의 채소 선택 가이드 | 혼삶노트","혼자 사는 직장인을 위한 냉동 채소 활용법! 신선 채소 낭비 없이, 냉동 채소의 영양과 맛을 제대로 살려 시간과 돈을 아끼는 현실적인 채소 구매 및 활용 전략을 공개합니다.",문제해결형,혼밥 채소,냉동 채소 활용; 1인 가구 식재료; 채소 보관; 채소 구매 팁; 식재료 낭비,낮음,식재료 낭비 줄이기,예,예,아니오,2026-08-09-food-auto-bd7a7d; 2026-08-07-food-auto-44e578; 2026-08-01-food-auto-174113; 2026-08-03-food-auto-f85a75; 2026-08-07-food-auto-bb56bf; 2026-08-08-food-auto-2c836a,아니오,유지,혼밥 채소 해결 방법,"혼자 사는 직장인에게 **냉동 채소는 '버리는 돈과 시간을 아끼는 현명한 선택지'입니다.** 물론 샐러드처럼 생으로 즐기는 요리에는 신선 채소가 필수적이지만, 익혀 먹는 대부분의 요리에는 냉동 채소가 영양과 편의성 면에서 충분히 제 역할을 해줍니다.",87,아니오,,,,
2026-08-13-products-auto-2cf601,"혼자 사는 직장인, 매번 번거로운 제모에 시간/돈 낭비 그만! 가정용 제모기 vs 전문 샵 레이저, 나에게 딱 맞는 선택은?",https://honsamnote.co.kr/blog/2026-08-13-products-auto-2cf601/,products,1인 가구 제품·서비스,1인 가구; 제모; 가정용 제모기; 레이저 제모; 셀프 관리; 시간 절약; 돈 절약,1인 가구 제모; 직장인 제모; 제모기 추천; 레이저 제모 비용; 셀프 제모; 제모기 사용법; 제모 효과,"혼자 사는 직장인, 매번 번거로운 제모에 시간/돈 낭비 그만! 가정용 제모기 vs 전문 샵 레이저, 나에게 딱 맞는 선택은? | 혼삶노트","혼자 사는 직장인을 위한 제모 고민 해결! 시간, 돈 아끼며 매끈한 피부를 유지하고 싶다면, 가정용 제모기와 전문 샵 레이저 중 나에게 딱 맞는 방법을 찾아보세요. 현실적인 비교로 후회 없는 선택을 돕습니다.",질문형,1인 가구 제모,직장인 제모; 제모기 추천; 레이저 제모 비용; 셀프 제모; 제모기 사용법; 제모 효과,낮음,1인 가구 제품·서비스 기타,예,예,아니오,2026-08-05-products-auto-9973a7; 2026-08-06-products-auto-2eb0f5; 2026-08-11-products-auto-3a0a24; 2026-08-11-products-auto-fb26b6; 2026-08-12-products-auto-2ee7a1; 2026-07-30-products-57,아니오,유지,1인 가구 제모 알아보기,"혼자 사는 직장인의 제모 고민, '가정용 제모기'와 '전문 샵 레이저 제모' 중 어느 쪽이 정답일까요?",87,아니오,,,,
2026-08-13-products-auto-8b83e4,"혼자 사는 직장인, 퇴근 후 현관문 앞에서 열쇠 잃어버렸거나 도어락 고장났다면? 1인 가구 긴급 문 개방/수리, 현명하게 대처하는 법",https://honsamnote.co.kr/blog/2026-08-13-products-auto-8b83e4/,products,1인 가구 제품·서비스,1인 가구 제품·서비스; 비상 상황; 생활 안전; 시간 절약; 돈 절약,1인 가구; 도어락 수리; 열쇠 개방; 문 잠김; 현관문 문제; 긴급 출장; 안전 관리,"혼자 사는 직장인, 퇴근 후 현관문 앞에서 열쇠 잃어버렸거나 도어락 고장났다면? 1인 가구 긴급 문 개방/수리, 현명하게 대처하는 법 | 혼삶노트","퇴근 후 열쇠 분실, 도어락 고장으로 집에 못 들어가는 긴급 상황! 혼자 사는 직장인을 위한 현명한 대처 순서와 바가지 요금 피하는 팁, 안전한 해결책을 알려드립니다.",질문형,1인 가구,도어락 수리; 열쇠 개방; 문 잠김; 현관문 문제; 긴급 출장; 안전 관리,낮음,1인 가구 제품·서비스 기타,예,예,아니오,2026-08-05-products-auto-9973a7; 2026-08-06-products-auto-17f494; 2026-08-06-products-auto-2eb0f5; 2026-08-11-products-auto-3a0a24; 2026-08-11-products-auto-fb26b6; 2026-08-12-products-auto-2ee7a1,아니오,유지,1인 가구 알아보기｜1인 가구 제품·서비스,"퇴근 후 열쇠 분실, 도어락 고장으로 집에 못 들어가는 긴급 상황! 혼자 사는 직장인을 위한 현명한 대처 순서와 바가지 요금 피하는 팁, 안전한 해결책을 알려드립니다.",87,아니오,,,,
2026-08-13-products-auto-ae3976,"혼자 사는 직장인, 옆집 소음에 잠 못 이루거나 내 소음이 혹시 피해줄까 불안하다면? 1인 가구 맞춤 층간/벽간 소음 해결, 이 3단계로 조용하고 편안한 나만의 공간 만들기!",https://honsamnote.co.kr/blog/2026-08-13-products-auto-ae3976/,products,1인 가구 제품·서비스,1인 가구; 소음 해결; 층간 소음; 벽간 소음; 생활 최적화; 제품 추천,1인 가구 소음; 층간 소음 해결; 벽간 소음 방지; 생활 소음; 방음 제품; 이웃 소통,"혼자 사는 직장인, 옆집 소음에 잠 못 이루거나 내 소음이 혹시 피해줄까 불안하다면? 1인 가구 맞춤 층간/벽간 소음 해결, 이 3단계로 조용하고 편안한 나만의 공간 만들기! | 혼삶노트","혼자 사는 직장인을 위한 층간/벽간 소음 해결 가이드. 외부 소음으로부터 나를 보호하고, 내 생활 소음이 이웃에게 피해를 주지 않도록 관리하는 현실적인 3단계 방법을 소개합니다. 제품 선택부터 이웃과의 소통까지, 혼자 사는 삶의 질을 높이는 팁을 확인하세요.",질문형,1인 가구 소음,층간 소음 해결; 벽간 소음 방지; 생활 소음; 방음 제품; 이웃 소통,낮음,1인 가구 제품·서비스 기타,예,예,아니오,2026-08-05-products-auto-9973a7; 2026-07-30-products-51; 2026-07-30-products-57; 2026-08-01-products-auto-ff2c16; 2026-08-03-products-auto-55fd7c; 2026-08-06-products-auto-2eb0f5,아니오,유지,1인 가구 소음 알아보기,1인 가구의 층간/벽간 소음 문제는 **나의 생활 소음을 스스로 줄이는 '예방'과 이웃의 소음을 현명하게 '관리'하는 두 가지 접근법**으로 해결할 수 있습니다.,87,아니오,,,,
2026-08-13-safety-auto-6b585a,"혼자 사는 당신, 늦은 밤 옆집/윗집에서 ‘쿵’ 또는 ‘악’ 하는 이상한 소리가 들려올 때: 단순 소음인지 위험 신호인지 판단하고 안전하게 대처하는 법",https://honsamnote.co.kr/blog/2026-08-13-safety-auto-6b585a/,safety,안전·응급상황,1인 가구; 안전; 응급상황; 이웃갈등; 층간소음; 경찰신고,1인 가구 이웃 소음; 밤늦은 소리; 옆집 소리; 윗집 소리; 응급상황 판단; 경찰 신고; 관리사무소,"혼자 사는 당신, 늦은 밤 옆집/윗집에서 ‘쿵’ 또는 ‘악’ 하는 이상한 소리가 들려올 때: 단순 소음인지 위험 신호인지 판단하고 안전하게 대처하는 법 | 혼삶노트","늦은 밤, 옆집이나 윗집에서 들려오는 정체 모를 소리에 심장이 덜컥 내려앉는 혼자 사는 당신. 불안감을 떨쳐내고 소리의 정체를 파악, 안전하게 대처하는 현실적인 방법을 알려드립니다.",판단형,1인 가구 이웃 소음,밤늦은 소리; 옆집 소리; 윗집 소리; 응급상황 판단; 경찰 신고; 관리사무소,낮음,응급상황 대처,예,예,예,2026-07-30-safety-34; 2026-07-30-safety-41; 2026-07-31-safety-72; 2026-08-04-safety-auto-61ce38; 2026-08-06-safety-auto-425601; 2026-08-06-safety-auto-ec7c17,아니오,유지,1인 가구 이웃 소음 기준,"늦은 밤 이웃집에서 수상한 소리가 들려올 때는, **소리의 종류와 반복성을 최대한 주의 깊게 들어 '단순 생활 소음'인지 '도움이 필요한 위험 신호'인지 빠르게 판단**하는 것이 중요합니다.",87,아니오,,,,
2026-08-13-safety-auto-c86e8c,"혼자 사는 당신, 갑자기 집이 흔들리거나 건물 전체 비상벨이 울릴 때: 지진인지, 건물 문제인지 당황하지 않고 판단하고 안전하게 대처하는 법",https://honsamnote.co.kr/blog/2026-08-13-safety-auto-c86e8c/,safety,안전·응급상황,안전; 응급상황; 지진; 건물안전; 1인가구대처,집 흔들림; 지진 대처; 건물 비상벨; 1인 가구 안전; 흔들림 원인; 대피 요령,"혼자 사는 당신, 갑자기 집이 흔들리거나 건물 전체 비상벨이 울릴 때: 지진인지, 건물 문제인지 당황하지 않고 판단하고 안전하게 대처하는 법 | 혼삶노트","혼자 사는 당신의 집이 갑자기 흔들린다면? 지진과 건물 이상을 구별하고, 당황하지 않고 안전하게 대처하는 현실적인 방법을 알려드립니다.",판단형,집 흔들림,지진 대처; 건물 비상벨; 1인 가구 안전; 흔들림 원인; 대피 요령,낮음,응급상황 대처,예,예,예,2026-07-30-safety-34; 2026-07-30-safety-41; 2026-08-01-safety-auto-0466e2; 2026-08-04-safety-auto-ceca45; 2026-08-06-safety-auto-0b96ff; 2026-08-06-safety-auto-d2f981,아니오,유지,집 흔들림 기준,"집이 갑자기 크게 흔들리거나 건물 전체 비상벨이 울린다면, 일단 **지진일 가능성을 염두에 두고 즉시 몸을 보호하는 것이 최우선**입니다.",87,아니오,,,,
2026-08-13-safety-auto-dcd18d,"혼자 사는 당신, 비상식량·비상용 물, 어떻게 준비해야 할까? 시판 비상식량 키트 vs. DIY 식료품 로테이션, 나에게 맞는 안전 선택은?",https://honsamnote.co.kr/blog/2026-08-13-safety-auto-dcd18d/,safety,안전·응급상황,1인 가구; 비상식량; 비상용 물; 재난 대비; 안전 대비; 식료품 로테이션; 비상 키트,1인 가구 비상식량; 혼자 사는 사람 재난; 비상용 물 준비; 비상식량 키트; DIY 식료품; 식량 비축; 재난 대처법,"혼자 사는 당신, 비상식량·비상용 물, 어떻게 준비해야 할까? 시판 비상식량 키트 vs. DIY 식료품 로테이션, 나에게 맞는 안전 선택은? | 혼삶노트","갑작스러운 재난 상황, 혼자 사는 당신의 비상식량과 물은 안전한가요? 시판 비상식량 키트와 직접 만드는 로테이션 방법 중 당신에게 맞는 최적의 비상 대비책을 비교하고 효율적으로 준비하는 법을 알려드립니다.",질문형,1인 가구 비상식량,혼자 사는 사람 재난; 비상용 물 준비; 비상식량 키트; DIY 식료품; 식량 비축; 재난 대처법,낮음,응급상황 대처,예,예,예,2026-07-30-safety-34; 2026-07-30-safety-36; 2026-07-30-safety-41; 2026-07-31-safety-72; 2026-08-04-safety-auto-61ce38; 2026-08-06-safety-auto-425601,아니오,유지,1인 가구 비상식량 알아보기,혼자 사는 사람에게 비상식량과 비상용 물은 선택이 아닌 필수입니다.,87,아니오,,,,
2026-08-13-storage-auto-545d8d,"1인 가구 직장인, 좁은 책상·협탁 위 '자주 쓰는 잡동사니' 때문에 눈이 어지럽다면? '고정형 vs 벽걸이형' 현명하게 고르고 깔끔하게 쓰는 현실 수납법",https://honsamnote.co.kr/blog/2026-08-13-storage-auto-545d8d/,storage,좁은 집과 수납,1인 가구; 수납; 좁은 집; 데스크 정리; 생활 최적화; 효율적인 수납,1인 가구 수납; 좁은 집 정리; 데스크 오거나이저; 벽걸이 수납; 생활 꿀팁; 공간 활용,"1인 가구 직장인, 좁은 책상·협탁 위 '자주 쓰는 잡동사니' 때문에 눈이 어지럽다면? '고정형 vs 벽걸이형' 현명하게 고르고 깔끔하게 쓰는 현실 수납법 | 혼삶노트","좁은 집, 책상이나 협탁 위 자주 쓰는 물건들이 쌓여 답답한 1인 가구를 위한 '고정형 데스크 오거나이저'와 '벽걸이형 수납 포켓' 비교 분석. 당신에게 맞는 최적의 수납 솔루션을 찾아보세요.",질문형,1인 가구 수납,좁은 집 정리; 데스크 오거나이저; 벽걸이 수납; 생활 꿀팁; 공간 활용,낮음,원룸 전체 수납,예,예,아니오,2026-07-30-storage-24; 2026-08-07-storage-auto-6dca4b; 2026-08-07-storage-auto-fcc47d; 2026-08-01-storage-auto-316ab0; 2026-08-13-storage-auto-92e3bb; 2026-08-01-storage-auto-f1fb81,아니오,유지,1인 가구 수납 알아보기,좁은 집에서 책상이나 협탁 위 '자주 쓰는 잡동사니'를 효율적으로 수납하는 방법은 크게 두 가지로 나눌 수 있습니다.,87,아니오,,,,
2026-08-13-storage-auto-92e3bb,"1인 가구 직장인, 좁은 집 싱크대 밑·욕실 수납장 속 '각종 세제·리필팩' 때문에 어지럽다면? 깔끔하게 정리하고 바로 찾아 쓰는 현실 수납법",https://honsamnote.co.kr/blog/2026-08-13-storage-auto-92e3bb/,storage,좁은 집과 수납,1인 가구; 좁은 집; 수납; 정리; 싱크대; 욕실; 세제; 리필팩; 생활 팁,1인 가구 수납; 좁은 집 수납; 세제 수납; 리필팩 정리; 싱크대 수납; 욕실 수납; 수납장 정리; 원룸 수납; 생활용품 정리,"1인 가구 직장인, 좁은 집 싱크대 밑·욕실 수납장 속 '각종 세제·리필팩' 때문에 어지럽다면? 깔끔하게 정리하고 바로 찾아 쓰는 현실 수납법 | 혼삶노트","좁은 싱크대 밑이나 욕실 수납장이 각종 세제와 리필팩으로 뒤죽박죽인가요? 원하는 세제는 안 보이고 공간은 비좁아 청소 시작도 어렵다면, 지금 당장 꺼내야 할 세제 수납의 비밀을 알려드립니다. 공간 활용을 최적화하고 시간을 절약하는 현실적인 수납 가이드를 확인하세요.",질문형,1인 가구 수납,좁은 집 수납; 세제 수납; 리필팩 정리; 싱크대 수납; 욕실 수납; 수납장 정리; 원룸 수납; 생활용품 정리,낮음,원룸 전체 수납,예,예,아니오,2026-07-30-storage-24; 2026-08-01-storage-auto-316ab0; 2026-08-07-storage-auto-6dca4b; 2026-08-06-storage-auto-11ba62; 2026-08-11-storage-auto-9064d7; 2026-08-01-storage-auto-f1fb81,아니오,유지,1인 가구 수납 알아보기,좁은 싱크대 밑이나 욕실 수납장에 뒤엉킨 세제와 리필팩 문제는 **회전 트레이**와 **투명 다용도 수납함**을 활용해 품목별로 분류하고 눈높이에 맞춰 보관하는 것이 가장 빠르고 효율적인 해결책입니다.,87,아니오,,,,
2026-08-13-storage-auto-ccc061,"1인 가구 직장인, 좁은 집 싱크대/세면대 하부장이 '정리 안 되는 블랙홀'이라면? 배관 피해 깔끔하게 숨기고 효율적으로 쓰는 현실 수납법",https://honsamnote.co.kr/blog/2026-08-13-storage-auto-ccc061/,storage,좁은 집과 수납,1인 가구 수납; 좁은 집 수납; 하부장 정리; 싱크대 수납; 세면대 수납; 공간 최적화,싱크대 하부장 정리; 세면대 하부장 수납; 좁은 주방 수납; 좁은 욕실 수납; 파이프 수납; U자형 선반,"1인 가구 직장인, 좁은 집 싱크대/세면대 하부장이 '정리 안 되는 블랙홀'이라면? 배관 피해 깔끔하게 숨기고 효율적으로 쓰는 현실 수납법 | 혼삶노트","1인 가구 직장인이라면 공감할 싱크대/세면대 하부장의 혼돈. 좁은 공간과 배관 때문에 정리가 어렵다면, 이 글에서 현실적인 수납 솔루션과 단계별 가이드를 확인하고 깔끔한 하부장을 만들어 보세요.",질문형,싱크대 하부장 정리,세면대 하부장 수납; 좁은 주방 수납; 좁은 욕실 수납; 파이프 수납; U자형 선반,낮음,원룸 전체 수납,예,예,예,2026-08-01-storage-auto-4eec70; 2026-08-12-storage-auto-ec0e5a; 2026-08-07-storage-auto-b02bd8; 2026-08-07-storage-auto-c71b14; 2026-08-08-storage-auto-276b92; 2026-08-11-storage-auto-9064d7,아니오,유지,싱크대 하부장 정리 알아보기,좁은 집 싱크대/세면대 하부장은 복잡한 배관 때문에 일반적인 수납법이 통하지 않는 '특수 공간'입니다.,87,아니오,,,,
2026-08-14-cost-auto-304499,"혼자 사는 직장인, 책 읽고 싶은데 매번 구매 비용 부담된다면? 도서관 vs. 전자책 구독 vs. 종이책 구매, 나에게 맞는 최적의 독서법은?",https://honsamnote.co.kr/blog/2026-08-14-cost-auto-304499/,cost,생활비 최적화,생활비 최적화; 독서; 도서관; 전자책; 종이책; 절약팁,1인 가구 독서; 책 비용 절약; 전자책 구독 서비스; 종이책 구매; 도서관 이용 팁,"혼자 사는 직장인, 책 읽고 싶은데 매번 구매 비용 부담된다면? 도서관 vs. 전자책 구독 vs. 종이책 구매, 나에게 맞는 최적의 독서법은? | 혼삶노트","책 읽는 즐거움은 포기할 수 없지만, 늘어나는 책값과 보관 공간이 고민이라면? 혼자 사는 직장인을 위한 합리적인 독서 비용 최적화 전략을 소개합니다.",질문형,1인 가구 독서,책 비용 절약; 전자책 구독 서비스; 종이책 구매; 도서관 이용 팁,낮음,생활비 절약 전반,예,예,아니오,2026-08-01-cost-auto-0d71f8; 2026-08-01-cost-auto-44803f; 2026-08-01-cost-auto-4a41b3; 2026-08-01-cost-auto-9c7467; 2026-08-03-cost-auto-4d199c; 2026-08-03-cost-auto-749379,아니오,유지,1인 가구 독서 알아보기,"혼자 사는 직장인의 독서 생활을 최적화하는 방법은 당신의 '독서량', '책 종류', '소유 욕구', '공간 여유'에 따라 달라집니다.",87,예,,,,
2026-08-14-cost-auto-c66395,"혼자 사는 직장인, 외풍 때문에 겨울마다 난방비 폭탄이라면? 셀프 방풍/단열 시공으로 따뜻하고 돈 아끼는 법",https://honsamnote.co.kr/blog/2026-08-14-cost-auto-c66395/,cost,생활비 최적화,생활비 최적화; 겨울철 난방; 외풍 차단; 셀프 단열; 1인 가구 팁,난방비 절약; 외풍; 웃풍; 셀프 방풍; 틈새막이; 문풍지; 에어캡,"혼자 사는 직장인, 외풍 때문에 겨울마다 난방비 폭탄이라면? 셀프 방풍/단열 시공으로 따뜻하고 돈 아끼는 법 | 혼삶노트",겨울철 외풍 때문에 집이 춥고 난방비까지 걱정이라면? 1인 가구 직장인을 위한 현실적인 셀프 방풍/단열 솔루션으로 따뜻하고 경제적인 겨울을 보내세요.,질문형,난방비 절약,외풍; 웃풍; 셀프 방풍; 틈새막이; 문풍지; 에어캡,낮음,생활비 절약 전반,예,예,예,2026-08-01-cost-auto-0d71f8; 2026-08-01-cost-auto-44803f; 2026-08-01-cost-auto-4a41b3; 2026-08-01-cost-auto-9c7467; 2026-08-03-cost-auto-4d199c; 2026-08-03-cost-auto-749379,아니오,유지,난방비 절약 알아보기,"집이 유독 춥고 난방비가 많이 나온다면, 무작정 보일러 온도를 높이기 전에 **집안의 외풍 유입 지점을 먼저 찾아 간단한 셀프 방풍/단열 작업을 시작하세요.** 가장 쉽고 효과적인 방법은 **창문과 현관문 틈새에 문풍지나 틈새막이를 설치하고, 창문에 단열 에어캡(뽁뽁이)을 부…",87,아니오,,,,
2026-08-14-lifestyle-auto-e506f6,"혼자 사는 직장인, 나만의 기념일, 혼자 보낼까 함께 보낼까? '소소한 자기 보상' vs. '가벼운 소셜 이벤트', 나에게 맞는 선택 기준",https://honsamnote.co.kr/blog/2026-08-14-lifestyle-auto-e506f6/,lifestyle,관계·고립·생활 리듬,1인 가구; 기념일; 관계; 외로움; 자기보상; 소셜 이벤트; 생활 최적화,1인 가구 기념일; 혼자 생일 보내기; 나만의 기념일; 소소한 자기 보상; 소셜 이벤트 선택,"혼자 사는 직장인, 나만의 기념일, 혼자 보낼까 함께 보낼까? '소소한 자기 보상' vs. '가벼운 소셜 이벤트', 나에게 맞는 선택 기준 | 혼삶노트","혼자 사는 당신의 생일, 승진, 프로젝트 성공 등 나만의 기념일을 의미 있게 보내는 두 가지 방법을 비교하고, 당신의 상황에 맞는 최적의 선택 기준을 제시합니다.",질문형,1인 가구 기념일,혼자 생일 보내기; 나만의 기념일; 소소한 자기 보상; 소셜 이벤트 선택,낮음,외로움·고립감,예,예,예,2026-08-01-lifestyle-auto-b13421; 2026-08-08-lifestyle-auto-83e6d5; 2026-07-30-lifestyle-61; 2026-07-30-lifestyle-63; 2026-08-01-lifestyle-auto-ac59b7; 2026-08-03-lifestyle-auto-dfa23e,아니오,유지,1인 가구 기념일 알아보기,의 기념일을 의미 있게 보내는 방법은 크게 '온전한 자기 보상형'과 '느슨한 소셜 이벤트형' 두 가지로 나눌 수 있습니다.,87,아니오,,,,
2026-08-14-products-auto-50ff5a,"혼자 사는 직장인, 낮에 배송된 택배 문 앞에 쌓여 불안하다면? 1인 가구 스마트 택배함 vs 무인택배함, 내게 맞는 최적의 선택은?",https://honsamnote.co.kr/blog/2026-08-14-products-auto-50ff5a/,products,1인 가구 제품·서비스,1인 가구 제품; 택배 수령; 스마트 택배함; 무인택배함; 생활 최적화; 보안,1인 가구 택배; 직장인 택배; 택배 도난 방지; 개인 택배함; 아파트 무인택배함; 빌라 택배,"혼자 사는 직장인, 낮에 배송된 택배 문 앞에 쌓여 불안하다면? 1인 가구 스마트 택배함 vs 무인택배함, 내게 맞는 최적의 선택은? | 혼삶노트","혼자 사는 직장인이라면 낮 시간 택배 수령 문제에 대한 고민이 많을 겁니다. 문 앞에 쌓인 택배가 걱정된다면, 스마트 택배함과 무인택배함 중 나에게 딱 맞는 최적의 솔루션을 찾아보세요. 시간, 돈, 안전까지 챙기는 현실적인 대처법을 알려드립니다.",질문형,1인 가구 택배,직장인 택배; 택배 도난 방지; 개인 택배함; 아파트 무인택배함; 빌라 택배,낮음,1인 가구 제품·서비스 기타,예,예,아니오,2026-08-05-products-auto-9973a7; 2026-08-06-products-auto-17f494; 2026-08-07-products-auto-bd7178; 2026-07-30-products-51; 2026-07-30-products-57; 2026-08-01-products-auto-ff2c16,아니오,유지,1인 가구 택배 알아보기,"지금 당장 택배 수령 문제가 곤란하다면, **가장 먼저 현재 거주하는 건물 또는 주변에 제공되는 ‘공용 무인택배함’이나 ‘경비실 수령 서비스’가 있는지 확인하세요.** 대부분의 아파트나 오피스텔, 일부 빌라에서는 이러한 서비스를 제공하며, 이를 활용하는 것이 가장 빠르고 비용…",87,아니오,,,,
2026-08-14-products-auto-6493cd,"혼자 사는 직장인, 좁은 집에 쌓여가는 짐 때문에 한숨 쉰다면? 공유 창고 vs 집 안 공간 최적화, 내게 맞는 최적의 선택은?",https://honsamnote.co.kr/blog/2026-08-14-products-auto-6493cd/,products,1인 가구 제품·서비스,1인 가구; 짐 정리; 공간 활용; 공유 창고; 미니멀 라이프; 생활 최적화; 수납,1인 가구 짐 보관; 좁은 집 수납; 공유 창고 비용; 셀프 스토리지; 공간 정리 노하우; 미니 창고,"혼자 사는 직장인, 좁은 집에 쌓여가는 짐 때문에 한숨 쉰다면? 공유 창고 vs 집 안 공간 최적화, 내게 맞는 최적의 선택은? | 혼삶노트","1인 가구의 고질적인 문제, 좁은 집 짐 관리! 공유 창고와 집 안 공간 최적화 중 어떤 방법이 내게 맞을까요? 시간과 돈을 아끼면서 효율적으로 짐을 관리하는 현실적인 기준과 해결책을 제시합니다.",질문형,1인 가구 짐 보관,좁은 집 수납; 공유 창고 비용; 셀프 스토리지; 공간 정리 노하우; 미니 창고,낮음,1인 가구 제품·서비스 기타,예,예,아니오,2026-08-06-products-auto-9bb85c; 2026-08-07-products-auto-e9e85e; 2026-07-30-products-51; 2026-07-30-products-57; 2026-08-01-products-auto-ff2c16; 2026-08-03-products-auto-55fd7c,아니오,유지,1인 가구 짐 보관 알아보기,혼자 사는 직장인의 좁은 집 짐 문제는 두 가지 해결책으로 크게 나뉩니다.,87,아니오,,,,
2026-08-14-products-auto-da7759,"혼자 사는 직장인, 혹시 모를 사고에 내 보증금·월세 가구 지켜줄 '이 보험' 꼭 확인하세요!",https://honsamnote.co.kr/blog/2026-08-14-products-auto-da7759/,products,1인 가구 제품·서비스,1인 가구 보험; 월세 보험; 전세 보험; 임차인 보험; 화재보험; 일상생활배상책임보험,1인 가구 화재보험; 1인 가구 일상생활배상책임보험; 월세집 보험; 전세집 보험; 세입자 보험; 보험 가입 가이드,"혼자 사는 직장인, 혹시 모를 사고에 내 보증금·월세 가구 지켜줄 '이 보험' 꼭 확인하세요! | 혼삶노트","혼자 사는 집에 예기치 못한 사고가 발생했을 때, 막대한 금전적 손실을 막아줄 1인 가구 맞춤 화재보험 및 일상생활배상책임보험 가입 가이드. 내 재산과 타인 피해 보장, 현명한 선택 기준과 가입 팁을 알려드립니다.",문제해결형,1인 가구 화재보험,1인 가구 일상생활배상책임보험; 월세집 보험; 전세집 보험; 세입자 보험; 보험 가입 가이드,낮음,1인 가구 제품·서비스 기타,예,예,아니오,2026-08-06-products-auto-1d916e; 2026-07-30-products-50; 2026-07-30-products-51; 2026-07-30-products-53; 2026-07-30-products-55; 2026-07-30-products-56,아니오,유지,1인 가구 화재보험 해결 방법,"혼자 사는 직장인이라면, 혹시 모를 사고에 대비해 **'임차인 배상책임' 특약이 포함된 '주택화재보험' 또는 '일상생활배상책임보험' 가입을 적극적으로 고려해야 합니다.** 월 몇천 원 수준의 보험료로 수천만 원에 달할 수 있는 막대한 재산 손실과 타인 배상 책임을 효과적으로…",87,아니오,,,,
2026-08-14-storage-auto-be0ab4,"1인 가구 직장인, 좁은 원룸 '식사·작업 공간' 부족하다면? 접이식 가구 vs 변신형 가구, 현명하게 고르는 법 비교",https://honsamnote.co.kr/blog/2026-08-14-storage-auto-be0ab4/,storage,좁은 집과 수납,1인 가구; 좁은 집 수납; 원룸 인테리어; 접이식 가구; 변신형 가구; 공간 활용,1인 가구 식사 공간; 원룸 작업 공간; 접이식 테이블; 변신 테이블; 작은 집 가구; 공간 최적화,"1인 가구 직장인, 좁은 원룸 '식사·작업 공간' 부족하다면? 접이식 가구 vs 변신형 가구, 현명하게 고르는 법 비교 | 혼삶노트","좁은 원룸에서 식사와 작업 공간 때문에 스트레스받는 1인 가구를 위해, 접이식 가구와 변신형 가구 중 어떤 것이 내게 맞는지 현실적인 선택 기준을 제시합니다.",질문형,1인 가구 식사 공간,원룸 작업 공간; 접이식 테이블; 변신 테이블; 작은 집 가구; 공간 최적화,낮음,원룸 전체 수납,예,예,아니오,2026-08-06-storage-auto-11ba62; 2026-08-04-storage-auto-225475; 2026-08-07-storage-auto-ffedfc; 2026-08-06-storage-auto-b1740f; 2026-08-07-storage-auto-b02bd8; 2026-08-11-storage-auto-9064d7,아니오,유지,1인 가구 식사 공간 알아보기,"좁은 집에서 식사 및 작업 공간 부족 문제를 해결하려면, 자신의 생활 패턴과 공간 여유를 정확히 파악하는 것이 중요합니다.",87,아니오,,,,
2026-07-30-cleaning-26,"퇴근 후 마주한 눅눅한 욕실, 1인 가구 화장실 곰팡이, 딱 30분이면 끝내는 완벽 제거 가이드",https://honsamnote.co.kr/blog/2026-07-30-cleaning-26/,cleaning,청소·세탁·집안일,화장실 곰팡이; 곰팡이 제거; 자취방 청소; 1인 가구 청소; 욕실 관리; 청소 꿀팁,1인 가구 화장실 청소; 곰팡이 제거 방법; 욕실 곰팡이 방지; 쉽고 빠른 청소; 직장인 청소,"퇴근 후 마주한 눅눅한 욕실, 1인 가구 화장실 곰팡이, 딱 30분이면 끝내는 완벽 제거 가이드 | 혼삶노트","혼자 사는 당신을 위한 화장실 곰팡이 제거 솔루션! 냄새 나고 지저분한 욕실 곰팡이, 바쁜 직장인도 30분 만에 쉽고 안전하게 해결하는 현실적인 청소 노하우를 공개합니다. 재발 방지 꿀팁까지 놓치지 마세요.",방법형,1인 가구 화장실 청소,곰팡이 제거 방법; 욕실 곰팡이 방지; 쉽고 빠른 청소; 직장인 청소,낮음,욕실 청소,예,예,예,2026-08-07-cleaning-auto-f46339; 2026-08-09-cleaning-auto-117267; 2026-08-01-cleaning-auto-dd0fd9; 2026-08-01-cleaning-auto-e1e505; 2026-08-07-cleaning-auto-d3c72b; 2026-07-30-cleaning-27,아니오,유지,1인 가구 화장실 청소 방법,"화장실 곰팡이는 1인 가구에 특히 흔한 문제지만, 결론부터 말씀드리면 대부분의 곰팡이는 전문가의 도움 없이도 충분히 해결할 수 있습니다.",83,아니오,,,,
2026-07-30-cleaning-27,"혼자 사는 당신, 샤워실 배수구 냄새? 퇴근 후 15분 만에 잡는 법",https://honsamnote.co.kr/blog/2026-07-30-cleaning-27/,cleaning,청소·세탁·집안일,배수구 냄새; 화장실 청소; 1인 가구; 자취 팁; 악취 제거; 청소 방법; 생활 최적화,배수구 청소; 샤워실 냄새; 화장실 악취; 자취생 청소; 혼자 살이,"혼자 사는 당신, 샤워실 배수구 냄새? 퇴근 후 15분 만에 잡는 법 | 혼삶노트",바쁜 1인 가구를 위한 현실적인 배수구 냄새 제거 가이드. 퇴근 후 15분 투자로 화장실 악취를 근본적으로 해결하고 상쾌한 욕실을 되찾으세요.,질문형,배수구 청소,샤워실 냄새; 화장실 악취; 자취생 청소; 혼자 살이,낮음,욕실 청소,예,예,아니오,2026-07-30-cleaning-29; 2026-08-07-cleaning-auto-d3c72b; 2026-08-07-cleaning-auto-f46339; 2026-07-30-cleaning-26; 2026-07-31-cleaning-68; 2026-08-01-cleaning-auto-dd0fd9,아니오,유지,배수구 청소 알아보기,"샤워실 배수구에서 올라오는 냄새의 90% 이상은 **배수구 트랩(S-트랩 또는 P-트랩) 내부에 쌓인 머리카락, 비누 찌꺼기, 각질 등의 유기물과 이로 인해 발생하는 세균 번식** 때문입니다.",83,아니오,,,,
2026-07-30-cleaning-29,"바쁜 1인 가구, 침구 세탁 주기 헷갈릴 때? 쾌적한 잠자리를 위한 현실 가이드",https://honsamnote.co.kr/blog/2026-07-30-cleaning-29/,cleaning,청소·세탁·집안일,1인 가구; 침구 세탁; 침대 청소; 집안일; 세탁 주기; 라이프스타일,1인 가구 침구 세탁 주기; 침구 관리법; 침대 위생; 침구 청소 팁; 혼자 사는 직장인 침구,"바쁜 1인 가구, 침구 세탁 주기 헷갈릴 때? 쾌적한 잠자리를 위한 현실 가이드 | 혼삶노트",혼자 사는 직장인을 위한 침구 세탁 주기 가이드입니다. 시간과 돈을 아끼면서 쾌적한 침구를 유지하는 현실적인 방법을 알려드립니다.,질문형,1인 가구 침구 세탁 주기,침구 관리법; 침대 위생; 침구 청소 팁; 혼자 사는 직장인 침구,낮음,욕실 청소,예,예,예,2026-07-30-cleaning-27; 2026-07-30-cleaning-26; 2026-07-31-cleaning-68; 2026-08-01-cleaning-auto-dd0fd9; 2026-08-01-cleaning-auto-e1e505; 2026-08-06-cleaning-auto-ba24cc,아니오,유지,1인 가구 침구 세탁 주기 알아보기,대부분의 에게 가장 현실적인 침구 세탁 주기는 **2주에 한 번**입니다.,83,아니오,,,,
2026-07-30-cleaning-30,"바쁜 1인 가구 원룸, 매일 쌓이는 먼지? 근본적으로 줄이는 현실적인 생활 습관",https://honsamnote.co.kr/blog/2026-07-30-cleaning-30/,cleaning,청소·세탁·집안일,원룸청소; 먼지청소; 1인가구청소; 살림노하우; 효율적인청소,원룸먼지; 먼지줄이는방법; 1인가구청소; 청소팁; 생활습관,"바쁜 1인 가구 원룸, 매일 쌓이는 먼지? 근본적으로 줄이는 현실적인 생활 습관 | 혼삶노트","혼자 사는 당신의 원룸, 매일 쌓이는 먼지 때문에 스트레스받으셨나요? 시간과 돈을 아끼면서 원룸 먼지를 효과적으로 줄이고 깔끔하게 유지하는 현실적인 생활 습관과 청소 팁을 알려드립니다.",질문형,원룸먼지,먼지줄이는방법; 1인가구청소; 청소팁; 생활습관,낮음,청소·세탁·집안일 기타,예,예,예,2026-08-08-cleaning-auto-b16ac0; 2026-08-09-cleaning-auto-c10b6d; 2026-08-12-cleaning-auto-85acce; 2026-08-13-cleaning-auto-7ef0d4; 2026-08-01-cleaning-auto-d3bef1; 2026-08-01-cleaning-auto-edbbf8,아니오,유지,원룸먼지 알아보기,원룸의 먼지를 근본적으로 줄이는 핵심은 '예방'과 '꾸준함'에 있습니다.,83,아니오,,,,
2026-07-30-food-11,"퇴근 후 지친 당신, 냉장고 식재료 썩히지 않고 알뜰하게 다 먹는 보관 기간 가이드",https://honsamnote.co.kr/blog/2026-07-30-food-11/,food,혼밥·식재료 관리,1인가구; 식재료보관; 혼밥팁; 살림노하우; 식비절약,식재료보관기간; 냉장고정리; 1인가구식단; 식비절약팁; 혼밥,"퇴근 후 지친 당신, 냉장고 식재료 썩히지 않고 알뜰하게 다 먹는 보관 기간 가이드 | 혼삶노트",혼자 사는 직장인이라면 공감할 식재료 버리는 문제! 유통기한만 믿지 마세요. 냉장고 속 식재료를 신선하게 끝까지 먹는 현실적인 보관 기간 가이드와 관리 루틴을 알려드립니다.,문제해결형,식재료보관기간,냉장고정리; 1인가구식단; 식비절약팁; 혼밥,낮음,혼밥·식재료 관리 기타,예,예,아니오,2026-08-08-food-auto-89f7c0; 2026-08-10-food-auto-b034b3; 2026-08-11-food-auto-452e94; 2026-08-01-food-auto-7f290f; 2026-08-03-food-auto-fb2380; 2026-08-05-food-auto-1636b6,아니오,유지,식재료보관기간 해결 방법,"식재료를 버리지 않고 알뜰하게 활용하기 위한 핵심은 **유통기한과 소비기한의 차이를 이해하고, 식재료별 적정 보관 기간을 알아둔 뒤, 구매 직후 바로 적절하게 손질하여 보관하는 것**입니다.",83,아니오,,,,
2026-07-31-cleaning-68,"퇴근 후 발견한 화장실 날벌레, 하룻밤 만에 뿌리 뽑는 현실적인 초고속 퇴치법",https://honsamnote.co.kr/blog/2026-07-31-cleaning-68/,cleaning,청소·세탁·집안일,화장실청소; 날벌레퇴치; 나방파리; 1인가구청소; 집안일꿀팁,화장실벌레; 날벌레없애는법; 배수구청소; 나방파리퇴치; 싱글라이프청소,"퇴근 후 발견한 화장실 날벌레, 하룻밤 만에 뿌리 뽑는 현실적인 초고속 퇴치법 | 혼삶노트","혼자 사는 집 화장실 날벌레, 더 퍼지기 전에 확실히 없애는 법을 알려드립니다. 시간과 돈을 아끼는 직장인을 위한 효율적인 해결책입니다.",문제해결형,화장실벌레,날벌레없애는법; 배수구청소; 나방파리퇴치; 싱글라이프청소,낮음,욕실 청소,예,예,아니오,2026-08-08-cleaning-auto-a4c61f; 2026-08-11-cleaning-auto-1ad691; 2026-08-11-cleaning-auto-983cbd; 2026-07-30-cleaning-26; 2026-07-30-cleaning-27; 2026-07-30-cleaning-29,아니오,유지,화장실벌레 해결 방법,"화장실 날벌레, 특히 꾸물꾸물 날아다니는 작은 나방파리는 배수구에 쌓인 유기물 덩어리에서 번식합니다.",83,아니오,,,,
2026-08-01-cleaning-auto-d3bef1,"1인 가구, 침대에 누우면 자꾸 몸이 간지럽다고? 매트리스 청소, 딱 '이것'만 해도 달라져요!",https://honsamnote.co.kr/blog/2026-08-01-cleaning-auto-d3bef1/,cleaning,청소·세탁·집안일,매트리스 청소; 1인 가구 청소; 침대 위생; 숙면 꿀팁; 집안일 효율,매트리스 청소; 1인 가구 매트리스; 침대 위생; 피부 트러블; 진드기,"1인 가구, 침대에 누우면 자꾸 몸이 간지럽다고? 매트리스 청소, 딱 '이것'만 해도 달라져요! | 혼삶노트",퇴근 후 침대에 누울 때마다 왠지 찝찝하고 몸이 간지럽다면? 1인 가구의 좁은 공간에서 매트리스를 쉽고 효율적으로 관리해 쾌적한 잠자리를 만드는 현실적인 팁을 알려드립니다. 전문 업체 없이 돈과 시간을 아끼는 매트리스 청소법으로 숙면을 되찾으세요.,질문형,매트리스 청소,1인 가구 매트리스; 침대 위생; 피부 트러블; 진드기,낮음,청소·세탁·집안일 기타,예,예,아니오,2026-08-04-cleaning-auto-99cb94; 2026-07-30-cleaning-30; 2026-08-01-cleaning-auto-edbbf8; 2026-08-03-cleaning-auto-fc046f; 2026-08-06-cleaning-auto-643cdf; 2026-08-06-cleaning-auto-96ff36,아니오,유지,매트리스 청소 알아보기｜청소·세탁·집안일,"매트리스가 찝찝하고 불편하다면, 가장 먼저 **강력한 진공청소기로 매트리스 표면을 깨끗이 청소하고, 충분한 환기를 통해 습기를 제거하는 것**부터 시작하세요.",83,아니오,,,,
2026-08-01-cleaning-auto-e1e505,"혼자 사는 당신, 어느새 벽에 번진 검은 곰팡이? 1시간 만에 완벽 제거하고 재발 막는 현실 솔루션",https://honsamnote.co.kr/blog/2026-08-01-cleaning-auto-e1e505/,cleaning,청소·세탁·집안일,곰팡이 제거; 원룸 청소; 혼자 사는 직장인; 집안일 효율화; 습기 관리,벽 곰팡이; 곰팡이 없애는 법; 원룸 습기; 곰팡이 예방; 셀프 곰팡이 제거,"혼자 사는 당신, 어느새 벽에 번진 검은 곰팡이? 1시간 만에 완벽 제거하고 재발 막는 현실 솔루션 | 혼삶노트","혼자 사는 원룸 벽에 갑자기 생긴 곰팡이, 이젠 당황하지 마세요. 시간과 돈을 아끼면서 1시간 만에 곰팡이를 제거하고 다시 생기지 않도록 예방하는 현실적인 방법을 알려드립니다.",질문형,벽 곰팡이,곰팡이 없애는 법; 원룸 습기; 곰팡이 예방; 셀프 곰팡이 제거,낮음,욕실 청소,예,예,예,2026-07-30-cleaning-26; 2026-08-09-cleaning-auto-117267; 2026-07-30-cleaning-27; 2026-07-30-cleaning-29; 2026-07-31-cleaning-68; 2026-08-01-cleaning-auto-dd0fd9,아니오,유지,벽 곰팡이 알아보기,벽에 곰팡이가 피었다면 일단 당황하지 마세요.,83,아니오,,,,
2026-08-01-cleaning-auto-edbbf8,"혼자 사는 당신, 퇴근 후 쌓이는 설거지? 미니 식기세척기 vs 손 설거지, 현명한 선택 기준",https://honsamnote.co.kr/blog/2026-08-01-cleaning-auto-edbbf8/,cleaning,청소·세탁·집안일,1인 가구; 설거지; 미니 식기세척기; 손 설거지; 살림 최적화; 시간 절약; 가전 비교,미니 식기세척기; 1인 가구 설거지; 식기세척기 추천; 손 설거지 시간; 살림 효율화,"혼자 사는 당신, 퇴근 후 쌓이는 설거지? 미니 식기세척기 vs 손 설거지, 현명한 선택 기준 | 혼삶노트","1인 가구 직장인의 고질적인 문제, 쌓이는 설거지! 미니 식기세척기가 정말 답일까요? 당신의 생활 패턴에 맞는 최적의 설거지 방법을 찾아드립니다.",질문형,미니 식기세척기,1인 가구 설거지; 식기세척기 추천; 손 설거지 시간; 살림 효율화,낮음,청소·세탁·집안일 기타,예,예,예,2026-08-01-products-auto-b433a0; 2026-08-08-cleaning-auto-a279f2; 2026-08-01-products-auto-4d32dc; 2026-08-08-products-auto-38bb22; 2026-08-03-cleaning-auto-fc046f; 2026-08-04-cleaning-auto-99cb94,아니오,유지,미니 식기세척기 알아보기｜청소·세탁·집안일,"결론부터 말씀드리자면, 미니 식기세척기는 1인 가구에게 ""필수템""이 될 수도, ""애물단지""가 될 수도 있습니다.",83,아니오,,,,
2026-08-01-food-auto-7f290f,"퇴근 후 요리 시간 아끼는 1인 가구 직장인, 미니 다지기 vs. 칼질: 당신의 손목과 시간을 위한 현명한 선택",https://honsamnote.co.kr/blog/2026-08-01-food-auto-7f290f/,food,혼밥·식재료 관리,1인 가구; 혼밥; 식재료 관리; 요리 시간 단축; 미니 다지기; 주방 가전,1인 가구 요리; 직장인 요리; 미니 다지기 추천; 칼질 노하우; 마늘 다지기; 채소 손질,"퇴근 후 요리 시간 아끼는 1인 가구 직장인, 미니 다지기 vs. 칼질: 당신의 손목과 시간을 위한 현명한 선택 | 혼삶노트","혼자 사는 직장인의 번거로운 재료 손질 고민! 마늘, 채소 다지기에 필요한 미니 다지기와 칼질 중, 어떤 방법이 당신의 시간과 손목을 지켜줄지 상세히 비교해 드립니다. 개인의 요리 스타일, 빈도, 예산을 고려해 최적의 선택을 찾아보세요.",비교형,1인 가구 요리,직장인 요리; 미니 다지기 추천; 칼질 노하우; 마늘 다지기; 채소 손질,낮음,혼밥·식재료 관리 기타,예,예,아니오,2026-08-03-food-auto-fb2380; 2026-08-07-food-auto-78eff9; 2026-08-06-food-auto-993221; 2026-08-07-food-auto-55d572; 2026-08-07-food-auto-9b0d72; 2026-08-08-food-auto-76d24e,아니오,유지,1인 가구 요리 비교,"에게 미니 다지기(푸드 프로세서)가 필요할지, 아니면 능숙한 칼질이 여전히 최선의 선택일지는 당신의 요리 빈도와 중요하게 생각하는 가치에 따라 달라집니다.",83,아니오,,,,
2026-08-01-lifestyle-auto-ac59b7,"혼자 사는 직장인, 피곤할 때 친구 약속 '괜찮다' 말하고 후회한다면? 최적의 소셜 에너지 관리법",https://honsamnote.co.kr/blog/2026-08-01-lifestyle-auto-ac59b7/,lifestyle,관계·고립·생활 리듬,1인 가구; 직장인; 관계; 소셜 에너지; 고립; FOMO,혼자 사는 직장인 관계; 친구 약속 피로; 소셜 에너지 관리; 1인 가구 고립감; 약속 후회,"혼자 사는 직장인, 피곤할 때 친구 약속 '괜찮다' 말하고 후회한다면? 최적의 소셜 에너지 관리법 | 혼삶노트",퇴근 후 피로와 약속 사이에서 갈등하는 1인 가구 직장인을 위한 가이드. 후회 없는 선택으로 소셜 에너지를 현명하게 관리하는 방법을 알려드립니다.,질문형,혼자 사는 직장인 관계,친구 약속 피로; 소셜 에너지 관리; 1인 가구 고립감; 약속 후회,낮음,외로움·고립감,예,예,예,2026-08-07-lifestyle-auto-0b115c; 2026-08-01-lifestyle-auto-b13421; 2026-08-08-lifestyle-auto-83e6d5; 2026-08-11-lifestyle-auto-0f05f0; 2026-07-30-lifestyle-59; 2026-07-30-lifestyle-61,아니오,유지,혼자 사는 직장인 관계 알아보기,"갑작스러운 친구 약속 제안을 받았을 때, 1분만 멈춰 서서 지금 내 ‘소셜 에너지 잔량’이 얼마인지 확인하세요.",83,아니오,,,,
2026-08-03-cleaning-auto-fc046f,"바쁜 1인 가구 직장인, 매일 아침 구겨진 옷? 다림질 vs 스팀다리미, 현명한 선택 기준",https://honsamnote.co.kr/blog/2026-08-03-cleaning-auto-fc046f/,cleaning,청소·세탁·집안일,1인 가구 살림; 직장인 옷 관리; 스팀다리미; 다림질; 시간 절약; 생활 팁,구겨진 옷 해결; 다림질 스팀다리미 비교; 1인 가구 생활 최적화; 옷 주름 제거; 효율적인 옷 관리; 퀵 드라이,"바쁜 1인 가구 직장인, 매일 아침 구겨진 옷? 다림질 vs 스팀다리미, 현명한 선택 기준 | 혼삶노트",혼자 사는 직장인이라면 공감할 구겨진 옷 고민! 시간과 노력을 아끼는 다림질 vs 스팀다리미 선택 기준과 효과적인 옷 관리 팁으로 매일 아침을 여유롭게 시작하세요.,질문형,구겨진 옷 해결,다림질 스팀다리미 비교; 1인 가구 생활 최적화; 옷 주름 제거; 효율적인 옷 관리; 퀵 드라이,낮음,청소·세탁·집안일 기타,예,예,아니오,2026-08-01-cleaning-auto-edbbf8; 2026-08-07-cleaning-auto-21d8af; 2026-08-14-cleaning-auto-b4a47e; 2026-07-30-cleaning-30; 2026-08-01-cleaning-auto-d3bef1; 2026-08-04-cleaning-auto-99cb94,아니오,유지,구겨진 옷 해결 알아보기,바쁜 에게는 **'스팀다리미'**가 훨씬 현실적인 선택입니다.,83,아니오,,,,
2026-08-03-food-auto-f85a75,"1인 가구, '이거 왜 샀지?' 냉장고 속 낯선 식재료, 버릴까 말까? 알뜰하게 다 쓰는 활용법",https://honsamnote.co.kr/blog/2026-08-03-food-auto-f85a75/,food,혼밥·식재료 관리,식재료 관리; 혼밥; 음식물 쓰레기; 알뜰 생활; 냉장고 정리,1인 가구 식재료; 낯선 식재료 활용; 남은 식재료; 냉장고 파먹기; 음식물 낭비 줄이기,"1인 가구, '이거 왜 샀지?' 냉장고 속 낯선 식재료, 버릴까 말까? 알뜰하게 다 쓰는 활용법 | 혼삶노트","혼자 사는 당신, 특정 레시피에 쓰고 남은 낯선 식재료가 냉장고 한편을 차지하고 있나요? 버리지 말고, 시간과 돈 아끼면서 똑똑하게 다 활용하는 현실적인 팁을 알려드립니다.",질문형,1인 가구 식재료,낯선 식재료 활용; 남은 식재료; 냉장고 파먹기; 음식물 낭비 줄이기,낮음,식재료 낭비 줄이기,예,예,예,2026-08-07-food-auto-bb56bf; 2026-07-30-food-13; 2026-08-01-food-auto-174113; 2026-08-13-food-auto-05f1fc; 2026-07-30-food-12; 2026-07-30-food-16,아니오,유지,1인 가구 식재료 알아보기,"지금 냉장고에 있는 그 낯선 식재료, 섣불리 버리지 마세요!",83,아니오,,,,
2026-08-03-food-auto-fb2380,"퇴근 후 요리 시간 아끼는 1인 가구, 손질 채소 vs. 통 채소: 당신의 식탁을 위한 현명한 선택",https://honsamnote.co.kr/blog/2026-08-03-food-auto-fb2380/,food,혼밥·식재료 관리,1인 가구; 혼밥; 식재료 관리; 채소 구매; 손질 채소; 통 채소; 절약; 시간 절약,1인 가구 채소; 혼자 사는 사람 채소; 손질 채소 장점; 통 채소 보관; 채소 구매 팁; 직장인 요리; 식재료 비교; 냉장고 채소,"퇴근 후 요리 시간 아끼는 1인 가구, 손질 채소 vs. 통 채소: 당신의 식탁을 위한 현명한 선택 | 혼삶노트","바쁜 1인 가구 직장인, 손질 채소와 통 채소 중 무엇을 사야 할까요? 시간, 돈, 신선도를 모두 고려한 최적의 채소 구매 및 보관 전략을 비교 분석하고, 나에게 맞는 현명한 선택을 돕는 가이드입니다.",비교형,1인 가구 채소,혼자 사는 사람 채소; 손질 채소 장점; 통 채소 보관; 채소 구매 팁; 직장인 요리; 식재료 비교; 냉장고 채소,낮음,혼밥·식재료 관리 기타,예,예,예,2026-08-09-food-auto-bd7a7d; 2026-08-01-food-auto-7f290f; 2026-08-06-food-auto-993221; 2026-08-07-food-auto-78eff9; 2026-08-07-food-auto-55d572; 2026-08-07-food-auto-9b0d72,아니오,유지,1인 가구 채소 비교,"결론부터 말씀드리자면, 손질 채소와 통 채소 중 어느 것이 무조건 좋다고 단정할 수는 없습니다.",83,아니오,,,,
2026-08-04-cleaning-auto-99cb94,"혼자 사는 당신, 퇴근 후 끈적이는 바닥? 손 걸레질 vs 스팀 청소기, 후회 없는 선택 기준",https://honsamnote.co.kr/blog/2026-08-04-cleaning-auto-99cb94/,cleaning,청소·세탁·집안일,1인 가구; 청소; 바닥 청소; 스팀 청소기; 걸레질; 집안일 효율,1인 가구 바닥 청소; 스팀 청소기 추천; 손 걸레질 팁; 원룸 청소; 살균 청소,"혼자 사는 당신, 퇴근 후 끈적이는 바닥? 손 걸레질 vs 스팀 청소기, 후회 없는 선택 기준 | 혼삶노트","바쁜 1인 가구 직장인, 퇴근 후 끈적이는 바닥 청소가 고민이라면? 손 걸레질과 스팀 청소기 중 당신에게 딱 맞는 바닥 청소법을 찾아 시간과 돈을 최적화하세요.",질문형,1인 가구 바닥 청소,스팀 청소기 추천; 손 걸레질 팁; 원룸 청소; 살균 청소,낮음,청소·세탁·집안일 기타,예,예,예,2026-08-09-cleaning-auto-c10b6d; 2026-08-06-cleaning-auto-643cdf; 2026-08-12-cleaning-auto-868b91; 2026-08-14-cleaning-auto-b4a47e; 2026-08-01-cleaning-auto-d3bef1; 2026-08-01-cleaning-auto-edbbf8,아니오,유지,1인 가구 바닥 청소 알아보기,"의 바닥 청소, 결론부터 말씀드립니다.",83,아니오,,,,
2026-08-05-food-auto-1636b6,"혼자 사는 직장인, 직접 요리한 음식 식탁에 뒀거나 여러 번 데워 먹을 때: 배탈 없이 안전하게 먹을 현실적인 기준",https://honsamnote.co.kr/blog/2026-08-05-food-auto-1636b6/,food,혼밥·식재료 관리,혼밥; 식재료관리; 음식물쓰레기; 식중독예방; 냉장고관리,1인 가구 음식 보관; 직접 요리한 음식; 남은 음식 재가열; 음식 실온 보관; 식중독 예방,"혼자 사는 직장인, 직접 요리한 음식 식탁에 뒀거나 여러 번 데워 먹을 때: 배탈 없이 안전하게 먹을 현실적인 기준 | 혼삶노트","혼자 요리한 음식, 식탁에 방치하거나 여러 번 데워 먹다 불안했던 경험 있으시죠? 배탈 걱정 없이 안전하게 먹고 버리는 현실적인 판단 기준을 제시합니다.",판단형,1인 가구 음식 보관,직접 요리한 음식; 남은 음식 재가열; 음식 실온 보관; 식중독 예방,낮음,혼밥·식재료 관리 기타,예,예,아니오,2026-08-12-food-auto-8fffcc; 2026-08-08-food-auto-89f7c0; 2026-08-10-food-auto-b034b3; 2026-08-11-food-auto-452e94; 2026-08-01-food-auto-7f290f; 2026-08-03-food-auto-fb2380,아니오,유지,1인 가구 음식 보관 기준,혼자 요리한 음식을 식탁에 두거나 여러 번 데워 먹을 때의 가장 안전한 결론부터 말씀드립니다.,83,아니오,,,,
2026-08-06-cleaning-auto-643cdf,"혼자 사는 당신, 이사/대청소 후 버릴 곳 없는 가구·가전·매트리스? 10분 만에 깔끔하게 처리하는 현실 가이드",https://honsamnote.co.kr/blog/2026-08-06-cleaning-auto-643cdf/,cleaning,청소·세탁·집안일,집안일; 청소; 폐기물; 1인 가구; 가구 버리기,대형 폐기물; 가구 버리기; 가전 버리기; 매트리스 버리기; 폐가전 무상수거; 1인 가구 폐기물 처리,"혼자 사는 당신, 이사/대청소 후 버릴 곳 없는 가구·가전·매트리스? 10분 만에 깔끔하게 처리하는 현실 가이드 | 혼삶노트","혼자 사는 직장인이라면 이사나 대청소 후 덩그러니 남은 대형 폐기물 처리가 막막할 때가 많죠. 버릴 가구, 가전, 매트리스를 쉽고 안전하게 처리하는 현실적인 방법을 알려드립니다.",질문형,대형 폐기물,가구 버리기; 가전 버리기; 매트리스 버리기; 폐가전 무상수거; 1인 가구 폐기물 처리,낮음,청소·세탁·집안일 기타,예,예,예,2026-08-12-cleaning-auto-868b91; 2026-08-04-cleaning-auto-99cb94; 2026-08-07-cleaning-auto-21d8af; 2026-08-14-cleaning-auto-b4a47e; 2026-08-01-cleaning-auto-edbbf8; 2026-08-06-cleaning-auto-96ff36,아니오,유지,대형 폐기물 알아보기,"혼자 사는 직장인의 대형 생활 폐기물 처리, 가장 현실적이고 안전한 방법은 **지자체 신고 후 배출 스티커를 부착하는 것**입니다.",83,아니오,,,,
2026-08-06-cleaning-auto-96ff36,"혼자 사는 당신, 새벽에 마주한 바퀴벌레? 1시간 만에 뿌리 뽑고 다시는 안 보는 현실 솔루션",https://honsamnote.co.kr/blog/2026-08-06-cleaning-auto-96ff36/,cleaning,청소·세탁·집안일,1인 가구; 바퀴벌레 퇴치; 해충 박멸; 셀프 방역; 청소 팁,혼자 사는 사람 바퀴벌레; 원룸 바퀴벌레; 바퀴벌레 없애는 법; 바퀴벌레약 추천; 바퀴벌레 예방,"혼자 사는 당신, 새벽에 마주한 바퀴벌레? 1시간 만에 뿌리 뽑고 다시는 안 보는 현실 솔루션 | 혼삶노트",새벽녘 마주한 바퀴벌레에 소스라치게 놀랐다면? 1인 가구 직장인이 바쁜 일상 속에서도 바퀴벌레를 효과적으로 퇴치하고 재발을 막는 현실적인 방법을 안내합니다. 비용과 시간 낭비 없이 쾌적한 보금자리를 되찾으세요.,질문형,혼자 사는 사람 바퀴벌레,원룸 바퀴벌레; 바퀴벌레 없애는 법; 바퀴벌레약 추천; 바퀴벌레 예방,낮음,청소·세탁·집안일 기타,예,예,예,2026-08-01-products-auto-d180b4; 2026-08-01-cleaning-auto-edbbf8; 2026-08-04-cleaning-auto-99cb94; 2026-08-06-cleaning-auto-643cdf; 2026-08-07-cleaning-auto-21d8af; 2026-08-12-cleaning-auto-868b91,아니오,유지,혼자 사는 사람 바퀴벌레 알아보기,"갑작스러운 바퀴벌레 출현에 놀랐겠지만, 패닉은 금물입니다.",83,아니오,,,,
2026-08-06-cleaning-auto-ba24cc,"혼자 사는 당신, 설거지 후 주방 싱크대 물이 안 내려가? 지금 당장 막힌 배수구 뻥 뚫는 현실적인 솔루션",https://honsamnote.co.kr/blog/2026-08-06-cleaning-auto-ba24cc/,cleaning,청소·세탁·집안일,싱크대 막힘; 배수구 청소; 1인 가구 주방; 셀프 배수구 뚫기; 생활 꿀팁,싱크대 막혔을 때; 배수구 뚫는 법; 주방 배수구 막힘; 혼자 살 때 배수구; 물 안 내려갈 때,"혼자 사는 당신, 설거지 후 주방 싱크대 물이 안 내려가? 지금 당장 막힌 배수구 뻥 뚫는 현실적인 솔루션 | 혼삶노트","혼자 사는 직장인이라면 한 번쯤 겪을 주방 싱크대 배수구 막힘! 답답한 물 역류 현상, 전문가 부르기 전에 혼자서 15분 만에 해결하는 초간단 방법을 알려드립니다. 시간과 돈 아끼는 배수구 관리 팁까지.",질문형,싱크대 막혔을 때,배수구 뚫는 법; 주방 배수구 막힘; 혼자 살 때 배수구; 물 안 내려갈 때,낮음,욕실 청소,예,예,아니오,2026-08-01-cleaning-auto-dd0fd9; 2026-07-30-cleaning-26; 2026-07-30-cleaning-27; 2026-07-30-cleaning-29; 2026-07-31-cleaning-68; 2026-08-01-cleaning-auto-e1e505,아니오,유지,싱크대 막혔을 때 알아보기,"싱크대 배수구가 막혔다면, 당장 전문가를 부르기보다",83,아니오,,,,
2026-08-06-food-auto-834b6e,"1인 가구 직장인, 냉동실 식재료 신선하게 오래 보관할 때: 진공포장기 vs. 지퍼백, 당신의 최적 선택 가이드",https://honsamnote.co.kr/blog/2026-08-06-food-auto-834b6e/,food,혼밥·식재료 관리,식재료관리; 냉동보관; 진공포장; 지퍼백; 시간절약; 돈절약,1인가구냉동; 식재료신선보관; 진공포장기필요성; 지퍼백활용법; 냉동고손상방지; 효율적인식재료관리,"1인 가구 직장인, 냉동실 식재료 신선하게 오래 보관할 때: 진공포장기 vs. 지퍼백, 당신의 최적 선택 가이드 | 혼삶노트","냉동고 손상으로 버리는 음식에 지쳤다면? 진공포장기와 지퍼백 중 어떤 방법이 당신의 시간과 돈, 그리고 식재료 신선도를 최적화할지 현실적인 가이드를 드립니다.",비교형,1인가구냉동,식재료신선보관; 진공포장기필요성; 지퍼백활용법; 냉동고손상방지; 효율적인식재료관리,낮음,혼밥·식재료 관리 기타,예,예,아니오,2026-08-11-food-auto-452e94; 2026-08-05-food-auto-1636b6; 2026-08-08-food-auto-89f7c0; 2026-08-10-food-auto-b034b3; 2026-08-07-food-auto-18079e; 2026-07-30-food-11,아니오,유지,1인가구냉동 비교,"냉동실 식재료의 신선도 유지와 장기 보관, 그리고 냉동실 공간 활용이 최우선이라면 **진공포장기** 투자를 고려해볼 만합니다.",83,아니오,,,,
2026-08-06-food-auto-993221,"혼자 사는 직장인, 요리의 깊은 맛, 육수·양념: 직접 만들까 vs. 시판 농축액·분말형 제품 쓸까? 당신의 시간과 입맛을 위한 현명한 선택",https://honsamnote.co.kr/blog/2026-08-06-food-auto-993221/,food,혼밥·식재료 관리,혼밥; 식재료 관리; 요리; 육수; 양념; 시간 절약; 살림 노하우; 1인 가구,1인 가구 육수; 혼자 요리 양념; 시판 육수 추천; 육수 농축액; 육수 분말; 간편 요리,"혼자 사는 직장인, 요리의 깊은 맛, 육수·양념: 직접 만들까 vs. 시판 농축액·분말형 제품 쓸까? 당신의 시간과 입맛을 위한 현명한 선택 | 혼삶노트","혼자 사는 직장인이라면 요리의 맛을 좌우하는 육수와 양념 앞에서 고민이 많을 겁니다. 직접 만들자니 시간이 없고, 시판 제품을 쓰자니 왠지 찜찜하셨죠? 내 상황에 딱 맞는 현명한 선택 기준을 제시합니다.",질문형,1인 가구 육수,혼자 요리 양념; 시판 육수 추천; 육수 농축액; 육수 분말; 간편 요리,낮음,혼밥·식재료 관리 기타,예,예,아니오,2026-08-03-food-auto-fb2380; 2026-08-07-food-auto-78eff9; 2026-08-01-food-auto-7f290f; 2026-08-07-food-auto-55d572; 2026-08-07-food-auto-9b0d72; 2026-08-06-food-auto-06029f,아니오,유지,1인 가구 육수 알아보기,"결론부터 말씀드리자면, **'시간과 재료 관리가 중요하다면 시판 농축액/분말형 제품을 활용하되 성분을 꼼꼼히 확인하고, 건강과 깊은 맛, 그리고 주말의 여유가 있다면 한 번에 많이 만들어 소분해두는 '홈메이드 육수·양념'을 병행하는 것이 가장 현실적인 해답입니다.** 완벽한…",83,아니오,,,,
2026-08-07-cleaning-auto-21d8af,"혼자 사는 당신, 좁은 집 다림질 공간 고민? 다리미판 vs 다림질 매트, 현명한 선택 기준",https://honsamnote.co.kr/blog/2026-08-07-cleaning-auto-21d8af/,cleaning,청소·세탁·집안일,1인 가구; 다림질; 생활 최적화; 집안일; 공간 활용; 살림 팁,다림질 매트; 다리미판; 1인 가구 다림질; 좁은 집 다림질; 생활 팁; 시간 절약,"혼자 사는 당신, 좁은 집 다림질 공간 고민? 다리미판 vs 다림질 매트, 현명한 선택 기준 | 혼삶노트","좁은 원룸에서 다림질 공간 때문에 고민이신가요? 부피 큰 다리미판 대신 효율적인 다림질 매트를 선택해야 할지, 아니면 다리미판이 더 나을지, 1인 가구를 위한 현실적인 비교와 선택 기준을 알려드립니다.",질문형,다림질 매트,다리미판; 1인 가구 다림질; 좁은 집 다림질; 생활 팁; 시간 절약,낮음,청소·세탁·집안일 기타,예,예,아니오,2026-08-12-cleaning-auto-868b91; 2026-08-06-cleaning-auto-643cdf; 2026-08-01-cleaning-auto-edbbf8; 2026-08-03-cleaning-auto-fc046f; 2026-08-04-cleaning-auto-99cb94; 2026-08-06-cleaning-auto-96ff36,아니오,유지,다림질 매트 알아보기｜청소·세탁·집안일,"혼자 사는 1인 가구에게 다림질 도구는 '얼마나 자주, 어떤 옷을 다림질하는가' 그리고 '사용 가능한 공간'에 따라 달라집니다.",83,아니오,,,,
2026-08-07-cleaning-auto-d3c72b,"혼자 사는 당신, 변기 속 보기 싫은 노란 얼룩·물때? 지금 당장 새것처럼 되돌리는 현실 솔루션",https://honsamnote.co.kr/blog/2026-08-07-cleaning-auto-d3c72b/,cleaning,청소·세탁·집안일,변기 청소; 화장실 청소; 찌든 때 제거; 1인 가구 청소; 생활 팁,변기 얼룩 제거; 변기 물때 청소; 화장실 노란때; 변기 냄새; 셀프 변기 청소,"혼자 사는 당신, 변기 속 보기 싫은 노란 얼룩·물때? 지금 당장 새것처럼 되돌리는 현실 솔루션 | 혼삶노트","퇴근 후 마주하는 변기 속 보기 싫은 누런 얼룩과 찌든 물때, 혼자 사는 당신에게 너무나 흔한 고민이죠? 지금 당장 최소한의 노력으로 새것처럼 깨끗하게 되돌리는 현실적인 청소법을 알려드립니다.",질문형,변기 얼룩 제거,변기 물때 청소; 화장실 노란때; 변기 냄새; 셀프 변기 청소,낮음,욕실 청소,예,예,예,2026-08-07-cleaning-auto-f46339; 2026-07-30-cleaning-26; 2026-07-30-cleaning-27; 2026-08-01-cleaning-auto-dd0fd9; 2026-08-09-cleaning-auto-117267; 2026-07-30-cleaning-29,아니오,유지,변기 얼룩 제거 알아보기,"지금 당장 변기 속 노란 얼룩과 찌든 물때를 가장 빠르고 효과적으로 제거하고 싶다면, **염산이나 구연산 성분의 강력한 액체형 변기 세제를 얼룩 부위에 충분히 도포한 뒤 최소 30분 이상 불리고, 틈새 솔로 구석구석 문질러 제거하는 것**이 가장 확실합니다.",83,아니오,,,,
2026-08-07-cleaning-auto-f46339,"혼자 사는 당신, 화장실 환풍기에서 퀴퀴한 냄새? 15분 만에 쾌적한 욕실 만드는 초간단 청소법",https://honsamnote.co.kr/blog/2026-08-07-cleaning-auto-f46339/,cleaning,청소·세탁·집안일,화장실 청소; 환풍기 청소; 1인 가구 청소; 욕실 관리; 냄새 제거,화장실 환풍기 냄새; 환풍기 청소 주기; 혼자 사는 집 화장실 청소; 욕실 습기 제거; 셀프 환풍기 청소,"혼자 사는 당신, 화장실 환풍기에서 퀴퀴한 냄새? 15분 만에 쾌적한 욕실 만드는 초간단 청소법 | 혼삶노트",혼자 사는 직장인을 위한 화장실 환풍기 청소 가이드. 퀴퀴한 냄새와 습기 고민을 해결하고 쾌적한 욕실을 유지하는 현실적인 청소법을 15분 만에 알려드립니다.,질문형,화장실 환풍기 냄새,환풍기 청소 주기; 혼자 사는 집 화장실 청소; 욕실 습기 제거; 셀프 환풍기 청소,낮음,욕실 청소,예,예,아니오,2026-07-30-cleaning-26; 2026-08-07-cleaning-auto-d3c72b; 2026-07-30-cleaning-27; 2026-08-01-cleaning-auto-dd0fd9; 2026-08-09-cleaning-auto-117267; 2026-07-30-cleaning-29,아니오,유지,화장실 환풍기 냄새 알아보기,화장실 환풍기는 최소 6개월에서 1년에 한 번은 청소해야 합니다.,83,아니오,,,,
2026-08-07-food-auto-55d572,"혼자 사는 직장인, 퇴근 후 저녁 요리 망설일 때: 주말 2시간으로 평일 요리 시간 10분 만드는 스마트 식재료 준비 루틴",https://honsamnote.co.kr/blog/2026-08-07-food-auto-55d572/,food,혼밥·식재료 관리,1인 가구; 혼밥; 식재료 관리; 밀프렙; 주말 루틴,혼자 사는 직장인; 식재료 준비; 요리 시간 단축; 주간 식단; 냉장고 정리,"혼자 사는 직장인, 퇴근 후 저녁 요리 망설일 때: 주말 2시간으로 평일 요리 시간 10분 만드는 스마트 식재료 준비 루틴 | 혼삶노트","퇴근 후 지친 몸으로 주방에 서기 망설여질 때, 주말 딱 2시간 투자로 평일 요리를 10분 만에 끝내는 효율적인 1인 가구 식재료 준비 루틴을 공개합니다. 시간과 돈을 아끼는 당신의 주방을 최적화하세요.",문제해결형,혼자 사는 직장인,식재료 준비; 요리 시간 단축; 주간 식단; 냉장고 정리,낮음,혼밥·식재료 관리 기타,예,예,아니오,2026-08-01-food-auto-7f290f; 2026-08-03-food-auto-fb2380; 2026-08-06-food-auto-993221; 2026-08-07-food-auto-78eff9; 2026-08-07-food-auto-9b0d72; 2026-07-30-food-12,아니오,유지,혼자 사는 직장인 해결 방법,"결론부터 말하면, 주말에 1~2시간만 투자해 식재료를 미리 손질해 두는 '스마트 식재료 준비 루틴'은 혼자 사는 직장인에게 선택이 아닌 필수입니다.",83,아니오,,,,
2026-08-07-food-auto-5b5eb1,"혼자 사는 직장인, 마트/반찬가게 '조리된 반찬' 살까 말까 망설일 때: 집밥 만족도 높이는 현명한 선택 가이드",https://honsamnote.co.kr/blog/2026-08-07-food-auto-5b5eb1/,food,혼밥·식재료 관리,혼밥; 반찬; 1인 가구 요리; 식재료 구매; 시간 절약,조리된 반찬; 반찬가게 반찬; 마트 반찬; 1인 가구 반찬; 혼밥 반찬,"혼자 사는 직장인, 마트/반찬가게 '조리된 반찬' 살까 말까 망설일 때: 집밥 만족도 높이는 현명한 선택 가이드 | 혼삶노트","퇴근 후 지친 당신, 직접 요리하기는 부담스럽고, 매번 사 먹는 것도 질릴 때. 1인 가구에 딱 맞는 조리된 반찬 구매 기준과 활용법을 알아봅니다.",문제해결형,조리된 반찬,반찬가게 반찬; 마트 반찬; 1인 가구 반찬; 혼밥 반찬,낮음,혼밥·식재료 관리 기타,예,예,아니오,2026-08-03-food-auto-fb2380; 2026-08-06-food-auto-993221; 2026-08-07-food-auto-78eff9; 2026-08-08-food-auto-76d24e; 2026-08-01-food-auto-7f290f; 2026-08-05-food-auto-1636b6,아니오,유지,조리된 반찬 해결 방법｜혼밥·식재료 관리,혼자 사는 직장인에게 조리된 반찬은 시간과 노력을 획기적으로 줄여주는 효율적인 대안입니다.,83,아니오,,,,
2026-08-07-food-auto-78eff9,"혼밥 후 설거지 산더미에 지칠 때: 손 설거지 vs 미니 식기세척기, 당신의 시간과 노동력을 아껴줄 현명한 선택 가이드",https://honsamnote.co.kr/blog/2026-08-07-food-auto-78eff9/,food,혼밥·식재료 관리,혼밥; 식재료 관리; 주방 가전; 시간 절약; 살림 팁; 1인 가구,1인 가구 식기세척기; 미니 식기세척기; 손 설거지; 설거지 효율화; 1인 가구 주방; 주방가전 추천,"혼밥 후 설거지 산더미에 지칠 때: 손 설거지 vs 미니 식기세척기, 당신의 시간과 노동력을 아껴줄 현명한 선택 가이드 | 혼삶노트","혼자 사는 직장인의 설거지 스트레스, 이제 그만! 손 설거지와 미니 식기세척기 중 당신에게 더 효율적인 방법을 찾고, 주방을 시간과 공간 효율의 공간으로 바꾸는 현실적인 기준을 제시합니다.",비교형,1인 가구 식기세척기,미니 식기세척기; 손 설거지; 설거지 효율화; 1인 가구 주방; 주방가전 추천,낮음,혼밥·식재료 관리 기타,예,예,아니오,2026-08-01-food-auto-7f290f; 2026-08-03-food-auto-fb2380; 2026-08-06-food-auto-993221; 2026-08-01-products-auto-4d32dc; 2026-08-07-food-auto-55d572; 2026-08-07-food-auto-9b0d72,아니오,유지,1인 가구 식기세척기 비교,"혼밥 후 설거지 고민, 손 설거지와 미니 식기세척기 사이에서 갈등하고 있다면, **당신의 요리 빈도, 주방 공간, 설거지 스트레스 강도, 그리고 예산**이 핵심 판단 기준입니다.",83,아니오,,,,
2026-08-07-food-auto-9b0d72,"혼자 사는 직장인, 좁은 주방에 꽉 찬 식료품 관리 어려울 때: 효율적인 '나만의 미니 팬트리' 만드는 현실적인 전략",https://honsamnote.co.kr/blog/2026-08-07-food-auto-9b0d72/,food,혼밥·식재료 관리,1인 가구; 혼밥; 식재료 관리; 주방 정리; 미니 팬트리; 수납,혼자 사는 직장인 식재료 관리; 좁은 주방 수납; 1인 가구 팬트리; 식료품 정리 팁; 미니멀 주방,"혼자 사는 직장인, 좁은 주방에 꽉 찬 식료품 관리 어려울 때: 효율적인 '나만의 미니 팬트리' 만드는 현실적인 전략 | 혼삶노트","좁은 원룸 주방에 식료품이 쌓여 혼란스럽다면? 1인 가구 직장인을 위한 효율적인 미니 팬트리 구축 및 관리법으로 시간과 돈, 스트레스까지 한 번에 잡으세요.",문제해결형,혼자 사는 직장인 식재료 관리,좁은 주방 수납; 1인 가구 팬트리; 식료품 정리 팁; 미니멀 주방,낮음,혼밥·식재료 관리 기타,예,예,예,2026-08-01-food-auto-7f290f; 2026-08-03-food-auto-fb2380; 2026-08-06-food-auto-993221; 2026-08-07-food-auto-55d572; 2026-08-07-food-auto-78eff9; 2026-08-08-food-auto-76d24e,아니오,유지,혼자 사는 직장인 식재료 관리 해결 방법,좁은 주방이라도 걱정 마세요.,83,아니오,,,,
2026-08-08-cleaning-auto-a4c61f,"혼자 사는 당신, 가습기/제습기 속 검은 물때와 퀴퀴한 냄새? 15분 만에 세균 걱정 없이 쾌적하게 만드는 현실 솔루션",https://honsamnote.co.kr/blog/2026-08-08-cleaning-auto-a4c61f/,cleaning,청소·세탁·집안일,가습기청소; 제습기청소; 1인가구청소; 살림노하우; 위생관리,가습기 물때; 제습기 냄새; 가습기 곰팡이; 제습기 필터; 생활 위생,"혼자 사는 당신, 가습기/제습기 속 검은 물때와 퀴퀴한 냄새? 15분 만에 세균 걱정 없이 쾌적하게 만드는 현실 솔루션 | 혼삶노트","찬바람 불 때, 습한 날씨에 매일 쓰는 가습기·제습기. 물때와 냄새 때문에 찝찝하다면? 1인 가구를 위한 쉽고 빠른 청소법으로 세균 걱정 없이 쾌적한 실내 공기를 되찾으세요.",질문형,가습기 물때,제습기 냄새; 가습기 곰팡이; 제습기 필터; 생활 위생,낮음,욕실 청소,예,예,아니오,2026-07-31-cleaning-68; 2026-08-11-cleaning-auto-1ad691; 2026-08-11-cleaning-auto-983cbd; 2026-07-30-cleaning-26; 2026-07-30-cleaning-27; 2026-07-30-cleaning-29,아니오,유지,가습기 물때 알아보기,"찬바람 불 때, 습한 날씨에 매일 쓰는 가습기·제습기. 물때와 냄새 때문에 찝찝하다면? 1인 가구를 위한 쉽고 빠른 청소법으로 세균 걱정 없이 쾌적한 실내 공기를 되찾으세요.",83,아니오,,,,
2026-08-08-cleaning-auto-b16ac0,"혼자 사는 당신, 집에 밴 꿉꿉한 생활 냄새! 향으로 덮을까? 근본을 잡을까? 방향제·디퓨저 vs 공기청정기, 현명한 선택 기준",https://honsamnote.co.kr/blog/2026-08-08-cleaning-auto-b16ac0/,cleaning,청소·세탁·집안일,생활냄새; 실내공기; 방향제; 디퓨저; 공기청정기; 1인가구청소,집안냄새제거; 1인원룸냄새; 방향제추천; 디퓨저추천; 공기청정기추천; 꿉꿉한냄새,"혼자 사는 당신, 집에 밴 꿉꿉한 생활 냄새! 향으로 덮을까? 근본을 잡을까? 방향제·디퓨저 vs 공기청정기, 현명한 선택 기준 | 혼삶노트","퇴근 후 꿉꿉한 집에 지쳤다면 주목! 1인 가구에 최적화된 냄새 관리법, 방향제·디퓨저와 공기청정기 중 나에게 맞는 현실 솔루션을 알려드립니다.",질문형,집안냄새제거,1인원룸냄새; 방향제추천; 디퓨저추천; 공기청정기추천; 꿉꿉한냄새,낮음,청소·세탁·집안일 기타,예,예,아니오,2026-07-30-cleaning-30; 2026-08-12-cleaning-auto-85acce; 2026-08-13-cleaning-auto-7ef0d4; 2026-08-01-cleaning-auto-d3bef1; 2026-08-01-cleaning-auto-edbbf8; 2026-08-03-cleaning-auto-fc046f,아니오,유지,집안냄새제거 알아보기,"의 집안 냄새 문제, 어떤 방식으로 접근해야 할까요?",83,아니오,,,,
2026-08-08-food-auto-76d24e,"1인 가구 직장인, 혼자 요리하고 남은 '애매한 한 끼분' 음식, 버리지 않고 다음 끼니까지 알뜰하게 즐기는 법",https://honsamnote.co.kr/blog/2026-08-08-food-auto-76d24e/,food,혼밥·식재료 관리,혼밥; 식재료 관리; 1인 가구 요리; 음식 낭비 줄이기; 남은 음식 활용,1인 가구 남은 음식; 혼밥 잔반; 소량 음식 보관; 재활용 요리; 직장인 혼밥,"1인 가구 직장인, 혼자 요리하고 남은 '애매한 한 끼분' 음식, 버리지 않고 다음 끼니까지 알뜰하게 즐기는 법 | 혼삶노트","혼자 요리했는데 딱 한 번 더 먹을 만큼 남았을 때, 버리지 않고 신선하고 맛있게 즐길 수 있는 현실적인 보관부터 활용 팁까지 알려드립니다. 음식 낭비 없이 냉장고를 비우고 지갑을 지키세요.",문제해결형,1인 가구 남은 음식,혼밥 잔반; 소량 음식 보관; 재활용 요리; 직장인 혼밥,낮음,혼밥·식재료 관리 기타,예,예,아니오,2026-08-01-food-auto-7f290f; 2026-08-03-food-auto-fb2380; 2026-08-06-food-auto-993221; 2026-08-07-food-auto-55d572; 2026-08-07-food-auto-5b5eb1; 2026-08-07-food-auto-78eff9,아니오,유지,1인 가구 남은 음식 해결 방법,이 '애매한 한 끼분'은 절대 그냥 버리지 마세요!,83,아니오,,,,
2026-08-08-food-auto-89f7c0,"1인 가구 직장인, 쌀 한 포대 앞에서 망설일 때: 소량 팩 vs. 대용량, 아니면 즉석밥? 당신의 밥상과 지갑을 위한 최적의 선택",https://honsamnote.co.kr/blog/2026-08-08-food-auto-89f7c0/,food,혼밥·식재료 관리,혼밥; 식재료관리; 쌀; 살림노하우; 식비절약,1인 가구 쌀; 쌀 보관; 즉석밥; 소량 쌀 구매; 혼자 쌀,"1인 가구 직장인, 쌀 한 포대 앞에서 망설일 때: 소량 팩 vs. 대용량, 아니면 즉석밥? 당신의 밥상과 지갑을 위한 최적의 선택 | 혼삶노트","혼자 사는 직장인을 위한 쌀 구매 가이드. 대용량, 소량 팩, 즉석밥 중 당신의 생활 패턴에 맞는 가장 현명한 선택으로 시간과 돈, 맛까지 잡는 현실적인 방법을 알려드립니다.",질문형,1인 가구 쌀,쌀 보관; 즉석밥; 소량 쌀 구매; 혼자 쌀,낮음,혼밥·식재료 관리 기타,예,예,예,2026-08-10-food-auto-b034b3; 2026-08-11-food-auto-452e94; 2026-07-30-food-11; 2026-08-05-food-auto-1636b6; 2026-08-01-food-auto-7bc9dc; 2026-08-01-food-auto-7f290f,아니오,유지,1인 가구 쌀 알아보기,혼자 사는 직장인에게 '최고의 쌀 구매법'은 없습니다.,83,아니오,,,,
2026-08-08-storage-auto-fda98a,"1인 가구 직장인, 좁은 집에 '비상약 상자' 어디에 둬야 할지 막막하다면? 응급 상황에 찾기 쉽고 깔끔하게 보관하는 현실 수납법",https://honsamnote.co.kr/blog/2026-08-08-storage-auto-fda98a/,storage,좁은 집과 수납,1인 가구; 좁은 집; 수납; 비상약; 약 정리; 약 상자; 건강 관리,1인 가구 약 수납; 좁은 집 약 정리; 비상약 보관; 약 상자 추천; 약 유통기한; 응급약 수납; 가정 상비약,"1인 가구 직장인, 좁은 집에 '비상약 상자' 어디에 둬야 할지 막막하다면? 응급 상황에 찾기 쉽고 깔끔하게 보관하는 현실 수납법 | 혼삶노트","혼자 사는 당신, 갑자기 아플 때 약 찾다 시간 낭비하지 마세요. 좁은 집에서도 응급 상황에 바로 찾고 깔끔하게 유지하는 비상약 수납법을 알려드립니다.",질문형,1인 가구 약 수납,좁은 집 약 정리; 비상약 보관; 약 상자 추천; 약 유통기한; 응급약 수납; 가정 상비약,낮음,원룸 전체 수납,예,예,예,2026-07-30-storage-24; 2026-08-01-storage-auto-316ab0; 2026-08-01-storage-auto-c54f86; 2026-08-01-storage-auto-f1fb81; 2026-08-04-storage-auto-06061f; 2026-08-05-storage-auto-c8c36f,아니오,유지,1인 가구 약 수납 알아보기,"갑작스러운 증상에 당황하지 않으려면, **딱 한 개!",83,아니오,,,,
2026-08-09-cleaning-auto-117267,"혼자 사는 당신, 샤워 후 곰팡이 핀 욕실 실리콘에 눈살 찌푸린다고요? 딱 30분, 검은 곰팡이 싹 잡고 새것처럼 되돌리는 현실 솔루션",https://honsamnote.co.kr/blog/2026-08-09-cleaning-auto-117267/,cleaning,청소·세탁·집안일,곰팡이 제거; 실리콘 곰팡이; 욕실 청소; 주방 청소; 1인 가구 청소,실리콘 곰팡이 제거; 욕실 곰팡이; 주방 곰팡이; 락스 곰팡이; 젤 곰팡이 제거제; 혼자 사는 집 청소,"혼자 사는 당신, 샤워 후 곰팡이 핀 욕실 실리콘에 눈살 찌푸린다고요? 딱 30분, 검은 곰팡이 싹 잡고 새것처럼 되돌리는 현실 솔루션 | 혼삶노트","혼자 사는 당신의 욕실/주방 실리콘 곰팡이, 이제 더 이상 보고도 못 본 척하지 마세요. 딱 30분 만에 검은 곰팡이를 싹 잡고 쾌적한 공간을 되찾는 현실적인 제거법을 알려드립니다.",질문형,실리콘 곰팡이 제거,욕실 곰팡이; 주방 곰팡이; 락스 곰팡이; 젤 곰팡이 제거제; 혼자 사는 집 청소,낮음,욕실 청소,예,예,예,2026-07-30-cleaning-26; 2026-08-06-cleaning-auto-467d7f; 2026-08-01-cleaning-auto-dd0fd9; 2026-08-01-cleaning-auto-e1e505; 2026-08-07-cleaning-auto-d3c72b; 2026-08-07-cleaning-auto-f46339,아니오,유지,실리콘 곰팡이 제거 알아보기,"결론부터 말씀드리자면, 욕실 및 주방 실리콘 곰팡이는 생각보다",83,아니오,,,,
2026-08-09-cleaning-auto-c10b6d,"혼자 사는 당신, 퇴근 후 끈적이는 바닥 청소 스트레스? 좁은 집 로봇 청소기 vs 무선 스틱 청소기, 후회 없는 선택 기준",https://honsamnote.co.kr/blog/2026-08-09-cleaning-auto-c10b6d/,cleaning,청소·세탁·집안일,청소; 로봇청소기; 스틱청소기; 1인가구; 원룸청소; 바닥청소,로봇청소기; 무선 스틱 청소기; 1인 가구 청소; 원룸 청소; 청소기 추천; 바닥 청소,"혼자 사는 당신, 퇴근 후 끈적이는 바닥 청소 스트레스? 좁은 집 로봇 청소기 vs 무선 스틱 청소기, 후회 없는 선택 기준 | 혼삶노트","좁은 원룸 바닥 청소, 로봇 청소기가 편할까? 무선 스틱 청소기가 더 효율적일까? 혼자 사는 당신의 생활 패턴과 공간에 딱 맞는 청소기 선택 가이드를 제시합니다.",질문형,로봇청소기,무선 스틱 청소기; 1인 가구 청소; 원룸 청소; 청소기 추천; 바닥 청소,낮음,청소·세탁·집안일 기타,예,예,예,2026-08-04-cleaning-auto-99cb94; 2026-08-14-cleaning-auto-b4a47e; 2026-07-30-cleaning-30; 2026-07-30-cleaning-32; 2026-08-06-cleaning-auto-643cdf; 2026-08-12-cleaning-auto-85acce,아니오,유지,로봇청소기 알아보기,"결론부터 말씀드리자면, 의 바닥 청소 스트레스는 **'생활 패턴'과 '집 구조'에 따라 로봇 청소기가 답일 수도 있고, 무선 스틱 청소기가 답일 수도 있습니다.**

*   **매일 규칙적으로 청소하기 힘들고, 바닥에 큰 장애물이 적으며, 청소 외의 시간을 절약하고 싶다면…",83,아니오,,,,
2026-08-09-storage-auto-b54398,"1인 가구 직장인, 좁은 원룸 '부피 큰 계절 이불' 어디에 보관해야 할지 막막하다면? 손상 없이 깔끔하게 보관하는 현실 수납법",https://honsamnote.co.kr/blog/2026-08-09-storage-auto-b54398/,storage,좁은 집과 수납,1인 가구; 좁은 집; 수납; 이불 정리; 계절 이불; 원룸 수납,1인 가구 이불 수납; 원룸 이불 보관; 계절 이불 정리; 부피 큰 이불 수납; 진공 압축팩; 이불 정리함,"1인 가구 직장인, 좁은 원룸 '부피 큰 계절 이불' 어디에 보관해야 할지 막막하다면? 손상 없이 깔끔하게 보관하는 현실 수납법 | 혼삶노트","계절마다 교체하는 부피 큰 이불, 좁은 집에서 어떻게 보관해야 할지 고민이셨죠? 1인 가구 직장인을 위한 이불 종류별, 공간별 최적의 현실 수납법을 알려드립니다.",질문형,1인 가구 이불 수납,원룸 이불 보관; 계절 이불 정리; 부피 큰 이불 수납; 진공 압축팩; 이불 정리함,낮음,원룸 전체 수납,예,예,예,2026-08-05-storage-auto-c8c36f; 2026-07-30-storage-24; 2026-08-01-storage-auto-316ab0; 2026-08-01-storage-auto-c54f86; 2026-08-01-storage-auto-f1fb81; 2026-08-04-storage-auto-06061f,아니오,유지,1인 가구 이불 수납 알아보기,부피 큰 계절 이불 수납의 핵심은 **‘압축’과 ‘빈 공간 활용’**입니다.,83,아니오,,,,
2026-08-10-food-auto-b034b3,"혼자 사는 직장인, 점심 도시락 망설일 때: 귀찮음 없이 매일 든든한 '나만의 스마트 도시락' 만드는 법",https://honsamnote.co.kr/blog/2026-08-10-food-auto-b034b3/,food,혼밥·식재료 관리,혼밥; 식재료관리; 도시락; 점심; 식비절약; 직장인,1인 가구 도시락; 직장인 점심; 도시락 싸기; 식비 아끼기; 혼밥 도시락,"혼자 사는 직장인, 점심 도시락 망설일 때: 귀찮음 없이 매일 든든한 '나만의 스마트 도시락' 만드는 법 | 혼삶노트","혼자 사는 직장인을 위한 점심 도시락 가이드. 배달/외식 비용과 건강 걱정은 줄이고, 귀찮음 없이 매일 든든한 도시락을 싸는 현실적인 루틴과 팁을 알려드립니다.",문제해결형,1인 가구 도시락,직장인 점심; 도시락 싸기; 식비 아끼기; 혼밥 도시락,낮음,혼밥·식재료 관리 기타,예,예,아니오,2026-08-08-food-auto-89f7c0; 2026-08-11-food-auto-452e94; 2026-08-05-food-auto-1636b6; 2026-07-30-food-11; 2026-08-01-food-auto-7f290f; 2026-08-03-food-auto-fb2380,아니오,유지,1인 가구 도시락 해결 방법,혼자 사는 직장인의 스마트 도시락 핵심은 '새로운 요리'가 아니라 '남은 밥과 반찬의 현명한 활용'에 있습니다.,83,아니오,,,,
2026-08-11-food-auto-452e94,"혼자 사는 직장인, 매일 신선 채소 챙겨 먹기 어려울 때: 샐러드 정기배송 vs. 직접 재료 손질, 당신의 건강과 지갑을 위한 현명한 선택",https://honsamnote.co.kr/blog/2026-08-11-food-auto-452e94/,food,혼밥·식재료 관리,혼밥; 식재료관리; 건강관리; 시간절약; 식비절약; 채소섭취; 샐러드,1인 가구 채소; 샐러드 정기배송; 샐러드 밀프렙; 혼자 사는 식단; 직장인 건강; 식재료 손질,"혼자 사는 직장인, 매일 신선 채소 챙겨 먹기 어려울 때: 샐러드 정기배송 vs. 직접 재료 손질, 당신의 건강과 지갑을 위한 현명한 선택 | 혼삶노트","혼자 사는 직장인이 신선 채소를 꾸준히 섭취하는 두 가지 현실적인 방법, 샐러드 정기배송과 직접 재료 손질을 비교 분석하여 당신에게 최적의 선택을 안내합니다.",비교형,1인 가구 채소,샐러드 정기배송; 샐러드 밀프렙; 혼자 사는 식단; 직장인 건강; 식재료 손질,낮음,혼밥·식재료 관리 기타,예,예,아니오,2026-08-08-food-auto-89f7c0; 2026-08-10-food-auto-b034b3; 2026-08-03-food-auto-fb2380; 2026-08-13-food-auto-4b3fa7; 2026-08-05-food-auto-1636b6; 2026-08-06-food-auto-834b6e,아니오,유지,1인 가구 채소 비교,혼자 사는 직장인이 매일 신선 채소를 꾸준히 섭취하는 방법은 크게 **'샐러드 정기 배송/구독 서비스'**와 **'직접 재료 구매 및 소분/손질'** 두 가지로 나눌 수 있습니다.,83,아니오,,,,
2026-08-12-cleaning-auto-85acce,"혼자 사는 당신, 창밖 풍경이 뿌옇고 답답하다면? 손 닿지 않는 창문 청소, 수동 와이퍼 vs. 로봇 청소기 현명한 선택 기준",https://honsamnote.co.kr/blog/2026-08-12-cleaning-auto-85acce/,cleaning,청소·세탁·집안일,창문청소; 유리창청소; 로봇청소기; 1인가구청소; 집안일최적화,창문 청소; 유리창 청소; 로봇 유리창 청소기; 수동 유리창 와이퍼; 1인 가구 청소 팁; 셀프 창문 청소,"혼자 사는 당신, 창밖 풍경이 뿌옇고 답답하다면? 손 닿지 않는 창문 청소, 수동 와이퍼 vs. 로봇 청소기 현명한 선택 기준 | 혼삶노트","혼자 사는 당신을 위한 창문 청소 가이드! 높은 창문, 위험한 외부 청소 때문에 미뤘다면, 수동 와이퍼와 로봇 청소기의 장단점을 비교하고 나에게 맞는 최적의 방법을 찾아보세요.",질문형,창문 청소,유리창 청소; 로봇 유리창 청소기; 수동 유리창 와이퍼; 1인 가구 청소 팁; 셀프 창문 청소,낮음,청소·세탁·집안일 기타,예,예,예,2026-08-12-cleaning-auto-868b91; 2026-07-30-cleaning-30; 2026-08-08-cleaning-auto-b16ac0; 2026-08-09-cleaning-auto-c10b6d; 2026-08-13-cleaning-auto-7ef0d4; 2026-08-01-cleaning-auto-d3bef1,아니오,유지,창문 청소 알아보기｜청소·세탁·집안일,"의 창문 청소 스트레스는 **창문의 종류, 높이, 청소 빈도, 그리고 예산**에 따라 가장 효율적인 방법이 달라집니다.",83,아니오,,,,
2026-08-12-cleaning-auto-868b91,"혼자 사는 당신, 답답하고 칙칙한 유리창? 1시간 만에 밝고 시원하게 되돌리는 현실 솔루션",https://honsamnote.co.kr/blog/2026-08-12-cleaning-auto-868b91/,cleaning,청소·세탁·집안일,청소; 집안일; 유리창 청소; 1인 가구; 생활 최적화,유리창 닦는법; 창문 청소; 창틀 청소; 방충망 청소; 셀프 유리창 청소,"혼자 사는 당신, 답답하고 칙칙한 유리창? 1시간 만에 밝고 시원하게 되돌리는 현실 솔루션 | 혼삶노트","혼자 사는 집, 왠지 모르게 답답하고 어둡게 느껴진다면 유리창 청소가 시급할 때! 안전하고 간단하게 찌든 때와 먼지를 제거해 집을 환하게 밝히는 현실적인 방법을 알려드립니다.",질문형,유리창 닦는법,창문 청소; 창틀 청소; 방충망 청소; 셀프 유리창 청소,낮음,청소·세탁·집안일 기타,예,예,예,2026-08-06-cleaning-auto-643cdf; 2026-08-07-cleaning-auto-21d8af; 2026-08-04-cleaning-auto-99cb94; 2026-08-14-cleaning-auto-b4a47e; 2026-07-31-cleaning-79; 2026-08-12-cleaning-auto-85acce,아니오,유지,유리창 닦는법 알아보기,혼자 사는 집의 유리창은 전문가를 부르거나 위험하게 몸을 내밀지 않아도 충분히 안전하고 효과적으로 깨끗하게 만들 수 있습니다.,83,아니오,,,,
2026-08-12-food-auto-8fffcc,"혼자 사는 직장인, 요리한 음식 나눠 담을 때: 플라스틱 vs. 유리 vs. 실리콘, 당신의 냉장고와 건강을 위한 현명한 선택",https://honsamnote.co.kr/blog/2026-08-12-food-auto-8fffcc/,food,혼밥·식재료 관리,혼밥; 식재료 관리; 주방용품; 음식 보관; 환경 호르몬,1인 가구 음식 보관; 음식 용기; 냉동밥 용기; 반찬 용기; 플라스틱 용기; 유리 용기; 실리콘 용기,"혼자 사는 직장인, 요리한 음식 나눠 담을 때: 플라스틱 vs. 유리 vs. 실리콘, 당신의 냉장고와 건강을 위한 현명한 선택 | 혼삶노트","혼자 사는 직장인을 위한 음식 보관 용기 선택 가이드. 플라스틱, 유리, 실리콘 용기의 장단점을 비교하고, 내게 맞는 최적의 용기 조합으로 음식 낭비를 줄이고 건강까지 지키는 현실적인 방법을 알려드립니다.",비교형,1인 가구 음식 보관,음식 용기; 냉동밥 용기; 반찬 용기; 플라스틱 용기; 유리 용기; 실리콘 용기,낮음,혼밥·식재료 관리 기타,예,예,예,2026-08-05-food-auto-1636b6; 2026-08-01-food-auto-7f290f; 2026-08-03-food-auto-fb2380; 2026-08-06-food-auto-993221; 2026-08-07-food-auto-55d572; 2026-08-07-food-auto-78eff9,아니오,유지,1인 가구 음식 보관 비교,음식 보관 용기는 만능이 없습니다.,83,아니오,,,,
2026-08-13-cleaning-auto-7ef0d4,"혼자 사는 당신, 퇴근 후 끈적이는 바닥 스트레스? 물걸레 vs 물걸레 청소포, 후회 없는 선택 기준",https://honsamnote.co.kr/blog/2026-08-13-cleaning-auto-7ef0d4/,cleaning,청소·세탁·집안일,바닥청소; 물걸레; 물걸레청소포; 1인가구청소; 살림최적화,바닥청소 추천; 물걸레 청소법; 물걸레 청소포 장단점; 1인가구 바닥 관리; 청소 효율,"혼자 사는 당신, 퇴근 후 끈적이는 바닥 스트레스? 물걸레 vs 물걸레 청소포, 후회 없는 선택 기준 | 혼삶노트",혼자 사는 당신의 깨끗하고 쾌적한 바닥을 위한 현실적인 고민! 물걸레와 물걸레 청소포 중 내게 맞는 최적의 바닥 청소법을 찾아 시간과 노력을 아끼는 현명한 선택 기준을 알려드립니다.,질문형,바닥청소 추천,물걸레 청소법; 물걸레 청소포 장단점; 1인가구 바닥 관리; 청소 효율,낮음,청소·세탁·집안일 기타,예,예,예,2026-07-30-cleaning-30; 2026-08-08-cleaning-auto-b16ac0; 2026-08-09-cleaning-auto-c10b6d; 2026-08-12-cleaning-auto-85acce; 2026-08-01-cleaning-auto-d3bef1; 2026-08-01-cleaning-auto-edbbf8,아니오,유지,바닥청소 추천 알아보기,"의 바닥 청소 고민, 끈적이는 바닥을 효과적으로 닦아줄 물걸레와 물걸레 청소포 중 어떤 것이 정답일까요?",83,아니오,,,,
2026-08-13-cleaning-auto-cf3699,"혼자 사는 당신, 샤워 후 발목까지 물이 차오르고 퀴퀴한 냄새가 난다면? 딱 10분, 배수구 막힘 근본 원인 잡고 뻥 뚫린 욕실 만드는 현실 가이드",https://honsamnote.co.kr/blog/2026-08-13-cleaning-auto-cf3699/,cleaning,청소·세탁·집안일,욕실 청소; 배수구 관리; 머리카락 제거; 혼족 청소; 자취 필수템,욕실 배수구 청소; 배수구 막힘 방지; 머리카락 배수구; 욕실 관리; 싱글족 욕실 팁,"혼자 사는 당신, 샤워 후 발목까지 물이 차오르고 퀴퀴한 냄새가 난다면? 딱 10분, 배수구 막힘 근본 원인 잡고 뻥 뚫린 욕실 만드는 현실 가이드 | 혼삶노트","혼자 사는 당신의 욕실 배수구, 막히기 전에 관리하는 현실적인 방법을 찾고 있다면 이 글을 주목하세요. 샤워 후 고이는 물, 퀴퀴한 냄새를 싹 잡고 깔끔한 욕실을 유지하는 시간·돈 최적화 가이드를 제시합니다.",질문형,욕실 배수구 청소,배수구 막힘 방지; 머리카락 배수구; 욕실 관리; 싱글족 욕실 팁,낮음,욕실 청소,예,예,예,2026-08-09-cleaning-auto-117267; 2026-07-30-cleaning-26; 2026-07-30-cleaning-27; 2026-07-30-cleaning-29; 2026-07-31-cleaning-68; 2026-08-01-cleaning-auto-dd0fd9,아니오,유지,욕실 배수구 청소 알아보기,욕실 배수구 막힘은 '예방'이 핵심입니다.,83,아니오,,,,
2026-08-14-cleaning-auto-b4a47e,"혼자 사는 당신, 청소해도 쌓이는 먼지와 답답한 공기? 딱 30분, 쾌적하고 깔끔한 집 만드는 현실적인 먼지 제거 및 환기 루틴",https://honsamnote.co.kr/blog/2026-08-14-cleaning-auto-b4a47e/,cleaning,청소·세탁·집안일,청소; 먼지; 환기; 1인 가구; 쾌적한 집; 생활 팁,1인 가구 청소; 먼지 제거; 실내 환기; 자취방 청소; 쾌적한 환경; 집안일 효율,"혼자 사는 당신, 청소해도 쌓이는 먼지와 답답한 공기? 딱 30분, 쾌적하고 깔끔한 집 만드는 현실적인 먼지 제거 및 환기 루틴 | 혼삶노트",청소해도 금방 쌓이는 먼지와 답답한 공기로 고민하는 1인 가구를 위한 현실적인 먼지 제거 및 환기 루틴 가이드. 시간과 노력을 절약하며 쾌적한 집을 유지하는 노하우를 알려드립니다.,질문형,1인 가구 청소,먼지 제거; 실내 환기; 자취방 청소; 쾌적한 환경; 집안일 효율,낮음,청소·세탁·집안일 기타,예,예,아니오,2026-08-09-cleaning-auto-c10b6d; 2026-08-04-cleaning-auto-99cb94; 2026-08-06-cleaning-auto-643cdf; 2026-08-12-cleaning-auto-868b91; 2026-07-30-cleaning-32; 2026-07-31-cleaning-79,아니오,유지,1인 가구 청소 알아보기,청소해도 금방 쌓이는 먼지와 답답한 공기는 잘못된 청소 습관과 비효율적인 환기 때문입니다.,83,아니오,,,,
2026-07-29-food-9,퇴근 후 지쳐도 괜찮아: 1인 가구 직장인이 냉장고 털어 일주일 식단을 미리 짜는 현실적인 방법,https://honsamnote.co.kr/blog/2026-07-29-food-9/,food,혼밥·식재료 관리,혼밥; 식재료관리; 식단관리; 자취생활; 살림노하우,1인 가구 식단; 일주일 식단 짜기; 식재료 낭비; 자취 요리; 혼밥 레시피,퇴근 후 지쳐도 괜찮아: 1인 가구 직장인이 냉장고 털어 일주일 식단을 미리 짜는 현실적인 방법 | 혼삶노트,"혼자 사는 직장인을 위한 일주일 식단 구성 가이드. 냉장고 속 식재료 낭비는 줄이고, 시간과 돈을 아끼면서 건강하고 효율적인 식사를 위한 실질적인 노하우를 공개합니다.",방법형,1인 가구 식단,일주일 식단 짜기; 식재료 낭비; 자취 요리; 혼밥 레시피,낮음,혼밥 레시피·식단,예,예,아니오,2026-08-07-food-auto-f5cf37; 2026-07-30-food-14; 2026-08-09-food-auto-e39c1f; 2026-08-07-food-auto-18079e; 2026-08-07-food-auto-e08b8c; 2026-08-14-food-auto-78155f,아니오,유지,1인 가구 식단 방법,1인 가구의 일주일 식단 구성은 거창한 '매일 다른 레스토랑 메뉴' 계획이 아닙니다.,80,아니오,,,,
2026-07-30-food-15,"퇴근 후 저녁 준비 막막한 1인 가구, 시간과 돈 아끼는 1인용 밀키트 똑똑하게 고르는 법",https://honsamnote.co.kr/blog/2026-07-30-food-15/,food,혼밥·식재료 관리,1인 가구; 혼밥; 밀키트; 식재료 관리; 시간 절약; 돈 절약,1인용 밀키트; 밀키트 추천; 혼밥 식단; 밀키트 비교; 식비 절약,"퇴근 후 저녁 준비 막막한 1인 가구, 시간과 돈 아끼는 1인용 밀키트 똑똑하게 고르는 법 | 혼삶노트",혼자 사는 직장인이라면 주목! 퇴근 후 지친 당신을 위한 1인용 밀키트 선택 가이드. 시간과 돈 낭비 없이 현명하게 고르는 현실적인 방법을 알려드립니다.,비교형,1인용 밀키트,밀키트 추천; 혼밥 식단; 밀키트 비교; 식비 절약,낮음,혼밥 레시피·식단,예,예,예,2026-08-04-food-auto-c6481a; 2026-08-06-food-auto-585c1b; 2026-08-07-food-auto-c3ab2b; 2026-08-09-food-auto-e39c1f; 2026-08-01-food-auto-0f5d02; 2026-07-30-food-10,아니오,유지,1인용 밀키트 비교｜혼밥·식재료 관리,에게 1인용 밀키트는 현명한 저녁 식사 대안이 될 수 있습니다.,80,아니오,,,,
2026-07-30-housing-42,"내 첫 원룸 계약, 퇴근 후 15분으로 손해 없이 똑똑하게 확인하는 법",https://honsamnote.co.kr/blog/2026-07-30-housing-42/,housing,주거·계약·이사,원룸 계약; 1인 가구; 직장인 자취; 주거 계약; 이사 준비; 부동산 계약,원룸 계약 전 확인사항; 첫 자취 계약; 혼자 살기; 전세 월세 계약; 부동산 팁,"내 첫 원룸 계약, 퇴근 후 15분으로 손해 없이 똑똑하게 확인하는 법 | 혼삶노트","혼자 사는 직장인을 위한 원룸 계약 전 필수 확인사항 가이드. 보증금부터 관리비, 실제 생활 환경까지, 퇴근 후 15분만 투자해 후회 없는 계약을 돕는 현실적인 체크리스트를 제공합니다.",방법형,원룸 계약 전 확인사항,첫 자취 계약; 혼자 살기; 전세 월세 계약; 부동산 팁,낮음,이사 준비,예,예,아니오,2026-08-07-housing-auto-0bc6a2; 2026-08-05-housing-auto-f0090f; 2026-07-30-housing-45; 2026-08-01-housing-auto-e11fd3; 2026-08-06-housing-auto-1a9827; 2026-08-09-housing-auto-da13ec,아니오,유지,원룸 계약 전 확인사항 방법,"마음에 드는 원룸을 찾았어도, 계약서에 서명하기 전에 최소한 '계약 관련 서류', '건물 상태 및 옵션', '주변 환경', '숨겨진 비용' 이 네 가지 핵심 포인트를 반드시 꼼꼼히 확인하고 기록해야 합니다.",80,예,,,,
2026-07-30-housing-44,"혼자 사는 직장인, 내 전월세 보증금 지키는 법: 이사 후 전입신고·확정일자 한 번에 끝내기",https://honsamnote.co.kr/blog/2026-07-30-housing-44/,housing,주거·계약·이사,전입신고; 확정일자; 주거계약; 이사팁; 1인가구,전입신고 방법; 확정일자 받는 법; 전월세 보증금 보호; 주택임대차보호법; 이사 준비,"혼자 사는 직장인, 내 전월세 보증금 지키는 법: 이사 후 전입신고·확정일자 한 번에 끝내기 | 혼삶노트","새로운 집으로 이사 후 불안한 마음은 이제 그만! 혼자 사는 당신의 소중한 전월세 보증금을 확실하게 지켜줄 전입신고와 확정일자, 헷갈리지 않고 한 번에 처리하는 현실적인 방법을 알려드립니다.",방법형,전입신고 방법,확정일자 받는 법; 전월세 보증금 보호; 주택임대차보호법; 이사 준비,낮음,보증금,예,예,예,2026-08-06-housing-auto-36b1cd; 2026-08-12-housing-auto-f420ec; 2026-08-01-housing-auto-18e480; 2026-08-01-housing-auto-c039f6; 2026-08-03-housing-auto-5b4f05; 2026-08-03-housing-auto-e4e5c4,아니오,유지,전입신고 방법 방법,"결론부터 말씀드리자면, 전입신고와 확정일자는 의 소중한 전월세 보증금을 지켜주는 **가장 중요하고 기본적인 안전장치**입니다.",80,예,,,,
2026-07-30-housing-46,"이사 나가는 1인 가구, 복비·공과금 덤터기 없이 보증금 100% 안전하게 돌려받는 준비",https://honsamnote.co.kr/blog/2026-07-30-housing-46/,housing,주거·계약·이사,보증금; 이사; 전월세; 계약만료; 1인 가구,보증금반환; 이사준비; 원상복구; 공과금정산; 임대차계약,"이사 나가는 1인 가구, 복비·공과금 덤터기 없이 보증금 100% 안전하게 돌려받는 준비 | 혼삶노트","혼자 사는 직장인이라면 주목! 이사 준비만큼 중요한 보증금 반환. 계약 만료 전 미리미리 확인하고 준비해서 내 소중한 보증금, 한 푼도 놓치지 않고 돌려받는 현실적인 방법을 알려드립니다.",문제해결형,보증금반환,이사준비; 원상복구; 공과금정산; 임대차계약,낮음,전월세 계약,예,예,예,2026-08-01-housing-auto-ace922; 2026-07-30-housing-48; 2026-08-06-housing-auto-9d6fe3; 2026-08-07-housing-auto-5dd703; 2026-08-01-housing-auto-abec0f; 2026-08-01-housing-auto-ecfb76,아니오,유지,보증금반환 해결 방법,"내 소중한 보증금을 한 푼도 놓치지 않고 안전하게 돌려받고 싶다면, **'계약서의 모든 조항을 다시 확인하고', '증거를 철저히 기록하며', '집주인과 투명하게 소통하는 것'**이 핵심입니다.",80,예,,,,
2026-07-30-housing-48,"혼자 사는 당신, 원룸 옵션 가전 고장 시 '누구 책임?' 헷갈림 없이 해결하는 완벽 가이드",https://honsamnote.co.kr/blog/2026-07-30-housing-48/,housing,주거·계약·이사,1인 가구; 원룸; 옵션 가전; 전월세; 계약; 이사; 생활 팁; 집안일; 돈 아끼기,옵션 가전 고장; 세입자 책임; 임대인 책임; 원룸 가전 수리; 전세 월세 가전; 주거 문제,"혼자 사는 당신, 원룸 옵션 가전 고장 시 '누구 책임?' 헷갈림 없이 해결하는 완벽 가이드 | 혼삶노트","원룸 옵션 가전이 갑자기 고장 나 당황스럽나요? 임대인과 세입자 중 수리 책임은 누구에게 있는지, 어떻게 대처해야 할지 A부터 Z까지 현실적인 해결책을 제시합니다.",질문형,옵션 가전 고장,세입자 책임; 임대인 책임; 원룸 가전 수리; 전세 월세 가전; 주거 문제,낮음,전월세 계약,예,예,아니오,2026-08-01-housing-auto-ace922; 2026-08-07-housing-auto-5dd703; 2026-08-05-housing-auto-580e50; 2026-07-30-housing-46; 2026-08-01-housing-auto-abec0f; 2026-08-11-housing-auto-a2f088,아니오,유지,옵션 가전 고장 알아보기｜주거·계약·이사,원룸 옵션 가전이 고장 났을 때 누구의 책임인지 가장 먼저 확인할 핵심은 **'임대차 계약서'**와 **'고장 원인(세입자 과실 여부)'**입니다.,80,아니오,,,,
2026-07-30-housing-69,"한겨울 밤, 1인 가구 보일러 고장? 당황 말고 이 순서대로 대처하세요",https://honsamnote.co.kr/blog/2026-07-30-housing-69/,housing,주거·계약·이사,1인 가구; 보일러 고장; 난방; 주거 문제; 겨울철 생활,보일러 고장 대처; 1인 가구 난방; 보일러 수리; 원룸 보일러; 자가 진단,"한겨울 밤, 1인 가구 보일러 고장? 당황 말고 이 순서대로 대처하세요 | 혼삶노트","추운 겨울밤, 갑자기 보일러가 멈춰 찬물만 나온다면? 1인 가구의 시간과 돈을 아껴줄 보일러 고장 자가 진단부터 수리 요청까지 현실적인 해결법을 알려드립니다.",질문형,보일러 고장 대처,1인 가구 난방; 보일러 수리; 원룸 보일러; 자가 진단,낮음,주거·계약·이사 기타,예,예,아니오,2026-08-01-housing-auto-bd24e0; 2026-08-04-housing-auto-24e082; 2026-08-04-housing-auto-cbaa3c; 2026-08-07-housing-auto-eb35f1; 2026-08-09-housing-auto-1e381e; 2026-08-11-housing-auto-2bfaff,아니오,유지,보일러 고장 대처 알아보기,"보일러가 작동하지 않는다면, 가장 먼저 **보일러 전원과 가스 밸브, 그리고 분배기 밸브가 열려 있는지 확인**하세요.",80,아니오,,,,
2026-07-30-lifestyle-60,"혼자 사는 직장인, 주말 무기력증 탈출! 나만의 루틴 만드는 법",https://honsamnote.co.kr/blog/2026-07-30-lifestyle-60/,lifestyle,관계·고립·생활 리듬,1인 가구; 직장인 주말; 주말 루틴; 생활 리듬; 무기력증 극복,혼자 사는 직장인; 주말 무기력; 주말 계획; 생활 리듬 만들기; 1인 가구 라이프,"혼자 사는 직장인, 주말 무기력증 탈출! 나만의 루틴 만드는 법 | 혼삶노트",주말에 무기력함과 피로감을 느끼는 1인 가구 직장인을 위한 현실적인 주말 루틴 가이드. 시간과 돈을 아끼며 생활 리듬을 되찾는 실용적인 방법을 알려드립니다.,문제해결형,혼자 사는 직장인,주말 무기력; 주말 계획; 생활 리듬 만들기; 1인 가구 라이프,낮음,생활리듬·시간관리,예,예,예,2026-08-06-lifestyle-auto-2e08db; 2026-08-11-lifestyle-auto-90d3e2; 2026-08-04-lifestyle-auto-8920c5; 2026-08-04-lifestyle-auto-dabdf3; 2026-08-08-lifestyle-auto-dd0e67; 2026-08-09-lifestyle-auto-12d150,아니오,유지,혼자 사는 직장인 해결 방법,주말 무기력증을 극복하고 효율적인 생활 리듬을 되찾는 핵심은 '나만의 주말 루틴'을 만드는 것입니다.,80,아니오,,,,
2026-07-30-lifestyle-62,"퇴근 후 혼밥이 귀찮은 1인 가구, 매일 끼니 거르지 않고 건강 챙기는 현실적인 식사 루틴",https://honsamnote.co.kr/blog/2026-07-30-lifestyle-62/,lifestyle,관계·고립·생활 리듬,1인 가구; 혼밥; 식사루틴; 건강관리; 시간관리; 밀프렙,1인 가구 식사; 끼니 거르지 않는 법; 혼밥 건강; 식단 관리; 직장인 식사,"퇴근 후 혼밥이 귀찮은 1인 가구, 매일 끼니 거르지 않고 건강 챙기는 현실적인 식사 루틴 | 혼삶노트","혼자 산 지 1~5년 된 직장인을 위한 글. 바쁜 일상 속에서 식사를 거르기 쉬운 당신을 위해, 시간과 돈을 아끼면서 건강까지 챙기는 효율적인 식사 루틴을 알려드립니다. 완벽하지 않아도 꾸준히 식사하는 방법을 찾아보세요.",문제해결형,1인 가구 식사,끼니 거르지 않는 법; 혼밥 건강; 식단 관리; 직장인 식사,낮음,생활리듬·시간관리,예,예,아니오,2026-08-07-lifestyle-auto-c39ec1; 2026-07-30-lifestyle-60; 2026-07-30-lifestyle-64; 2026-08-04-lifestyle-auto-8920c5; 2026-08-04-lifestyle-auto-dabdf3; 2026-08-06-lifestyle-auto-2e08db,아니오,유지,1인 가구 식사 해결 방법,혼자 사는 직장인이 끼니를 거르지 않고 건강을 챙기려면 '완벽한 삼시세끼' 대신 '나에게 맞는 최소한의 식사 루틴'을 만드는 것이 핵심입니다.,80,아니오,,,,
2026-07-30-lifestyle-64,"퇴근 후 무기력함에 지친 1인 가구 직장인, 잠들기 전 2시간으로 내일을 바꾸는 저녁 루틴",https://honsamnote.co.kr/blog/2026-07-30-lifestyle-64/,lifestyle,관계·고립·생활 리듬,1인 가구; 직장인 생활; 저녁 루틴; 시간 관리; 생활 최적화,퇴근 후 시간 낭비; 1인 가구 저녁; 직장인 생활 리듬; 무기력 극복; 효율적인 저녁,"퇴근 후 무기력함에 지친 1인 가구 직장인, 잠들기 전 2시간으로 내일을 바꾸는 저녁 루틴 | 혼삶노트",퇴근 후 멍하니 시간만 보내는 1인 가구 직장인을 위한 현실적인 저녁 루틴. 무기력함을 극복하고 다음 날 아침을 상쾌하게 맞이하는 노하우를 단계별로 알려드립니다.,문제해결형,퇴근 후 시간 낭비,1인 가구 저녁; 직장인 생활 리듬; 무기력 극복; 효율적인 저녁,낮음,생활리듬·시간관리,예,예,예,2026-08-09-lifestyle-auto-12d150; 2026-08-11-lifestyle-auto-90d3e2; 2026-07-30-lifestyle-60; 2026-07-30-lifestyle-62; 2026-08-04-lifestyle-auto-8920c5; 2026-08-04-lifestyle-auto-dabdf3,아니오,유지,퇴근 후 시간 낭비 해결 방법,"퇴근 후 저녁 시간을 의미 있게 보내고 싶다면, **'재충전'과 '다음 날을 위한 최소한의 준비'라는 명확한 목표를 세우고, 2시간 이내의 짧고 반복 가능한 나만의 루틴을 만드는 것이 핵심입니다.** 완벽하게 모든 것을 해내려 하기보다, 매일 꾸준히 작은 성공을 쌓아나가는 것…",80,아니오,,,,
2026-07-30-safety-39,"늦은 밤, 혼자 사는 여성이 집에서 불안감 느낄 때? 외부 침입 완벽 차단하는 우리 집 점검법",https://honsamnote.co.kr/blog/2026-07-30-safety-39/,safety,안전·응급상황,여성1인가구; 1인가구안전; 원룸안전; 집안전; 현관문잠금; 창문잠금; 생활방범,여성 1인 가구 안전; 원룸 보안; 외부 침입 방지; 현관문 잠금; 창문 잠금; 방범 필름,"늦은 밤, 혼자 사는 여성이 집에서 불안감 느낄 때? 외부 침입 완벽 차단하는 우리 집 점검법 | 혼삶노트","혼자 사는 여성이라면 한 번쯤 느껴봤을 밤샘 불안감. 현관부터 창문, 생활 습관까지! 외부 침입을 완벽히 막는 현실적인 우리 집 안전 점검법을 알려드립니다. 최소 비용, 최대 효과를 위한 실질적인 가이드.",질문형,여성 1인 가구 안전,원룸 보안; 외부 침입 방지; 현관문 잠금; 창문 잠금; 방범 필름,낮음,도어락·보안,예,예,아니오,2026-07-30-safety-35; 2026-08-01-safety-auto-909169; 2026-08-01-safety-auto-c574d6; 2026-08-05-safety-auto-9a8ad6; 2026-08-06-safety-auto-3d7ecc; 2026-08-07-products-auto-b07e5f,아니오,유지,여성 1인 가구 안전 알아보기,혼자 사는 여성의 집 안전은 '다층적인 방어'가 핵심입니다.,80,아니오,,,,
2026-07-30-safety-40,"해외여행/출장 떠나는 1인 가구, 집 비우기 전 잊지 말아야 할 안전 점검 순서",https://honsamnote.co.kr/blog/2026-07-30-safety-40/,safety,안전·응급상황,1인 가구; 안전; 장기 부재; 집 점검; 여행 준비; 혼자 살기,1인 가구 장기 부재; 집 비울 때; 안전 점검; 혼족 여행 준비; 도난 방지; 화재 예방,"해외여행/출장 떠나는 1인 가구, 집 비우기 전 잊지 말아야 할 안전 점검 순서 | 혼삶노트","장기 휴가나 출장으로 집을 비울 때, 혼자 사는 당신의 불안감을 해소해 줄 필수 안전 점검 가이드. 시간과 돈 들이지 않고 집을 안전하게 지키는 현실적인 방법들을 확인하세요.",체크형,1인 가구 장기 부재,집 비울 때; 안전 점검; 혼족 여행 준비; 도난 방지; 화재 예방,낮음,화재 예방,예,예,예,2026-08-07-safety-auto-5a549d; 2026-08-05-safety-auto-4e7f26; 2026-08-06-safety-auto-669f80; 2026-08-08-safety-auto-be207d; 2026-07-30-safety-37; 2026-08-03-safety-auto-7bde55,아니오,유지,1인 가구 장기 부재 체크리스트,"장기 부재로 집을 비우기 전, 딱 30분만 투자해 핵심 위험 요소를 체계적으로 점검하면 대부분의 불안을 해소할 수 있습니다.",80,아니오,,,,
2026-08-01-housing-auto-18e480,"혼자 사는 직장인, 우리 집 화재·누수 걱정 끝! 내 보증금·물건 지키는 전월세 보험 똑똑하게 가입하기",https://honsamnote.co.kr/blog/2026-08-01-housing-auto-18e480/,housing,주거·계약·이사,전월세보험; 1인가구보험; 주택화재보험; 임차인배상책임; 보증금보호,전월세 보험 가입; 1인 가구 주택 보험; 화재보험 1인 가구; 임차인 배상책임 보험; 보증금 지키는 법,"혼자 사는 직장인, 우리 집 화재·누수 걱정 끝! 내 보증금·물건 지키는 전월세 보험 똑똑하게 가입하기 | 혼삶노트","혼자 사는 직장인에게 전월세집 화재, 누수 등 사고는 막막한 문제입니다. 내 보증금과 가재도구를 안전하게 지키고, 혹시 모를 배상 책임까지 대비할 수 있는 전월세 보험, 현명하게 선택하는 법을 알려드립니다.",방법형,전월세 보험 가입,1인 가구 주택 보험; 화재보험 1인 가구; 임차인 배상책임 보험; 보증금 지키는 법,낮음,보증금,예,예,아니오,2026-07-30-housing-44; 2026-08-01-housing-auto-c039f6; 2026-08-03-housing-auto-5b4f05; 2026-08-03-housing-auto-e4e5c4; 2026-08-06-housing-auto-1870eb; 2026-08-06-housing-auto-36b1cd,아니오,유지,전월세 보험 가입 방법,"이라면, '내 집은 내가 지킨다'는 마음으로 **'주택화재보험' 또는 그 특약으로 가입할 수 있는 '임차인 배상책임보험' 가입을 적극적으로 고려해야 합니다.** 월 1만 원 안팎의 적은 비용으로 예기치 못한 사고 시 수천만 원의 손실을 막고, 당신의 소중한 보증금과 가재도구,…",80,예,,,,
2026-08-01-housing-auto-1c1518,"혼자 사는 직장인, 이사 갈 때 대형 폐기물 처리? 시간과 돈 아끼는 3가지 선택 비교",https://honsamnote.co.kr/blog/2026-08-01-housing-auto-1c1518/,housing,주거·계약·이사,이사; 대형폐기물; 원룸이사; 살림정리; 비용절약,이사짐정리; 대형가구버리기; 폐가전수거; 혼자사는직장인이사; 폐기물처리비용,"혼자 사는 직장인, 이사 갈 때 대형 폐기물 처리? 시간과 돈 아끼는 3가지 선택 비교 | 혼삶노트","이사 전 대형 가구/가전 처리에 막막한 1인 가구 직장인을 위한 현실적인 가이드. 지자체 신고, 중고거래, 전문 업체 3가지 방법을 비교 분석해 내게 맞는 최적의 선택을 돕습니다.",질문형,이사짐정리,대형가구버리기; 폐가전수거; 혼자사는직장인이사; 폐기물처리비용,낮음,주거·계약·이사 기타,예,예,예,2026-07-30-housing-69; 2026-08-01-housing-auto-bd24e0; 2026-08-04-housing-auto-24e082; 2026-08-04-housing-auto-cbaa3c; 2026-08-05-housing-auto-7ef549; 2026-08-07-housing-auto-eb35f1,아니오,유지,이사짐정리 알아보기,의 이사 전 대형 폐기물 처리는 크게 세 가지 방법으로 나뉩니다.,80,예,,,,
2026-08-01-housing-auto-bd24e0,"혼자 사는 직장인, 늦은 밤 이웃 소음에 잠 못 들 때? 감정 소모 줄이고 똑똑하게 해결하는 순서",https://honsamnote.co.kr/blog/2026-08-01-housing-auto-bd24e0/,housing,주거·계약·이사,이웃 소음; 층간소음; 주거 문제; 1인 가구; 직장인 생활; 생활 팁,이웃 소음 해결; 층간소음 대처; 혼자 사는 직장인 소음; 소음 문제 해결; 주거 분쟁,"혼자 사는 직장인, 늦은 밤 이웃 소음에 잠 못 들 때? 감정 소모 줄이고 똑똑하게 해결하는 순서 | 혼삶노트",늦은 밤 이웃 소음으로 고통받는 1인 가구 직장인을 위한 현실적인 대처법. 감정 소모 없이 문제를 해결하고 평온한 밤을 되찾는 단계별 가이드를 알려드립니다.,질문형,이웃 소음 해결,층간소음 대처; 혼자 사는 직장인 소음; 소음 문제 해결; 주거 분쟁,낮음,주거·계약·이사 기타,예,예,예,2026-07-30-housing-69; 2026-08-07-housing-auto-eb35f1; 2026-08-11-housing-auto-2bfaff; 2026-08-04-housing-auto-24e082; 2026-08-04-housing-auto-cbaa3c; 2026-08-09-housing-auto-1e381e,아니오,유지,이웃 소음 해결 알아보기,"늦은 밤 이웃 소음으로 고통받고 있다면, **절대 감정적으로 직접 찾아가 항의하지 마세요.** 가장 먼저 해야 할 일은 소음 발생 시간, 종류, 강도 등을 **객관적으로 기록하는 것**입니다.",80,아니오,,,,
2026-08-01-housing-auto-c039f6,"혼자 사는 직장인, 전월세 계약 갱신, 무심코 넘기면 보증금 날릴 수도! 똑똑하게 계약 연장하는 법",https://honsamnote.co.kr/blog/2026-08-01-housing-auto-c039f6/,housing,주거·계약·이사,전월세 계약; 계약 갱신; 1인 가구 주거; 보증금 보호; 부동산 계약,전월세 계약 갱신; 묵시적 갱신; 계약 갱신 청구권; 1인 가구 재계약; 보증금 지키기,"혼자 사는 직장인, 전월세 계약 갱신, 무심코 넘기면 보증금 날릴 수도! 똑똑하게 계약 연장하는 법 | 혼삶노트","혼자 사는 직장인이라면 반드시 알아야 할 전월세 계약 갱신 노하우! 묵시적 갱신부터 계약 갱신 청구권, 보증금 손해 없이 재계약하는 현실적인 팁을 알려드립니다.",방법형,전월세 계약 갱신,묵시적 갱신; 계약 갱신 청구권; 1인 가구 재계약; 보증금 지키기,낮음,보증금,예,예,아니오,2026-08-06-housing-auto-849c13; 2026-08-08-housing-auto-4e32dc; 2026-07-30-housing-44; 2026-08-01-housing-auto-18e480; 2026-08-03-housing-auto-5b4f05; 2026-08-03-housing-auto-e4e5c4,아니오,유지,전월세 계약 갱신 방법｜주거·계약·이사,"혼자 사는 직장인이라면 전월세 계약 만료일 2개월~6개월 전까지 집주인에게 '계약을 연장할지, 종료할지' 명확하게 의사를 전달하고, 연장한다면 반드시 '새로운 계약서'를 작성하거나 최소한 '묵시적 갱신 상태임을 증명할 기록'을 남겨야 합니다.",80,예,,,,
2026-08-01-housing-auto-e11fd3,"혼자 사는 직장인, 빈집 입주 가전·가구, 새것 vs 중고 vs 렌탈! 내 생활에 맞는 똑똑한 선택 가이드",https://honsamnote.co.kr/blog/2026-08-01-housing-auto-e11fd3/,housing,주거·계약·이사,1인 가구; 가전; 가구; 이사; 비용 절약,1인 가구 가전; 1인 가구 가구; 이사 준비; 가전 렌탈; 중고 가전,"혼자 사는 직장인, 빈집 입주 가전·가구, 새것 vs 중고 vs 렌탈! 내 생활에 맞는 똑똑한 선택 가이드 | 혼삶노트","새집 입주 시 가전·가구 구매, 어떤 방법이 현명할까요? 1인 가구의 예산, 거주 기간, 이동성을 고려한 새 제품, 중고, 렌탈의 장단점을 비교하고 나에게 맞는 최적의 선택 기준을 제시합니다.",비교형,1인 가구 가전,1인 가구 가구; 이사 준비; 가전 렌탈; 중고 가전,낮음,이사 준비,예,예,아니오,2026-07-30-housing-45; 2026-08-06-housing-auto-1a9827; 2026-08-12-cost-auto-b36efb; 2026-08-09-housing-auto-da13ec; 2026-07-30-housing-42; 2026-08-01-cost-auto-e9d2d3,아니오,유지,1인 가구 가전 비교,"빈집에 입주하는 1인 가구의 가전·가구 마련은 '새 제품 구매', '중고 제품 구매', '렌탈 서비스 이용' 세 가지 큰 틀에서 고민할 수 있습니다.",80,예,,,,
2026-08-01-housing-auto-e6f8ea,"혼자 사는 직장인, 이사 갈 때 포장·반포장·용달 이사 중 뭘 고를까? 내 상황에 맞는 최적의 선택 가이드",https://honsamnote.co.kr/blog/2026-08-01-housing-auto-e6f8ea/,housing,주거·계약·이사,1인 가구 이사; 이사 서비스 비교; 포장이사; 반포장이사; 용달이사; 이사 비용 절약; 주거 최적화,1인 가구 이사; 이사 서비스 선택; 포장이사 비용; 반포장이사 후기; 용달이사 준비물; 직장인 이사,"혼자 사는 직장인, 이사 갈 때 포장·반포장·용달 이사 중 뭘 고를까? 내 상황에 맞는 최적의 선택 가이드 | 혼삶노트","혼자 이사 준비 막막하죠? 포장, 반포장, 용달 이사의 장단점을 비교하고, 내 예산과 시간에 맞춰 가장 현명한 이사 방식을 선택하는 현실적인 팁을 알려드립니다.",질문형,1인 가구 이사,이사 서비스 선택; 포장이사 비용; 반포장이사 후기; 용달이사 준비물; 직장인 이사,낮음,이사 준비,예,예,아니오,2026-08-06-products-auto-6e0ac5; 2026-08-06-housing-auto-1a9827; 2026-08-08-housing-auto-8b0461; 2026-08-09-housing-auto-da13ec; 2026-08-07-housing-auto-0bc6a2; 2026-07-30-housing-42,아니오,유지,1인 가구 이사 알아보기,혼자 사는 직장인에게 이사는 단순히 짐을 옮기는 행위를 넘어섭니다.,80,예,,,,
2026-08-01-lifestyle-auto-19ac88,"혼자 사는 직장인, 주말만 되면 흐트러지는 생활 리듬, 무너지지 않고 재정비하는 현실 가이드",https://honsamnote.co.kr/blog/2026-08-01-lifestyle-auto-19ac88/,lifestyle,관계·고립·생활 리듬,생활리듬; 주말관리; 1인가구; 직장인; 자기관리,1인 가구 주말; 혼자 사는 직장인 주말; 생활 리듬 유지; 주말 무기력; 일요일 저녁 준비,"혼자 사는 직장인, 주말만 되면 흐트러지는 생활 리듬, 무너지지 않고 재정비하는 현실 가이드 | 혼삶노트",혼자 사는 직장인이 주말에 흐트러지는 생활 리듬 때문에 피로와 무기력을 느낀다면? 평일과 주말의 균형을 찾아 몸과 마음의 건강을 지키는 현실적인 방법을 제시합니다.,문제해결형,1인 가구 주말,혼자 사는 직장인 주말; 생활 리듬 유지; 주말 무기력; 일요일 저녁 준비,낮음,생활리듬·시간관리,예,예,아니오,2026-07-30-lifestyle-60; 2026-08-04-lifestyle-auto-8920c5; 2026-08-04-lifestyle-auto-dabdf3; 2026-08-06-lifestyle-auto-2e08db; 2026-08-07-lifestyle-auto-c39ec1; 2026-08-08-lifestyle-auto-dd0e67,아니오,유지,1인 가구 주말 해결 방법,주말에 흐트러지는 생활 리듬을 잡는 핵심은 **'완벽한 규칙성'이 아닌 '유연한 핵심 앵커(anchor)'를 만드는 것**입니다.,80,아니오,,,,
2026-08-01-safety-auto-c574d6,"혼자 사는 당신, 외부 침입 대비할 때? 스마트 도어벨 vs. 가정용 CCTV, 나에게 맞는 현관 보안은?",https://honsamnote.co.kr/blog/2026-08-01-safety-auto-c574d6/,safety,안전·응급상황,안전; 현관보안; 스마트홈; 1인가구; 응급상황대비,스마트 도어벨; 가정용 CCTV; 1인 가구 보안; 현관문 지킴이; 외부 침입 대비,"혼자 사는 당신, 외부 침입 대비할 때? 스마트 도어벨 vs. 가정용 CCTV, 나에게 맞는 현관 보안은? | 혼삶노트","혼자 사는 1인 가구를 위한 현관 보안 솔루션. 스마트 도어벨과 가정용 CCTV의 장단점을 비교하고, 내게 맞는 선택을 위한 현실적인 판단 기준과 주의사항을 알려드립니다.",질문형,스마트 도어벨,가정용 CCTV; 1인 가구 보안; 현관문 지킴이; 외부 침입 대비,낮음,도어락·보안,예,예,아니오,2026-08-05-safety-auto-9a8ad6; 2026-08-06-safety-auto-3d7ecc; 2026-08-07-safety-auto-6b24c5; 2026-08-07-safety-auto-eecdaa; 2026-08-09-safety-auto-eb5e4c; 2026-08-14-safety-auto-f47696,아니오,유지,스마트 도어벨 알아보기｜안전·응급상황,"의 현관 보안, 외부인으로부터의 안심을 원한다면 스마트 도어벨이나 가정용 CCTV 설치를 고려해볼 수 있습니다.",80,아니오,,,,
2026-08-03-housing-auto-5b4f05,"혼자 사는 직장인, 이사 당일 보증금 못 받을 위기? 당황 말고 내 돈 지키는 3단계 대처법",https://honsamnote.co.kr/blog/2026-08-03-housing-auto-5b4f05/,housing,주거·계약·이사,주거; 계약; 이사; 보증금; 전월세; 직장인; 임차인; 생활 팁,전월세 보증금; 보증금 반환; 보증금 못 받을 때; 임차권등기명령; 내용증명; 보증금 소송; 이사 문제,"혼자 사는 직장인, 이사 당일 보증금 못 받을 위기? 당황 말고 내 돈 지키는 3단계 대처법 | 혼삶노트","이사 날, 집주인이 보증금 반환을 미룬다면? 혼자 사는 당신의 전월세 보증금을 지키기 위한 현실적인 법적 절차와 대처법을 단계별로 안내합니다. 돈과 시간을 아끼는 법.",질문형,전월세 보증금,보증금 반환; 보증금 못 받을 때; 임차권등기명령; 내용증명; 보증금 소송; 이사 문제,낮음,보증금,예,예,예,2026-08-06-housing-auto-1870eb; 2026-08-06-housing-auto-36b1cd; 2026-08-03-housing-auto-e4e5c4; 2026-08-07-housing-auto-5dd703; 2026-08-08-housing-auto-4e32dc; 2026-08-01-housing-auto-ace922,아니오,유지,전월세 보증금 알아보기,"이사 당일 보증금을 못 받을 위기에 처했다면, 절대 당황하지 마세요.",80,예,,,,
2026-08-03-housing-auto-e4e5c4,"혼자 사는 직장인, 이사 전 빈집 점검 소홀하면 보증금 날릴 수도! 꼼꼼하게 현장 확인하는 순서",https://honsamnote.co.kr/blog/2026-08-03-housing-auto-e4e5c4/,housing,주거·계약·이사,주거; 계약; 이사; 보증금; 입주; 전월세,1인 가구 입주 점검; 원룸 빈집 확인; 이사 전 체크리스트; 보증금 분쟁 예방; 현장 확인 방법,"혼자 사는 직장인, 이사 전 빈집 점검 소홀하면 보증금 날릴 수도! 꼼꼼하게 현장 확인하는 순서 | 혼삶노트","혼자 사는 직장인, 이사 전 빈집 점검은 필수입니다. 보증금 지키고 입주 후 고생하지 않도록, 현장 점검을 꼼꼼하게 하는 현실적인 순서를 알려드립니다.",체크형,1인 가구 입주 점검,원룸 빈집 확인; 이사 전 체크리스트; 보증금 분쟁 예방; 현장 확인 방법,낮음,보증금,예,예,아니오,2026-08-03-housing-auto-5b4f05; 2026-08-06-housing-auto-1870eb; 2026-08-06-housing-auto-36b1cd; 2026-08-08-housing-auto-4e32dc; 2026-08-06-housing-auto-849c13; 2026-08-01-housing-auto-ace922,아니오,유지,1인 가구 입주 점검 체크리스트,"이 이사 전 빈집 점검을 소홀히 하면, 입주 후 불편함은 물론 퇴거 시 보증금까지 위협받을 수 있습니다.",80,예,,,,
2026-08-03-housing-auto-f53851,"혼자 사는 직장인, 빈집 vs 풀옵션 원룸/오피스텔, 뭘 골라야 현명할까? 시간과 돈 아끼는 최적의 선택 가이드",https://honsamnote.co.kr/blog/2026-08-03-housing-auto-f53851/,housing,주거·계약·이사,1인 가구; 주거; 이사; 전월세 계약; 풀옵션; 빈집,1인 가구 주거 선택; 풀옵션 원룸; 빈집 원룸; 이사 비용 절감; 직장인 주거; 오피스텔 옵션,"혼자 사는 직장인, 빈집 vs 풀옵션 원룸/오피스텔, 뭘 골라야 현명할까? 시간과 돈 아끼는 최적의 선택 가이드 | 혼삶노트",혼자 사는 직장인이라면 이사할 때 빈집(무옵션)과 풀옵션 주택 중 어떤 것을 선택해야 할지 고민이 많을 겁니다. 내 시간과 돈을 아끼면서 현명하게 결정할 수 있는 실질적인 기준과 체크리스트를 소개합니다.,질문형,1인 가구 주거 선택,풀옵션 원룸; 빈집 원룸; 이사 비용 절감; 직장인 주거; 오피스텔 옵션,낮음,전월세 계약,예,예,아니오,2026-08-01-housing-auto-ace922; 2026-08-01-housing-auto-ecfb76; 2026-08-06-housing-auto-9d6fe3; 2026-08-07-housing-auto-5dd703; 2026-07-30-housing-46; 2026-07-30-housing-48,아니오,유지,1인 가구 주거 선택 알아보기,혼자 사는 직장인의 빈집(무옵션) 또는 풀옵션 원룸/오피스텔 선택은 정답이 없습니다.,80,예,,,,
2026-08-04-food-auto-8d3bfc,"1인 가구 직장인, 마트에서 산 감자 싹 나고 양파 물러질 때, 버릴까 말까? 알뜰하게 살리고 안전하게 먹는 법",https://honsamnote.co.kr/blog/2026-08-04-food-auto-8d3bfc/,food,혼밥·식재료 관리,혼밥; 식재료관리; 식재료보관; 감자; 양파; 식재료낭비; 음식물쓰레기,1인 가구 식재료; 싹 난 감자; 물러진 양파; 감자 보관법; 양파 보관법; 식재료 버릴까말까; 혼자 사는 식재료,"1인 가구 직장인, 마트에서 산 감자 싹 나고 양파 물러질 때, 버릴까 말까? 알뜰하게 살리고 안전하게 먹는 법 | 혼삶노트","혼자 사는 당신의 주방에 찾아오는 흔한 Dilemma! 싹 난 감자와 물러진 양파, 버려야 할까요? 안전하게 판단하고 알뜰하게 활용하는 현실적인 방법을 알려드립니다.",질문형,1인 가구 식재료,싹 난 감자; 물러진 양파; 감자 보관법; 양파 보관법; 식재료 버릴까말까; 혼자 사는 식재료,낮음,식재료 보관,예,예,예,2026-08-06-food-auto-c5562a; 2026-08-14-food-auto-950e9e; 2026-08-11-food-auto-d47a0f; 2026-08-07-food-auto-13d75f; 2026-08-08-food-auto-cfd186; 2026-08-13-food-auto-4b3fa7,아니오,유지,1인 가구 식재료 알아보기,"싹 난 감자와 물러진 양파는 상태에 따라 살려 먹을 수도, 버려야 할 수도 있습니다.",80,아니오,,,,
2026-08-04-housing-auto-24e082,"혼자 사는 직장인, 빈집 걱정 이제 그만! 우리 집 지키는 스마트 홈CCTV vs 보안 서비스, 뭘 골라야 현명할까?",https://honsamnote.co.kr/blog/2026-08-04-housing-auto-24e082/,housing,주거·계약·이사,1인 가구; 주거 안전; 홈CCTV; 보안 서비스; 집 지키기; 주거·계약·이사,1인 가구 보안; 스마트 홈CCTV; 전문 보안 서비스; 혼자 사는 집 안전; 빈집 걱정; 반려동물 모니터링,"혼자 사는 직장인, 빈집 걱정 이제 그만! 우리 집 지키는 스마트 홈CCTV vs 보안 서비스, 뭘 골라야 현명할까? | 혼삶노트","혼자 사는 직장인의 빈집 보안 문제, 스마트 홈CCTV와 전문 보안 서비스 중 내 상황에 맞는 최적의 선택 가이드를 제시합니다. 비용, 기능, 주의사항까지 비교하고 현명하게 결정하세요.",질문형,1인 가구 보안,스마트 홈CCTV; 전문 보안 서비스; 혼자 사는 집 안전; 빈집 걱정; 반려동물 모니터링,낮음,주거·계약·이사 기타,예,예,아니오,2026-08-09-housing-auto-1e381e; 2026-07-30-housing-69; 2026-08-01-housing-auto-bd24e0; 2026-08-04-housing-auto-cbaa3c; 2026-08-06-housing-auto-778093; 2026-08-07-housing-auto-eb35f1,아니오,유지,1인 가구 보안 알아보기,혼자 사는 직장인의 빈집 걱정을 덜어줄 수 있는 대표적인 솔루션은 크게 두 가지입니다.,80,아니오,,,,
2026-08-04-housing-auto-cbaa3c,"혼자 사는 직장인, 첫 집 계약 전세 vs 월세? 내 돈 아끼는 현명한 선택 가이드",https://honsamnote.co.kr/blog/2026-08-04-housing-auto-cbaa3c/,housing,주거·계약·이사,전세; 월세; 1인 가구; 주거 계약; 부동산,전세 월세 장단점; 1인 가구 전월세; 직장인 전세; 직장인 월세; 첫 집 계약,"혼자 사는 직장인, 첫 집 계약 전세 vs 월세? 내 돈 아끼는 현명한 선택 가이드 | 혼삶노트",혼자 사는 직장인이 첫 전월세 계약 시 전세와 월세 중 무엇을 선택해야 할지 고민이라면? 당신의 자금 상황과 생활 패턴에 맞춰 시간과 돈을 최적화하는 현실적인 선택 기준과 해결책을 제시합니다.,질문형,전세 월세 장단점,1인 가구 전월세; 직장인 전세; 직장인 월세; 첫 집 계약,낮음,주거·계약·이사 기타,예,예,아니오,2026-07-30-housing-69; 2026-08-01-housing-auto-bd24e0; 2026-08-04-housing-auto-24e082; 2026-08-07-housing-auto-eb35f1; 2026-08-09-housing-auto-1e381e; 2026-08-11-housing-auto-2bfaff,아니오,유지,전세 월세 장단점 알아보기,혼자 사는 직장인에게 전세와 월세 중 '절대적인 정답'은 없습니다.,80,예,,,,
2026-08-04-lifestyle-auto-8920c5,"혼자 사는 직장인, 친구나 가족을 집으로 초대하고 싶은데 막상 망설여진다면? 부담 없이 즐기는 '우리 집' 초대의 기술",https://honsamnote.co.kr/blog/2026-08-04-lifestyle-auto-8920c5/,lifestyle,관계·고립·생활 리듬,1인 가구; 직장인; 관계; 고립; 생활 리듬; 초대; 집들이; 홈파티,1인 가구 초대; 친구 집들이; 혼자 사는 사람 집 초대; 부담 없는 집 초대; 직장인 홈파티,"혼자 사는 직장인, 친구나 가족을 집으로 초대하고 싶은데 막상 망설여진다면? 부담 없이 즐기는 '우리 집' 초대의 기술 | 혼삶노트","혼자 사는 직장인이 친구나 가족을 집으로 초대하고 싶지만, 준비 부담 때문에 망설이는 당신을 위한 현실적인 초대 가이드. 완벽하지 않아도 괜찮은 우리 집 초대 문화를 만들어보세요.",질문형,1인 가구 초대,친구 집들이; 혼자 사는 사람 집 초대; 부담 없는 집 초대; 직장인 홈파티,낮음,생활리듬·시간관리,예,예,아니오,2026-08-04-lifestyle-auto-dabdf3; 2026-08-06-lifestyle-auto-2e08db; 2026-08-08-lifestyle-auto-dd0e67; 2026-08-03-lifestyle-auto-7c20c0; 2026-08-04-lifestyle-auto-fd9e87; 2026-08-06-lifestyle-auto-7d8463,아니오,유지,1인 가구 초대 알아보기,의 집은 오롯이 당신의 공간입니다.,80,아니오,,,,
2026-08-04-lifestyle-auto-dabdf3,"혼자 사는 직장인, 친구나 가족이 잠깐 머물겠다고 할 때, 내 공간 지키며 관계도 유지하는 현명한 대처법",https://honsamnote.co.kr/blog/2026-08-04-lifestyle-auto-dabdf3/,lifestyle,관계·고립·생활 리듬,1인 가구; 직장인; 관계; 생활 리듬; 공간 관리; 거절; 현명한 대처,1인 가구 방문객; 친구 재워주기; 가족 동거; 공간 침해; 혼자 사는 집 규칙,"혼자 사는 직장인, 친구나 가족이 잠깐 머물겠다고 할 때, 내 공간 지키며 관계도 유지하는 현명한 대처법 | 혼삶노트",혼자 사는 당신의 집에 갑자기 친구나 가족이 잠깐 머물겠다고 합니다. 반가움보다 불안이 앞선다면? 관계도 지키고 내 생활 리듬도 유지하는 현실적인 대처법을 알려드립니다.,문제해결형,1인 가구 방문객,친구 재워주기; 가족 동거; 공간 침해; 혼자 사는 집 규칙,낮음,생활리듬·시간관리,예,예,예,2026-08-04-lifestyle-auto-8920c5; 2026-08-06-lifestyle-auto-2e08db; 2026-08-08-lifestyle-auto-dd0e67; 2026-07-30-lifestyle-60; 2026-08-07-lifestyle-auto-c39ec1; 2026-08-09-lifestyle-auto-12d150,아니오,유지,1인 가구 방문객 해결 방법,"갑작스러운 방문 요청을 받았다면, 즉각적인 수락이나 거절보다는 **먼저 상대방에게 방문 목적과 예상 기간을 구체적으로 질문하고, 충분히 생각할 시간을 버는 것이 중요합니다.** 이 질문을 통해 상대방의 상황을 파악하고, 동시에 나 자신의 생활 리듬과 공간에 미칠 영향을 냉정하…",80,아니오,,,,
2026-08-04-safety-auto-3547d2,"혼자 사는 당신, 집에 불이 났을 때? 일반 vs. 스마트 화재경보기, 나에게 맞는 선택은?",https://honsamnote.co.kr/blog/2026-08-04-safety-auto-3547d2/,safety,안전·응급상황,화재경보기; 연기감지기; 스마트홈; 1인가구 안전; 화재 예방,1인가구 화재; 화재경보기 추천; 스마트 화재경보기; 화재안전; 혼자사는집 안전,"혼자 사는 당신, 집에 불이 났을 때? 일반 vs. 스마트 화재경보기, 나에게 맞는 선택은? | 혼삶노트","혼자 사는 집의 화재 안전, 일반/스마트 화재경보기 중 어떤 제품이 나에게 맞을까요? 초기 화재 감지의 중요성과 제품별 장단점을 비교해 현명하게 선택하고 설치하는 현실적인 가이드를 제시합니다.",질문형,1인가구 화재,화재경보기 추천; 스마트 화재경보기; 화재안전; 혼자사는집 안전,낮음,화재 예방,예,예,아니오,2026-07-30-safety-37; 2026-07-30-safety-40; 2026-08-03-safety-auto-7bde55; 2026-08-05-safety-auto-4e7f26; 2026-08-06-safety-auto-669f80; 2026-08-07-safety-auto-5a549d,아니오,유지,1인가구 화재 알아보기,"법적 의무를 넘어, 1인 가구에게 화재경보기는 선택이 아닌 필수 안전 장치입니다.",80,아니오,,,,
2026-08-05-food-auto-c06744,"1인 가구 직장인, 요리에 쓰고 남은 신선 허브, 시들기 전에 이렇게 하세요! 버리지 않고 오래 쓰는 보관법",https://honsamnote.co.kr/blog/2026-08-05-food-auto-c06744/,food,혼밥·식재료 관리,혼밥; 식재료 관리; 허브 보관; 식재료 낭비 줄이기; 1인 가구 요리,신선 허브 보관; 허브 시들지 않게; 바질 보관; 고수 보관; 파슬리 보관; 혼자 사는 직장인 식재료,"1인 가구 직장인, 요리에 쓰고 남은 신선 허브, 시들기 전에 이렇게 하세요! 버리지 않고 오래 쓰는 보관법 | 혼삶노트",혼자 사는 직장인을 위한 신선 허브 보관 가이드. 소량만 쓰고 남은 허브가 시들기 전에 알뜰하게 살려 오래 쓰는 현실적인 보관법과 활용 팁을 알려드립니다.,문제해결형,신선 허브 보관,허브 시들지 않게; 바질 보관; 고수 보관; 파슬리 보관; 혼자 사는 직장인 식재료,낮음,식재료 보관,예,예,아니오,2026-08-08-food-auto-0ac2e1; 2026-08-06-food-auto-38c543; 2026-08-11-food-auto-a86ad1; 2026-08-11-food-auto-d47a0f; 2026-08-01-food-auto-0f5d02; 2026-08-04-food-auto-8d3bfc,아니오,유지,신선 허브 보관 해결 방법,"남은 신선 허브는 ""시들어 버리기 전""에 제대로 된 보관법을 적용해야 합니다.",80,아니오,,,,
2026-08-05-housing-auto-580e50,"혼자 사는 직장인, 반려동물 키우고 싶은데 계약 위반 걱정? 집주인과 현명하게 합의하는 3단계",https://honsamnote.co.kr/blog/2026-08-05-housing-auto-580e50/,housing,주거·계약·이사,1인 가구; 반려동물; 임대차 계약; 집주인 합의; 전월세,원룸 반려동물; 오피스텔 강아지; 고양이 계약; 전월세 펫 가능; 펫 금지 계약; 집주인 허락; 주거 문제,"혼자 사는 직장인, 반려동물 키우고 싶은데 계약 위반 걱정? 집주인과 현명하게 합의하는 3단계 | 혼삶노트","혼자 사는 직장인이라면 한 번쯤 고민할 반려동물 입양. 계약 위반 걱정에 망설이고 있다면, 집주인과 현명하게 소통하고 합의를 이끌어내는 현실적인 방법을 알려드립니다.",질문형,원룸 반려동물,오피스텔 강아지; 고양이 계약; 전월세 펫 가능; 펫 금지 계약; 집주인 허락; 주거 문제,낮음,전월세 계약,예,예,예,2026-07-30-housing-48; 2026-07-30-housing-46; 2026-08-01-housing-auto-abec0f; 2026-08-01-housing-auto-ace922; 2026-08-07-housing-auto-5dd703; 2026-08-11-housing-auto-a2f088,아니오,유지,원룸 반려동물 알아보기,반려동물 사육 금지 조항이 있는 집에서 몰래 키우는 것은 가장 위험한 선택입니다.,80,예,,,,
2026-08-05-housing-auto-7ef549,"혼자 사는 직장인, 새집 인터넷·TV 가입! 통신 3사 vs 알뜰 결합 vs 지역 케이블, 내 돈 아끼는 현명한 선택 가이드",https://honsamnote.co.kr/blog/2026-08-05-housing-auto-7ef549/,housing,주거·계약·이사,인터넷가입; TV가입; 통신비절약; 1인_가구_팁; 주거_꿀팁,1인가구인터넷; 통신3사; 알뜰폰결합; 지역케이블; 인터넷가입비교,"혼자 사는 직장인, 새집 인터넷·TV 가입! 통신 3사 vs 알뜰 결합 vs 지역 케이블, 내 돈 아끼는 현명한 선택 가이드 | 혼삶노트","새 집에 이사 온 혼자 사는 직장인이라면 주목! 통신 3사, 알뜰 요금제 결합, 지역 케이블 중 어떤 인터넷·TV 조합이 내게 가장 유리할까요? 불필요한 지출 없이 최적의 서비스를 선택하는 현실적인 가이드를 제공합니다.",비교형,1인가구인터넷,통신3사; 알뜰폰결합; 지역케이블; 인터넷가입비교,낮음,주거·계약·이사 기타,예,예,아니오,2026-07-30-housing-69; 2026-08-01-housing-auto-1c1518; 2026-08-01-housing-auto-bd24e0; 2026-08-04-housing-auto-24e082; 2026-08-04-housing-auto-cbaa3c; 2026-08-07-housing-auto-eb35f1,아니오,유지,1인가구인터넷 비교,혼자 사는 직장인의 인터넷·TV 가입은 **정답이 없습니다.** 하지만 내 라이프스타일과 예산을 정확히 파악하면 당신에게 가장 유리한 선택을 할 수 있습니다.,80,아니오,,,,
2026-08-05-housing-auto-f0090f,"혼자 사는 직장인, 다음 집 어디로 갈까? 퇴근 후 짬 내서 내게 맞는 전월세집 똑똑하게 찾는 순서",https://honsamnote.co.kr/blog/2026-08-05-housing-auto-f0090f/,housing,주거·계약·이사,1인 가구; 전월세; 집 찾기; 이사 준비; 부동산 계약,혼자 사는 집 찾기; 직장인 전월세; 스마트 부동산 검색; 허위 매물 피하기; 집 구하는 노하우,"혼자 사는 직장인, 다음 집 어디로 갈까? 퇴근 후 짬 내서 내게 맞는 전월세집 똑똑하게 찾는 순서 | 혼삶노트",혼자 사는 직장인을 위한 전월세집 찾기 가이드! 바쁜 당신의 시간과 돈을 아끼는 똑똑한 집 찾기 노하우를 공개합니다. 허위 매물 피하고 내게 딱 맞는 집을 고르는 현실적인 순서를 확인하세요.,질문형,혼자 사는 집 찾기,직장인 전월세; 스마트 부동산 검색; 허위 매물 피하기; 집 구하는 노하우,낮음,이사 준비,예,예,아니오,2026-07-30-housing-42; 2026-08-07-housing-auto-0bc6a2; 2026-07-30-housing-45; 2026-08-01-housing-auto-e11fd3; 2026-08-06-housing-auto-1870eb; 2026-08-06-housing-auto-1a9827,아니오,유지,혼자 사는 집 찾기 알아보기,"혼자 사는 직장인이 퇴근 후 효율적으로 전월세집을 찾으려면, **가장 먼저 ‘타협 불가능한 조건’과 ‘최대 예산’을 명확히 설정**하고, **온라인 부동산 플랫폼의 필터 기능을 최대한 활용하여 1차적으로 매물을 압축**해야 합니다.",80,예,,,,
2026-08-05-safety-auto-4e7f26,"혼자 사는 당신, 콘센트에서 타는 냄새나 스파크가 튈 때: 감전과 화재 위험 없이 안전하게 대처하는 법",https://honsamnote.co.kr/blog/2026-08-05-safety-auto-4e7f26/,safety,안전·응급상황,안전; 응급상황; 전기안전; 화재예방; 1인 가구,콘센트 스파크; 콘센트 타는 냄새; 전기 화재; 전기 안전; 두꺼비집; 전기 누전,"혼자 사는 당신, 콘센트에서 타는 냄새나 스파크가 튈 때: 감전과 화재 위험 없이 안전하게 대처하는 법 | 혼삶노트","혼자 사는 집, 콘센트에서 갑자기 타는 냄새나 스파크가 튀어 당황하셨나요? 감전과 화재 위험으로부터 나를 지키는 가장 빠르고 안전한 대처법을 알려드립니다. 패닉 대신 현실적인 해결책으로 안전을 확보하세요.",방법형,콘센트 스파크,콘센트 타는 냄새; 전기 화재; 전기 안전; 두꺼비집; 전기 누전,낮음,화재 예방,예,예,아니오,2026-08-09-safety-auto-14bba7; 2026-08-06-safety-auto-669f80; 2026-08-07-safety-auto-5a549d; 2026-08-08-safety-auto-be207d; 2026-07-30-safety-37; 2026-07-30-safety-40,아니오,유지,콘센트 스파크 방법,"콘센트에서 타는 냄새나 스파크를 발견했다면 **즉시 해당 콘센트에 연결된 모든 전원을 차단하고, 절대로 맨손으로 만지지 마세요.** 가장 빠르고 안전한 방법은 집안 전체의 **메인 차단기를 내려 전기를 완전히 끊은 후, 전문가에게 연락하여 점검받는 것**입니다.",80,아니오,,,,
2026-08-06-cleaning-auto-467d7f,"혼자 사는 당신, 찌든 때와의 전쟁 언제까지? 전동 청소솔 vs 손 청소, 현명한 선택 기준",https://honsamnote.co.kr/blog/2026-08-06-cleaning-auto-467d7f/,cleaning,청소·세탁·집안일,전동 청소솔; 찌든 때 청소; 욕실 청소; 주방 청소; 1인 가구 청소,전동청소솔; 손청소도구; 집안일 시간 절약; 청소 효율; 욕실 곰팡이; 싱크대 기름때,"혼자 사는 당신, 찌든 때와의 전쟁 언제까지? 전동 청소솔 vs 손 청소, 현명한 선택 기준 | 혼삶노트",팔 아픈 찌든 때 청소는 이제 그만! 전동 청소솔과 손 청소 도구 중 당신의 시간과 체력을 최적화할 솔루션을 찾아드립니다. 1인 가구를 위한 현실적인 비교 가이드.,질문형,전동청소솔,손청소도구; 집안일 시간 절약; 청소 효율; 욕실 곰팡이; 싱크대 기름때,낮음,주방 청소,예,예,아니오,2026-08-07-cleaning-auto-27a7fe; 2026-08-03-cleaning-auto-fd154a; 2026-08-06-cleaning-auto-ec8541; 2026-08-09-cleaning-auto-117267; 2026-07-30-cleaning-31; 2026-08-07-cleaning-auto-cb5dfe,아니오,유지,전동청소솔 알아보기,"팔 아픈 손 청소에서 벗어나, 찌든 때 청소를 좀 더 쉽고 효율적으로 해결하고 싶다면 **'전동 청소솔'**이 좋은 대안이 될 수 있습니다.",80,아니오,,,,
2026-08-06-food-auto-38c543,"혼자 사는 직장인, 냉장고 문 열 때마다 스멀스멀 올라오는 퀴퀴한 냄새? 식욕도 위생도 살리는 깔끔한 해결법",https://honsamnote.co.kr/blog/2026-08-06-food-auto-38c543/,food,혼밥·식재료 관리,냉장고 냄새; 식재료 관리; 주방 위생; 1인 가구 청소; 혼밥,혼자 사는 직장인 냉장고 냄새; 냉장고 청소; 식재료 보관법; 1인 가구 살림; 주방 관리,"혼자 사는 직장인, 냉장고 문 열 때마다 스멀스멀 올라오는 퀴퀴한 냄새? 식욕도 위생도 살리는 깔끔한 해결법 | 혼삶노트","혼자 사는 직장인의 냉장고 냄새 고민, 식재료 관리부터 청소 루틴까지! 시간과 돈 아끼면서 냉장고 냄새를 완전히 잡고 쾌적한 주방을 만드는 현실적인 노하우를 소개합니다.",질문형,혼자 사는 직장인 냉장고 냄새,냉장고 청소; 식재료 보관법; 1인 가구 살림; 주방 관리,낮음,식재료 보관,예,예,아니오,2026-08-11-food-auto-d47a0f; 2026-08-05-food-auto-c06744; 2026-08-08-food-auto-0ac2e1; 2026-08-11-food-auto-a86ad1; 2026-07-30-food-16; 2026-08-04-food-auto-8d3bfc,아니오,유지,혼자 사는 직장인 냉장고 냄새 알아보기,"냉장고 냄새는 대부분 **""잊힌 식재료""**와 **""잘못된 보관""**에서 시작됩니다.",80,아니오,,,,
2026-08-06-food-auto-585c1b,"퇴근 후 지친 1인 가구 직장인, 간단한 한 끼 요리 도구: 미니 멀티 쿠커 vs. 냄비+프라이팬, 당신의 주방에 더 현명한 선택은?",https://honsamnote.co.kr/blog/2026-08-06-food-auto-585c1b/,food,혼밥·식재료 관리,혼밥; 식재료 관리; 주방용품; 1인 가구; 요리도구,미니멀티쿠커; 전기냄비; 냄비프라이팬; 혼자요리; 간편식,"퇴근 후 지친 1인 가구 직장인, 간단한 한 끼 요리 도구: 미니 멀티 쿠커 vs. 냄비+프라이팬, 당신의 주방에 더 현명한 선택은? | 혼삶노트",혼자 사는 직장인이라면 퇴근 후 간단한 한 끼를 준비하는 것이 여간 번거로운 일이 아닙니다. 미니 멀티 쿠커와 냄비+프라이팬 중 당신의 라이프스타일에 맞는 최적의 주방 도구를 찾아보세요.,질문형,미니멀티쿠커,전기냄비; 냄비프라이팬; 혼자요리; 간편식,낮음,혼밥 레시피·식단,예,예,아니오,2026-08-07-food-auto-c3ab2b; 2026-07-30-food-15; 2026-08-09-food-auto-e39c1f; 2026-07-30-food-14; 2026-08-07-food-auto-e08b8c; 2026-07-29-food-9,아니오,유지,미니멀티쿠커 알아보기,"혼자 사는 직장인의 간단한 한 끼 요리를 위한 도구 선택은 결국 '자주 해 먹는 요리의 종류', '주방 공간', '설거지 감당 능력', '예산'에 따라 달라집니다.",80,아니오,,,,
2026-08-06-food-auto-c5562a,"1인 가구 직장인, 달걀 한 판 앞에서 망설일 때: 신선도 낭비 없이 끝까지 알뜰하게 즐기는 구매부터 보관, 활용법",https://honsamnote.co.kr/blog/2026-08-06-food-auto-c5562a/,food,혼밥·식재료 관리,혼밥; 식재료관리; 달걀보관; 1인가구팁; 식비절약,1인 가구 달걀; 달걀 보관법; 달걀 유통기한; 혼자 사는 식재료; 달걀 신선도,"1인 가구 직장인, 달걀 한 판 앞에서 망설일 때: 신선도 낭비 없이 끝까지 알뜰하게 즐기는 구매부터 보관, 활용법 | 혼삶노트","혼자 사는 직장인이라면 냉장고 필수템인 달걀, 10개 묶음 앞에서의 고민은 이제 그만! 신선도 낭비 없이 끝까지 안전하고 맛있게 먹는 현실적인 구매, 보관, 활용 노하우를 알려드립니다.",문제해결형,1인 가구 달걀,달걀 보관법; 달걀 유통기한; 혼자 사는 식재료; 달걀 신선도,낮음,식재료 보관,예,예,아니오,2026-08-04-food-auto-8d3bfc; 2026-08-13-food-auto-4b3fa7; 2026-08-08-food-auto-cfd186; 2026-08-14-food-auto-950e9e; 2026-08-05-food-auto-c06744; 2026-08-06-food-auto-38c543,아니오,유지,1인 가구 달걀 해결 방법,"혼자 산다고 무조건 소량 팩 달걀을 고집하거나, 저렴하다고 무턱대고 대용량 팩을 사는 것은 당신의 시간과 돈을 낭비하는 지름길입니다.",80,아니오,,,,
2026-08-06-housing-auto-1870eb,"혼자 사는 직장인, 새 집 어디로 갈까? 빌라 vs 오피스텔 vs 아파트, 시간과 돈 아끼는 현명한 선택 가이드",https://honsamnote.co.kr/blog/2026-08-06-housing-auto-1870eb/,housing,주거·계약·이사,1인 가구; 주거; 계약; 이사; 전월세; 빌라; 오피스텔; 아파트; 주택 선택,혼자 사는 집; 1인 가구 주거; 빌라 오피스텔 아파트 비교; 직장인 전월세; 주택 선택 가이드; 관리비 비교; 전월세 보증금,"혼자 사는 직장인, 새 집 어디로 갈까? 빌라 vs 오피스텔 vs 아파트, 시간과 돈 아끼는 현명한 선택 가이드 | 혼삶노트","혼자 살면서 이사 고민하는 직장인이라면 필독! 빌라, 오피스텔, 아파트 중 내 라이프스타일에 딱 맞는 집을 현명하게 고르는 기준과 팁을 알려드립니다.",질문형,혼자 사는 집,1인 가구 주거; 빌라 오피스텔 아파트 비교; 직장인 전월세; 주택 선택 가이드; 관리비 비교; 전월세 보증금,낮음,보증금,예,예,아니오,2026-08-03-housing-auto-5b4f05; 2026-08-06-housing-auto-36b1cd; 2026-08-03-housing-auto-e4e5c4; 2026-08-08-housing-auto-4e32dc; 2026-08-06-housing-auto-849c13; 2026-08-01-housing-auto-ace922,아니오,유지,혼자 사는 집 알아보기,"에게 최적의 집은 라이프스타일, 예산, 그리고 중요하게 생각하는 가치(안전, 편리함, 주차, 관리비 등)에 따라 명확히 달라집니다.",80,예,,,,
2026-08-06-housing-auto-1a9827,"혼자 사는 직장인, 급하게 작은 짐 옮길 때? 카셰어링 탑차 vs 용달 서비스, 내 돈 아끼는 현명한 선택은?",https://honsamnote.co.kr/blog/2026-08-06-housing-auto-1a9827/,housing,주거·계약·이사,이사; 1인 가구; 생활 최적화; 비용 절약; 주거; 카셰어링; 용달,1인 가구 이사; 작은 짐 운반; 카셰어링 탑차; 용달 서비스 비교; 이사 비용 절약; 혼자 짐 옮기기,"혼자 사는 직장인, 급하게 작은 짐 옮길 때? 카셰어링 탑차 vs 용달 서비스, 내 돈 아끼는 현명한 선택은? | 혼삶노트","혼자 사는 직장인이 인터넷으로 산 조립 가구, 중고거래 물품처럼 애매한 양의 짐을 옮겨야 할 때, 카셰어링 탑차와 용달 서비스 중 어떤 것이 현명한 선택일까요? 내 상황에 맞는 최적의 비용 절약 팁을 알려드립니다.",질문형,1인 가구 이사,작은 짐 운반; 카셰어링 탑차; 용달 서비스 비교; 이사 비용 절약; 혼자 짐 옮기기,낮음,이사 준비,예,예,아니오,2026-08-09-housing-auto-da13ec; 2026-08-08-housing-auto-8b0461; 2026-08-01-housing-auto-e11fd3; 2026-07-30-housing-45; 2026-08-01-housing-auto-e6f8ea; 2026-07-30-housing-42,아니오,유지,1인 가구 이사 알아보기,"혼자 사는 직장인이 급하게 작은 짐을 옮겨야 할 때는 **짐의 양과 크기, 운전 가능 여부, 이동 거리에 따라 카셰어링 탑차(밴)와 용달 서비스 중 유리한 선택이 달라집니다.** 운전에 익숙하고 옮길 짐이 적으며, 이동 거리가 짧다면 카셰어링 탑차가 시간과 비용 면에서 효율적…",80,예,,,,
2026-08-06-housing-auto-849c13,"혼자 사는 직장인, 내 공간 꾸미고 싶은데 벽 손상 걱정될 때? 못 vs 무타공 인테리어, 현명하게 결정하는 법",https://honsamnote.co.kr/blog/2026-08-06-housing-auto-849c13/,housing,주거·계약·이사,1인 가구; 주거; 인테리어; 계약; 보증금; 생활 최적화,1인 가구 인테리어; 무타공 인테리어; 벽 못 박기; 전월세 인테리어; 보증금 지키기; 셀프 인테리어,"혼자 사는 직장인, 내 공간 꾸미고 싶은데 벽 손상 걱정될 때? 못 vs 무타공 인테리어, 현명하게 결정하는 법 | 혼삶노트","혼자 사는 직장인이라면 벽에 못 박는 것과 무타공 인테리어 중 고민될 때가 많죠. 집주인과의 분쟁 없이, 내 보증금 지키면서도 센스 있는 나만의 공간을 만드는 현실적인 판단 기준과 방법을 알려드립니다.",질문형,1인 가구 인테리어,무타공 인테리어; 벽 못 박기; 전월세 인테리어; 보증금 지키기; 셀프 인테리어,낮음,보증금,예,예,아니오,2026-08-08-housing-auto-4e32dc; 2026-08-03-housing-auto-5b4f05; 2026-08-03-housing-auto-e4e5c4; 2026-08-06-housing-auto-1870eb; 2026-08-06-housing-auto-36b1cd; 2026-08-08-housing-auto-d2c1ed,아니오,유지,1인 가구 인테리어 알아보기,"집에 못을 박을지, 무타공(타공 없이) 인테리어를 할지 고민된다면, **설치할 물건의 무게와 영구성을 최우선으로 고려하고, 사전에 계약서와 집주인의 의견을 확인하는 것이 핵심입니다.** 가볍고 일시적인 물건이라면 무타공을, 무겁고 안정적인 설치가 필요하다면 집주인 동의하에 못…",80,예,,,,
2026-08-06-lifestyle-auto-2e08db,"혼자 사는 직장인, 평일 연차나 공휴일에 생활 리듬이 무너진다면? 나만의 '갓생 휴일' 루틴으로 재정비하는 현실 가이드",https://honsamnote.co.kr/blog/2026-08-06-lifestyle-auto-2e08db/,lifestyle,관계·고립·생활 리듬,1인 가구; 직장인; 생활 리듬; 휴일; 연차; 자기 관리,혼자 사는 직장인; 생활 리듬 붕괴; 평일 연차; 공휴일; 갓생 휴일; 휴일 루틴,"혼자 사는 직장인, 평일 연차나 공휴일에 생활 리듬이 무너진다면? 나만의 '갓생 휴일' 루틴으로 재정비하는 현실 가이드 | 혼삶노트","혼자 사는 직장인의 평일 연차, 공휴일 생활 리듬 붕괴를 막고, 나른한 하루를 활기찬 '갓생 휴일'로 만드는 현실적인 루틴 가이드입니다.",질문형,혼자 사는 직장인,생활 리듬 붕괴; 평일 연차; 공휴일; 갓생 휴일; 휴일 루틴,낮음,생활리듬·시간관리,예,예,아니오,2026-07-30-lifestyle-60; 2026-08-11-lifestyle-auto-90d3e2; 2026-08-04-lifestyle-auto-8920c5; 2026-08-04-lifestyle-auto-dabdf3; 2026-08-08-lifestyle-auto-dd0e67; 2026-08-06-lifestyle-auto-7d8463,아니오,유지,혼자 사는 직장인 알아보기,"혼자 사는 직장인의 평일 연차나 공휴일이 '나른함'을 넘어 '무기력함'으로 이어지는 것을 막으려면, **'유연하지만 의도적인 루틴'을 계획해야 합니다.** 완벽한 생산성을 목표로 하기보다는, 몸과 마음의 재충전과 함께 작은 성취감을 통해 일상으로의 복귀를 원활하게 하는 것이…",80,아니오,,,,
2026-08-06-safety-auto-3d7ecc,"혼자 사는 당신, 퇴근 후 현관문이 훼손되었거나 집안이 어수선할 때: 빈집털이 침입 의심 시 안전하게 대처하는 최우선 행동 수칙",https://honsamnote.co.kr/blog/2026-08-06-safety-auto-3d7ecc/,safety,안전·응급상황,안전; 응급상황; 빈집털이; 침입; 112신고; 현관문; 보안,1인 가구 안전; 빈집털이 대처; 집 침입 의심; 현관문 훼손; 경찰 신고; 도어락 교체,"혼자 사는 당신, 퇴근 후 현관문이 훼손되었거나 집안이 어수선할 때: 빈집털이 침입 의심 시 안전하게 대처하는 최우선 행동 수칙 | 혼삶노트",퇴근 후 집에 도착했는데 현관문 훼손이나 어수선한 집안 상태를 발견했다면? 혼자 사는 당신을 위한 빈집털이 침입 의심 시 안전하고 침착하게 대처하는 현실적인 방법을 안내합니다.,문제해결형,1인 가구 안전,빈집털이 대처; 집 침입 의심; 현관문 훼손; 경찰 신고; 도어락 교체,낮음,도어락·보안,예,예,예,2026-08-14-safety-auto-f47696; 2026-08-09-safety-auto-eb5e4c; 2026-08-07-safety-auto-eecdaa; 2026-07-30-safety-34; 2026-07-30-safety-41; 2026-08-01-safety-auto-0466e2,아니오,유지,1인 가구 안전 해결 방법,"가장 중요한 첫 번째 행동은 **절대 집 안으로 들어가지 않는 것입니다.** 현관문이 훼손되었거나 집안이 어수선해 침입이 의심된다면, 즉시 문을 닫고 안전한 곳(이웃집, 주변 상가 등)으로 대피한 뒤 지체 없이 **112에 신고하세요.** 혼자 상황을 확인하려 들지 말고, 자…",80,아니오,,,,
2026-08-06-safety-auto-669f80,"혼자 사는 당신, 예기치 못한 사고에 재산 보호는? 일반 주택화재보험 vs. 1인 가구 맞춤 종합보험, 어떤 보험이 나에게 유리할까?",https://honsamnote.co.kr/blog/2026-08-06-safety-auto-669f80/,safety,안전·응급상황,안전; 응급상황; 재산보호; 보험; 1인 가구; 주택화재보험; 종합보험,1인 가구 보험; 주택 보험; 화재 보험; 전세 보험; 월세 보험; 재산 보호; 배상 책임; 혼자 살 때 보험,"혼자 사는 당신, 예기치 못한 사고에 재산 보호는? 일반 주택화재보험 vs. 1인 가구 맞춤 종합보험, 어떤 보험이 나에게 유리할까? | 혼삶노트","혼자 사는 당신에게 주택 관련 보험은 선택이 아닌 필수입니다. 일반 주택화재보험과 1인 가구 맞춤 종합보험의 장단점을 비교하고, 내 상황에 맞는 최적의 보험을 선택하는 현실적인 가이드를 알려드립니다.",질문형,1인 가구 보험,주택 보험; 화재 보험; 전세 보험; 월세 보험; 재산 보호; 배상 책임; 혼자 살 때 보험,낮음,화재 예방,예,예,예,2026-08-07-safety-auto-5a549d; 2026-08-05-safety-auto-4e7f26; 2026-08-08-safety-auto-be207d; 2026-07-30-safety-37; 2026-07-30-safety-40; 2026-08-03-safety-auto-7bde55,아니오,유지,1인 가구 보험 알아보기,혼자 살더라도 주택 관련 보험은 선택이 아닌 필수입니다.,80,아니오,,,,
2026-08-07-cleaning-auto-27a7fe,"혼자 사는 당신, 매일 쓰는 주방 행주 위생 고민? 일회용 행주 vs. 재사용 행주, 현명한 선택 기준",https://honsamnote.co.kr/blog/2026-08-07-cleaning-auto-27a7fe/,cleaning,청소·세탁·집안일,1인 가구 청소; 주방 청소; 행주 관리; 살림 꿀팁; 위생 관리,1인 가구 행주; 일회용 행주; 재사용 행주; 주방 위생; 청소 효율,"혼자 사는 당신, 매일 쓰는 주방 행주 위생 고민? 일회용 행주 vs. 재사용 행주, 현명한 선택 기준 | 혼삶노트","매일 닦는 주방 행주, 찝찝해도 그냥 쓸까? 아니면 귀찮아도 일회용으로 갈아탈까? 혼자 사는 직장인의 라이프스타일에 딱 맞는 주방 행주 선택 가이드를 제시합니다.",질문형,1인 가구 행주,일회용 행주; 재사용 행주; 주방 위생; 청소 효율,낮음,주방 청소,예,예,아니오,2026-08-06-cleaning-auto-467d7f; 2026-08-03-cleaning-auto-fd154a; 2026-08-06-cleaning-auto-ec8541; 2026-08-07-cleaning-auto-cb5dfe; 2026-07-30-cleaning-31; 2026-08-08-cleaning-auto-176b73,아니오,유지,1인 가구 행주 알아보기,혼자 사는 직장인에게 '정답 행주'란 없습니다.,80,아니오,,,,
2026-08-07-cleaning-auto-cb5dfe,"혼자 사는 당신, 오븐 속 끈적한 기름때와 탄 자국? 퇴근 후 30분, 새것처럼 되돌리는 초간단 청소법",https://honsamnote.co.kr/blog/2026-08-07-cleaning-auto-cb5dfe/,cleaning,청소·세탁·집안일,1인 가구 청소; 오븐 청소; 에어프라이어 청소; 기름때 제거; 살림 꿀팁,혼자 사는 오븐 청소; 오븐 찌든 때; 에어프라이어 청소법; 간편 청소; 주방 청소,"혼자 사는 당신, 오븐 속 끈적한 기름때와 탄 자국? 퇴근 후 30분, 새것처럼 되돌리는 초간단 청소법 | 혼삶노트","혼자 사는 당신의 오븐, 묵은 기름때와 탄 자국으로 지저분하다면? 퇴근 후 딱 30분만 투자하세요. 베이킹소다와 식초로 오븐 찌든 때를 새것처럼 지우고, 불쾌한 냄새까지 잡는 초간단 청소 꿀팁을 소개합니다.",질문형,혼자 사는 오븐 청소,오븐 찌든 때; 에어프라이어 청소법; 간편 청소; 주방 청소,낮음,주방 청소,예,예,예,2026-08-08-cleaning-auto-4d4ce4; 2026-08-06-cleaning-auto-ec8541; 2026-08-07-cleaning-auto-27a7fe; 2026-07-30-cleaning-31; 2026-08-03-cleaning-auto-fd154a; 2026-08-06-cleaning-auto-467d7f,아니오,유지,혼자 사는 오븐 청소 알아보기,오븐이나 에어프라이어 속 끈적한 기름때와 탄 자국은 **베이킹소다,80,아니오,,,,
2026-08-07-food-auto-18079e,"혼자 사는 직장인, 퇴근 후 저녁 메뉴 고민될 때: 요리 vs. 배달 vs. 간편식, 당신의 피로도와 지갑을 위한 최적의 선택 가이드",https://honsamnote.co.kr/blog/2026-08-07-food-auto-18079e/,food,혼밥·식재료 관리,혼밥; 식재료관리; 저녁메뉴; 1인직장인; 시간절약; 돈절약,1인 가구 저녁; 직장인 저녁 메뉴; 혼밥 메뉴 고민; 요리할까 배달시킬까; 간편식 선택 기준; 퇴근 후 식사,"혼자 사는 직장인, 퇴근 후 저녁 메뉴 고민될 때: 요리 vs. 배달 vs. 간편식, 당신의 피로도와 지갑을 위한 최적의 선택 가이드 | 혼삶노트","퇴근 후 매일 저녁 메뉴를 고민하는 1인 가구를 위한 현실적인 선택 가이드. 피로도, 시간, 예산을 기준으로 요리, 배달, 간편식 중 최적의 솔루션을 찾아보세요.",비교형,1인 가구 저녁,직장인 저녁 메뉴; 혼밥 메뉴 고민; 요리할까 배달시킬까; 간편식 선택 기준; 퇴근 후 식사,낮음,혼밥 레시피·식단,예,예,아니오,2026-07-29-food-9; 2026-08-07-food-auto-e08b8c; 2026-08-14-food-auto-78155f; 2026-07-30-food-14; 2026-07-30-food-15; 2026-08-06-food-auto-585c1b,아니오,유지,1인 가구 저녁 비교,매일 저녁 메뉴를 현명하게 결정하기 위한 정답은 하나가 아닙니다.,80,아니오,,,,
2026-08-07-food-auto-c3ab2b,"혼자 사는 직장인, 냉동 간편식·어제 반찬 데울 때: 에어프라이어 vs. 전자레인지, 당신의 최적 선택 가이드",https://honsamnote.co.kr/blog/2026-08-07-food-auto-c3ab2b/,food,혼밥·식재료 관리,혼밥; 식재료 관리; 간편식; 주방가전; 에어프라이어; 전자레인지; 시간 절약; 살림 효율화,1인 가구; 직장인; 냉동식품; 간편식; 데우기; 에어프라이어; 전자레인지 비교; 주방 효율화; 혼밥 가전,"혼자 사는 직장인, 냉동 간편식·어제 반찬 데울 때: 에어프라이어 vs. 전자레인지, 당신의 최적 선택 가이드 | 혼삶노트","빠르고 촉촉하게? 바삭하고 노릇하게? 1인 가구의 냉동 간편식과 남은 반찬을 가장 효율적이고 맛있게 데울 수 있는 에어프라이어와 전자레인지 중 당신에게 더 맞는 가전은 무엇일까요? 시간, 맛, 청소, 공간까지 현실적으로 따져보고 현명하게 선택하는 법을 알려드립니다.",비교형,1인 가구,직장인; 냉동식품; 간편식; 데우기; 에어프라이어; 전자레인지 비교; 주방 효율화; 혼밥 가전,낮음,혼밥 레시피·식단,예,예,아니오,2026-08-06-food-auto-585c1b; 2026-07-30-food-15; 2026-08-07-food-auto-e08b8c; 2026-08-09-food-auto-e39c1f; 2026-08-10-food-auto-0b9c15; 2026-08-14-food-auto-78155f,아니오,유지,1인 가구 비교,"결론부터 말씀드리면, **빠르고 촉촉한 데우기가 우선이라면 전자레인지**가, **바삭하고 노릇한 식감을 포기할 수 없다면 에어프라이어**가 당신의 최적 선택입니다.",80,아니오,,,,
2026-08-07-food-auto-e08b8c,"바쁜 1인 가구 직장인, 매일 요리 VS 냉동 간편식: 시간과 건강, 지갑까지 잡는 최적의 한 끼 가이드",https://honsamnote.co.kr/blog/2026-08-07-food-auto-e08b8c/,food,혼밥·식재료 관리,혼밥; 식재료관리; 1인 가구; 간편식; 요리초보,1인 가구 식사; 냉동 간편식; 집밥; 시간 절약 요리; 식비 관리,"바쁜 1인 가구 직장인, 매일 요리 VS 냉동 간편식: 시간과 건강, 지갑까지 잡는 최적의 한 끼 가이드 | 혼삶노트","퇴근 후 지친 당신, 매일 직접 요리할지 냉동 간편식으로 때울지 고민인가요? 시간, 돈, 건강을 모두 잡는 1인 가구 맞춤형 한 끼 선택 전략을 제시합니다.",문제해결형,1인 가구 식사,냉동 간편식; 집밥; 시간 절약 요리; 식비 관리,낮음,혼밥 레시피·식단,예,예,아니오,2026-07-30-food-14; 2026-08-14-food-auto-78155f; 2026-07-29-food-9; 2026-07-30-food-15; 2026-08-06-food-auto-585c1b; 2026-08-07-food-auto-18079e,아니오,유지,1인 가구 식사 해결 방법,혼자 사는 직장인에게 '매일 요리'와 '냉동 간편식' 중 어느 하나가 절대적인 정답이라고 할 수는 없습니다.,80,아니오,,,,
2026-08-07-housing-auto-0bc6a2,"혼자 사는 직장인, 좁은 집 짐 처치 곤란? 셀프 스토리지 vs 비우기, 내 돈 아끼는 현명한 선택 가이드",https://honsamnote.co.kr/blog/2026-08-07-housing-auto-0bc6a2/,housing,주거·계약·이사,1인 가구; 주거 최적화; 짐 정리; 셀프 스토리지; 미니멀 라이프; 이사 준비; 생활비 절약,1인 가구 짐 정리; 셀프 스토리지 비용; 쉐어창고; 짐 보관; 대형 폐기물 처리; 미니멀리즘; 혼자 살기,"혼자 사는 직장인, 좁은 집 짐 처치 곤란? 셀프 스토리지 vs 비우기, 내 돈 아끼는 현명한 선택 가이드 | 혼삶노트","혼자 사는 직장인이 좁은 집의 넘치는 짐 때문에 고민이라면? 고가의 짐이나 추억이 담긴 물건을 보관해야 할지, 아니면 과감히 비워내야 할지 현명하게 결정할 수 있도록 셀프 스토리지와 비우기의 장단점, 비용, 시간을 비교 분석합니다.",질문형,1인 가구 짐 정리,셀프 스토리지 비용; 쉐어창고; 짐 보관; 대형 폐기물 처리; 미니멀리즘; 혼자 살기,낮음,이사 준비,예,예,아니오,2026-07-30-housing-42; 2026-08-05-housing-auto-f0090f; 2026-07-30-housing-45; 2026-08-01-housing-auto-e11fd3; 2026-08-01-housing-auto-e6f8ea; 2026-08-06-housing-auto-1a9827,아니오,유지,1인 가구 짐 정리 알아보기,혼자 사는 직장인의 넘치는 짐 문제는 크게 **'셀프 스토리지(쉐어창고)에 보관하기'**와 **'비우고 정리하기(처분하기)'** 두 가지 선택지로 압축됩니다.,80,예,,,,
2026-08-07-housing-auto-baa8f0,"혼자 사는 직장인, 습한 내 방에 곰팡이가 피었다면? 덮어두지 말고 원인 찾아 건강 지키는 현실 해결책",https://honsamnote.co.kr/blog/2026-08-07-housing-auto-baa8f0/,housing,주거·계약·이사,곰팡이; 주거문제; 건강; 보증금; 집주인,1인 가구 곰팡이; 원룸 곰팡이; 곰팡이 제거; 집주인 곰팡이 책임; 습기 관리,"혼자 사는 직장인, 습한 내 방에 곰팡이가 피었다면? 덮어두지 말고 원인 찾아 건강 지키는 현실 해결책 | 혼삶노트","혼자 사는 직장인에게 곰팡이는 건강과 보증금까지 위협하는 골칫덩이입니다. 곰팡이 발생 시 원인을 파악하고, 집주인과 현명하게 대처하여 시간과 돈을 아끼는 현실적인 해결법을 알려드립니다.",질문형,1인 가구 곰팡이,원룸 곰팡이; 곰팡이 제거; 집주인 곰팡이 책임; 습기 관리,낮음,보증금,예,예,아니오,2026-08-03-housing-auto-5b4f05; 2026-08-03-housing-auto-e4e5c4; 2026-08-06-housing-auto-36b1cd; 2026-08-06-housing-auto-849c13; 2026-08-08-housing-auto-4e32dc; 2026-08-08-housing-auto-d2c1ed,아니오,유지,1인 가구 곰팡이 알아보기,"곰팡이를 발견했다면 즉시 환기를 시작하고, 상황을 사진이나 영상으로 기록하세요.",80,예,,,,
2026-08-07-housing-auto-e33294,"혼자 사는 직장인, 입주 며칠 만에 새 집에서 누수 발견! 당황 말고 수리비 책임 따지고 해결하는 법",https://honsamnote.co.kr/blog/2026-08-07-housing-auto-e33294/,housing,주거·계약·이사,1인 가구; 주거 문제; 전월세 계약; 입주 하자; 시설 결함; 누수,1인 가구; 입주 하자; 전월세 계약; 시설 결함; 수리비 책임; 누수; 집주인 연락,"혼자 사는 직장인, 입주 며칠 만에 새 집에서 누수 발견! 당황 말고 수리비 책임 따지고 해결하는 법 | 혼삶노트",새 집에 막 입주했는데 누수나 예상치 못한 시설 결함을 발견했다면? 혼자 사는 직장인을 위한 하자 처리 가이드로 수리비 책임 따지고 현명하게 해결하세요.,방법형,1인 가구,입주 하자; 전월세 계약; 시설 결함; 수리비 책임; 누수; 집주인 연락,낮음,전월세 계약,예,예,아니오,2026-08-01-housing-auto-ace922; 2026-08-11-housing-auto-a2f088; 2026-08-01-housing-auto-ecfb76; 2026-08-03-housing-auto-f53851; 2026-08-06-housing-auto-9d6fe3; 2026-07-30-housing-46,아니오,유지,1인 가구 방법,"새 집 입주 후 예상치 못한 시설 결함을 발견했다면, 절대 혼자서 끙끙 앓거나 임의로 수리하지 마세요.",80,아니오,,,,
2026-08-07-housing-auto-eb35f1,"혼자 사는 직장인, 우리 집 소소한 고장! 매번 사람 부를까, 직접 고쳐볼까? DIY vs. 출장 수리, 내 돈 아끼는 현명한 선택 가이드",https://honsamnote.co.kr/blog/2026-08-07-housing-auto-eb35f1/,housing,주거·계약·이사,1인 가구; 주거; 수리; DIY; 생활 팁; 생활비 절약,혼자 살기; 집 고장; 자가 수리; 출장 수리; 생활 최적화; 집안일,"혼자 사는 직장인, 우리 집 소소한 고장! 매번 사람 부를까, 직접 고쳐볼까? DIY vs. 출장 수리, 내 돈 아끼는 현명한 선택 가이드 | 혼삶노트","혼자 사는 직장인이 겪는 사소한 집 고장 문제. 출장 수리 부르자니 비싸고, 직접 하자니 막막할 때. DIY와 출장 서비스 중 나에게 딱 맞는 현명한 선택 기준과 절차를 알려드립니다.",질문형,혼자 살기,집 고장; 자가 수리; 출장 수리; 생활 최적화; 집안일,낮음,주거·계약·이사 기타,예,예,아니오,2026-08-01-housing-auto-bd24e0; 2026-08-09-housing-auto-1e381e; 2026-08-11-housing-auto-2bfaff; 2026-08-13-housing-auto-5aa38a; 2026-07-30-housing-69; 2026-08-04-housing-auto-24e082,아니오,유지,혼자 살기 알아보기,"혼자 사는 직장인의 소소한 집 고장은 ‘문제의 종류와 심각성’, ‘나의 시간과 돈, 그리고 기술적 여유’에 따라 DIY(자가 수리)와 출장 수리 서비스 중 현명하게 선택해야 합니다.",80,예,,,,
2026-08-07-lifestyle-auto-c39ec1,"혼자 사는 직장인, 딱히 할 일 없는 자유 시간에 '무의미한 스크롤링'에 지쳤다면? 만족감 높은 나만의 '틈새 활력' 루틴 만들기",https://honsamnote.co.kr/blog/2026-08-07-lifestyle-auto-c39ec1/,lifestyle,관계·고립·생활 리듬,1인 가구; 직장인; 관계고립생활리듬; 시간관리; 생활습관; 자기계발,1인 가구 시간 낭비; 퇴근 후 무의미한 스크롤링; 혼자 사는 직장인 루틴; 틈새 활력; 만족감 높은 휴식; 스마트폰 중독,"혼자 사는 직장인, 딱히 할 일 없는 자유 시간에 '무의미한 스크롤링'에 지쳤다면? 만족감 높은 나만의 '틈새 활력' 루틴 만들기 | 혼삶노트","혼자 사는 직장인이 퇴근 후나 주말, 무의미한 스마트폰 스크롤링과 시간 낭비에 지쳤을 때, 스스로 만족감을 높이는 작고 현실적인 '틈새 활력' 루틴을 만드는 방법을 알려드립니다.",질문형,1인 가구 시간 낭비,퇴근 후 무의미한 스크롤링; 혼자 사는 직장인 루틴; 틈새 활력; 만족감 높은 휴식; 스마트폰 중독,낮음,생활리듬·시간관리,예,예,아니오,2026-07-30-lifestyle-62; 2026-08-04-lifestyle-auto-8920c5; 2026-08-04-lifestyle-auto-dabdf3; 2026-08-06-lifestyle-auto-2e08db; 2026-08-08-lifestyle-auto-dd0e67; 2026-07-30-lifestyle-60,아니오,유지,1인 가구 시간 낭비 알아보기,지금 당장 폰을 내려놓고 침대에 앉으세요.,80,아니오,,,,
2026-08-07-safety-auto-5a549d,"혼자 사는 당신, 중요한 서류나 귀중품을 안전하게 보관할 때: 방화/방수 금고 vs. 보안 서류함, 나에게 맞는 선택은?",https://honsamnote.co.kr/blog/2026-08-07-safety-auto-5a549d/,safety,안전·응급상황,안전; 응급상황; 재산보호; 1인 가구; 생활팁,1인 가구 안전; 중요 서류 보관; 방화 금고; 방수 금고; 보안 서류함; 귀중품 보관; 도난 방지; 화재 대비,"혼자 사는 당신, 중요한 서류나 귀중품을 안전하게 보관할 때: 방화/방수 금고 vs. 보안 서류함, 나에게 맞는 선택은? | 혼삶노트","혼자 사는 직장인, 중요한 계약서, 비상금, 귀금속 등 가치 있는 물건을 화재와 도난으로부터 어떻게 지킬까요? 방화/방수 금고와 보안 서류함의 장단점을 비교하고, 내게 맞는 안전 보관 솔루션을 선택하는 현실적인 가이드입니다.",질문형,1인 가구 안전,중요 서류 보관; 방화 금고; 방수 금고; 보안 서류함; 귀중품 보관; 도난 방지; 화재 대비,낮음,화재 예방,예,예,아니오,2026-08-08-safety-auto-be207d; 2026-08-06-safety-auto-669f80; 2026-07-30-safety-40; 2026-08-03-safety-auto-7bde55; 2026-08-05-safety-auto-4e7f26; 2026-07-30-safety-34,아니오,유지,1인 가구 안전 알아보기,"이 중요한 서류나 귀중품을 안전하게 보관하고 싶다면, **보관할 물품의 종류와 가치, 그리고 필요한 보호 수준(화재, 방수, 도난)을 명확히 한 뒤, 예산과 설치 공간을 고려하여 '방화/방수 금고' 또는 '가정용 보안 서류함/스마트 보관함' 중 나에게 맞는 것을 선택해야 합니…",80,예,,,,
2026-08-07-safety-auto-6b24c5,"혼자 사는 당신, 새 집 이사 직후 '이것' 안 하면 위험! 도어락 비밀번호와 열쇠 관리 안전 가이드",https://honsamnote.co.kr/blog/2026-08-07-safety-auto-6b24c5/,safety,안전·응급상황,이사; 안전; 현관 보안; 도어락; 열쇠 관리; 1인 가구,1인 가구 이사 안전; 새집 도어락 비밀번호; 이사 후 열쇠 교체; 원룸 안전 점검; 현관 보안 강화; 혼자 사는 집 안전,"혼자 사는 당신, 새 집 이사 직후 '이것' 안 하면 위험! 도어락 비밀번호와 열쇠 관리 안전 가이드 | 혼삶노트",새 집으로 이사 후 도어락 비밀번호 변경과 열쇠 관리를 놓쳤다면? 혼자 사는 당신의 안전을 위협할 수 있습니다. 이사 직후 우리 집 현관 보안을 완벽하게 재설정하는 현실적인 방법을 알려드립니다.,체크형,1인 가구 이사 안전,새집 도어락 비밀번호; 이사 후 열쇠 교체; 원룸 안전 점검; 현관 보안 강화; 혼자 사는 집 안전,낮음,도어락·보안,예,예,예,2026-08-05-safety-auto-9a8ad6; 2026-08-14-safety-auto-f47696; 2026-07-30-safety-35; 2026-08-07-safety-auto-eecdaa; 2026-08-09-safety-auto-eb5e4c; 2026-07-31-safety-72,아니오,유지,1인 가구 이사 안전 체크리스트,"새 집으로 이사했다면, 다른 어떤 일보다",80,예,,,,
2026-08-07-safety-auto-a9b07e,"혼자 사는 당신, 우리 집 말고 다른 곳에서 건물 전체 화재 경보기가 울릴 때: 당황하지 않고 안전하게 상황을 판단하고 대피하는 현실적인 방법",https://honsamnote.co.kr/blog/2026-08-07-safety-auto-a9b07e/,safety,안전·응급상황,화재안전; 건물화재; 비상대피; 1인_가구_안전; 응급상황_대처,건물화재경보기; 화재경보; 비상벨; 대피방법; 혼자_살때_불나면,"혼자 사는 당신, 우리 집 말고 다른 곳에서 건물 전체 화재 경보기가 울릴 때: 당황하지 않고 안전하게 상황을 판단하고 대피하는 현실적인 방법 | 혼삶노트","혼자 사는 집에 갑자기 건물 전체 화재 경보기가 울린다면? 우리 집은 괜찮은 것 같아도 절대 무시하지 마세요. 비상벨 소리 확인부터 안전한 대피 결정까지, 시간과 목숨을 지키는 현실적인 판단 기준과 행동 순서를 알려드립니다.",판단형,건물화재경보기,화재경보; 비상벨; 대피방법; 혼자_살때_불나면,낮음,화재 예방,예,예,아니오,2026-07-30-safety-37; 2026-07-30-safety-40; 2026-08-03-safety-auto-7bde55; 2026-08-04-safety-auto-3547d2; 2026-08-05-safety-auto-4e7f26; 2026-08-06-safety-auto-669f80,아니오,유지,건물화재경보기 기준,"건물 전체 화재 경보기가 울린다면 **절대 무시하지 마세요.** 오작동일 가능성도 있지만, 1인 가구에게 가장 위험한 것은 ‘설마’하는 방심입니다.",80,아니오,,,,
2026-08-07-safety-auto-eecdaa,"혼자 사는 당신, 집에서 응급상황 발생 시 119가 문을 열고 들어올 수 있게 대비할 때: 스마트 도어락 원격 개방 vs. 비상 키박스 공유, 나에게 맞는 선택은?",https://honsamnote.co.kr/blog/2026-08-07-safety-auto-eecdaa/,safety,안전·응급상황,안전; 응급상황; 1인_가구_안전; 도어락; 키박스,119_출동; 혼자_살때_응급상황; 스마트_도어락; 비상_키박스; 구급대원_진입,"혼자 사는 당신, 집에서 응급상황 발생 시 119가 문을 열고 들어올 수 있게 대비할 때: 스마트 도어락 원격 개방 vs. 비상 키박스 공유, 나에게 맞는 선택은? | 혼삶노트","혼자 사는 집에서 응급상황 발생 시, 119 구급대원이 신속하게 집으로 들어올 수 있도록 스마트 도어락 원격 개방 기능과 비상 키박스 공유 방식의 장단점을 비교하고 나에게 맞는 최적의 방법을 찾아보세요.",질문형,119_출동,혼자_살때_응급상황; 스마트_도어락; 비상_키박스; 구급대원_진입,낮음,도어락·보안,예,예,아니오,2026-08-14-safety-auto-f47696; 2026-08-06-safety-auto-3d7ecc; 2026-08-07-safety-auto-6b24c5; 2026-08-09-safety-auto-eb5e4c; 2026-08-01-safety-auto-c574d6; 2026-08-05-safety-auto-9a8ad6,아니오,유지,119_출동 알아보기,"집에서 갑작스러운 응급상황 발생 시, 구급대원이 신속하게 진입할 수 있도록 미리 대비하는 방법은 크게 **스마트 도어락의 원격 개방 또는 임시 비밀번호 기능**을 활용하거나, **비상 키박스를 설치하고 열쇠를 공유하는 방법**이 있습니다.",80,아니오,,,,
2026-08-08-cleaning-auto-176b73,"혼자 사는 당신, 매일 쓰는 밥솥 속 밥풀 찌꺼기와 쿰쿰한 냄새? 15분 만에 새 밥솥처럼 깔끔하게 만드는 현실 솔루션",https://honsamnote.co.kr/blog/2026-08-08-cleaning-auto-176b73/,cleaning,청소·세탁·집안일,밥솥 청소; 1인 가구 청소; 주방 위생; 구연산 청소; 생활 꿀팁,밥솥 냄새; 밥솥 밥맛; 밥솥 관리; 밥솥 청소법; 1인 가구 주방 청소,"혼자 사는 당신, 매일 쓰는 밥솥 속 밥풀 찌꺼기와 쿰쿰한 냄새? 15분 만에 새 밥솥처럼 깔끔하게 만드는 현실 솔루션 | 혼삶노트","혼자 사는 직장인이라면 밥솥 관리, 겉만 닦고 있진 않나요? 밥솥 내부에 쌓이는 찌꺼기와 냄새의 원인을 파악하고, 구연산 활용 등 현실적인 방법으로 밥맛과 위생을 동시에 잡는 초간단 청소법을 알려드립니다.",질문형,밥솥 냄새,밥솥 밥맛; 밥솥 관리; 밥솥 청소법; 1인 가구 주방 청소,낮음,주방 청소,예,예,아니오,2026-07-30-cleaning-31; 2026-08-03-cleaning-auto-fd154a; 2026-08-06-cleaning-auto-ec8541; 2026-08-06-cleaning-auto-467d7f; 2026-08-07-cleaning-auto-27a7fe; 2026-08-07-cleaning-auto-cb5dfe,아니오,유지,밥솥 냄새 알아보기,"밥솥의 밥맛과 위생을 모두 잡으려면 내솥 외에 분리 가능한 모든 부품(내부 뚜껑, 증기 배출구, 고무패킹 등)을 주 1회 이상 분리하여 꼼꼼히 세척하고, 한 달에 한 번은 구연산을 활용한 '자동 세척' 모드를 통해 밥솥 전체를 살균 관리해야 합니다.",80,아니오,,,,
2026-08-08-cleaning-auto-4d4ce4,"혼자 사는 당신, 설거지 후 주방 싱크대에서 스멀스멀 올라오는 하수구 냄새? 끈적한 물때와 더딘 물 빠짐, 20분 만에 싹 잡는 현실 솔루션",https://honsamnote.co.kr/blog/2026-08-08-cleaning-auto-4d4ce4/,cleaning,청소·세탁·집안일,싱크대 청소; 주방 냄새; 배수구 관리; 1인 가구 청소; 생활 팁,싱크대 냄새 제거; 싱크대 물 빠짐; 배수구 냄새; 주방 청소; 1인 가구 싱크대,"혼자 사는 당신, 설거지 후 주방 싱크대에서 스멀스멀 올라오는 하수구 냄새? 끈적한 물때와 더딘 물 빠짐, 20분 만에 싹 잡는 현실 솔루션 | 혼삶노트",혼자 사는 직장인이라면 공감할 주방 싱크대 냄새와 느려진 물 빠짐 문제! 비전문가도 20분 만에 쉽게 해결하고 쾌적한 주방을 유지하는 현실적인 관리법을 알려드립니다.,질문형,싱크대 냄새 제거,싱크대 물 빠짐; 배수구 냄새; 주방 청소; 1인 가구 싱크대,낮음,주방 청소,예,예,아니오,2026-08-07-cleaning-auto-cb5dfe; 2026-07-30-cleaning-31; 2026-08-03-cleaning-auto-fd154a; 2026-08-06-cleaning-auto-467d7f; 2026-08-06-cleaning-auto-ec8541; 2026-08-07-cleaning-auto-27a7fe,아니오,유지,싱크대 냄새 제거 알아보기,"싱크대에서 올라오는 하수구 냄새와 느려진 물 빠짐의 90% 이상은 배수관 내부에 쌓인 음식물 찌꺼기와 기름때, 그리고 그로 인한 세균 번식 때문입니다.",80,아니오,,,,
2026-08-08-cleaning-auto-a279f2,"혼자 사는 당신, 쌓이는 설거지 스트레스! 손 설거지 vs 미니 식기세척기, 현명한 선택 기준",https://honsamnote.co.kr/blog/2026-08-08-cleaning-auto-a279f2/,cleaning,청소·세탁·집안일,1인 가구; 설거지; 미니 식기세척기; 주방 청소; 살림 효율; 시간 절약,1인 가구 설거지; 식기세척기 장단점; 미니 식기세척기 추천; 손 설거지 노하우; 주방 살림 효율,"혼자 사는 당신, 쌓이는 설거지 스트레스! 손 설거지 vs 미니 식기세척기, 현명한 선택 기준 | 혼삶노트","혼자 사는 직장인이라면 공감할 설거지 고민! 매일 직접 할까, 미니 식기세척기를 들일까? 당신의 생활 습관과 주방 환경에 맞춰 최적의 설거지 솔루션을 찾아드립니다.",비교형,1인 가구 설거지,식기세척기 장단점; 미니 식기세척기 추천; 손 설거지 노하우; 주방 살림 효율,낮음,주방 청소,예,예,아니오,2026-08-01-cleaning-auto-edbbf8; 2026-08-10-cleaning-auto-8285cc; 2026-08-03-cleaning-auto-fd154a; 2026-08-06-cleaning-auto-467d7f; 2026-08-06-cleaning-auto-ec8541; 2026-08-07-cleaning-auto-27a7fe,아니오,유지,1인 가구 설거지 비교,"결론부터 말씀드리자면, 미니 식기세척기는 *특정 조건*의 1인 가구에게는 분명 시간과 에너지를 절약해 주는 ""혁명적인 아이템""이 될 수 있습니다.",80,아니오,,,,
2026-08-08-cleaning-auto-c188df,"혼자 사는 당신, 쓰고 남은 기름, 아무렇게나 버렸다간 큰코다쳐요! 폐식용유 깔끔하게 버리고 환경 지키는 현실 가이드",https://honsamnote.co.kr/blog/2026-08-08-cleaning-auto-c188df/,cleaning,청소·세탁·집안일,폐식용유; 기름 처리; 주방 청소; 환경 보호; 1인 가구 살림,폐식용유 버리는 법; 음식물 기름 처리; 싱크대 기름 버리기; 식용유 재활용; 주방 기름때,"혼자 사는 당신, 쓰고 남은 기름, 아무렇게나 버렸다간 큰코다쳐요! 폐식용유 깔끔하게 버리고 환경 지키는 현실 가이드 | 혼삶노트","혼자 사는 당신, 요리 후 남은 폐식용유, 어떻게 처리해야 할지 막막하셨죠? 싱크대에 버리면 환경 오염은 물론 배수구 막힘까지! 시간과 돈 아끼는 현명한 폐식용유 처리법을 알려드립니다.",문제해결형,폐식용유 버리는 법,음식물 기름 처리; 싱크대 기름 버리기; 식용유 재활용; 주방 기름때,낮음,주방 청소,예,예,예,2026-08-03-cleaning-auto-fd154a; 2026-08-06-cleaning-auto-467d7f; 2026-08-06-cleaning-auto-ec8541; 2026-08-07-cleaning-auto-27a7fe; 2026-08-08-cleaning-auto-a279f2; 2026-08-10-cleaning-auto-8285cc,아니오,유지,폐식용유 버리는 법 해결 방법,폐식용유는 절대 싱크대나 변기에 버려서는 안 됩니다.,80,아니오,,,,
2026-08-08-food-auto-0ac2e1,"혼자 사는 직장인, 밥 한 번 하면 너무 많고 매번 하긴 귀찮을 때: 갓 지은 밥처럼 즐기는 현실적인 보관과 활용법",https://honsamnote.co.kr/blog/2026-08-08-food-auto-0ac2e1/,food,혼밥·식재료 관리,혼밥; 식재료 관리; 밥 보관; 냉동밥; 1인 가구 요리,1인 가구 밥; 밥 보관법; 냉동밥 해동; 밥 짓는 주기; 혼밥 최적화,"혼자 사는 직장인, 밥 한 번 하면 너무 많고 매번 하긴 귀찮을 때: 갓 지은 밥처럼 즐기는 현실적인 보관과 활용법 | 혼삶노트","혼자 밥 해 먹는 직장인이라면 공감할 '밥 짓기 딜레마'. 너무 많이 지으면 버리고, 매번 하려니 귀찮죠. 갓 지은 밥처럼 맛있는 밥을 시간과 돈 낭비 없이 즐기는 현실적인 방법을 알려드립니다.",문제해결형,1인 가구 밥,밥 보관법; 냉동밥 해동; 밥 짓는 주기; 혼밥 최적화,낮음,식재료 보관,예,예,예,2026-08-05-food-auto-c06744; 2026-08-06-food-auto-38c543; 2026-08-08-food-auto-476c5f; 2026-08-11-food-auto-a86ad1; 2026-08-11-food-auto-d47a0f; 2026-08-04-food-auto-8d3bfc,아니오,유지,1인 가구 밥 해결 방법,"혼자 사는 직장인의 밥 짓기 딜레마의 가장 현실적이고 효과적인 해결책은 바로 **'적정량의 밥을 한 번에 지어, 갓 지은 뜨거운 상태로 바로 소분해서 급속 냉동한 후 필요할 때마다",80,아니오,,,,
2026-08-08-food-auto-cfd186,"혼자 사는 직장인, 매일 쓰는 식용유: 만능 콩기름 vs. 건강 올리브유, 당신의 요리 스타일과 지갑을 위한 현명한 선택",https://honsamnote.co.kr/blog/2026-08-08-food-auto-cfd186/,food,혼밥·식재료 관리,혼밥; 식재료관리; 식용유; 요리팁; 1인가구,식용유 고르는 법; 혼자 사는 직장인 식용유; 올리브유 카놀라유 차이; 식용유 보관법; 1인가구 식재료,"혼자 사는 직장인, 매일 쓰는 식용유: 만능 콩기름 vs. 건강 올리브유, 당신의 요리 스타일과 지갑을 위한 현명한 선택 | 혼삶노트","혼자 사는 직장인, 매일 쓰는 식용유! 대용량 샀다가 버리거나, 어떤 종류 살지 고민되시죠? 콩기름, 올리브유 등 나에게 맞는 식용유 선택 기준과 보관법을 알려드립니다.",비교형,식용유 고르는 법,혼자 사는 직장인 식용유; 올리브유 카놀라유 차이; 식용유 보관법; 1인가구 식재료,낮음,식재료 보관,예,예,아니오,2026-08-04-food-auto-8d3bfc; 2026-08-06-food-auto-c5562a; 2026-08-13-food-auto-4b3fa7; 2026-08-14-food-auto-950e9e; 2026-08-07-food-auto-f5cf37; 2026-08-05-food-auto-c06744,아니오,유지,식용유 고르는 법 비교,혼자 사는 직장인에게 식용유 선택의 핵심은 **‘주로 하는 요리 스타일’과 ‘소비량에 맞는 적절한 용량 선택’**입니다.,80,아니오,,,,
2026-08-08-housing-auto-4e32dc,"혼자 사는 직장인, 새집 입주 후 예상 못한 숨은 하자 발견! 내 권리 지키며 계약 조정하는 현실 가이드",https://honsamnote.co.kr/blog/2026-08-08-housing-auto-4e32dc/,housing,주거·계약·이사,주거; 계약; 이사; 하자; 보증금; 1인 가구,1인 가구 하자; 새집 하자; 원룸 하자; 오피스텔 하자; 전월세 하자; 하자담보책임; 임대인 수선의무; 계약 분쟁; 보증금 지키기; 직장인 주거,"혼자 사는 직장인, 새집 입주 후 예상 못한 숨은 하자 발견! 내 권리 지키며 계약 조정하는 현실 가이드 | 혼삶노트",새로 이사한 집에 숨겨진 하자를 뒤늦게 발견했나요? 혼자서 당황하지 마세요. 집주인과 현명하게 소통하고 내 돈과 권리를 지키는 현실적인 해결 방법을 알려드립니다.,문제해결형,1인 가구 하자,새집 하자; 원룸 하자; 오피스텔 하자; 전월세 하자; 하자담보책임; 임대인 수선의무; 계약 분쟁; 보증금 지키기; 직장인 주거,낮음,보증금,예,예,아니오,2026-08-06-housing-auto-849c13; 2026-08-03-housing-auto-5b4f05; 2026-08-03-housing-auto-e4e5c4; 2026-08-06-housing-auto-1870eb; 2026-08-06-housing-auto-36b1cd; 2026-08-08-housing-auto-d2c1ed,아니오,유지,1인 가구 하자 해결 방법,"새집에서 예상치 못한 숨은 하자를 발견했다면, 가장 먼저 해야 할 일은 **증거를 최대한 구체적으로 확보하고, 이를 바탕으로 집주인 또는 관리사무소에 즉시 통보**하는 것입니다.",80,예,,,,
2026-08-08-housing-auto-8b0461,"혼자 사는 직장인, 새집 입주 후 당황스러운 전기·가스·수도 명의 변경! 순서대로 해결하고 요금 폭탄 피하는 법",https://honsamnote.co.kr/blog/2026-08-08-housing-auto-8b0461/,housing,주거·계약·이사,이사; 주거; 계약; 공과금; 명의변경; 1인가구,1인 가구 이사; 전기 명의 변경; 가스 명의 변경; 수도 명의 변경; 공과금 정산; 이사 공과금,"혼자 사는 직장인, 새집 입주 후 당황스러운 전기·가스·수도 명의 변경! 순서대로 해결하고 요금 폭탄 피하는 법 | 혼삶노트","혼자 사는 직장인이라면 새집 입주 후 전기, 가스, 수도 명의 변경에 당황하기 쉽습니다. 요금 폭탄 피하고 보증금 문제까지 예방하는 현실적인 해결 순서를 알려드립니다.",비용형,1인 가구 이사,전기 명의 변경; 가스 명의 변경; 수도 명의 변경; 공과금 정산; 이사 공과금,낮음,이사 준비,예,예,아니오,2026-08-06-housing-auto-1a9827; 2026-08-09-housing-auto-da13ec; 2026-08-01-housing-auto-e6f8ea; 2026-08-06-housing-auto-36b1cd; 2026-07-30-housing-45; 2026-08-01-housing-auto-e11fd3,아니오,유지,1인 가구 이사 비용 정리,"새집 입주 후 전기, 가스, 수도 명의 변경은 **이사 당일 또는 늦어도 입주 후 14일 이내**에 처리하는 것이 가장 좋습니다.",80,예,,,,
2026-08-08-housing-auto-fd6c09,"혼자 사는 직장인, 매년 겨울 외풍 때문에 난방비 폭탄 걱정이라면? 문풍지 vs 전문 시공, 내 돈 아끼는 현명한 선택 가이드",https://honsamnote.co.kr/blog/2026-08-08-housing-auto-fd6c09/,housing,주거·계약·이사,주거; 겨울철; 난방비; 외풍차단; 1인가구,1인 가구 외풍 차단; 난방비 절약; 문풍지; 뽁뽁이; 창문 단열필름; 단열 시공; 겨울철 주거 팁,"혼자 사는 직장인, 매년 겨울 외풍 때문에 난방비 폭탄 걱정이라면? 문풍지 vs 전문 시공, 내 돈 아끼는 현명한 선택 가이드 | 혼삶노트","혼자 사는 직장인을 위한 겨울 외풍 차단 가이드. 문풍지, 뽁뽁이 등 DIY 제품부터 전문 시공까지, 난방비 절약과 따뜻한 집을 위한 최적의 선택 기준과 현실적인 팁을 제시합니다.",질문형,1인 가구 외풍 차단,난방비 절약; 문풍지; 뽁뽁이; 창문 단열필름; 단열 시공; 겨울철 주거 팁,낮음,주거·계약·이사 기타,예,예,아니오,2026-08-07-housing-auto-eb35f1; 2026-08-09-housing-auto-1e381e; 2026-08-13-housing-auto-5aa38a; 2026-07-30-housing-69; 2026-08-01-housing-auto-1c1518; 2026-08-01-housing-auto-bd24e0,아니오,유지,1인 가구 외풍 차단 알아보기,겨울철 외풍 차단은 난방비 절약과 쾌적한 주거 환경을 위해 필수적입니다.,80,아니오,,,,
2026-08-08-lifestyle-auto-dd0e67,"혼자 사는 직장인, 퇴근 후 운동 루틴 잡기가 힘들다면? 홈트 앱 vs. 오프라인 그룹 운동, 나에게 맞는 선택 기준",https://honsamnote.co.kr/blog/2026-08-08-lifestyle-auto-dd0e67/,lifestyle,관계·고립·생활 리듬,1인 가구; 직장인; 운동 루틴; 건강 관리; 생활 리듬; 홈트레이닝; 그룹 운동,1인 가구 운동; 혼자 운동; 직장인 운동; 홈트 앱 추천; GX 프로그램; 운동 동기 부여; 생활 리듬,"혼자 사는 직장인, 퇴근 후 운동 루틴 잡기가 힘들다면? 홈트 앱 vs. 오프라인 그룹 운동, 나에게 맞는 선택 기준 | 혼삶노트","혼자 사는 직장인의 운동 고민을 해결합니다. 홈트 앱과 오프라인 그룹 운동의 장단점을 비교하고, 당신의 생활 패턴과 성향에 맞는 최적의 운동 환경을 찾는 현실적인 기준을 제시합니다.",질문형,1인 가구 운동,혼자 운동; 직장인 운동; 홈트 앱 추천; GX 프로그램; 운동 동기 부여; 생활 리듬,낮음,생활리듬·시간관리,예,예,아니오,2026-08-04-lifestyle-auto-8920c5; 2026-08-04-lifestyle-auto-dabdf3; 2026-08-06-lifestyle-auto-2e08db; 2026-07-30-lifestyle-60; 2026-08-06-lifestyle-auto-7d8463; 2026-08-07-lifestyle-auto-c39ec1,아니오,유지,1인 가구 운동 알아보기,혼자 사는 직장인의 운동 루틴을 만드는 핵심은 **'나에게 맞는 동기 부여 방식'**을 찾는 것입니다.,80,아니오,,,,
2026-08-08-safety-auto-be207d,"혼자 사는 당신, 집에서 원인 모를 이상한 냄새가 날 때: 위험 신호인지, 단순한 문제인지 판단하고 안전하게 대처하는 법",https://honsamnote.co.kr/blog/2026-08-08-safety-auto-be207d/,safety,안전·응급상황,안전; 응급상황; 1인 가구; 생활 안전; 냄새; 가스; 화재; 하수구,집 냄새; 원인 모를 냄새; 가스 냄새; 타는 냄새; 하수구 냄새; 1인 가구 안전; 생활 응급,"혼자 사는 당신, 집에서 원인 모를 이상한 냄새가 날 때: 위험 신호인지, 단순한 문제인지 판단하고 안전하게 대처하는 법 | 혼삶노트","혼자 사는 집에서 갑자기 맡게 되는 정체불명의 냄새. 가스, 타는 냄새, 하수구 냄새 등 어떤 냄새라도 당황하지 않고 위험도를 판단해 안전하게 대처하는 현실적인 방법을 알려드립니다.",판단형,집 냄새,원인 모를 냄새; 가스 냄새; 타는 냄새; 하수구 냄새; 1인 가구 안전; 생활 응급,낮음,화재 예방,예,예,예,2026-08-07-safety-auto-5a549d; 2026-08-03-safety-auto-7bde55; 2026-08-05-safety-auto-4e7f26; 2026-08-06-safety-auto-669f80; 2026-08-09-safety-auto-14bba7; 2026-07-30-safety-34,아니오,유지,집 냄새 기준,"집에서 원인 모를 냄새가 날 때는 **냄새의 종류와 강도를 빠르게 파악하고, 일단 창문을 열어 환기 후 냄새가 지속되는지 확인**하는 것이 가장 중요합니다.",80,아니오,,,,
2026-08-09-food-auto-e39c1f,"혼자 사는 직장인, 대용량 닭가슴살 앞에서 망설일 때: 버리지 않고 끝까지 촉촉하게 즐기는 구매부터 보관, 활용법",https://honsamnote.co.kr/blog/2026-08-09-food-auto-e39c1f/,food,혼밥·식재료 관리,1인 가구; 혼밥; 닭가슴살; 식재료 관리; 냉동 보관; 식단 관리,혼자 사는 직장인 닭가슴살; 대용량 닭가슴살 보관; 닭가슴살 해동법; 닭가슴살 활용법; 닭가슴살 냉동; 1인 가구 식단,"혼자 사는 직장인, 대용량 닭가슴살 앞에서 망설일 때: 버리지 않고 끝까지 촉촉하게 즐기는 구매부터 보관, 활용법 | 혼삶노트","혼자 사는 직장인이 대용량 닭가슴살을 낭비 없이 끝까지 맛있게 먹는 현실적인 방법을 알려드립니다. 구매 직후 소분부터 안전한 해동, 질리지 않는 활용 레시피까지, 퍽퍽함 없는 닭가슴살 최적화 가이드를 만나보세요.",문제해결형,혼자 사는 직장인 닭가슴살,대용량 닭가슴살 보관; 닭가슴살 해동법; 닭가슴살 활용법; 닭가슴살 냉동; 1인 가구 식단,낮음,혼밥 레시피·식단,예,예,예,2026-07-30-food-15; 2026-08-06-food-auto-585c1b; 2026-07-29-food-9; 2026-07-30-food-13; 2026-07-30-food-14; 2026-08-07-food-auto-c3ab2b,아니오,유지,혼자 사는 직장인 닭가슴살 해결 방법,대용량 닭가슴살은 의 식단과 지갑을 위한 아주 현명한 선택지가 될 수 있습니다.,80,아니오,,,,
2026-08-09-housing-auto-1e381e,"혼자 사는 직장인, 장기간 집 비울 때? 스마트 기기 vs 지인 vs 관리사무소, 뭘 믿어야 안심될까?",https://honsamnote.co.kr/blog/2026-08-09-housing-auto-1e381e/,housing,주거·계약·이사,주거; 1인 가구; 장기 부재; 집 관리; 보안; 안전,혼자 살 때 집 비우기; 장기 부재 주택 관리; 1인 가구 보안; 스마트 홈 기기; 아파트 관리사무소; 여행 집 관리,"혼자 사는 직장인, 장기간 집 비울 때? 스마트 기기 vs 지인 vs 관리사무소, 뭘 믿어야 안심될까? | 혼삶노트","장기 휴가나 출장으로 집을 비울 때마다 불안한 1인 가구 직장인. 똑똑한 스마트 기기, 든든한 지인, 믿음직한 관리사무소 중 내 상황에 맞는 최적의 집 관리법을 비교하고 스스로 결정할 수 있도록 돕습니다.",질문형,혼자 살 때 집 비우기,장기 부재 주택 관리; 1인 가구 보안; 스마트 홈 기기; 아파트 관리사무소; 여행 집 관리,낮음,주거·계약·이사 기타,예,예,예,2026-08-04-housing-auto-24e082; 2026-08-07-housing-auto-eb35f1; 2026-08-13-housing-auto-5aa38a; 2026-08-11-products-auto-056afc; 2026-07-30-housing-69; 2026-08-01-housing-auto-bd24e0,아니오,유지,혼자 살 때 집 비우기 알아보기,"혼자 사는 직장인이 장기간 집을 비울 때는 **집을 비우는 기간, 우리 집의 보안 환경, 개인 예산, 그리고 지인 관계 등을 종합적으로 고려하여 최적의 방법을 선택하거나 여러 방법을 조합**하는 것이 가장 현실적입니다.",80,아니오,,,,
2026-08-09-lifestyle-auto-12d150,"혼자 사는 직장인, 퇴근 후 아무도 간섭하지 않아 오히려 생활 리듬 잡기 어렵다면? 나만의 '일상 코어 루틴'으로 시간과 에너지를 최적화하는 법",https://honsamnote.co.kr/blog/2026-08-09-lifestyle-auto-12d150/,lifestyle,관계·고립·생활 리듬,1인 가구; 생활 리듬; 직장인 루틴; 시간 관리; 셀프 케어,1인 가구 생활 리듬; 직장인 퇴근 루틴; 혼자 사는 시간 관리; 코어 루틴 만들기; 생활 습관 최적화,"혼자 사는 직장인, 퇴근 후 아무도 간섭하지 않아 오히려 생활 리듬 잡기 어렵다면? 나만의 '일상 코어 루틴'으로 시간과 에너지를 최적화하는 법 | 혼삶노트","혼자 사는 직장인, 퇴근 후 자유 속에 오히려 무너지는 생활 리듬이 고민이라면? 나만의 핵심 코어 루틴을 만들고 유지하며 시간과 에너지를 최적화하는 현실적인 방법을 소개합니다.",질문형,1인 가구 생활 리듬,직장인 퇴근 루틴; 혼자 사는 시간 관리; 코어 루틴 만들기; 생활 습관 최적화,낮음,생활리듬·시간관리,예,예,아니오,2026-08-11-lifestyle-auto-90d3e2; 2026-07-30-lifestyle-60; 2026-07-30-lifestyle-64; 2026-08-04-lifestyle-auto-8920c5; 2026-08-04-lifestyle-auto-dabdf3; 2026-08-06-lifestyle-auto-2e08db,아니오,유지,1인 가구 생활 리듬 알아보기,"혼자 사는 직장인의 무너진 생활 리듬을 다시 세우고 시간과 에너지를 최적화하려면, 자신에게 맞는 ‘일상 코어 루틴’을 만들고 유연하게 적용하는 것이 핵심입니다.",80,아니오,,,,
2026-08-10-cleaning-auto-8285cc,"혼자 사는 당신, 쌓이는 주방 기름때와 정리 안 되는 식료품? 퇴근 후 30분, 깔끔하고 효율적인 수납장 청소 가이드",https://honsamnote.co.kr/blog/2026-08-10-cleaning-auto-8285cc/,cleaning,청소·세탁·집안일,주방 청소; 수납장 정리; 1인 가구; 살림 노하우; 식료품 관리,주방 수납장 청소; 혼자 살림; 기름때 제거; 식료품 정리; 효율적인 주방,"혼자 사는 당신, 쌓이는 주방 기름때와 정리 안 되는 식료품? 퇴근 후 30분, 깔끔하고 효율적인 수납장 청소 가이드 | 혼삶노트","혼자 사는 사람을 위한 주방 수납장 청소 및 정리 현실 가이드. 묵은 기름때 제거부터 효율적인 식료품 수납까지, 30분 투자로 깨끗하고 편리한 주방을 만드세요.",질문형,주방 수납장 청소,혼자 살림; 기름때 제거; 식료품 정리; 효율적인 주방,낮음,주방 청소,예,예,아니오,2026-08-06-cleaning-auto-ec8541; 2026-08-03-cleaning-auto-fd154a; 2026-08-08-cleaning-auto-a279f2; 2026-08-06-cleaning-auto-467d7f; 2026-08-07-cleaning-auto-27a7fe; 2026-08-08-cleaning-auto-c188df,아니오,유지,주방 수납장 청소 알아보기,의 주방 수납장은 최소 3단계 (비우기-닦기-재정리)로 관리하면 충분합니다.,80,아니오,,,,
2026-08-10-food-auto-0b9c15,"혼자 사는 직장인, 매일 저녁 메뉴 고민 끝내고 싶을 때: 직접 요리 vs. 정기 구독 식사, 당신의 시간과 에너지를 위한 최적의 선택 가이드",https://honsamnote.co.kr/blog/2026-08-10-food-auto-0b9c15/,food,혼밥·식재료 관리,혼밥; 1인 가구 식사; 직장인 저녁; 정기 구독 식사; 밀프렙; 식비 절약; 시간 절약,혼자 사는 직장인 식사; 저녁 메뉴 고민; 정기 구독 서비스; 식사 구독; 밀프렙; 간편식 비교,"혼자 사는 직장인, 매일 저녁 메뉴 고민 끝내고 싶을 때: 직접 요리 vs. 정기 구독 식사, 당신의 시간과 에너지를 위한 최적의 선택 가이드 | 혼삶노트","퇴근 후 저녁 식사 준비에 지친 1인 가구 직장인? 직접 요리와 정기 구독 식사 서비스를 비교해 시간, 비용, 만족도를 높이는 현명한 선택 기준을 제시합니다.",비교형,혼자 사는 직장인 식사,저녁 메뉴 고민; 정기 구독 서비스; 식사 구독; 밀프렙; 간편식 비교,낮음,혼밥 레시피·식단,예,예,예,2026-07-30-food-14; 2026-07-30-food-15; 2026-08-07-food-auto-c3ab2b; 2026-07-29-food-9; 2026-08-01-products-auto-9e3228; 2026-08-06-food-auto-585c1b,아니오,유지,혼자 사는 직장인 식사 비교,바쁜 에게 '직접 요리(밀프렙)'와 '정기 구독 식사 서비스'는 각기 다른 장단점을 가집니다.,80,아니오,,,,
2026-08-11-food-auto-a86ad1,"혼자 사는 직장인, 빵 한 팩 앞에서 망설일 때: 버리지 않고 끝까지 촉촉하게 즐기는 구매부터 보관, 활용법",https://honsamnote.co.kr/blog/2026-08-11-food-auto-a86ad1/,food,혼밥·식재료 관리,혼밥; 식재료 관리; 빵 보관; 1인 가구; 냉동 보관,혼자 빵 보관; 식빵 냉동; 바게트 보관법; 1인 가구 빵; 빵 낭비 줄이기,"혼자 사는 직장인, 빵 한 팩 앞에서 망설일 때: 버리지 않고 끝까지 촉촉하게 즐기는 구매부터 보관, 활용법 | 혼삶노트","혼자 사는 직장인이라면 빵 한 봉지를 다 먹지 못하고 버리는 경험, 흔하죠? 냉동 보관부터 맛있게 해동하는 노하우까지, 낭비 없이 빵을 알뜰하게 즐기는 현실적인 방법을 알려드립니다.",문제해결형,혼자 빵 보관,식빵 냉동; 바게트 보관법; 1인 가구 빵; 빵 낭비 줄이기,낮음,식재료 보관,예,예,예,2026-08-05-food-auto-c06744; 2026-08-06-food-auto-38c543; 2026-08-08-food-auto-0ac2e1; 2026-08-11-food-auto-d47a0f; 2026-07-30-food-10; 2026-08-03-food-auto-b8f8a0,아니오,유지,혼자 빵 보관 해결 방법,혼자 사는 직장인이 빵을 끝까지 맛있게 즐기기 위한 핵심은 **구매 즉시 '1회 섭취량'으로 소분하여 '냉동 보관'**하는 것입니다.,80,아니오,,,,
2026-08-11-food-auto-d47a0f,"혼자 사는 직장인, 대용량으로 산 신선 과일·채소, 버릴까 말까? 신선도 낭비 없이 끝까지 알뜰하게 해치우는 현실적인 전략",https://honsamnote.co.kr/blog/2026-08-11-food-auto-d47a0f/,food,혼밥·식재료 관리,혼밥; 식재료 관리; 과일 보관; 채소 보관; 식재료 낭비; 1인 가구 식비 절약,1인 가구 식재료; 대용량 과일; 대용량 채소; 신선도 유지; 식재료 보관법; 혼자 사는 식비,"혼자 사는 직장인, 대용량으로 산 신선 과일·채소, 버릴까 말까? 신선도 낭비 없이 끝까지 알뜰하게 해치우는 현실적인 전략 | 혼삶노트","주말 마트에서 싸다고 산 대용량 과일, 채소, 혼자 다 먹지도 못하고 버리시나요? 버리지 않고 끝까지 알뜰하게 소비하는 현실적인 가이드로 시간과 돈을 아끼세요.",질문형,1인 가구 식재료,대용량 과일; 대용량 채소; 신선도 유지; 식재료 보관법; 혼자 사는 식비,낮음,식재료 보관,예,예,아니오,2026-08-06-food-auto-38c543; 2026-08-04-food-auto-8d3bfc; 2026-08-14-food-auto-950e9e; 2026-08-05-food-auto-c06744; 2026-08-08-food-auto-0ac2e1; 2026-08-11-food-auto-a86ad1,아니오,유지,1인 가구 식재료 알아보기,"대용량 신선 과일·채소를 구매했다면, 최대한 빨리 **'선별-긴급 처치-단기 소비-장기 보관'의 4단계 전략**을 실행해야 합니다.",80,아니오,,,,
2026-08-11-housing-auto-2bfaff,"혼자 사는 직장인, 조립 가구 앞에서 한숨 쉬지 마세요! 셀프 vs 전문가 조립, 시간과 돈 아끼는 현명한 선택 가이드",https://honsamnote.co.kr/blog/2026-08-11-housing-auto-2bfaff/,housing,주거·계약·이사,1인 가구; 조립 가구; 가구 조립; 생활 팁; 인테리어,조립 가구 조립 방법; 셀프 가구 조립; 가구 조립 서비스; 혼자 가구 조립,"혼자 사는 직장인, 조립 가구 앞에서 한숨 쉬지 마세요! 셀프 vs 전문가 조립, 시간과 돈 아끼는 현명한 선택 가이드 | 혼삶노트","혼자 사는 직장인, 조립 가구 구매 후 막막하신가요? 직접 조립할지, 전문가에게 맡길지 고민이라면, 내 상황에 맞는 최적의 선택 기준과 현실적인 팁을 확인하세요.",비교형,조립 가구 조립 방법,셀프 가구 조립; 가구 조립 서비스; 혼자 가구 조립,낮음,주거·계약·이사 기타,예,예,아니오,2026-08-01-housing-auto-bd24e0; 2026-08-07-housing-auto-eb35f1; 2026-08-11-products-auto-fb26b6; 2026-07-30-housing-69; 2026-08-04-housing-auto-24e082; 2026-08-04-housing-auto-cbaa3c,아니오,유지,조립 가구 조립 방법 비교,"혼자 사는 직장인에게 조립 가구는 합리적인 선택지지만, 조립은 또 다른 문제입니다.",80,예,,,,
2026-08-11-lifestyle-auto-90d3e2,"혼자 사는 직장인, 밤샘 야근·늦은 약속 다음 날, 망가진 생활 리듬 최소 2시간 만에 되돌리는 법",https://honsamnote.co.kr/blog/2026-08-11-lifestyle-auto-90d3e2/,lifestyle,관계·고립·생활 리듬,1인 가구; 생활 리듬; 컨디션 관리; 시간 관리; 워라밸,혼자 사는 직장인; 생활 리듬 회복; 밤샘 야근 후; 늦은 약속 다음 날; 컨디션 관리 팁,"혼자 사는 직장인, 밤샘 야근·늦은 약속 다음 날, 망가진 생활 리듬 최소 2시간 만에 되돌리는 법 | 혼삶노트","밤샘 야근이나 늦은 약속으로 망가진 다음 날 생활 리듬, 최소 2시간의 '골든 타임'만 잘 활용해도 빠르게 회복하고 생산성을 지킬 수 있습니다. 혼자 사는 직장인을 위한 현실적인 리듬 재정비 가이드.",문제해결형,혼자 사는 직장인,생활 리듬 회복; 밤샘 야근 후; 늦은 약속 다음 날; 컨디션 관리 팁,낮음,생활리듬·시간관리,예,예,아니오,2026-07-30-lifestyle-60; 2026-08-06-lifestyle-auto-2e08db; 2026-08-09-lifestyle-auto-12d150; 2026-07-30-lifestyle-64; 2026-08-04-lifestyle-auto-8920c5; 2026-08-04-lifestyle-auto-dabdf3,아니오,유지,혼자 사는 직장인 해결 방법,늦은 밤 활동 후 망가진 생활 리듬은 다음 날 오전 중 최소 2시간의 '회복 골든 타임'을 전략적으로 활용하면 빠르게 되돌릴 수 있습니다.,80,아니오,,,,
2026-08-12-cleaning-auto-4cf6ca,"혼자 사는 당신, 주방에 갑자기 초파리 떼가 들끓는다고요? 딱 15분, 근본 원인 싹 잡고 다시는 안 보는 현실 솔루션",https://honsamnote.co.kr/blog/2026-08-12-cleaning-auto-4cf6ca/,cleaning,청소·세탁·집안일,초파리; 주방청소; 해충방지; 1인_가구_꿀팁; 생활_최적화,초파리 없애는 법; 주방 초파리; 초파리 트랩; 싱크대 초파리; 1인 가구 초파리,"혼자 사는 당신, 주방에 갑자기 초파리 떼가 들끓는다고요? 딱 15분, 근본 원인 싹 잡고 다시는 안 보는 현실 솔루션 | 혼삶노트","퇴근 후 마주한 주방 초파리 떼, 당황스럽고 찝찝하죠? 혼자 사는 당신을 위한 15분 초파리 박멸 현실 솔루션으로 시간과 돈 아끼세요.",질문형,초파리 없애는 법,주방 초파리; 초파리 트랩; 싱크대 초파리; 1인 가구 초파리,낮음,주방 청소,예,예,예,2026-07-30-cleaning-31; 2026-08-03-cleaning-auto-fd154a; 2026-08-06-cleaning-auto-467d7f; 2026-08-06-cleaning-auto-ec8541; 2026-08-07-cleaning-auto-27a7fe; 2026-08-07-cleaning-auto-cb5dfe,아니오,유지,초파리 없애는 법 알아보기,"주방에 갑자기 초파리가 들끓는다면, 당장 곤란한 마음은 충분히 이해합니다.",80,아니오,,,,
2026-08-12-housing-auto-f420ec,"혼자 사는 직장인, 집주인이 몰래 문 따고 들어왔다면? 내 사생활과 보증금 지키는 똑똑한 대처법",https://honsamnote.co.kr/blog/2026-08-12-housing-auto-f420ec/,housing,주거·계약·이사,주거계약; 사생활보호; 안전; 법률상식; 보증금,집주인무단침입; 임대차계약; 사생활침해; 보증금반환; 주거침입,"혼자 사는 직장인, 집주인이 몰래 문 따고 들어왔다면? 내 사생활과 보증금 지키는 똑똑한 대처법 | 혼삶노트",혼자 사는 집에 집주인이 사전 동의 없이 들어왔다면? 당황하지 말고 즉시 증거를 확보하고 단호하게 대처해야 합니다. 내 사생활과 소중한 보증금을 지키는 현실적인 방법을 안내합니다.,질문형,집주인무단침입,임대차계약; 사생활침해; 보증금반환; 주거침입,낮음,보증금,예,예,아니오,2026-07-30-housing-46; 2026-07-30-housing-44; 2026-08-03-housing-auto-5b4f05; 2026-08-03-housing-auto-e4e5c4; 2026-08-06-housing-auto-36b1cd; 2026-08-06-housing-auto-849c13,아니오,유지,집주인무단침입 알아보기,"집주인의 무단 침입은 명백한 불법 행위이며, 임차인(세입자)의 평온한 주거생활을 침해하는 중대한 사안입니다.",80,예,,,,
2026-08-13-food-auto-4b3fa7,"혼자 사는 직장인, 매일 건강한 과일 챙겨 먹고 싶을 때: 신선 베리 vs. 냉동 베리, 당신의 지갑과 편리함을 위한 현명한 선택",https://honsamnote.co.kr/blog/2026-08-13-food-auto-4b3fa7/,food,혼밥·식재료 관리,혼밥; 식재료관리; 건강관리; 식비절약; 시간절약; 냉동식품; 과일,1인 가구 과일; 신선 베리; 냉동 베리; 혼자 사는 사람 과일; 베리 비교; 건강한 간편식; 식재료 보관,"혼자 사는 직장인, 매일 건강한 과일 챙겨 먹고 싶을 때: 신선 베리 vs. 냉동 베리, 당신의 지갑과 편리함을 위한 현명한 선택 | 혼삶노트","혼자 살면 과일 챙겨 먹기 어렵죠? 신선 베리는 비싸고 빨리 상하고, 냉동 베리는 괜찮을지 고민될 때, 당신의 라이프스타일에 맞는 최적의 베리 선택 가이드를 알려드립니다.",비교형,1인 가구 과일,신선 베리; 냉동 베리; 혼자 사는 사람 과일; 베리 비교; 건강한 간편식; 식재료 보관,낮음,식재료 보관,예,예,아니오,2026-08-06-food-auto-c5562a; 2026-08-11-food-auto-452e94; 2026-08-04-food-auto-8d3bfc; 2026-08-08-food-auto-cfd186; 2026-08-14-food-auto-950e9e; 2026-08-05-food-auto-c06744,아니오,유지,1인 가구 과일 비교,혼자 사는 직장인에게 **냉동 베리**는 시간과 돈을 절약하면서 건강한 과일 섭취를 꾸준히 돕는 **매우 현명한 대안**입니다.,80,아니오,,,,
2026-08-13-food-auto-f7b0fc,"혼자 사는 직장인, 대용량 장류(고추장, 된장, 간장) 앞에서 망설일 때: 냉장고 공간, 맛, 위생 다 잡는 현명한 구매부터 보관, 활용법",https://honsamnote.co.kr/blog/2026-08-13-food-auto-f7b0fc/,food,혼밥·식재료 관리,장류 보관; 고추장; 된장; 간장; 1인 가구 식재료; 냉장고 정리; 식재료 관리,1인 가구 장류; 된장 보관법; 고추장 보관법; 간장 활용법; 소량 장류 구매; 냉장고 장류; 식재료 소분,"혼자 사는 직장인, 대용량 장류(고추장, 된장, 간장) 앞에서 망설일 때: 냉장고 공간, 맛, 위생 다 잡는 현명한 구매부터 보관, 활용법 | 혼삶노트","1인 가구에게 대용량 장류는 계륵 같죠. 좁은 냉장고 공간, 변질 걱정, 맛 유지까지. 현명한 구매부터 소분, 보관, 알뜰 활용 팁으로 장류 고민을 끝내세요.",문제해결형,1인 가구 장류,된장 보관법; 고추장 보관법; 간장 활용법; 소량 장류 구매; 냉장고 장류; 식재료 소분,낮음,식재료 보관,예,예,아니오,2026-08-05-food-auto-c06744; 2026-08-06-food-auto-38c543; 2026-08-08-food-auto-0ac2e1; 2026-08-11-food-auto-a86ad1; 2026-08-11-food-auto-d47a0f; 2026-08-03-food-auto-b8f8a0,아니오,유지,1인 가구 장류 해결 방법,혼자 산다고 대용량 장류 구매를 무조건 피할 필요는 없습니다.,80,아니오,,,,
2026-08-13-housing-auto-0fa740,"혼자 사는 직장인, 보증금 떼일까 불안하다면? 전월세 보증보험 vs 셀프 대비, 내 돈 지키는 현명한 선택 가이드",https://honsamnote.co.kr/blog/2026-08-13-housing-auto-0fa740/,housing,주거·계약·이사,전월세; 보증금; 보증보험; 임대차계약; 직장인,혼자 사는 직장인 보증금; 전월세 보증보험; 전세 사기 예방; 월세 보증금 지키기; 계약 만료 보증금,"혼자 사는 직장인, 보증금 떼일까 불안하다면? 전월세 보증보험 vs 셀프 대비, 내 돈 지키는 현명한 선택 가이드 | 혼삶노트","내 피땀 어린 보증금, 혹시 떼일까 불안하신가요? 전월세 보증보험부터 셀프 안전장치까지, 혼자 사는 직장인을 위한 현명한 보증금 지키기 방법을 비교 분석합니다.",질문형,혼자 사는 직장인 보증금,전월세 보증보험; 전세 사기 예방; 월세 보증금 지키기; 계약 만료 보증금,낮음,보증금,예,예,아니오,2026-08-03-housing-auto-5b4f05; 2026-08-03-housing-auto-e4e5c4; 2026-08-06-housing-auto-1870eb; 2026-08-06-housing-auto-36b1cd; 2026-08-06-housing-auto-849c13; 2026-08-07-housing-auto-baa8f0,아니오,유지,혼자 사는 직장인 보증금 알아보기,대부분의 혼자 사는 직장인에게 전월세 보증보험 가입은 심리적 안정과 재정적 보호를 위한 가장 현실적이고 확실한 선택입니다.,80,예,,,,
2026-08-13-housing-auto-5aa38a,"혼자 사는 직장인, 택배 분실·도난 걱정으로 스트레스받지 마세요! 우리 집 현관 앞 택배 100% 안전하게 받는 현실적인 방법",https://honsamnote.co.kr/blog/2026-08-13-housing-auto-5aa38a/,housing,주거·계약·이사,1인 가구; 직장인; 택배; 주거; 생활 꿀팁,혼자 사는 직장인 택배; 택배 분실; 택배 도난; 1인 가구 택배 수령; 택배 보관함; 현관 택배,"혼자 사는 직장인, 택배 분실·도난 걱정으로 스트레스받지 마세요! 우리 집 현관 앞 택배 100% 안전하게 받는 현실적인 방법 | 혼삶노트","혼자 사는 직장인이라면 한 번쯤 겪는 택배 분실·도난. 퇴근 후 사라진 택배에 당황했다면? 우리 집 상황에 맞는 최적의 택배 수령 방법을 찾아 시간과 돈, 스트레스까지 한 번에 해결하세요.",방법형,혼자 사는 직장인 택배,택배 분실; 택배 도난; 1인 가구 택배 수령; 택배 보관함; 현관 택배,낮음,주거·계약·이사 기타,예,예,아니오,2026-08-05-safety-auto-9a8ad6; 2026-08-07-housing-auto-eb35f1; 2026-08-09-housing-auto-1e381e; 2026-07-30-housing-69; 2026-08-01-housing-auto-bd24e0; 2026-08-04-housing-auto-24e082,아니오,유지,혼자 사는 직장인 택배 방법,"지금 당장 택배가 사라져 곤란한 상황이라면, 일단 다음 순서로 빠르게 조치하세요.",80,아니오,,,,
2026-08-13-lifestyle-auto-8d6b5e,"혼자 사는 직장인, 절친과의 합가 고민된다면? '관계 유지' vs. '생활 최적화', 나에게 맞는 선택 기준",https://honsamnote.co.kr/blog/2026-08-13-lifestyle-auto-8d6b5e/,lifestyle,관계·고립·생활 리듬,1인 가구; 합가; 친구 관계; 생활 리듬; 공간 공유; 의사결정,친구와 살기; 합가 고민; 1인 가구 관계; 생활비 절약; 독립 생활,"혼자 사는 직장인, 절친과의 합가 고민된다면? '관계 유지' vs. '생활 최적화', 나에게 맞는 선택 기준 | 혼삶노트",오랜 친구와 함께 살까 고민 중인 1인 가구 직장인을 위한 현실 가이드. 관계의 만족감과 독립적인 생활 최적화 사이에서 후회 없는 결정을 내리는 판단 기준을 제시합니다.,질문형,친구와 살기,합가 고민; 1인 가구 관계; 생활비 절약; 독립 생활,낮음,생활리듬·시간관리,예,예,예,2026-07-30-lifestyle-60; 2026-08-04-lifestyle-auto-8920c5; 2026-08-04-lifestyle-auto-dabdf3; 2026-08-06-lifestyle-auto-2e08db; 2026-08-08-lifestyle-auto-dd0e67; 2026-08-09-lifestyle-auto-12d150,아니오,유지,친구와 살기 알아보기,"혼자 사는 직장인에게 절친과의 합가는 로망처럼 보일 수 있지만, 냉정하게 말해 **""장밋빛 환상""보다는 ""현실적인 계획과 타협""이 훨씬 더 중요한 선택**입니다.",80,아니오,,,,
2026-08-14-food-auto-78155f,"혼자 사는 직장인, 빠르고 간편하게 단백질 챙기고 싶을 때: 참치캔 vs. 닭가슴살 통조림/팩 vs. 즉석 두부, 당신의 건강과 편리함을 위한 현명한 선택",https://honsamnote.co.kr/blog/2026-08-14-food-auto-78155f/,food,혼밥·식재료 관리,혼밥; 단백질; 식재료관리; 간편식; 건강식,1인 가구 단백질; 참치캔; 닭가슴살 통조림; 즉석 두부; 간편 단백질 비교,"혼자 사는 직장인, 빠르고 간편하게 단백질 챙기고 싶을 때: 참치캔 vs. 닭가슴살 통조림/팩 vs. 즉석 두부, 당신의 건강과 편리함을 위한 현명한 선택 | 혼삶노트","바쁜 1인 가구 직장인이 매일 건강한 단백질을 쉽고 빠르게 챙길 수 있도록, 대표적인 간편 단백질 세 가지를 비교하고 현명한 선택 기준을 제시합니다.",비교형,1인 가구 단백질,참치캔; 닭가슴살 통조림; 즉석 두부; 간편 단백질 비교,낮음,혼밥 레시피·식단,예,예,예,2026-08-07-food-auto-e08b8c; 2026-07-29-food-9; 2026-07-30-food-14; 2026-08-07-food-auto-18079e; 2026-08-07-food-auto-c3ab2b; 2026-07-30-food-15,아니오,유지,1인 가구 단백질 비교,"*   **최대 편리함과 다양한 활용도:** **참치캔**
*   **최소 가공, 담백한 맛, 높은 단백질 함량:** **닭가슴살 통조림/팩**
*   **가성비, 식물성 단백질, 높은 포만감:** **즉석 두부**

결국 어떤 선택이든 장단점이 분명합니다.",80,아니오,,,,
2026-08-14-food-auto-950e9e,"혼자 사는 직장인, 팬트리 속 '말린 식재료' (미역, 다시마, 표고버섯 등), 언제까지, 어떻게 보관해야 할까? 맛과 건강 다 잡는 현실적인 관리법",https://honsamnote.co.kr/blog/2026-08-14-food-auto-950e9e/,food,혼밥·식재료 관리,혼밥; 식재료관리; 건조식품; 팬트리정리; 식품보관법; 식재료낭비줄이기,혼밥러 말린 식재료; 건조 식재료 보관; 미역 유통기한; 다시마 보관법; 표고버섯 보관; 1인 가구 식재료,"혼자 사는 직장인, 팬트리 속 '말린 식재료' (미역, 다시마, 표고버섯 등), 언제까지, 어떻게 보관해야 할까? 맛과 건강 다 잡는 현실적인 관리법 | 혼삶노트","혼자 살다 보면 팬트리 속 말린 식재료를 언제 샀는지, 언제까지 먹어야 할지 헷갈리죠. 대용량 건조 식재료를 버리지 않고 끝까지 신선하게, 안전하게 즐기는 현실적인 보관 및 활용법을 알려드립니다.",질문형,혼밥러 말린 식재료,건조 식재료 보관; 미역 유통기한; 다시마 보관법; 표고버섯 보관; 1인 가구 식재료,낮음,식재료 보관,예,예,아니오,2026-08-04-food-auto-8d3bfc; 2026-08-11-food-auto-d47a0f; 2026-08-06-food-auto-c5562a; 2026-08-08-food-auto-cfd186; 2026-08-13-food-auto-4b3fa7; 2026-08-01-food-auto-0ac183,아니오,유지,혼밥러 말린 식재료 알아보기,"결론부터 말씀드리자면, **말린 식재료는 건조하고 밀봉된 상태로 잘 보관하면 유통기한보다",80,아니오,,,,
2026-08-14-housing-auto-189ec3,"혼자 사는 직장인, 이사/대청소 앞둔 대형 폐기물 처리! 비용 아끼고 깔끔하게 끝내는 현실 가이드",https://honsamnote.co.kr/blog/2026-08-14-housing-auto-189ec3/,housing,주거·계약·이사,대형 폐기물; 폐가전; 가구 버리기; 이사 준비; 대청소; 1인 가구 살림; 비용 절약,대형 폐기물 버리는 법; 폐가전 무료 수거; 이사 대형 쓰레기; 1인 가구 가구 버리기; 혼자 사는 직장인 폐기물,"혼자 사는 직장인, 이사/대청소 앞둔 대형 폐기물 처리! 비용 아끼고 깔끔하게 끝내는 현실 가이드 | 혼삶노트","혼자 사는 직장인이 이사나 대청소를 앞두고 대형 가구, 가전 처리에 막막하다면? 돈 아끼고 스트레스 없이 대형 폐기물을 처리하는 현실적인 방법을 단계별로 안내합니다.",비용형,대형 폐기물 버리는 법,폐가전 무료 수거; 이사 대형 쓰레기; 1인 가구 가구 버리기; 혼자 사는 직장인 폐기물,낮음,이사 준비,예,예,아니오,2026-07-30-housing-42; 2026-08-01-housing-auto-e11fd3; 2026-08-05-housing-auto-f0090f; 2026-08-06-housing-auto-1a9827; 2026-08-07-housing-auto-0bc6a2; 2026-07-30-housing-45,아니오,유지,대형 폐기물 버리는 법 비용 정리,"대형 폐기물 처리의 가장 기본적이면서도 현실적인 방법은 **""지자체 대형폐기물 스티커 구매 후 배출""**입니다.",80,예,,,,
2026-07-30-food-10,"퇴근 후 요리 스트레스 줄여줄 1인 가구 필수템, 식재료 소분과 냉동 보관 완벽 가이드",https://honsamnote.co.kr/blog/2026-07-30-food-10/,food,혼밥·식재료 관리,1인 가구; 혼밥; 식재료 관리; 냉동 보관; 소분,1인 가구 식재료; 소분 보관; 냉동 보관법; 혼밥 요리; 식비 절약,"퇴근 후 요리 스트레스 줄여줄 1인 가구 필수템, 식재료 소분과 냉동 보관 완벽 가이드 | 혼삶노트",혼자 산 지 1~5년 차 직장인을 위한 현실적인 식재료 관리법. 식재료를 버리지 않고 효율적으로 사용하는 소분과 냉동 보관의 모든 것을 알려드립니다. 시간과 돈을 아끼는 현명한 혼밥 생활을 시작해보세요.,문제해결형,1인 가구 식재료,소분 보관; 냉동 보관법; 혼밥 요리; 식비 절약,낮음,냉동·소분,아니오,예,아니오,2026-08-01-food-auto-976f1b; 2026-08-03-food-auto-b8f8a0; 2026-08-08-food-auto-89ea49; 2026-08-04-food-auto-c6481a; 2026-08-06-food-auto-3a64d3; 2026-08-06-food-auto-b02493,아니오,유지,1인 가구 식재료 해결 방법,혼자 사는 사람에게 식재료 소분과 냉동 보관은 선택이 아닌 필수입니다.,77,아니오,,,,
2026-07-30-housing-47,"원룸/오피스텔 고장났나요? 혼자 끙끙 앓지 말고, 집주인에게 스마트하게 수리 요청하는 법",https://honsamnote.co.kr/blog/2026-07-30-housing-47/,housing,주거·계약·이사,원룸생활; 자취팁; 주거정보; 집주인; 수리요청; 임대차,집주인수리책임; 임대차계약; 자취생수리; 원룸관리; 주택임대차,"원룸/오피스텔 고장났나요? 혼자 끙끙 앓지 말고, 집주인에게 스마트하게 수리 요청하는 법 | 혼삶노트","혼자 사는 원룸/오피스텔에 문제가 생겼을 때, 집주인에게 수리를 요청하는 것이 부담스러웠나요? 혼자 끙끙 앓지 말고, 스마트하게 문제를 해결하는 실질적인 방법을 알려드립니다. 시간과 돈을 아끼는 현명한 자취생을 위한 필수 가이드.",질문형,집주인수리책임,임대차계약; 자취생수리; 원룸관리; 주택임대차,낮음,집주인 문제,아니오,예,아니오,2026-07-31-housing-71; 2026-08-04-housing-auto-e8de0c; 2026-08-06-housing-auto-5c27e6; 2026-08-06-housing-auto-778093; 2026-08-10-housing-auto-4bca9b; 2026-07-30-housing-46,아니오,유지,집주인수리책임 알아보기,대부분의 원룸이나 오피스텔에서 발생하는 주요,77,아니오,,,,
2026-07-30-lifestyle-65,"혼자 사는 내가 갑자기 아플 때, 망설임 없이 도움을 요청하고 돌봐줄 사람 찾는 실전 가이드",https://honsamnote.co.kr/blog/2026-07-30-lifestyle-65/,lifestyle,관계·고립·생활 리듬,1인 가구; 아플 때; 비상연락망; 도움 요청; 관계 최적화; 생활 가이드,1인 가구 아플 때; 혼자 살 때 아프면; 비상 연락망; 도움 받는 법; 관계 관리; 직장인 생활팁,"혼자 사는 내가 갑자기 아플 때, 망설임 없이 도움을 요청하고 돌봐줄 사람 찾는 실전 가이드 | 혼삶노트","혼자 살면서 몸이 아플 때 막막함을 느끼나요? 이 글은 1인 가구의 아픈 상황을 현실적으로 묘사하고, 미리 준비해두면 좋을 연락망 구축법과 실제 도움 요청 가이드를 제시합니다. 이제 아플 때 혼자 감당하지 마세요.",문제해결형,1인 가구 아플 때,혼자 살 때 아프면; 비상 연락망; 도움 받는 법; 관계 관리; 직장인 생활팁,낮음,관계 관리,예,예,아니오,2026-08-10-lifestyle-auto-1dd1a3; 2026-08-01-lifestyle-auto-976633; 2026-08-03-lifestyle-auto-7c20c0; 2026-08-04-lifestyle-auto-fd9e87; 2026-08-06-lifestyle-auto-7d8463; 2026-08-06-lifestyle-auto-dd68b0,아니오,유지,1인 가구 아플 때 해결 방법,혼자 살면서 아플 때는 '혼자 힘으로 버틴다'는 생각을 내려놓는 것이 첫 번째 단계입니다.,77,아니오,,,,
2026-07-30-safety-38,"퇴근 후 쌓이는 택배 송장, 개인정보 노출 없이 안전하게 버리는 확실한 방법",https://honsamnote.co.kr/blog/2026-07-30-safety-38/,safety,안전·응급상황,1인 가구; 개인정보 보호; 택배; 안전; 생활 팁; 송장 파기,택배 개인정보; 송장 처리; 개인정보 유출 방지; 혼자 사는 직장인; 택배 버리기,"퇴근 후 쌓이는 택배 송장, 개인정보 노출 없이 안전하게 버리는 확실한 방법 | 혼삶노트","혼자 사는 직장인에게 택배는 필수품이지만, 송장 속 개인정보 노출은 늘 불안합니다. 이 글은 택배 송장을 안전하고 효율적으로 파기하여 개인정보 유출을 막는 현실적인 방법을 안내합니다.",방법형,택배 개인정보,송장 처리; 개인정보 유출 방지; 혼자 사는 직장인; 택배 버리기,낮음,안전·응급상황 기타,예,예,아니오,2026-08-08-safety-auto-55b509; 2026-08-01-safety-auto-4f0708; 2026-08-08-safety-auto-9834c4; 2026-07-30-safety-36; 2026-08-05-safety-auto-9a8ad6; 2026-08-06-safety-auto-21374d,아니오,유지,택배 개인정보 방법,"택배 송장에 담긴 개인정보는 유출될 경우 심각한 범죄로 이어질 수 있으므로, 반드시 완벽하게 파기해야 합니다.",77,아니오,,,,
2026-07-31-housing-71,"혼자 사는 집 고장! 집주인이 수리 미룰 때, 내 돈 아끼는 현실적인 해결 순서",https://honsamnote.co.kr/blog/2026-07-31-housing-71/,housing,주거·계약·이사,주거; 임대차; 집수리; 1인 가구; 직장인; 생활꿀팁,집주인 수리; 임대차 수리; 보일러 고장; 임대차 분쟁; 전세 월세,"혼자 사는 집 고장! 집주인이 수리 미룰 때, 내 돈 아끼는 현실적인 해결 순서 | 혼삶노트",혼자 사는 집에 갑자기 고장이? 집주인이 수리를 미뤄 답답한 1인 가구를 위한 현실적인 대응법을 알려드립니다. 내 돈 아끼면서 문제 해결하는 단계별 가이드.,문제해결형,집주인 수리,임대차 수리; 보일러 고장; 임대차 분쟁; 전세 월세,낮음,집주인 문제,아니오,예,아니오,2026-08-10-housing-auto-4bca9b; 2026-08-06-housing-auto-5c27e6; 2026-07-30-housing-47; 2026-08-04-housing-auto-e8de0c; 2026-08-06-housing-auto-778093; 2026-08-01-housing-auto-abec0f,아니오,유지,집주인 수리 해결 방법,갑작스러운 주택 문제로 당황스러우시죠?,77,예,,,,
2026-08-01-lifestyle-auto-976633,"1인 가구 직장인, '혼자라서 시간 많지?' 오해에 지쳤다면? 퇴근 후 내 시간 지키는 현명한 거절법",https://honsamnote.co.kr/blog/2026-08-01-lifestyle-auto-976633/,lifestyle,관계·고립·생활 리듬,1인 가구; 직장인; 관계 관리; 시간 관리; 생활 리듬; 거절법; 경계 설정,1인 가구 거절; 혼자 사는 시간; 직장인 시간 관리; 관계 스트레스; 생활 최적화; 경계 설정,"1인 가구 직장인, '혼자라서 시간 많지?' 오해에 지쳤다면? 퇴근 후 내 시간 지키는 현명한 거절법 | 혼삶노트","혼자 사는 당신, 퇴근 후나 주말에 쏟아지는 친구/가족의 갑작스러운 부탁에 소중한 시간을 뺏기고 지치셨나요? '혼자라서 시간 많다'는 오해를 풀고, 내 생활 리듬을 지키는 현실적인 거절 노하우를 알려드립니다.",질문형,1인 가구 거절,혼자 사는 시간; 직장인 시간 관리; 관계 스트레스; 생활 최적화; 경계 설정,낮음,관계 관리,예,예,예,2026-08-06-lifestyle-auto-7d8463; 2026-08-03-lifestyle-auto-7c20c0; 2026-08-04-lifestyle-auto-fd9e87; 2026-08-06-lifestyle-auto-dd68b0; 2026-07-30-lifestyle-61; 2026-08-03-lifestyle-auto-06c5e8,아니오,유지,1인 가구 거절 알아보기,가장 먼저 기억하세요.,77,아니오,,,,
2026-08-01-lifestyle-auto-ab470f,"혼자 사는 직장인, 새로운 인연 찾기가 막막하다면? 데이팅 앱 vs. 오프라인 모임, 나에게 맞는 선택 기준",https://honsamnote.co.kr/blog/2026-08-01-lifestyle-auto-ab470f/,lifestyle,관계·고립·생활 리듬,관계; 고립; 생활 리듬; 데이팅; 인간관계; 시간관리,1인 가구 연애; 데이팅 앱; 오프라인 모임; 직장인 연애; 혼자 사는 사람 관계; 효율적인 인연 찾기,"혼자 사는 직장인, 새로운 인연 찾기가 막막하다면? 데이팅 앱 vs. 오프라인 모임, 나에게 맞는 선택 기준 | 혼삶노트","바쁜 1인 가구 직장인이 새로운 인연을 만나는 현실적인 방법을 찾고 있다면? 온라인 데이팅 앱과 오프라인 모임의 장단점을 비교하고, 당신의 성향과 라이프스타일에 맞는 최적의 선택 기준을 제시합니다.",질문형,1인 가구 연애,데이팅 앱; 오프라인 모임; 직장인 연애; 혼자 사는 사람 관계; 효율적인 인연 찾기,낮음,관계 관리,예,예,예,2026-08-03-lifestyle-auto-7c20c0; 2026-08-06-lifestyle-auto-7d8463; 2026-08-06-lifestyle-auto-dd68b0; 2026-08-01-lifestyle-auto-976633; 2026-08-04-lifestyle-auto-fd9e87; 2026-08-04-lifestyle-auto-8920c5,아니오,유지,1인 가구 연애 알아보기,"혼자 사는 직장인에게 새로운 인연을 찾기 위한 길은 크게 온라인 데이팅 앱과 오프라인 모임(동호회, 취미 클래스 등)으로 나뉩니다.",77,아니오,,,,
2026-08-01-safety-auto-4f0708,"혼자 사는 당신, 늦은 밤 갑자기 정전될 때? 당황하지 않고 안전하게 대처하는 현실적인 방법",https://honsamnote.co.kr/blog/2026-08-01-safety-auto-4f0708/,safety,안전·응급상황,안전; 비상상황; 정전대비; 1인가구안전; 생활꿀팁,1인 가구 정전; 혼자 사는 집 정전; 정전 대처법; 안전하게 정전; 정전 시 행동 요령,"혼자 사는 당신, 늦은 밤 갑자기 정전될 때? 당황하지 않고 안전하게 대처하는 현실적인 방법 | 혼삶노트","혼자 사는 집에 갑자기 정전이 발생했을 때, 당황하지 않고 안전을 확보하며 문제를 해결하는 현실적인 대처 순서를 안내합니다.",질문형,1인 가구 정전,혼자 사는 집 정전; 정전 대처법; 안전하게 정전; 정전 시 행동 요령,낮음,안전·응급상황 기타,예,예,아니오,2026-07-30-safety-38; 2026-08-08-safety-auto-55b509; 2026-08-06-safety-auto-21374d; 2026-08-07-safety-auto-7d0e1d; 2026-08-07-safety-auto-7d89fc; 2026-08-08-safety-auto-9834c4,아니오,유지,1인 가구 정전 알아보기,혼자 사는 집에 정전이 발생했을 때는 **무엇보다,77,예,,,,
2026-08-03-cleaning-auto-d96324,"혼자 사는 직장인, 퇴근 후 지저분한 바닥? 로봇청소기 vs 무선청소기, 후회 없는 선택 기준",https://honsamnote.co.kr/blog/2026-08-03-cleaning-auto-d96324/,cleaning,청소·세탁·집안일,1인 가구; 청소 가전; 로봇청소기; 무선청소기; 살림 팁; 집안일,1인 가구 청소기; 로봇청소기 추천; 무선청소기 추천; 원룸 청소; 시간 절약 청소; 효율적인 청소,"혼자 사는 직장인, 퇴근 후 지저분한 바닥? 로봇청소기 vs 무선청소기, 후회 없는 선택 기준 | 혼삶노트","바쁜 1인 가구 직장인, 퇴근 후 쌓이는 바닥 먼지와 매일 청소해야 하는 고민? 로봇청소기와 무선청소기 중 당신에게 딱 맞는 청소 가전을 고르는 현실적인 판단 기준을 제시합니다.",질문형,1인 가구 청소기,로봇청소기 추천; 무선청소기 추천; 원룸 청소; 시간 절약 청소; 효율적인 청소,낮음,청소도구·시간절약,아니오,예,예,2026-07-31-cleaning-79; 2026-08-06-cleaning-auto-858326; 2026-07-30-cleaning-32; 2026-08-05-products-auto-7a3772; 2026-07-30-products-52; 2026-08-07-cleaning-auto-21d8af,아니오,유지,1인 가구 청소기 알아보기,"바쁜 직장인 1인 가구라면, 당신의 라이프스타일과 주거 공간의 특성에 따라 최적의 청소 도구는 명확히 달라집니다.",77,아니오,,,,
2026-08-03-food-auto-b8f8a0,"1인 가구 직장인, 신선한 고기·생선 한 팩이 부담될 때? 버리지 않고 맛있게 즐기는 구매부터 소분, 냉동 보관까지의 현실적인 루틴",https://honsamnote.co.kr/blog/2026-08-03-food-auto-b8f8a0/,food,혼밥·식재료 관리,1인 가구; 혼밥; 식재료 관리; 고기 보관; 생선 보관; 냉동 보관; 식재료 낭비,1인 가구 고기; 혼자 생선; 식재료 소분; 냉동 보관 팁; 신선육 구매,"1인 가구 직장인, 신선한 고기·생선 한 팩이 부담될 때? 버리지 않고 맛있게 즐기는 구매부터 소분, 냉동 보관까지의 현실적인 루틴 | 혼삶노트","혼자 사는 직장인을 위한 신선한 고기·생선 구매, 소분, 냉동 보관 팁. 낭비 없이 맛있게 즐기는 효율적인 생활 루틴을 제시합니다.",질문형,1인 가구 고기,혼자 생선; 식재료 소분; 냉동 보관 팁; 신선육 구매,낮음,냉동·소분,아니오,예,아니오,2026-07-30-food-10; 2026-08-08-food-auto-89ea49; 2026-08-09-food-auto-937ea1; 2026-08-01-food-auto-976f1b; 2026-08-06-food-auto-3a64d3; 2026-08-09-food-auto-e39c1f,아니오,유지,1인 가구 고기 알아보기,혼자 산다고 해서 신선한 고기나 생선을 포기할 필요는 없습니다.,77,아니오,,,,
2026-08-03-storage-auto-747118,"1인 가구 직장인, 좁은 주방 '가끔 쓰는 소형 가전' 공간만 차지한다면? '이것'부터 확인하고 똑똑하게 수납하는 법",https://honsamnote.co.kr/blog/2026-08-03-storage-auto-747118/,storage,좁은 집과 수납,1인 가구; 좁은 집; 주방 수납; 소형 가전; 공간 활용,1인 가구 주방 정리; 소형 가전 수납; 좁은 주방 효율화; 주방 공간 활용; 가전제품 정리,"1인 가구 직장인, 좁은 주방 '가끔 쓰는 소형 가전' 공간만 차지한다면? '이것'부터 확인하고 똑똑하게 수납하는 법 | 혼삶노트","좁은 주방에서 공간만 차지하는 소형 가전들, 어떻게 정리해야 할지 막막한 1인 가구 직장인을 위한 현실적인 수납 가이드를 제시합니다. 불필요한 구매를 줄이고, 효율적으로 주방을 사용하는 방법을 알아보세요.",질문형,1인 가구 주방 정리,소형 가전 수납; 좁은 주방 효율화; 주방 공간 활용; 가전제품 정리,낮음,주방 수납,아니오,예,예,2026-08-06-storage-auto-ae69e9; 2026-08-09-storage-auto-b05c4f; 2026-08-08-storage-auto-55b81f; 2026-08-14-storage-auto-fcf546; 2026-08-07-storage-auto-3c236f; 2026-08-08-storage-auto-9dbb87,아니오,유지,1인 가구 주방 정리 알아보기,"좁은 주방의 소형 가전 수납 문제, 답은 의외로 간단합니다.",77,아니오,,,,
2026-08-04-cleaning-auto-0b0c02,"혼자 사는 당신, 퇴근 후 밟히는 끈적한 바닥? 좁은 원룸 물걸레 청소, 딱 10분이면 충분합니다!",https://honsamnote.co.kr/blog/2026-08-04-cleaning-auto-0b0c02/,cleaning,청소·세탁·집안일,물걸레청소; 원룸청소; 1인가구청소; 바닥청소; 청소루틴,혼자사는직장인; 물걸레 청소; 원룸 바닥; 청소 시간 절약; 끈적임 제거,"혼자 사는 당신, 퇴근 후 밟히는 끈적한 바닥? 좁은 원룸 물걸레 청소, 딱 10분이면 충분합니다! | 혼삶노트","퇴근 후 끈적하고 찝찝한 원룸 바닥, 걸레질만으로 부족하셨나요? 1인 가구에 최적화된 물걸레 청소법으로 깨끗하고 쾌적한 바닥을 딱 10분 만에 만드는 현실적인 가이드를 알려드립니다.",질문형,혼자사는직장인,물걸레 청소; 원룸 바닥; 청소 시간 절약; 끈적임 제거,낮음,청소도구·시간절약,아니오,예,아니오,2026-07-30-cleaning-25; 2026-07-31-cleaning-79; 2026-08-03-cleaning-auto-d96324; 2026-08-05-cleaning-auto-b9c84f; 2026-08-06-cleaning-auto-858326; 2026-08-07-cleaning-auto-40f096,아니오,유지,혼자사는직장인 알아보기,"좁은 원룸 바닥의 끈적임과 먼지, 그리고 그로 인한 불쾌함은 **진공청소 후 물걸레 청소를 주기적으로 병행해야만 완전히 해결**됩니다.",77,아니오,,,,
2026-08-04-food-auto-908ca9,"1인 가구, 대용량 잡곡·가루·장류 앞에서 망설일 때? 진짜 이득인지 따져보는 현명한 선택 가이드",https://honsamnote.co.kr/blog/2026-08-04-food-auto-908ca9/,food,혼밥·식재료 관리,1인 가구; 식재료 관리; 알뜰 쇼핑; 혼밥; 장보기 팁,대용량 식재료; 1인 가구 식재료; 잡곡 보관; 밀가루 보관; 장류 보관; 식재료 절약,"1인 가구, 대용량 잡곡·가루·장류 앞에서 망설일 때? 진짜 이득인지 따져보는 현명한 선택 가이드 | 혼삶노트","혼자 사는 당신, 마트의 대용량 코너 앞에서 싸다는 이유로 망설인 적 있나요? 잡곡, 밀가루, 고추장 등 대용량 식재료가 1인 가구에 정말 이득인지, 현명하게 구매하고 관리하는 현실적인 방법을 알려드립니다.",질문형,대용량 식재료,1인 가구 식재료; 잡곡 보관; 밀가루 보관; 장류 보관; 식재료 절약,낮음,장보기·식비절약,아니오,예,예,2026-08-04-food-auto-c6481a; 2026-08-10-food-auto-d3517e; 2026-08-01-food-auto-0f5d02; 2026-08-01-food-auto-976f1b; 2026-07-30-food-10; 2026-08-01-food-auto-174113,아니오,유지,대용량 식재료 알아보기,"1인 가구에게 대용량 잡곡, 가루, 장류는 **특정 조건만 충족한다면 확실히 시간과 돈을 아낄 수 있는 현명한 선택**이 될 수 있습니다.",77,아니오,,,,
2026-08-04-housing-auto-e8de0c,"혼자 사는 직장인, 집주인/관리사무소의 갑작스러운 방문 요청, 내 사생활 지키며 똑똑하게 대처하는 법",https://honsamnote.co.kr/blog/2026-08-04-housing-auto-e8de0c/,housing,주거·계약·이사,1인 가구; 주거 문제; 사생활 보호; 집주인; 관리사무소; 원룸 생활,1인 가구 방문 요청; 집주인 방문; 관리사무소 점검; 사생활 보호; 주거 문제 해결,"혼자 사는 직장인, 집주인/관리사무소의 갑작스러운 방문 요청, 내 사생활 지키며 똑똑하게 대처하는 법 | 혼삶노트","퇴근 후 지친 몸으로 집에 왔는데, 집주인이나 관리사무소에서 갑자기 방문을 요구할 때? 혼자 사는 당신의 시간과 사생활을 지키면서 현명하게 대처하는 방법을 알려드립니다.",체크형,1인 가구 방문 요청,집주인 방문; 관리사무소 점검; 사생활 보호; 주거 문제 해결,낮음,집주인 문제,아니오,예,예,2026-08-10-housing-auto-4bca9b; 2026-07-30-housing-47; 2026-07-31-housing-71; 2026-08-06-housing-auto-5c27e6; 2026-08-06-housing-auto-778093; 2026-07-30-housing-69,아니오,유지,1인 가구 방문 요청 체크리스트,"갑작스러운 방문 요청에 당황하셨다면, **무조건 '네'라고 답하기보다",77,아니오,,,,
2026-08-04-lifestyle-auto-fd9e87,"혼자 사는 직장인, 친구와의 약속, 늘 밖에서만? 집에서 초대 vs. 밖에서 만남, 나에게 맞는 관계 최적화",https://honsamnote.co.kr/blog/2026-08-04-lifestyle-auto-fd9e87/,lifestyle,관계·고립·생활 리듬,1인 가구; 직장인; 관계; 친구; 약속; 생활 최적화; 집들이; 홈파티,혼자 사는 직장인 친구 만남; 1인 가구 약속 장소; 집에서 친구 초대; 밖에서 만나는 장단점; 사회생활 최적화,"혼자 사는 직장인, 친구와의 약속, 늘 밖에서만? 집에서 초대 vs. 밖에서 만남, 나에게 맞는 관계 최적화 | 혼삶노트","퇴근 후 친구들과의 약속, 매번 밖에서만 해결하느라 지치셨나요? 집들이 부담 없이 집으로 초대하는 법과 외부 모임의 장단점을 비교하고, 당신의 상황에 맞는 최적의 선택 기준을 제시합니다.",질문형,혼자 사는 직장인 친구 만남,1인 가구 약속 장소; 집에서 친구 초대; 밖에서 만나는 장단점; 사회생활 최적화,낮음,관계 관리,예,예,아니오,2026-08-03-lifestyle-auto-7c20c0; 2026-08-06-lifestyle-auto-7d8463; 2026-08-06-lifestyle-auto-dd68b0; 2026-08-04-lifestyle-auto-8920c5; 2026-08-01-lifestyle-auto-976633; 2026-08-01-lifestyle-auto-b13421,아니오,유지,혼자 사는 직장인 친구 만남 알아보기,"결론부터 말씀드리자면, '집 초대'와 '외부 만남' 중 어느 하나가 정답이라고 단정할 수는 없습니다.",77,아니오,,,,
2026-08-05-cleaning-auto-b9c84f,"혼자 사는 당신, 답답한 원룸 창문 밖 뿌연 먼지와 물때? 딱 30분, 안전하게 시야 트는 초간단 청소법",https://honsamnote.co.kr/blog/2026-08-05-cleaning-auto-b9c84f/,cleaning,청소·세탁·집안일,1인 가구 청소; 원룸 청소; 창문 청소; 집안일 효율; 청소 루틴,1인 가구 창문 청소; 원룸 창문 먼지; 창문 물때 제거; 안전한 창문 닦기; 쉬운 창문 청소,"혼자 사는 당신, 답답한 원룸 창문 밖 뿌연 먼지와 물때? 딱 30분, 안전하게 시야 트는 초간단 청소법 | 혼삶노트","혼자 사는 직장인, 퇴근 후 뿌연 창문 때문에 답답하신가요? 안전하게 30분 만에 원룸 창문 먼지와 물때를 제거하고 맑은 시야를 되찾는 현실적인 청소법을 알려드립니다.",질문형,1인 가구 창문 청소,원룸 창문 먼지; 창문 물때 제거; 안전한 창문 닦기; 쉬운 창문 청소,낮음,청소도구·시간절약,아니오,예,아니오,2026-07-30-cleaning-25; 2026-08-07-cleaning-auto-40f096; 2026-07-31-cleaning-79; 2026-08-03-cleaning-auto-d96324; 2026-08-04-cleaning-auto-0b0c02; 2026-08-06-cleaning-auto-858326,아니오,유지,1인 가구 창문 청소 알아보기,"혼자 사는 원룸 창문 청소, 생각보다",77,아니오,,,,
2026-08-06-cleaning-auto-907063,"혼자 사는 당신, 현관문 열자마자 신발장 냄새에 미간 찌푸린다고요? 10분 만에 꿉꿉한 냄새 싹 잡고 쾌적하게 만드는 현실 솔루션",https://honsamnote.co.kr/blog/2026-08-06-cleaning-auto-907063/,cleaning,청소·세탁·집안일,신발장 냄새; 현관 냄새; 1인 가구 청소; 생활 꿀팁; 탈취,신발 냄새 제거; 신발장 관리; 꿉꿉한 냄새; 원룸 청소; 혼자 사는 집안일,"혼자 사는 당신, 현관문 열자마자 신발장 냄새에 미간 찌푸린다고요? 10분 만에 꿉꿉한 냄새 싹 잡고 쾌적하게 만드는 현실 솔루션 | 혼삶노트","퇴근 후 현관을 열었을 때 코를 찌르는 신발장 냄새! 혼자 사는 당신의 작은 공간을 상쾌하게 만들, 꿉꿉한 신발장 냄새 완벽 제거 및 예방 현실 가이드입니다.",질문형,신발 냄새 제거,신발장 관리; 꿉꿉한 냄새; 원룸 청소; 혼자 사는 집안일,낮음,냄새 제거,예,예,예,2026-08-01-cleaning-auto-48265b; 2026-08-09-cleaning-auto-e21eb5; 2026-08-14-cleaning-auto-0fc7dd; 2026-07-30-cleaning-67; 2026-08-06-cleaning-auto-e80db8; 2026-08-07-cleaning-auto-c3121d,아니오,유지,신발 냄새 제거 알아보기,"지금 당장 신발장 냄새로 고통받고 있다면, 가장 먼저 할 일은 **신발장 문을 활짝 열어 환기시키고, 신발 중 축축하거나 젖어있는 신발이 있다면 즉시 빼서 통풍이 잘 되는 곳에 말리는 것**입니다.",77,아니오,,,,
2026-08-06-food-auto-3a64d3,"혼자 사는 직장인, 국/찌개 한 번 끓이면 일주일 내내 먹어야 할 때? 질리지 않고 맛있게 즐기는 현명한 대용량 조리 & 소분법",https://honsamnote.co.kr/blog/2026-08-06-food-auto-3a64d3/,food,혼밥·식재료 관리,혼밥; 식재료 관리; 냉동 보관; 식비 절약; 시간 절약,1인 가구 국; 1인 가구 찌개; 국 냉동; 찌개 소분; 대용량 요리,"혼자 사는 직장인, 국/찌개 한 번 끓이면 일주일 내내 먹어야 할 때? 질리지 않고 맛있게 즐기는 현명한 대용량 조리 & 소분법 | 혼삶노트","1인 가구 직장인이 국/찌개를 한 번에 많이 끓였다가 버리지 않고, 매일 질리지 않게 다 먹는 현실적인 대용량 조리, 소분, 활용 노하우를 알려드립니다.",질문형,1인 가구 국,1인 가구 찌개; 국 냉동; 찌개 소분; 대용량 요리,낮음,냉동·소분,아니오,예,예,2026-07-30-food-10; 2026-08-03-food-auto-b8f8a0; 2026-08-08-food-auto-89ea49; 2026-08-01-food-auto-976f1b; 2026-08-08-food-auto-476c5f; 2026-08-09-food-auto-937ea1,아니오,유지,1인 가구 국 알아보기,혼자 사는 직장인이 국/찌개를 대용량으로 끓였다가 버리지 않고 질리지 않게 다,77,아니오,,,,
2026-08-06-housing-auto-5c27e6,"혼자 사는 직장인, 해외 파견/장기 출장 갈 때? 내 원룸 현명하게 단기 임대주고 돈 버는 법",https://honsamnote.co.kr/blog/2026-08-06-housing-auto-5c27e6/,housing,주거·계약·이사,1인 가구; 주거; 계약; 월세; 전대차; 단기 임대; 보증금; 이사,혼자 사는 직장인 장기 출장; 원룸 단기 임대; 전월세 전대차; 집주인 동의; 빈집 월세 아낄 때; 1인 가구 주거 비용,"혼자 사는 직장인, 해외 파견/장기 출장 갈 때? 내 원룸 현명하게 단기 임대주고 돈 버는 법 | 혼삶노트","장기 부재 시 비어있는 원룸 월세가 아깝다면? 무작정 단기 임대놓기 전, 계약 위반 없이 안전하게 내 돈 지키는 현실적인 방법을 알려드립니다.",질문형,혼자 사는 직장인 장기 출장,원룸 단기 임대; 전월세 전대차; 집주인 동의; 빈집 월세 아낄 때; 1인 가구 주거 비용,낮음,집주인 문제,아니오,예,예,2026-08-10-housing-auto-4bca9b; 2026-08-01-housing-auto-ace922; 2026-08-06-housing-auto-778093; 2026-08-08-housing-auto-4e32dc; 2026-07-31-housing-71; 2026-08-03-housing-auto-5b4f05,아니오,유지,혼자 사는 직장인 장기 출장 알아보기,의 원룸이나 오피스텔을 임대인(집주인)의 동의 없이 다른 사람에게 **무단으로 단기 임대(전대차)하는 것은 절대 금물**입니다.,77,예,,,,
2026-08-06-housing-auto-778093,"혼자 사는 직장인, 우리 집 안전 지킴이! 디지털 도어락 vs 보조키, 내게 맞는 현명한 선택은?",https://honsamnote.co.kr/blog/2026-08-06-housing-auto-778093/,housing,주거·계약·이사,주거 안전; 1인 가구; 도어락; 보조키; 전월세 팁,혼자 사는 집 안전; 디지털 도어락 추천; 보조키 설치; 전월세 도어락; 집주인 동의,"혼자 사는 직장인, 우리 집 안전 지킴이! 디지털 도어락 vs 보조키, 내게 맞는 현명한 선택은? | 혼삶노트","혼자 사는 직장인의 불안한 귀갓길, 우리 집 보안 강화 고민? 디지털 도어락과 보조키 중 무엇을 선택해야 할지 시간과 돈을 아껴 현명하게 결정하는 가이드를 제시합니다.",질문형,혼자 사는 집 안전,디지털 도어락 추천; 보조키 설치; 전월세 도어락; 집주인 동의,낮음,집주인 문제,아니오,예,아니오,2026-08-06-housing-auto-5c27e6; 2026-07-31-housing-71; 2026-08-04-housing-auto-24e082; 2026-08-04-housing-auto-e8de0c; 2026-08-10-housing-auto-4bca9b; 2026-08-14-safety-auto-f47696,아니오,유지,혼자 사는 집 안전 알아보기,"혼자 사는 직장인의 불안을 덜어줄 현관 보안 강화는 **'집주인 동의'를 최우선으로, '개인의 생활 패턴과 예산'에 맞춰 디지털 도어락 또는 보조키 중 하나를 선택하는 것**이 가장 현명합니다.",77,예,,,,
2026-08-06-lifestyle-auto-7d8463,"혼자 사는 직장인, 퇴근 후 적당한 외부 활동 찾기가 망설여진다면? 소규모 취미 클래스 vs. 단기 체험 모임, 나에게 맞는 선택 기준",https://honsamnote.co.kr/blog/2026-08-06-lifestyle-auto-7d8463/,lifestyle,관계·고립·생활 리듬,1인 가구; 직장인; 관계; 고립; 생활 리듬; 취미 활동; 소셜 활동; 시간 관리,혼자 사는 직장인; 퇴근 후 활동; 소규모 취미; 단기 체험; 고립감 해소; 생활 리듬; 관계 최적화; 시간 아끼기,"혼자 사는 직장인, 퇴근 후 적당한 외부 활동 찾기가 망설여진다면? 소규모 취미 클래스 vs. 단기 체험 모임, 나에게 맞는 선택 기준 | 혼삶노트","혼자 사는 직장인, 퇴근 후 외부 활동은 하고 싶은데 에너지는 부족하고 관계 부담은 클 때, 소규모 취미 클래스와 단기 체험 모임 중 나에게 더 맞는 활동을 선택하는 현실적인 가이드.",질문형,혼자 사는 직장인,퇴근 후 활동; 소규모 취미; 단기 체험; 고립감 해소; 생활 리듬; 관계 최적화; 시간 아끼기,낮음,관계 관리,예,예,아니오,2026-08-03-lifestyle-auto-7c20c0; 2026-08-06-lifestyle-auto-dd68b0; 2026-08-01-lifestyle-auto-976633; 2026-08-10-lifestyle-auto-3e13f1; 2026-08-01-lifestyle-auto-ab470f; 2026-08-04-lifestyle-auto-fd9e87,아니오,유지,혼자 사는 직장인 알아보기,혼자 사는 직장인에게 퇴근 후 외부 활동은 '내 에너지 잔량'과 '활동 지속 가능성'을 기준으로 선택해야 합니다.,77,아니오,,,,
2026-08-06-lifestyle-auto-dd68b0,"혼자 사는 직장인, 친구 커플/가족 모임 초대받았을 때 어색함 없이 즐기는 현실 가이드",https://honsamnote.co.kr/blog/2026-08-06-lifestyle-auto-dd68b0/,lifestyle,관계·고립·생활 리듬,1인 가구; 직장인; 관계; 사회생활; 고립감; 인간관계,혼자 사는 직장인; 커플 모임; 가족 모임; 어색함; 관계 유지; 사회적 피로,"혼자 사는 직장인, 친구 커플/가족 모임 초대받았을 때 어색함 없이 즐기는 현실 가이드 | 혼삶노트","혼자 사는 직장인이라면 친구 부부, 가족 모임 초대에 망설여질 때가 있습니다. 어색함을 극복하고 나도 상대방도 편안하게 즐기는 방법을 알려드립니다.",문제해결형,혼자 사는 직장인,커플 모임; 가족 모임; 어색함; 관계 유지; 사회적 피로,낮음,관계 관리,예,예,아니오,2026-08-06-lifestyle-auto-7d8463; 2026-08-03-lifestyle-auto-7c20c0; 2026-08-04-lifestyle-auto-fd9e87; 2026-08-11-lifestyle-auto-0f05f0; 2026-08-01-lifestyle-auto-976633; 2026-08-01-lifestyle-auto-ab470f,아니오,유지,혼자 사는 직장인 해결 방법,초대는 반가운 마음으로 받았다는 표시입니다.,77,아니오,,,,
2026-08-06-safety-auto-21374d,"혼자 사는 당신, 늦은 밤 위층/옆집 소음 때문에 잠 못 들 때: 감정 소모 없이 안전하게 대처하는 현실적인 방법",https://honsamnote.co.kr/blog/2026-08-06-safety-auto-21374d/,safety,안전·응급상황,층간소음; 이웃갈등; 주거안전; 1인_가구; 생활팁,층간소음 대처; 이웃소음 해결; 1인 가구 층간소음; 아파트 소음; 오피스텔 소음,"혼자 사는 당신, 늦은 밤 위층/옆집 소음 때문에 잠 못 들 때: 감정 소모 없이 안전하게 대처하는 현실적인 방법 | 혼삶노트","혼자 사는 당신, 늦은 밤 이웃 소음으로 고통받고 있나요? 감정 소모 없이 상황을 기록하고, 관리사무소에 도움을 요청하며, 필요한 경우 법적 절차까지 안전하게 진행하는 현실적인 대처법을 알려드립니다.",방법형,층간소음 대처,이웃소음 해결; 1인 가구 층간소음; 아파트 소음; 오피스텔 소음,낮음,안전·응급상황 기타,예,예,예,2026-08-14-safety-auto-2f3ee3; 2026-07-30-safety-38; 2026-08-01-safety-auto-4f0708; 2026-08-07-safety-auto-7d0e1d; 2026-08-07-safety-auto-7d89fc; 2026-08-08-safety-auto-55b509,아니오,유지,층간소음 대처 방법,"지금 당장 소음이 너무 심하고 참기 어렵다면, **감정을 앞세우기보다",77,아니오,,,,
2026-08-06-storage-auto-ae69e9,"1인 가구 직장인, 좁은 주방에 쌓여가는 식료품 때문에 답답하다면? 틈새 선반 vs. 이동식 트롤리, 현명하게 고르는 법",https://honsamnote.co.kr/blog/2026-08-06-storage-auto-ae69e9/,storage,좁은 집과 수납,1인 가구; 주방 수납; 식료품 정리; 좁은 집; 공간 활용,틈새 선반; 이동식 트롤리; 주방 정리; 1인 가구 수납; 효율적인 주방,"1인 가구 직장인, 좁은 주방에 쌓여가는 식료품 때문에 답답하다면? 틈새 선반 vs. 이동식 트롤리, 현명하게 고르는 법 | 혼삶노트","좁은 1인 가구 주방, 쌓여가는 식료품 때문에 답답하다면? 틈새 선반과 이동식 트롤리의 장단점을 비교하고, 내게 맞는 수납 솔루션을 찾아보세요.",질문형,틈새 선반,이동식 트롤리; 주방 정리; 1인 가구 수납; 효율적인 주방,낮음,주방 수납,아니오,예,아니오,2026-08-03-storage-auto-747118; 2026-08-08-storage-auto-55b81f; 2026-08-09-storage-auto-b05c4f; 2026-08-14-storage-auto-fcf546; 2026-08-07-storage-auto-3c236f; 2026-08-11-storage-auto-9064d7,아니오,유지,틈새 선반 알아보기｜좁은 집과 수납,"좁은 1인 가구 주방의 식료품 수납 문제는 당신의 주방 동선, 보관할 식료품의 종류와 양, 그리고 생활 패턴에 따라 해답이 달라집니다.",77,아니오,,,,
2026-08-07-cleaning-auto-40f096,"혼자 사는 당신, 퇴근 후 쌓이는 집안일 부담? 가사도우미 vs. 직접 청소, 현명한 선택 기준",https://honsamnote.co.kr/blog/2026-08-07-cleaning-auto-40f096/,cleaning,청소·세탁·집안일,1인 가구 청소; 집안일 효율화; 가사도우미; 셀프 청소; 시간 절약; 워라밸,1인 가구 청소; 가사 서비스; 집안일 스트레스; 청소 루틴; 워라밸,"혼자 사는 당신, 퇴근 후 쌓이는 집안일 부담? 가사도우미 vs. 직접 청소, 현명한 선택 기준 | 혼삶노트","바쁜 1인 가구 직장인, 퇴근 후 밀린 집안일에 지쳐 있다면 주목하세요. 가사도우미 서비스와 직접 청소 중 어떤 방법이 당신의 시간과 돈, 스트레스를 최적화할지 현실적인 선택 기준을 제시합니다.",질문형,1인 가구 청소,가사 서비스; 집안일 스트레스; 청소 루틴; 워라밸,낮음,청소도구·시간절약,아니오,예,예,2026-07-31-cleaning-79; 2026-08-06-cleaning-auto-858326; 2026-07-30-cleaning-25; 2026-08-05-cleaning-auto-b9c84f; 2026-08-03-cleaning-auto-d96324; 2026-08-04-cleaning-auto-0b0c02,아니오,유지,1인 가구 청소 알아보기,"혼자 사는 직장인에게 집안일은 피할 수 없는 현실이자, 시간과 에너지 소모의 주범입니다.",77,아니오,,,,
2026-08-07-safety-auto-7d0e1d,"혼자 사는 당신, 쓰러지거나 의식 없을 때: 스마트 비상 연락 시스템 vs. 비상 키 공유, 어떤 대비책이 나에게 맞을까?",https://honsamnote.co.kr/blog/2026-08-07-safety-auto-7d0e1d/,safety,안전·응급상황,1인 가구 안전; 비상 연락; 응급 상황; 스마트홈; 키 보관,1인 가구 응급; 혼자 살 때 안전; 비상 연락 시스템; 비상 키 공유; 스마트 비상벨; 안전 대책,"혼자 사는 당신, 쓰러지거나 의식 없을 때: 스마트 비상 연락 시스템 vs. 비상 키 공유, 어떤 대비책이 나에게 맞을까? | 혼삶노트","혼자 사는 직장인, 집에서 응급 상황 시 연락 두절되거나 도움받기 어려울까 걱정되나요? 스마트 시스템과 비상 키 공유, 현실적인 장단점 비교로 최적의 대비책을 찾아드립니다.",질문형,1인 가구 응급,혼자 살 때 안전; 비상 연락 시스템; 비상 키 공유; 스마트 비상벨; 안전 대책,낮음,안전·응급상황 기타,예,예,아니오,2026-08-07-safety-auto-7d89fc; 2026-07-30-safety-38; 2026-08-01-safety-auto-4f0708; 2026-08-06-safety-auto-21374d; 2026-08-06-safety-auto-9df39e; 2026-08-08-safety-auto-55b509,아니오,유지,1인 가구 응급 알아보기,"집에서 갑작스러운 응급 상황으로 의식을 잃거나 거동이 불가능할 때, 나를 도와줄 사람이 집 안으로 들어올 수 있도록 '접근 방법'과 '연락 방법'을 미리 마련하는 것이 핵심입니다.",77,아니오,,,,
2026-08-08-food-auto-476c5f,"혼자 사는 직장인, 매일 밥하기 귀찮을 때: 직접 지어 냉동밥 vs. 즉석밥, 당신의 시간과 밥맛을 위한 현명한 선택",https://honsamnote.co.kr/blog/2026-08-08-food-auto-476c5f/,food,혼밥·식재료 관리,혼밥; 식재료 관리; 냉동밥; 즉석밥; 식비 절약; 시간 절약,1인 가구 밥; 냉동밥 만드는 법; 즉석밥 비교; 혼자 밥해먹기; 밥솥 활용,"혼자 사는 직장인, 매일 밥하기 귀찮을 때: 직접 지어 냉동밥 vs. 즉석밥, 당신의 시간과 밥맛을 위한 현명한 선택 | 혼삶노트","혼자 사는 직장인을 위한 밥 해결 전략! 매일 밥하기 번거로울 때, 직접 지어 냉동밥과 즉석밥 중 어떤 선택이 당신의 시간과 지갑, 그리고 밥맛을 만족시킬지 현실적으로 비교 분석합니다.",비교형,1인 가구 밥,냉동밥 만드는 법; 즉석밥 비교; 혼자 밥해먹기; 밥솥 활용,낮음,장보기·식비절약,아니오,예,아니오,2026-08-01-food-auto-0f5d02; 2026-08-04-food-auto-c6481a; 2026-08-10-food-auto-d3517e; 2026-08-01-food-auto-2c9171; 2026-08-04-food-auto-908ca9; 2026-08-08-food-auto-0ac2e1,아니오,유지,1인 가구 밥 비교,혼자 사는 직장인이 밥 고민에서 벗어나는 가장 현실적인 방법은 크게 두 가지입니다.,77,아니오,,,,
2026-08-08-food-auto-89ea49,"혼자 사는 직장인, 두부 한 모 앞에서 망설일 때: 버리지 않고 끝까지 신선하게 즐기는 구매부터 보관, 활용법",https://honsamnote.co.kr/blog/2026-08-08-food-auto-89ea49/,food,혼밥·식재료 관리,혼밥; 식재료 관리; 두부; 1인 가구; 식재료 낭비 방지; 냉동 보관,1인 가구 두부; 두부 보관법; 두부 소분; 냉동 두부 활용; 혼밥 식단; 식재료 절약,"혼자 사는 직장인, 두부 한 모 앞에서 망설일 때: 버리지 않고 끝까지 신선하게 즐기는 구매부터 보관, 활용법 | 혼삶노트","1인 가구 직장인을 위한 두부 한 모 현명한 구매부터 소분, 보관, 활용까지! 건강하고 알뜰하게 두부 한 모를 완벽히 소비하는 현실적인 가이드. 낭비 없이 맛있게 두부를 즐겨보세요.",문제해결형,1인 가구 두부,두부 보관법; 두부 소분; 냉동 두부 활용; 혼밥 식단; 식재료 절약,낮음,냉동·소분,아니오,예,예,2026-07-30-food-10; 2026-08-03-food-auto-b8f8a0; 2026-08-01-food-auto-976f1b; 2026-08-06-food-auto-3a64d3; 2026-07-30-food-15; 2026-08-04-food-auto-908ca9,아니오,유지,1인 가구 두부 해결 방법,혼자 사는 직장인에게 두부는 '소분 후 냉동 보관'이 가장 효과적이고 현실적인 해결책입니다.,77,아니오,,,,
2026-08-08-safety-auto-55b509,"혼자 사는 당신, 작은 부상에도 덜컥 겁나는 순간: DIY 구급상자 vs. 시판 기성품, 나에게 맞는 선택은?",https://honsamnote.co.kr/blog/2026-08-08-safety-auto-55b509/,safety,안전·응급상황,1인 가구; 안전; 응급처치; 구급상자; 비상용품,1인 가구 구급상자; 혼자 사는 사람 응급처치; DIY 구급상자; 시판 구급상자 비교; 응급용품 준비,"혼자 사는 당신, 작은 부상에도 덜컥 겁나는 순간: DIY 구급상자 vs. 시판 기성품, 나에게 맞는 선택은? | 혼삶노트","혼자 사는 당신을 위한 구급상자 필수 가이드. 갑작스러운 부상에 당황하지 않도록, 직접 꾸리는 DIY 상자와 시판 기성품 중 나에게 맞는 최적의 선택을 알려드립니다.",질문형,1인 가구 구급상자,혼자 사는 사람 응급처치; DIY 구급상자; 시판 구급상자 비교; 응급용품 준비,낮음,안전·응급상황 기타,예,예,예,2026-07-30-safety-38; 2026-08-01-safety-auto-4f0708; 2026-08-08-safety-auto-9834c4; 2026-07-30-safety-34; 2026-08-04-safety-auto-61ce38; 2026-08-07-safety-auto-580f1f,아니오,유지,1인 가구 구급상자 알아보기,"작은 부상에도 덜컥 겁나는 당신이라면, 비상시를 대비해 구급상자를 꼭 갖춰두어야 합니다.",77,아니오,,,,
2026-08-08-safety-auto-9834c4,"혼자 사는 당신, 냉장고 속 식재료 유통기한 때문에 고민될 때: 식중독 걱정 없이 안전하게 관리하고 섭취하는 현실적인 방법",https://honsamnote.co.kr/blog/2026-08-08-safety-auto-9834c4/,safety,안전·응급상황,1인 가구; 식재료 관리; 유통기한; 소비기한; 식중독 예방; 냉장고 정리; 음식물 쓰레기,1인 가구 식재료; 유통기한; 소비기한; 식중독 예방; 냉장고 관리; 음식물 쓰레기 줄이기; 혼자 사는 식생활,"혼자 사는 당신, 냉장고 속 식재료 유통기한 때문에 고민될 때: 식중독 걱정 없이 안전하게 관리하고 섭취하는 현실적인 방법 | 혼삶노트","혼자 사는 당신의 냉장고, 유통기한 지난 식재료 때문에 고민이 많죠? 식중독 걱정 없이 안전하게 먹고, 낭비 없이 알뜰하게 살림하는 현실적인 식재료 관리법을 알려드립니다.",방법형,1인 가구 식재료,유통기한; 소비기한; 식중독 예방; 냉장고 관리; 음식물 쓰레기 줄이기; 혼자 사는 식생활,낮음,안전·응급상황 기타,예,예,예,2026-08-01-food-auto-976f1b; 2026-08-07-food-auto-bb56bf; 2026-08-07-products-auto-462713; 2026-08-07-food-auto-13d75f; 2026-07-30-food-12; 2026-07-30-food-16,아니오,유지,1인 가구 식재료 방법,"이 냉장고 속 식재료를 안전하고 효율적으로 관리하려면, **‘유통기한’과 ‘소비기한’의 차이를 정확히 이해하고, 식재료별 올바른 보관법을 실천하며, 주기적인 냉장고 정리 루틴을 만드는 것이 핵심**입니다.",77,아니오,,,,
2026-08-08-storage-auto-55b81f,"1인 가구 직장인, 좁은 주방 '부피 큰 팬·냄비' 때문에 서랍 열기 무섭다면? '프라이팬 정리대 vs 서랍 디바이더 vs 스태킹' 현명하게 고르는 법 비교",https://honsamnote.co.kr/blog/2026-08-08-storage-auto-55b81f/,storage,좁은 집과 수납,1인 가구; 좁은 집; 주방 수납; 팬 정리; 냄비 정리; 살림 노하우; 생활 최적화,1인 가구 주방 수납; 프라이팬 정리; 냄비 수납; 좁은 주방 최적화; 스태킹; 서랍 디바이더; 팬 정리대,"1인 가구 직장인, 좁은 주방 '부피 큰 팬·냄비' 때문에 서랍 열기 무섭다면? '프라이팬 정리대 vs 서랍 디바이더 vs 스태킹' 현명하게 고르는 법 비교 | 혼삶노트","좁은 1인 가구 주방에서 골칫덩이인 팬과 냄비 수납! 코팅 손상 없이, 쉽게 꺼내 쓰고, 깔끔하게 정리하는 세 가지 현실적인 수납 솔루션을 비교해 당신에게 맞는 최적의 방법을 찾아보세요.",질문형,1인 가구 주방 수납,프라이팬 정리; 냄비 수납; 좁은 주방 최적화; 스태킹; 서랍 디바이더; 팬 정리대,낮음,주방 수납,아니오,예,아니오,2026-08-09-storage-auto-b05c4f; 2026-08-03-storage-auto-747118; 2026-08-06-storage-auto-ae69e9; 2026-08-14-storage-auto-fcf546; 2026-08-01-storage-auto-f1fb81; 2026-08-07-storage-auto-3c236f,아니오,유지,1인 가구 주방 수납 알아보기,"당신의 좁은 주방에서 부피 큰 팬과 냄비로 인한 스트레스를 끝내고 싶다면, 먼저 현재 당신의 주방 수납 공간 형태와 보유한 팬/냄비의 개수를 파악해야 합니다.",77,아니오,,,,
2026-08-09-cleaning-auto-e21eb5,"혼자 사는 당신, 잠자리가 꿉꿉하고 간지럽다면? 매트리스 위생, 딱 30분이면 충분합니다!",https://honsamnote.co.kr/blog/2026-08-09-cleaning-auto-e21eb5/,cleaning,청소·세탁·집안일,매트리스 청소; 매트리스 관리; 1인 가구 청소; 침실 위생; 집안일 최적화,혼자 매트리스 청소; 매트리스 관리법; 매트리스 진드기; 매트리스 냄새 제거; 숙면,"혼자 사는 당신, 잠자리가 꿉꿉하고 간지럽다면? 매트리스 위생, 딱 30분이면 충분합니다! | 혼삶노트","혼자 사는 당신의 매트리스, 청소는 미루고 계신가요? 땀과 먼지로 가득한 매트리스는 숙면을 방해하고 건강에도 좋지 않습니다. 전문가 없이 집에서 30분 만에 쾌적하게 관리하는 현실적인 매트리스 청소법을 알려드립니다.",질문형,혼자 매트리스 청소,매트리스 관리법; 매트리스 진드기; 매트리스 냄새 제거; 숙면,낮음,냄새 제거,예,예,예,2026-08-06-cleaning-auto-907063; 2026-08-06-cleaning-auto-e80db8; 2026-07-30-cleaning-67; 2026-08-01-cleaning-auto-48265b; 2026-08-07-cleaning-auto-c3121d; 2026-08-07-cleaning-auto-f340ae,아니오,유지,혼자 매트리스 청소 알아보기,매트리스는 최소 3개월에 한 번은 집에서 직접 청소하는 것이 좋습니다.,77,아니오,,,,
2026-08-09-storage-auto-b05c4f,"1인 가구 직장인, 좁은 주방 '에어프라이어·블렌더' 때문에 조리대가 좁다면? '2단/3단 선반 vs 인출식 선반' 현명하게 고르는 법 비교",https://honsamnote.co.kr/blog/2026-08-09-storage-auto-b05c4f/,storage,좁은 집과 수납,1인 가구; 좁은 집; 수납; 주방 수납; 소형 가전; 공간 최적화,1인 가구 주방 수납; 소형 가전 정리; 좁은 주방; 에어프라이어 수납; 블렌더 수납; 2단 선반; 인출식 선반,"1인 가구 직장인, 좁은 주방 '에어프라이어·블렌더' 때문에 조리대가 좁다면? '2단/3단 선반 vs 인출식 선반' 현명하게 고르는 법 비교 | 혼삶노트","좁은 1인 가구 주방, 에어프라이어, 블렌더 등 소형 주방 가전 때문에 조리대가 부족하다면? 조리대 위 2단/3단 선반과 싱크대 내부 인출식 선반 중 나에게 맞는 최적의 수납 솔루션을 찾아보세요.",질문형,1인 가구 주방 수납,소형 가전 정리; 좁은 주방; 에어프라이어 수납; 블렌더 수납; 2단 선반; 인출식 선반,낮음,주방 수납,아니오,예,아니오,2026-08-08-storage-auto-55b81f; 2026-08-03-storage-auto-747118; 2026-08-06-storage-auto-ae69e9; 2026-08-14-storage-auto-fcf546; 2026-08-05-storage-auto-c8c36f; 2026-08-07-storage-auto-3c236f,아니오,유지,1인 가구 주방 수납 알아보기,"좁은 주방 소형 가전 수납 문제는 '사용 빈도'와 '주방 구조', 그리고 '예산'에 따라 해결책이 달라집니다.",77,아니오,,,,
2026-08-10-food-auto-d3517e,"혼자 사는 직장인, 특정 요리 후 남은 '이색 소량 식재료' (고수, 코코넛 밀크 등): 버리지 않고 다음 끼니까지 알뜰하게 해치우는 현실 가이드",https://honsamnote.co.kr/blog/2026-08-10-food-auto-d3517e/,food,혼밥·식재료 관리,혼밥; 식재료 관리; 소량 식재료; 자투리 활용; 식비 절약,1인 가구 식재료; 혼자 사는 직장인; 이색 재료 활용; 코코넛 밀크 보관; 고수 보관,"혼자 사는 직장인, 특정 요리 후 남은 '이색 소량 식재료' (고수, 코코넛 밀크 등): 버리지 않고 다음 끼니까지 알뜰하게 해치우는 현실 가이드 | 혼삶노트","태국 카레 만들고 남은 코코넛 밀크, 타코에 쓰고 남은 고수 한 줌. 특정 요리에만 쓸 것 같아 애매한 이색 식재료를 버리지 않고 다른 요리에 현명하게 활용하는 현실적인 방법을 알려드립니다. 식비 절약은 덤!",문제해결형,1인 가구 식재료,혼자 사는 직장인; 이색 재료 활용; 코코넛 밀크 보관; 고수 보관,낮음,장보기·식비절약,아니오,예,예,2026-08-04-food-auto-908ca9; 2026-08-04-food-auto-c6481a; 2026-08-08-food-auto-476c5f; 2026-08-01-food-auto-0f5d02; 2026-08-01-food-auto-2c9171; 2026-08-13-food-auto-05f1fc,아니오,유지,1인 가구 식재료 해결 방법,"남은 이색 식재료를 발견했다면, **일단 ‘특정 요리의 전유물’이라는 생각부터 버리세요.** 대부분의 이색 식재료는 조연으로서 다른 요리의 풍미를 높이는 데 활용될 수 있습니다.",77,아니오,,,,
2026-08-10-housing-auto-4bca9b,"혼자 사는 직장인, 집주인이 내가 사는 집을 팔겠다고? 잦은 방문 요청에도 사생활 지키며 현명하게 대처하는 법",https://honsamnote.co.kr/blog/2026-08-10-housing-auto-4bca9b/,housing,주거·계약·이사,주거; 계약; 이사; 전월세; 부동산; 1인 가구; 직장인; 사생활 보호,전월세 매매; 집주인 집 판매; 부동산 집 보러옴; 세입자 권리; 집 보러올 때 대처,"혼자 사는 직장인, 집주인이 내가 사는 집을 팔겠다고? 잦은 방문 요청에도 사생활 지키며 현명하게 대처하는 법 | 혼삶노트","혼자 사는 집이 매물로 나왔을 때, 사생활 침해 걱정 없이 똑똑하게 집주인과 부동산에 대응하는 현실적인 방법을 알려드립니다.",질문형,전월세 매매,집주인 집 판매; 부동산 집 보러옴; 세입자 권리; 집 보러올 때 대처,낮음,집주인 문제,아니오,예,예,2026-08-06-housing-auto-5c27e6; 2026-08-01-housing-auto-ace922; 2026-08-07-housing-auto-5dd703; 2026-07-31-housing-71; 2026-08-01-housing-auto-abec0f; 2026-08-03-housing-auto-5b4f05,아니오,유지,전월세 매매 알아보기,갑작스러운 집 보러 오는 요청에 무작정 문을 열어줄 필요는 없습니다.,77,예,,,,
2026-08-10-lifestyle-auto-1dd1a3,"혼자 사는 직장인, 혹시 모를 상황에 대비한 긴급 연락처, 누구로 지정해야 할지 고민이라면? 나만의 스마트 비상 연락 시스템 구축 가이드",https://honsamnote.co.kr/blog/2026-08-10-lifestyle-auto-1dd1a3/,lifestyle,관계·고립·생활 리듬,1인 가구; 비상 연락처; 관계 최적화; 생활 안전; 위기 관리,1인 가구 긴급 연락처; 혼자 살 때 비상 연락망; 스마트 비상 시스템; 관계 관리; 직장인 생활 안전,"혼자 사는 직장인, 혹시 모를 상황에 대비한 긴급 연락처, 누구로 지정해야 할지 고민이라면? 나만의 스마트 비상 연락 시스템 구축 가이드 | 혼삶노트","혼자 사는 직장인이 갑작스러운 비상 상황에 당황하지 않도록, 믿을 수 있는 긴급 연락처를 체계적으로 지정하고 관리하는 현실적인 방법을 알려드립니다.",질문형,1인 가구 긴급 연락처,혼자 살 때 비상 연락망; 스마트 비상 시스템; 관계 관리; 직장인 생활 안전,낮음,관계 관리,예,예,예,2026-07-30-lifestyle-65; 2026-08-01-lifestyle-auto-976633; 2026-08-03-lifestyle-auto-7c20c0; 2026-08-04-lifestyle-auto-fd9e87; 2026-08-06-lifestyle-auto-7d8463; 2026-08-06-lifestyle-auto-dd68b0,아니오,유지,1인 가구 긴급 연락처 알아보기,"혼자 사는 직장인에게 '긴급 연락처'는 단순히 전화번호 몇 개가 아니라, 예상치 못한 상황에서 당신의 시간, 돈, 심지어 생명까지 지켜줄 수 있는 **'맞춤형 비상 안전망'**입니다.",77,아니오,,,,
2026-08-14-cleaning-auto-1ca76b,"혼자 사는 당신, 주방에 스멀스멀 올라오는 음식물 쓰레기 냄새? 음식물 처리기 vs. 기존 방식, 현명한 선택 기준",https://honsamnote.co.kr/blog/2026-08-14-cleaning-auto-1ca76b/,cleaning,청소·세탁·집안일,음식물 쓰레기; 음식물 처리기; 자취집안일; 주방위생; 생활비절약,음식물 처리; 음식물 쓰레기통; 음식물 처리기 추천; 음식물 쓰레기 봉투; 혼자살기 팁,"혼자 사는 당신, 주방에 스멀스멀 올라오는 음식물 쓰레기 냄새? 음식물 처리기 vs. 기존 방식, 현명한 선택 기준 | 혼삶노트","혼자 사는 사람에게도 골칫거리인 음식물 쓰레기 문제. 음식물 처리기를 사야 할까, 아니면 기존 방법으로 충분할까? 당신의 생활 패턴에 맞는 현명한 선택 기준을 제시합니다.",질문형,음식물 처리,음식물 쓰레기통; 음식물 처리기 추천; 음식물 쓰레기 봉투; 혼자살기 팁,낮음,냄새 제거,예,예,아니오,2026-08-06-cleaning-auto-e80db8; 2026-07-30-cleaning-67; 2026-08-01-cleaning-auto-48265b; 2026-08-06-cleaning-auto-907063; 2026-08-07-cleaning-auto-c3121d; 2026-08-07-cleaning-auto-f340ae,아니오,유지,음식물 처리 알아보기｜청소·세탁·집안일,"에게 음식물 처리기가 '필수템'이 될지, 아니면 '돈 낭비'가 될지는 **'음식물 쓰레기 발생량', '예산', '냄새 민감도', 그리고 '거주 공간'에 따라 180도 달라집니다.** 무턱대고 비싼 처리기를 들이기 전에, 이 글에서 제시하는 판단 기준을 통해 당신의 생활 패턴에…",77,아니오,,,,
2026-08-14-safety-auto-2f3ee3,"혼자 사는 당신, 겨울철 강추위에 갑자기 수도 동파가 걱정될 때: 당황하지 않고 예방하고 대처하는 현실적인 방법",https://honsamnote.co.kr/blog/2026-08-14-safety-auto-2f3ee3/,safety,안전·응급상황,수도동파; 겨울철안전; 비상대처; 혼자사는법; 생활팁,동파예방; 수도관동파; 수도얼었을때; 겨울철수도; 동파대처법,"혼자 사는 당신, 겨울철 강추위에 갑자기 수도 동파가 걱정될 때: 당황하지 않고 예방하고 대처하는 현실적인 방법 | 혼삶노트","겨울 한파, 혼자 사는 집에서 수도 동파는 큰 걱정거리입니다. 당황하지 않고 미리 예방하고, 만약 동파가 발생해도 안전하게 대처할 수 있는 현실적인 방법을 알려드립니다.",방법형,동파예방,수도관동파; 수도얼었을때; 겨울철수도; 동파대처법,낮음,안전·응급상황 기타,예,예,예,2026-08-06-safety-auto-21374d; 2026-07-30-safety-38; 2026-08-01-safety-auto-4f0708; 2026-08-07-safety-auto-7d0e1d; 2026-08-07-safety-auto-7d89fc; 2026-08-08-safety-auto-55b509,아니오,유지,동파예방 방법,겨울철 수도 동파는 무엇보다,77,아니오,,,,
2026-08-14-storage-auto-fcf546,"1인 가구 직장인, 좁은 주방 '넘쳐나는 텀블러·물병·도시락 통' 때문에 싱크대 문이 닫히지 않는다면? 깔끔하게 정리하고 위생적으로 쓰는 현실 수납법",https://honsamnote.co.kr/blog/2026-08-14-storage-auto-fcf546/,storage,좁은 집과 수납,1인 가구; 좁은 집 수납; 주방 수납; 텀블러 정리; 도시락 통 정리; 위생 수납,텀블러 수납; 물병 정리; 도시락 통 보관; 좁은 주방 정리; 싱크대 수납; 1인 가구 주방 최적화,"1인 가구 직장인, 좁은 주방 '넘쳐나는 텀블러·물병·도시락 통' 때문에 싱크대 문이 닫히지 않는다면? 깔끔하게 정리하고 위생적으로 쓰는 현실 수납법 | 혼삶노트","좁은 주방 싱크대장이나 선반에 텀블러, 물병, 도시락 통이 넘쳐나 문이 안 닫히는 문제, 깔끔하게 정리하고 위생적으로 보관하는 현실적인 방법을 알려드립니다.",질문형,텀블러 수납,물병 정리; 도시락 통 보관; 좁은 주방 정리; 싱크대 수납; 1인 가구 주방 최적화,낮음,주방 수납,아니오,예,예,2026-08-03-storage-auto-747118; 2026-08-06-storage-auto-ae69e9; 2026-08-08-storage-auto-55b81f; 2026-08-09-storage-auto-b05c4f; 2026-07-30-storage-20; 2026-08-04-storage-auto-28ed9d,아니오,유지,텀블러 수납 알아보기,"넘쳐나는 텀블러, 물병, 도시락 통 문제는 **사용 빈도에 따른 비움**과 **세로 수납을 활용한 공간 확보**, 그리고 **충분한 건조 과정**이 핵심입니다.",77,아니오,,,,
2026-07-30-cleaning-28,"퇴근 후 급하게 돌린 빨래, 쉰 냄새 고민 끝! 1인 가구를 위한 초간단 세탁 관리법",https://honsamnote.co.kr/blog/2026-07-30-cleaning-28/,cleaning,청소·세탁·집안일,빨래 쉰 냄새; 세탁 팁; 1인 가구 살림; 옷 관리; 집안일 효율,빨래 쉰 냄새 제거; 세탁기 냄새; 세탁 팁; 자취 살림; 옷 꿉꿉한 냄새,"퇴근 후 급하게 돌린 빨래, 쉰 냄새 고민 끝! 1인 가구를 위한 초간단 세탁 관리법 | 혼삶노트","혼자 사는 당신, 퇴근 후 힘들게 한 빨래에서 꿉꿉한 쉰 냄새가 난다고요? 세탁 후 발생하는 불쾌한 냄새의 원인을 파악하고, 세탁기 관리부터 효과적인 냄새 제거 방법까지 1인 가구에 최적화된 현실적인 해결책을 제시합니다. 시간과 돈 낭비 없이 뽀송한 빨래를 위한 실용적인 가이드로 지금 바로 꿉꿉한 냄새와 이별하세요.",문제해결형,빨래 쉰 냄새 제거,세탁기 냄새; 세탁 팁; 자취 살림; 옷 꿉꿉한 냄새,"높음 (2026-07-31-cleaning-74, 유사도 0.56)",세탁·옷관리,예,예,예,2026-08-04-cleaning-auto-123d17; 2026-07-31-cleaning-74; 2026-08-06-cleaning-auto-eb5789; 2026-08-08-cleaning-auto-e6a45e; 2026-08-01-cleaning-auto-070bfd; 2026-08-01-cleaning-auto-2b8bbd,아니오,유지,빨래 쉰 냄새 제거 해결 방법,", 퇴근 후 힘들게 한 빨래에서 꿉꿉한 쉰 냄새가 난다고요? 세탁 후 발생하는 불쾌한 냄새의 원인을 파악하고, 세탁기 관리부터 효과적인 냄새 제거 방법까지 1인 가구에 최적화된 현실적인 해결책을 제시합니다. 시간과 돈 낭비 없이 뽀송한 빨래를 위한 실용적인 가이드로 지금 바로…",73,아니오,,,,
2026-07-30-cost-4,"퇴근 후 지친 혼밥러, 매달 20만원 아끼는 배달비·식비 줄이는 생활 습관",https://honsamnote.co.kr/blog/2026-07-30-cost-4/,cost,생활비 최적화,1인가구; 생활비절약; 식비줄이기; 배달비절약; 자취생요리,혼자사는직장인식비; 배달비아끼는법; 식비절약루틴; 밀프렙; 생활비최적화,"퇴근 후 지친 혼밥러, 매달 20만원 아끼는 배달비·식비 줄이는 생활 습관 | 혼삶노트",바쁜 1인 가구 직장인을 위한 현실적인 배달비·식비 절약 가이드. 월 20만원 아끼는 식단 관리 습관으로 시간과 돈을 동시에 최적화하세요.,문제해결형,혼자사는직장인식비,배달비아끼는법; 식비절약루틴; 밀프렙; 생활비최적화,낮음,생활비 최적화 기타,아니오,예,예,2026-07-30-cost-70; 2026-07-30-cost-7; 2026-07-30-cost-8; 2026-07-30-cost-5; 2026-08-01-cost-auto-aa6f9d; 2026-08-01-cost-auto-e9d2d3,아니오,유지,혼자사는직장인식비 해결 방법,"결론부터 말씀드리자면, 혼자 사는 직장인도 충분히 배달비와 식비를 효과적으로 줄일 수 있습니다.",73,예,,,,
2026-07-30-cost-7,혼자 사는데 왜 이렇게 비싸지? 관리비 내역 파헤쳐 불필요한 지출 줄이는 법,https://honsamnote.co.kr/blog/2026-07-30-cost-7/,cost,생활비 최적화,생활비; 관리비; 절약; 1인가구; 자취; 돈,관리비 절약; 1인가구 관리비; 관리비 줄이는 법; 관리비 내역; 공용관리비,혼자 사는데 왜 이렇게 비싸지? 관리비 내역 파헤쳐 불필요한 지출 줄이는 법 | 혼삶노트,"매달 받아보는 관리비 고지서, 혼자 사는데 왜 이렇게 많이 나올까요? 불필요한 지출은 없는지 항목별로 꼼꼼히 뜯어보고 현명하게 관리비를 절약하는 현실적인 방법을 알려드립니다.",질문형,관리비 절약,1인가구 관리비; 관리비 줄이는 법; 관리비 내역; 공용관리비,낮음,생활비 최적화 기타,아니오,예,예,2026-07-30-cost-8; 2026-07-30-cost-4; 2026-07-30-cost-70; 2026-07-29-cost-1; 2026-07-30-cost-5; 2026-08-01-cost-auto-aa6f9d,아니오,유지,관리비 절약 알아보기,"관리비가 많이 나온다고 느낀다면, 가장 먼저 **고지서의 상세 내역을 꼼꼼히 확인하고 개별 사용량(전기, 수도, 가스)이 전월 또는 전년 동월 대비 과도하게 늘었는지 파악**해야 합니다.",73,아니오,,,,
2026-07-30-cost-70,"혼자 사는 직장인, 갑자기 늘어난 수도요금: 숨은 누수 찾고 해결하는 실전 가이드",https://honsamnote.co.kr/blog/2026-07-30-cost-70/,cost,생활비 최적화,수도요금; 생활비절약; 누수확인; 1인가구; 자취팁; 생활비최적화,수도요금 폭탄; 누수; 수도세 절약; 수도요금 감면; 혼자 사는 집 누수; 수도계량기 확인,"혼자 사는 직장인, 갑자기 늘어난 수도요금: 숨은 누수 찾고 해결하는 실전 가이드 | 혼삶노트","평소와 다른 수도요금 고지서에 당황하셨나요? 혼자 사는 직장인을 위한 갑작스러운 수도요금 폭탄의 원인을 찾고, 누수 확인부터 해결, 그리고 요금 감면 신청까지 현실적인 해결책을 제시합니다.",비용형,수도요금 폭탄,누수; 수도세 절약; 수도요금 감면; 혼자 사는 집 누수; 수도계량기 확인,낮음,생활비 최적화 기타,아니오,예,아니오,2026-07-30-cost-4; 2026-07-30-cost-7; 2026-07-30-cost-8; 2026-07-30-cost-5; 2026-08-01-cost-auto-aa6f9d; 2026-08-01-cost-auto-e9d2d3,아니오,유지,수도요금 폭탄 비용 정리,"수도요금이 갑자기 많이 나왔다면, 가장 먼저 **집 안 어딘가에 '누수'가 있는지 확인하는 것이 중요합니다.** 모든 수도꼭지를 잠그고, 물을 전혀 사용하지 않는 상태에서 수도계량기의 바늘이나 숫자가 계속 움직이는지 점검하세요.",73,아니오,,,,
2026-07-30-cost-8,"혼자 사는 직장인, 월급은 통장을 스쳐갈 뿐? 나만의 적정 생활비 기준 세우고 지출 최적화하는 3단계",https://honsamnote.co.kr/blog/2026-07-30-cost-8/,cost,생활비 최적화,생활비; 1인 가구; 절약; 재테크; 가계부,1인 가구 생활비; 혼자 살 때 생활비; 직장인 생활비; 적정 생활비; 생활비 관리,"혼자 사는 직장인, 월급은 통장을 스쳐갈 뿐? 나만의 적정 생활비 기준 세우고 지출 최적화하는 3단계 | 혼삶노트",1인 가구 직장인이 매월 '월급 고갈'을 겪는다면? 막막한 생활비 고민을 해결하고 나만의 최적 지출 기준을 세워 돈을 아끼는 현실적인 3단계 방법을 알려드립니다.,질문형,1인 가구 생활비,혼자 살 때 생활비; 직장인 생활비; 적정 생활비; 생활비 관리,낮음,생활비 최적화 기타,아니오,예,예,2026-07-30-cost-7; 2026-07-29-cost-1; 2026-08-07-cost-auto-0c25d9; 2026-07-30-cost-3; 2026-07-30-cost-4; 2026-07-30-cost-70,아니오,유지,1인 가구 생활비 알아보기,혼자 사는 사람에게 '적정 생활비'라는 정해진 정답은 없습니다.,73,예,,,,
2026-07-30-food-12,"혼자 사는 당신, 냉장고 속 남은 음식 버릴지 말지 망설일 때, 안전하고 맛있게 활용하는 법",https://honsamnote.co.kr/blog/2026-07-30-food-12/,food,혼밥·식재료 관리,1인 가구; 혼밥; 식재료 관리; 남은 음식; 음식물 쓰레기,남은 음식 활용법; 혼밥 식재료; 냉장고 정리; 음식물 쓰레기 줄이기; 자취 요리 팁,"혼자 사는 당신, 냉장고 속 남은 음식 버릴지 말지 망설일 때, 안전하고 맛있게 활용하는 법 | 혼삶노트","1인 가구 냉장고에 쌓이는 남은 음식, 버릴까 말까 고민되시죠? 이 글에서는 남은 음식을 안전하게 보관하고 다음 끼니까지 맛있게 활용하는 현실적인 팁을 알려드립니다. 식재료 낭비와 음식물 쓰레기 걱정을 덜어보세요.",방법형,남은 음식 활용법,혼밥 식재료; 냉장고 정리; 음식물 쓰레기 줄이기; 자취 요리 팁,"높음 (2026-07-30-food-16, 유사도 0.64)",식재료 낭비 줄이기,예,예,아니오,2026-07-30-food-16; 2026-08-01-food-auto-174113; 2026-07-30-food-13; 2026-08-07-food-auto-0e8387; 2026-08-09-food-auto-937ea1; 2026-08-01-food-auto-8c9a71,아니오,유지,남은 음식 활용법 방법,"남은 음식은 무조건 버리거나, 반대로 무조건 아까워하며 끝까지 먹으려고 할 필요가 없습니다.",73,아니오,,,,
2026-07-30-food-13,"1인 가구, 남은 배달음식 버릴까? 다음 끼니까지 안전하게 보관하는 현실적인 팁",https://honsamnote.co.kr/blog/2026-07-30-food-13/,food,혼밥·식재료 관리,혼밥; 식재료 관리; 배달음식; 1인 가구; 냉장고 정리; 음식물 쓰레기,배달음식 보관; 남은 음식 처리; 1인 가구 식단; 자취 요리; 혼밥 생활 팁; 냉동 보관,"1인 가구, 남은 배달음식 버릴까? 다음 끼니까지 안전하게 보관하는 현실적인 팁 | 혼삶노트","배달음식, 혼자 먹기엔 너무 많죠? 남은 음식을 죄책감 없이, 안전하게 다음 끼니로 활용하는 1인 가구 맞춤 보관법을 알려드립니다. 시간과 돈을 아끼는 현명한 식재료 관리 팁을 얻어가세요.",질문형,배달음식 보관,남은 음식 처리; 1인 가구 식단; 자취 요리; 혼밥 생활 팁; 냉동 보관,"높음 (2026-08-06-food-auto-19b20f, 유사도 0.51)",식재료 낭비 줄이기,예,예,아니오,2026-07-30-food-12; 2026-07-30-food-16; 2026-08-03-food-auto-f85a75; 2026-08-07-food-auto-0e8387; 2026-08-07-food-auto-bb56bf; 2026-08-08-food-auto-2c836a,아니오,유지,배달음식 보관 알아보기,"남은 배달음식은 '최대한 빨리 소분하여 냉장/냉동 보관'하고, '1~2일 내 재섭취'하는 것이 가장 안전하고 현명한 방법입니다.",73,아니오,,,,
2026-07-30-food-16,"퇴근 후 요리하는 1인 가구, 냄새 없이 음식물 쓰레기 줄이는 현실적인 루틴",https://honsamnote.co.kr/blog/2026-07-30-food-16/,food,혼밥·식재료 관리,혼밥; 식재료 관리; 음식물 쓰레기; 1인 가구; 생활 최적화,음식물 쓰레기 처리; 음식물 쓰레기 줄이기; 혼밥 식재료; 자취 음식물 쓰레기; 1인 가구 살림,"퇴근 후 요리하는 1인 가구, 냄새 없이 음식물 쓰레기 줄이는 현실적인 루틴 | 혼삶노트","혼자 사는 직장인이라면 공감할 음식물 쓰레기 고민. 냄새, 비용, 번거로움까지 한 번에 해결! 식재료 관리부터 처리까지, 1인 가구에 최적화된 현실적인 음식물 쓰레기 줄이기 노하우를 공개합니다.",문제해결형,음식물 쓰레기 처리,음식물 쓰레기 줄이기; 혼밥 식재료; 자취 음식물 쓰레기; 1인 가구 살림,"높음 (2026-07-30-food-12, 유사도 0.64)",식재료 낭비 줄이기,예,예,아니오,2026-07-30-food-12; 2026-08-01-food-auto-174113; 2026-07-30-food-13; 2026-08-07-food-auto-0e8387; 2026-08-09-food-auto-937ea1; 2026-08-01-food-auto-8c9a71,아니오,유지,음식물 쓰레기 처리 해결 방법,"1인 가구의 음식물 쓰레기 고민, 결론부터 말씀드리면 '버리는 행위' 자체보다",73,아니오,,,,
2026-07-30-lifestyle-61,"혼자 사는 직장인, 퇴근 후 찾아오는 쓸쓸함을 현명하게 다루는 3단계 루틴",https://honsamnote.co.kr/blog/2026-07-30-lifestyle-61/,lifestyle,관계·고립·생활 리듬,1인 가구; 외로움; 관계 관리; 생활 리듬; 직장인,1인 가구 외로움; 퇴근 후 쓸쓸함; 혼자 살기; 외로움 극복; 직장인 생활,"혼자 사는 직장인, 퇴근 후 찾아오는 쓸쓸함을 현명하게 다루는 3단계 루틴 | 혼삶노트","퇴근 후 문득 찾아오는 외로움, 어떻게 관리해야 할까요? 혼자 사는 직장인이 일상 속에서 외로움을 극복하고 건강한 생활 리듬을 되찾는 현실적인 3단계 루틴을 알려드립니다.",문제해결형,1인 가구 외로움,퇴근 후 쓸쓸함; 혼자 살기; 외로움 극복; 직장인 생활,"높음 (2026-08-01-lifestyle-auto-b13421, 유사도 0.51)",외로움·고립감,예,예,아니오,2026-07-30-lifestyle-63; 2026-08-01-lifestyle-auto-b13421; 2026-07-30-lifestyle-59; 2026-08-03-lifestyle-auto-06c5e8; 2026-08-03-lifestyle-auto-dfa23e; 2026-08-07-lifestyle-auto-0b115c,아니오,유지,1인 가구 외로움 해결 방법,혼자 사는 직장인의 외로움은 피할 수 없는 자연스러운 감정입니다.,73,아니오,,,,
2026-07-30-lifestyle-66,"혼자 사는 당신, 옆집 소음에 지쳤다면 이웃과 '선'을 지키는 현실 관계 맺기",https://honsamnote.co.kr/blog/2026-07-30-lifestyle-66/,lifestyle,관계·고립·생활 리듬,1인 가구; 직장인; 이웃 관계; 소음; 생활 팁,혼자 살기 이웃; 이웃 갈등; 층간 소음; 옆집 소음; 1인 가구 관계,"혼자 사는 당신, 옆집 소음에 지쳤다면 이웃과 '선'을 지키는 현실 관계 맺기 | 혼삶노트",이웃과의 적절한 관계 설정은 혼자 사는 직장인의 평화로운 일상을 만듭니다. 불필요한 마찰 없이 최소한의 교류로 최적의 생활 환경을 만드는 현실적인 방법을 안내합니다.,문제해결형,혼자 살기 이웃,이웃 갈등; 층간 소음; 옆집 소음; 1인 가구 관계,낮음,이웃·층간소음,아니오,예,아니오,2026-08-07-lifestyle-auto-6e452d; 2026-08-06-storage-auto-239c0d; 2026-08-07-products-auto-074e7a; 2026-08-09-housing-auto-da13ec; 2026-08-13-lifestyle-auto-8d6b5e; 2026-07-30-lifestyle-59,아니오,유지,혼자 살기 이웃 해결 방법,"혼자 사는 직장인에게 이웃과의 관계는 ""서로에게 피해를 주지 않는 선에서, 최소한의 정보만 공유하며, 예의를 지켜 평화롭게 공존하는 것""이 최적의 목표입니다.",73,아니오,,,,
2026-07-30-products-52,"퇴근 후 지친 당신, 로봇청소기 정말 필요할까? 1인 가구에 딱 맞는 선택 기준",https://honsamnote.co.kr/blog/2026-07-30-products-52/,products,1인 가구 제품·서비스,1인 가구; 로봇청소기; 자취템; 살림팁; 가전제품,로봇청소기 추천; 1인 가구 로봇청소기; 로봇청소기 선택; 자취 청소; 혼자 살림,"퇴근 후 지친 당신, 로봇청소기 정말 필요할까? 1인 가구에 딱 맞는 선택 기준 | 혼삶노트","혼자 사는 직장인의 고질병, 퇴근 후 청소. 로봇청소기는 선택이 아닌 필수일까? 내 집 크기, 생활 패턴에 맞춰 합리적인 로봇청소기 고르는 법을 알려드립니다.",질문형,로봇청소기 추천,1인 가구 로봇청소기; 로봇청소기 선택; 자취 청소; 혼자 살림,낮음,청소가전,아니오,예,아니오,2026-08-05-products-auto-7a3772; 2026-07-30-products-58; 2026-07-31-products-77; 2026-08-08-products-auto-57c503; 2026-07-30-cleaning-32; 2026-08-03-cleaning-auto-d96324,아니오,유지,로봇청소기 추천 알아보기,"결론부터 말씀드리자면, 1인 가구에게 로봇청소기는 '삶의 질을 눈에 띄게 향상시켜 줄 수 있는' 훌륭한 생활 동반자입니다.",73,아니오,,,,
2026-07-30-products-58,"퇴근 후 지친 1인 가구 직장인, 쌓여가는 먼지 속에서 해방! 청소대행 서비스, 현명하게 선택하는 법",https://honsamnote.co.kr/blog/2026-07-30-products-58/,products,1인 가구 제품·서비스,1인 가구; 청소대행; 홈케어; 생활 최적화; 직장인 라이프,1인 가구 청소; 청소대행 서비스; 원룸 청소; 입주 청소; 이사 청소; 가사도우미 비용,"퇴근 후 지친 1인 가구 직장인, 쌓여가는 먼지 속에서 해방! 청소대행 서비스, 현명하게 선택하는 법 | 혼삶노트","혼자 사는 직장인을 위한 청소대행 서비스 심층 가이드. 바쁜 일상 속 깨끗한 집을 위한 필요성부터 업체 비교, 비용, 주의사항까지 현실적인 정보를 담았습니다.",비용형,1인 가구 청소,청소대행 서비스; 원룸 청소; 입주 청소; 이사 청소; 가사도우미 비용,낮음,청소가전,아니오,예,아니오,2026-08-05-products-auto-7a3772; 2026-08-08-products-auto-57c503; 2026-07-30-products-52; 2026-07-31-cleaning-79; 2026-07-31-products-77; 2026-08-09-cleaning-auto-c10b6d,아니오,유지,1인 가구 청소 비용 정리,혼자 사는 직장인에게 청소대행 서비스는 삶의 질을 현저히 높일 수 있는 현실적인 대안입니다.,73,아니오,,,,
2026-07-30-safety-34,"혼자 사는 내가 갑자기 아플 때, 응급실 가기 전 챙길 물건 최소화 리스트",https://honsamnote.co.kr/blog/2026-07-30-safety-34/,safety,안전·응급상황,1인 가구; 응급상황; 비상용품; 건강관리; 안전,응급실 준비물; 혼자 응급실; 비상 가방; 갑자기 아플 때; 1인 가구 안전,"혼자 사는 내가 갑자기 아플 때, 응급실 가기 전 챙길 물건 최소화 리스트 | 혼삶노트","혼자 사는 당신, 갑작스러운 응급 상황에 당황하지 마세요. 응급실 가기 전 반드시 챙겨야 할 최소한의 준비물과 대처 순서를 알려드립니다. 시간과 돈을 아끼는 현명한 1인 가구의 안전 가이드.",문제해결형,응급실 준비물,혼자 응급실; 비상 가방; 갑자기 아플 때; 1인 가구 안전,"높음 (2026-07-31-safety-73, 유사도 0.62)",응급상황 대처,예,예,예,2026-07-30-safety-41; 2026-07-31-safety-73; 2026-08-06-safety-auto-ec7c17; 2026-08-01-safety-auto-0466e2; 2026-08-04-safety-auto-ceca45; 2026-08-06-safety-auto-0b96ff,아니오,유지,응급실 준비물 해결 방법,"혼자서 응급실에 갈 때는 당황하지 않고, **신분증, 결제수단(카드), 휴대전화와 충전기, 그리고 평소 복용하는 약 정보** 이 네 가지만 최우선으로 챙기세요.",73,예,,,,
2026-07-30-storage-17,"직장인 원룸러, 좁은 집도 넓게 쓰는 '침실-거실' 공간분리 현실 가이드",https://honsamnote.co.kr/blog/2026-07-30-storage-17/,storage,좁은 집과 수납,원룸 공간분리; 좁은집 수납; 혼자살기; 1인 가구 인테리어,원룸 침실 분리; 원룸 거실 분리; 효율적인 공간 활용; 좁은 집 인테리어,"직장인 원룸러, 좁은 집도 넓게 쓰는 '침실-거실' 공간분리 현실 가이드 | 혼삶노트","원룸에 침실과 거실 구분이 없어 답답했다면 주목! 1~5년 차 직장인 원룸러를 위한 효율적인 공간분리 방법을 소개합니다. 가구 배치부터 파티션 활용까지, 좁은 집을 넓게 쓰는 현실적인 팁으로 혼자 사는 삶의 질을 높여보세요.",문제해결형,원룸 침실 분리,원룸 거실 분리; 효율적인 공간 활용; 좁은 집 인테리어,낮음,가전 배치·공간활용,아니오,예,아니오,2026-08-09-storage-auto-897697; 2026-07-30-storage-18; 2026-07-30-storage-19; 2026-07-30-storage-20; 2026-07-30-storage-21; 2026-07-30-storage-22,아니오,유지,원룸 침실 분리 해결 방법,원룸 공간 분리의 핵심은 '물리적 분리'보다,73,아니오,,,,
2026-07-30-storage-19,"1인 가구 직장인, 침대 밑 빈 공간에 짐 넣기 전 반드시 확인해야 할 3가지",https://honsamnote.co.kr/blog/2026-07-30-storage-19/,storage,좁은 집과 수납,1인가구; 수납; 공간활용; 원룸; 정리정돈,침대밑수납; 원룸수납; 좁은집수납; 공간최적화; 침대수납함,"1인 가구 직장인, 침대 밑 빈 공간에 짐 넣기 전 반드시 확인해야 할 3가지 | 혼삶노트","좁은 원룸의 침대 밑 공간, 무작정 채우기보다 효율적으로 활용해야 합니다. 수납 솔루션 선택 전 꼭 점검할 사항과 실제 생활 팁을 알려드립니다.",문제해결형,침대밑수납,원룸수납; 좁은집수납; 공간최적화; 침대수납함,"높음 (2026-08-07-storage-auto-54d5cd, 유사도 0.59)",원룸 전체 수납,예,예,아니오,2026-08-06-storage-auto-772373; 2026-08-01-storage-auto-f1fb81; 2026-08-06-storage-auto-53c51c; 2026-08-06-storage-auto-ddb1d8; 2026-08-07-storage-auto-6dca4b; 2026-08-07-storage-auto-ee20dc,아니오,유지,침대밑수납 해결 방법,"침대 밑 수납은 좁은 공간을 위한 유용한 해결책이지만, 무계획적으로 채우면 오히려 먼지 쌓인 짐을 방치하는 결과로 이어집니다.",73,아니오,,,,
2026-07-30-storage-20,"바쁜 1인 가구 직장인, 퇴근 후에도 어지러운 주방? 딱 3단계로 끝내는 현실적인 정리법",https://honsamnote.co.kr/blog/2026-07-30-storage-20/,storage,좁은 집과 수납,1인가구; 주방정리; 좁은집수납; 효율적인생활; 살림팁,1인 가구 주방; 원룸 주방 정리; 주방 수납 아이디어; 주방 비우기; 혼자 사는 집 정리,"바쁜 1인 가구 직장인, 퇴근 후에도 어지러운 주방? 딱 3단계로 끝내는 현실적인 정리법 | 혼삶노트","퇴근 후 어지러운 주방 때문에 스트레스받는 1인 가구를 위한 정리 가이드. 복잡한 수납용품 없이, 단 3단계 비움-분류-수납으로 주방을 효율적으로 만들고 시간과 돈을 절약하세요.",질문형,1인 가구 주방,원룸 주방 정리; 주방 수납 아이디어; 주방 비우기; 혼자 사는 집 정리,낮음,주방 수납,아니오,예,아니오,2026-08-03-storage-auto-747118; 2026-08-06-storage-auto-ae69e9; 2026-08-08-storage-auto-55b81f; 2026-08-09-storage-auto-b05c4f; 2026-08-14-storage-auto-fcf546; 2026-07-30-storage-22,아니오,유지,1인 가구 주방 알아보기,좁은 1인 가구 주방 정리는 새로운 수납용품을 사는 것부터 시작하는 것이 아닙니다.,73,아니오,,,,
2026-07-30-storage-22,"좁은 원룸 냉장고, 식재료 낭비 없이 깔끔하게 쓰는 현실 정리법",https://honsamnote.co.kr/blog/2026-07-30-storage-22/,storage,좁은 집과 수납,냉장고정리; 1인가구; 원룸수납; 식재료관리; 주방정리,작은냉장고정리; 1인가구냉장고; 식재료낭비; 냉장고수납팁; 효율적인주방,"좁은 원룸 냉장고, 식재료 낭비 없이 깔끔하게 쓰는 현실 정리법 | 혼삶노트",작은 냉장고에 식재료가 가득 차나요? 혼자 사는 당신을 위한 식재료 낭비 방지 및 효율적인 냉장고 정리 노하우를 공개합니다. 이제 유통기한 걱정은 그만!,문제해결형,작은냉장고정리,1인가구냉장고; 식재료낭비; 냉장고수납팁; 효율적인주방,낮음,좁은 집과 수납 기타,아니오,예,예,2026-07-30-storage-23; 2026-08-14-storage-auto-8ede60; 2026-08-03-storage-auto-9015de; 2026-08-10-storage-auto-48f5a4; 2026-07-30-storage-20; 2026-08-05-storage-auto-d93cd5,아니오,유지,작은냉장고정리 해결 방법,의 작은 냉장고를 식재료 낭비 없이 깔끔하게 유지하는 핵심은 **'주기적인 비움'과 '용도별 구획화'**입니다.,73,아니오,,,,
2026-07-30-storage-23,"이사 앞둔 1인 가구, 버릴 물건에 발목 잡혔다면? 손해 없이 후회 없이 짐 줄이는 현실 가이드",https://honsamnote.co.kr/blog/2026-07-30-storage-23/,storage,좁은 집과 수납,1인가구; 이사준비; 미니멀라이프; 수납정리; 좁은집,1인 가구 이사; 이사 짐 줄이기; 버릴 물건; 폐기물 스티커; 중고거래,"이사 앞둔 1인 가구, 버릴 물건에 발목 잡혔다면? 손해 없이 후회 없이 짐 줄이는 현실 가이드 | 혼삶노트",좁은 원룸에서 이사를 앞둔 1인 가구를 위한 현실적인 버리기 기술. 시간과 돈을 아끼면서 짐을 효율적으로 줄이고 새집에서 넓게 사는 방법을 단계별로 안내합니다.,질문형,1인 가구 이사,이사 짐 줄이기; 버릴 물건; 폐기물 스티커; 중고거래,낮음,좁은 집과 수납 기타,아니오,예,아니오,2026-07-30-storage-22; 2026-08-03-storage-auto-9015de; 2026-08-10-storage-auto-48f5a4; 2026-08-14-storage-auto-8ede60; 2026-08-08-housing-auto-8b0461; 2026-07-30-storage-19,아니오,유지,1인 가구 이사 알아보기,이사 전 짐을 줄이는 것은 선택이 아닌 필수입니다.,73,아니오,,,,
2026-07-30-storage-24,"자꾸 쌓이는 물건에 한숨 쉬는 1인 가구라면: '수납 용품, 이거 사야 할까?' 판단하는 3가지 기준",https://honsamnote.co.kr/blog/2026-07-30-storage-24/,storage,좁은 집과 수납,1인 가구; 수납; 정리; 좁은 집; 수납용품,1인 가구 수납; 수납용품 추천; 좁은 집 정리; 수납 기준; 원룸 수납,"자꾸 쌓이는 물건에 한숨 쉬는 1인 가구라면: '수납 용품, 이거 사야 할까?' 판단하는 3가지 기준 | 혼삶노트","혼자 사는 좁은 집, 수납 용품을 사도 정리가 안 된다면? 돈 낭비 없이 제대로 된 수납 시스템을 만드는 핵심 판단 기준을 제시합니다.",질문형,1인 가구 수납,수납용품 추천; 좁은 집 정리; 수납 기준; 원룸 수납,"높음 (2026-08-01-storage-auto-316ab0, 유사도 0.59)",원룸 전체 수납,예,예,아니오,2026-08-07-storage-auto-6dca4b; 2026-08-13-storage-auto-92e3bb; 2026-08-13-storage-auto-545d8d; 2026-08-01-storage-auto-316ab0; 2026-08-06-storage-auto-c14a3a; 2026-08-07-storage-auto-fcc47d,아니오,유지,1인 가구 수납 알아보기,"좁은 집에 수납 용품을 들이기 전에 반드시 기억해야 할 핵심은 **""물건을 위한 수납이 아닌, 공간을 위한 수납""** 이라는 점입니다.",73,아니오,,,,
2026-07-31-cleaning-74,"퇴근 후 빨래에서 쉰 냄새가 난다고? 세탁기 속 퀴퀴한 곰팡이 냄새, 이렇게 없애세요!",https://honsamnote.co.kr/blog/2026-07-31-cleaning-74/,cleaning,청소·세탁·집안일,세탁기청소; 1인가구; 자취꿀팁; 생활최적화; 집안일,세탁기 냄새; 세탁기 청소; 곰팡이 냄새; 빨래 쉰 냄새; 드럼세탁기 관리; 통돌이세탁기 관리,"퇴근 후 빨래에서 쉰 냄새가 난다고? 세탁기 속 퀴퀴한 곰팡이 냄새, 이렇게 없애세요! | 혼삶노트","세탁 후에도 꿉꿉한 쉰 냄새가 사라지지 않는 세탁기, 더 이상 방치하지 마세요. 1인 가구를 위한 쉽고 빠른 세탁기 냄새 제거법과 유지 관리 팁을 알려드립니다.",질문형,세탁기 냄새,세탁기 청소; 곰팡이 냄새; 빨래 쉰 냄새; 드럼세탁기 관리; 통돌이세탁기 관리,"높음 (2026-07-30-cleaning-28, 유사도 0.56)",세탁·옷관리,예,예,아니오,2026-08-08-cleaning-auto-3b9de2; 2026-07-30-cleaning-28; 2026-08-06-cleaning-auto-eb5789; 2026-08-08-cleaning-auto-e6a45e; 2026-08-01-cleaning-auto-b67a07; 2026-08-06-cleaning-auto-f4b529,아니오,유지,세탁기 냄새 알아보기,세탁기 냄새의 가장 흔한 원인은 바로 곰팡이와 세제 찌꺼기입니다.,73,아니오,,,,
2026-07-31-products-77,퇴근 후 로봇청소기만 돌렸는데도 먼지가 쌓인다고요? 혼자 사는 당신의 바닥 청소가 실패하는 진짜 이유,https://honsamnote.co.kr/blog/2026-07-31-products-77/,products,1인 가구 제품·서비스,1인가구; 로봇청소기; 청소팁; 시간절약; 살림노하우; 자취생활,1인가구 로봇청소기; 로봇청소기 먼지; 바닥 청소 효율; 혼자 사는 집 청소; 청소 실패 원인,퇴근 후 로봇청소기만 돌렸는데도 먼지가 쌓인다고요? 혼자 사는 당신의 바닥 청소가 실패하는 진짜 이유 | 혼삶노트,"혼자 사는 2545 직장인이라면 주목! 로봇청소기를 샀는데도 집이 늘 찝찝하다면, 그 진짜 원인과 시간, 돈을 아끼는 현실적인 바닥 청소 최적화 방법을 알려드립니다. 로봇청소기 활용법부터 보완책, 그리고 꼭 필요한 구매 가이드까지, 더 이상 청소로 스트레스받지 마세요!",질문형,1인가구 로봇청소기,로봇청소기 먼지; 바닥 청소 효율; 혼자 사는 집 청소; 청소 실패 원인,낮음,청소가전,아니오,예,아니오,2026-07-30-products-52; 2026-07-30-products-58; 2026-08-05-products-auto-7a3772; 2026-08-08-products-auto-57c503; 2026-08-07-products-auto-2fe4a8; 2026-08-07-products-auto-4602dc,아니오,유지,1인가구 로봇청소기 알아보기,"결론부터 말씀드리자면, 로봇청소기는 ""청소의 시작과 끝""이 아니라 ""일상적인 유지보수를 돕는 보조 도구""입니다.",73,아니오,,,,
2026-07-31-safety-72,"장기 출장/휴가, 혼자 사는 집을 비울 때 빈집털이, 고지서 폭탄 걱정 없이 안전하게 떠나는 법",https://honsamnote.co.kr/blog/2026-07-31-safety-72/,safety,안전·응급상황,1인 가구; 안전; 응급상황; 장기 출장; 여행 준비; 집 비울 때,혼자 사는 집 안전; 장기 부재 관리; 빈집털이 예방; 고지서 폭탄 방지; 1인 가구 생활 팁,"장기 출장/휴가, 혼자 사는 집을 비울 때 빈집털이, 고지서 폭탄 걱정 없이 안전하게 떠나는 법 | 혼삶노트","혼자 사는 당신, 장기간 집을 비우기 전 빈집털이부터 미납 고지서까지 걱정이 앞서나요? 시간과 돈 아끼는 현실적인 집 관리 팁으로 마음 편히 떠나세요.",문제해결형,혼자 사는 집 안전,장기 부재 관리; 빈집털이 예방; 고지서 폭탄 방지; 1인 가구 생활 팁,"높음 (2026-08-08-safety-auto-71a5f3, 유사도 0.57)",응급상황 대처,예,예,예,2026-08-08-safety-auto-71a5f3; 2026-07-30-safety-34; 2026-07-30-safety-41; 2026-08-04-safety-auto-61ce38; 2026-08-06-safety-auto-425601; 2026-08-06-safety-auto-ec7c17,아니오,유지,혼자 사는 집 안전 해결 방법,"불안한 마음은 잠시 접어두고, 가장 핵심적인 3가지만 먼저 기억하세요.",73,예,,,,
2026-07-31-safety-73,"혼자 사는 당신, 퇴근 후 갑자기 고열이 날 때 병원까지 안전하게 가는 현실적인 대처법",https://honsamnote.co.kr/blog/2026-07-31-safety-73/,safety,안전·응급상황,1인가구; 응급상황; 건강관리; 안전; 고열,혼자 고열; 1인가구 병원; 갑자기 아플 때; 열날 때 대처; 응급처치,"혼자 사는 당신, 퇴근 후 갑자기 고열이 날 때 병원까지 안전하게 가는 현실적인 대처법 | 혼삶노트","혼자 살면서 갑자기 고열이 난다면? 당황하지 마세요. 이 가이드는 체온 확인부터 병원 방문, 주변 연락까지 단계별로 혼자서도 안전하게 위기를 넘기는 현실적인 방법을 알려드립니다.",문제해결형,혼자 고열,1인가구 병원; 갑자기 아플 때; 열날 때 대처; 응급처치,"높음 (2026-07-30-safety-34, 유사도 0.62)",응급상황 대처,예,예,예,2026-07-30-safety-34; 2026-08-11-safety-auto-3045ad; 2026-08-08-safety-auto-fcd8d6; 2026-08-01-safety-auto-0466e2; 2026-08-01-safety-auto-0e6262; 2026-08-06-safety-auto-5817e5,아니오,유지,혼자 고열 해결 방법,혼자 고열이 났을 때는 당황하지 않고 다음의 3가지 핵심 조치를 즉시 취해야 합니다.,73,아니오,,,,
2026-08-01-cleaning-auto-070bfd,"좁은 원룸 빨래 건조, 쉰내와 공간 문제 한 번에? 1인 가구, 빨래 건조대 vs 미니 건조기 현명한 답 찾는 법",https://honsamnote.co.kr/blog/2026-08-01-cleaning-auto-070bfd/,cleaning,청소·세탁·집안일,1인 가구; 빨래; 건조대; 미니 건조기; 집안일 효율,1인 가구 빨래; 원룸 빨래 건조; 미니 건조기 추천; 빨래 쉰내; 공간 활용; 직장인 빨래,"좁은 원룸 빨래 건조, 쉰내와 공간 문제 한 번에? 1인 가구, 빨래 건조대 vs 미니 건조기 현명한 답 찾는 법 | 혼삶노트","혼자 사는 직장인이라면 겪는 빨래 건조의 어려움. 좁은 공간, 꿉꿉한 냄새 고민을 해결할 빨래 건조대와 미니 건조기 중 나에게 맞는 최적의 선택 기준과 현실적인 팁을 알려드립니다.",질문형,1인 가구 빨래,원룸 빨래 건조; 미니 건조기 추천; 빨래 쉰내; 공간 활용; 직장인 빨래,"높음 (2026-08-06-cleaning-auto-f4b529, 유사도 0.57)",세탁·옷관리,예,예,아니오,2026-08-06-cleaning-auto-f4b529; 2026-08-10-cleaning-auto-aeb4a0; 2026-08-06-cleaning-auto-07ebe3; 2026-08-11-cleaning-auto-5be420; 2026-07-31-products-75; 2026-08-04-cleaning-auto-123d17,아니오,유지,1인 가구 빨래 알아보기,"1인 가구의 빨래 건조 문제는 단순히 옷을 말리는 것을 넘어, 주거 공간의 쾌적함과 생활의 질에 직접적인 영향을 미칩니다.",73,아니오,,,,
2026-08-01-cleaning-auto-2b8bbd,"출근길 커피 얼룩, 퇴근 후 저녁 식사 흔적? 혼자 사는 당신의 옷 얼룩, 망치지 않고 빠르게 지우는 법",https://honsamnote.co.kr/blog/2026-08-01-cleaning-auto-2b8bbd/,cleaning,청소·세탁·집안일,옷 관리; 얼룩 제거; 세탁 꿀팁; 1인 가구; 직장인 생활,옷 얼룩 제거; 커피 얼룩; 기름 얼룩; 음식 얼룩; 1인 가구 세탁,"출근길 커피 얼룩, 퇴근 후 저녁 식사 흔적? 혼자 사는 당신의 옷 얼룩, 망치지 않고 빠르게 지우는 법 | 혼삶노트","혼자 사는 직장인, 옷에 묻은 얼룩 때문에 고민인가요? 커피, 기름 등 일상생활에서 생기는 얼룩을 집에서 쉽고 빠르게 제거하는 현실적인 꿀팁을 알려드립니다.",질문형,옷 얼룩 제거,커피 얼룩; 기름 얼룩; 음식 얼룩; 1인 가구 세탁,"높음 (2026-08-10-cleaning-auto-6e0644, 유사도 0.57)",세탁·옷관리,예,예,아니오,2026-08-06-cleaning-auto-530ba0; 2026-08-01-cleaning-auto-b67a07; 2026-08-06-cleaning-auto-f4b529; 2026-08-10-cleaning-auto-6e0644; 2026-07-30-cleaning-28; 2026-07-30-cleaning-32,아니오,유지,옷 얼룩 제거 알아보기,대부분의 일상적인 옷 얼룩은 집에서 빠르고 정확한 응급처치와 적절한 세척 과정을 거치면 충분히 제거할 수 있습니다.,73,아니오,,,,
2026-08-01-cleaning-auto-84665e,"혼자 사는 직장인, 좁은 원룸 쓰레기 산? 악취 없이 깔끔하게 버리는 스마트 분리배출 루틴",https://honsamnote.co.kr/blog/2026-08-01-cleaning-auto-84665e/,cleaning,청소·세탁·집안일,1인 가구; 쓰레기 분리수거; 원룸 청소; 집안일 효율; 생활 팁,1인 가구 쓰레기; 원룸 분리수거; 쓰레기 냄새; 분리배출 요령; 소형 주거 쓰레기 관리,"혼자 사는 직장인, 좁은 원룸 쓰레기 산? 악취 없이 깔끔하게 버리는 스마트 분리배출 루틴 | 혼삶노트",좁은 원룸에 쌓이는 쓰레기 때문에 고민이신가요? 혼자 사는 당신을 위한 악취 없는 쓰레기 관리법과 헷갈리는 분리수거를 한 번에 해결할 스마트한 분리배출 루틴을 알려드립니다. 시간과 공간을 절약하세요!,질문형,1인 가구 쓰레기,원룸 분리수거; 쓰레기 냄새; 분리배출 요령; 소형 주거 쓰레기 관리,낮음,쓰레기·폐기,아니오,예,예,2026-08-13-cleaning-auto-545cef; 2026-08-01-cleaning-auto-070bfd; 2026-08-04-cleaning-auto-99cb94; 2026-08-05-cleaning-auto-b9c84f; 2026-08-05-cost-auto-e4ec33; 2026-08-14-cleaning-auto-b4a47e,아니오,유지,1인 가구 쓰레기 알아보기,혼자 사는 직장인의 쓰레기 문제는 '발생량 최소화'와 '생활 동선에 맞춘 체계적인 분리배출'로 해결할 수 있습니다.,73,아니오,,,,
2026-08-01-cost-auto-aa6f9d,"혼자 사는 직장인, 큰돈 드는 가전·가구! 새것 vs 중고 vs 렌탈, 내게 맞는 선택 기준 3가지",https://honsamnote.co.kr/blog/2026-08-01-cost-auto-aa6f9d/,cost,생활비 최적화,1인가구; 가전가구; 생활비절약; 중고거래; 렌탈서비스,1인가구 가전; 1인가구 가구; 가전제품 구매; 가구 렌탈; 중고 가전; 중고 가구; 자취생 가전; 생활비 아끼기,"혼자 사는 직장인, 큰돈 드는 가전·가구! 새것 vs 중고 vs 렌탈, 내게 맞는 선택 기준 3가지 | 혼삶노트","혼자 살면서 가전과 가구를 들일 때, 새것, 중고, 렌탈 중 어떤 것을 선택해야 할지 고민이라면? 당신의 예산과 생활 패턴에 맞는 현명한 기준을 제시합니다.",비교형,1인가구 가전,1인가구 가구; 가전제품 구매; 가구 렌탈; 중고 가전; 중고 가구; 자취생 가전; 생활비 아끼기,"높음 (2026-08-12-cost-auto-b36efb, 유사도 0.53)",생활비 절약 전반,예,예,아니오,2026-08-12-cost-auto-b36efb; 2026-08-01-cost-auto-e9d2d3; 2026-08-06-cost-auto-f652a0; 2026-08-11-cost-auto-ff0274; 2026-08-06-cost-auto-cfda8d; 2026-08-10-cost-auto-2c9756,아니오,유지,1인가구 가전 비교,"가전·가구를 들일 때 가장 먼저 따져봐야 할 3가지 기준은 **'예산', '거주 기간(이사 계획)', '제품의 사용 빈도와 수명'**입니다.",73,예,,,,
2026-08-01-cost-auto-e9d2d3,"혼자 사는 직장인, 새집 꾸밀 가전·가구, 사야 할까? 빌려야 할까? 후회 없는 결정 가이드",https://honsamnote.co.kr/blog/2026-08-01-cost-auto-e9d2d3/,cost,생활비 최적화,생활비최적화; 1인가구; 가전제품; 가구; 렌탈; 구매가이드,1인 가구 가전; 혼자 사는 직장인 가구; 가전 렌탈; 가구 렌탈; 자취 가전 구매; 생활비 줄이기,"혼자 사는 직장인, 새집 꾸밀 가전·가구, 사야 할까? 빌려야 할까? 후회 없는 결정 가이드 | 혼삶노트","혼자 사는 직장인이 값비싼 가전·가구 구매와 렌탈 사이에서 고민할 때, 예상 거주 기간과 초기 비용 부담을 기준으로 현명하게 선택하는 방법을 알려드립니다. 목돈 지출 없이 나에게 맞는 최적의 생활 환경을 만드는 현실적인 가이드.",질문형,1인 가구 가전,혼자 사는 직장인 가구; 가전 렌탈; 가구 렌탈; 자취 가전 구매; 생활비 줄이기,"높음 (2026-08-12-cost-auto-b36efb, 유사도 0.61)",생활비 절약 전반,예,예,아니오,2026-08-12-cost-auto-b36efb; 2026-08-06-cost-auto-cfda8d; 2026-08-01-cost-auto-aa6f9d; 2026-08-07-cost-auto-7256ba; 2026-08-01-cost-auto-0d71f8; 2026-08-03-cost-auto-749379,아니오,유지,1인 가구 가전 알아보기,"혼자 사는 직장인의 가전·가구 마련, ""사느냐 마느냐""의 기준은 의외로 간단합니다.",73,예,,,,
2026-08-01-food-auto-174113,"자주 장 볼까, 한 번에 살까? 1인 가구 직장인, 시간과 돈 아끼는 식재료 쇼핑 주기 최적화 가이드",https://honsamnote.co.kr/blog/2026-08-01-food-auto-174113/,food,혼밥·식재료 관리,1인 가구; 식재료 관리; 장보기; 쇼핑 주기; 혼밥,1인 가구 식재료; 장보기 주기; 혼밥 식재료; 식재료 낭비 줄이기; 시간 아끼는 장보기,"자주 장 볼까, 한 번에 살까? 1인 가구 직장인, 시간과 돈 아끼는 식재료 쇼핑 주기 최적화 가이드 | 혼삶노트","혼자 사는 직장인을 위한 장보기 주기 최적화 가이드. 무계획적인 대량 구매와 잦은 소량 구매 사이에서 시간, 돈, 식재료 낭비를 줄이는 현실적인 기준을 제시합니다.",질문형,1인 가구 식재료,장보기 주기; 혼밥 식재료; 식재료 낭비 줄이기; 시간 아끼는 장보기,"높음 (2026-07-30-food-12, 유사도 0.53)",식재료 낭비 줄이기,예,예,아니오,2026-07-30-food-12; 2026-07-30-food-16; 2026-08-01-food-auto-8c9a71; 2026-08-01-food-auto-6b8a79; 2026-08-03-food-auto-f85a75; 2026-08-07-food-auto-bb56bf,아니오,유지,1인 가구 식재료 알아보기,에게 '정답'은 없습니다.,73,아니오,,,,
2026-08-01-food-auto-6b8a79,"1인 가구, 마트에서 '이거 살까 말까?' 망설일 때: 식재료 낭비 막는 현명한 구매 결정 가이드",https://honsamnote.co.kr/blog/2026-08-01-food-auto-6b8a79/,food,혼밥·식재료 관리,혼밥; 식재료 구매; 마트 쇼핑; 1인 가구 살림; 식재료 낭비 방지,1인 가구 식재료; 혼자 살 때 마트; 식재료 선택 기준; 장보기 노하우; 식재료 낭비 줄이기,"1인 가구, 마트에서 '이거 살까 말까?' 망설일 때: 식재료 낭비 막는 현명한 구매 결정 가이드 | 혼삶노트","혼자 사는 직장인이 마트에서 식재료 구매 시 겪는 고민을 해결해 드립니다. 충동구매와 낭비 없이, 딱 필요한 만큼만 현명하게 식재료를 고르는 실질적인 판단 기준과 단계를 제시합니다.",질문형,1인 가구 식재료,혼자 살 때 마트; 식재료 선택 기준; 장보기 노하우; 식재료 낭비 줄이기,"높음 (2026-08-07-food-auto-bb56bf, 유사도 0.51)",식재료 낭비 줄이기,예,예,아니오,2026-08-01-food-auto-174113; 2026-08-07-food-auto-bb56bf; 2026-08-01-food-auto-0ac183; 2026-08-01-food-auto-8c9a71; 2026-08-03-food-auto-f85a75; 2026-08-07-food-auto-13d75f,아니오,유지,1인 가구 식재료 알아보기,"의 마트 쇼핑 후회가 잦다면, 지금부터 **""3+1 구매 원칙""**을 기억하세요.",73,아니오,,,,
2026-08-01-food-auto-7bc9dc,"1인 가구 직장인, 매일 밥 짓는 번거로움과 햇반의 지갑 압박 사이: 미니 밥솥 vs. 즉석밥, 당신의 최적 선택 가이드",https://honsamnote.co.kr/blog/2026-08-01-food-auto-7bc9dc/,food,혼밥·식재료 관리,혼밥; 식재료관리; 생활비절약; 주방가전; 직장인생활,1인 가구 밥; 미니 밥솥; 즉석밥; 햇반; 밥값 절약; 혼자 밥 해먹기,"1인 가구 직장인, 매일 밥 짓는 번거로움과 햇반의 지갑 압박 사이: 미니 밥솥 vs. 즉석밥, 당신의 최적 선택 가이드 | 혼삶노트","혼자 사는 당신, 밥솥 구매와 즉석밥 사이에서 고민 중인가요? 시간, 돈, 맛, 편의성을 고려한 1인 가구 맞춤 밥 선택 가이드를 제시합니다.",비교형,1인 가구 밥,미니 밥솥; 즉석밥; 햇반; 밥값 절약; 혼자 밥 해먹기,낮음,자취요리 팁,아니오,예,예,2026-08-06-food-auto-06029f; 2026-08-08-food-auto-89f7c0; 2026-08-08-food-auto-0ac2e1; 2026-08-08-food-auto-476c5f; 2026-07-29-food-9; 2026-08-01-food-auto-0ac183,아니오,유지,1인 가구 밥 비교,"이 고민에 대한 정답은 ""당신이 일주일에 밥을 얼마나 자주 해 먹는가?""에 달려 있습니다.",73,아니오,,,,
2026-08-01-lifestyle-auto-37c919,"1인 가구 직장인, 북적이던 집이 조용해질 때 찾아오는 허전함, 능숙하게 다루는 회복 루틴",https://honsamnote.co.kr/blog/2026-08-01-lifestyle-auto-37c919/,lifestyle,관계·고립·생활 리듬,관계; 고립; 생활리듬; 감정관리; 1인가구,1인가구 허전함; 혼자 사는 직장인; 북적임 후 공허함; 사회적 피로; 혼자 회복하는 법,"1인 가구 직장인, 북적이던 집이 조용해질 때 찾아오는 허전함, 능숙하게 다루는 회복 루틴 | 혼삶노트",북적이던 집이 갑자기 조용해질 때 찾아오는 허전함은 1인 가구라면 누구나 겪는 감정입니다. 이 감정을 건강하게 다루고 나만의 평온을 되찾는 현실적인 회복 루틴을 소개합니다.,방법형,1인가구 허전함,혼자 사는 직장인; 북적임 후 공허함; 사회적 피로; 혼자 회복하는 법,낮음,관계·고립·생활 리듬 기타,아니오,예,아니오,2026-08-06-lifestyle-auto-dd68b0; 2026-08-01-lifestyle-auto-a6f950; 2026-08-06-lifestyle-auto-7d8463; 2026-08-01-lifestyle-auto-19ac88; 2026-08-01-lifestyle-auto-ab470f; 2026-08-01-lifestyle-auto-ac59b7,아니오,유지,1인가구 허전함 방법,북적임 뒤에 찾아오는 허전함은 1인 가구라면 누구나 겪을 수 있는 자연스러운 감정입니다.,73,아니오,,,,
2026-08-01-lifestyle-auto-a6f950,"혼자 사는 직장인, 경조사 챙기기가 막막하다면? 시간과 에너지를 아끼는 스마트 가이드",https://honsamnote.co.kr/blog/2026-08-01-lifestyle-auto-a6f950/,lifestyle,관계·고립·생활 리듬,1인 가구; 직장인; 경조사; 관계; 사회생활; 에티켓,1인 가구 경조사; 혼자 경조사; 축의금; 부의금; 사회생활 스트레스,"혼자 사는 직장인, 경조사 챙기기가 막막하다면? 시간과 에너지를 아끼는 스마트 가이드 | 혼삶노트","혼자 사는 직장인을 위한 경조사 참석 및 관리 가이드. 관계의 중요도, 개인의 에너지, 금전적 여력을 기준으로 부담을 줄이고 관계를 지키는 현실적인 방법을 제시합니다.",질문형,1인 가구 경조사,혼자 경조사; 축의금; 부의금; 사회생활 스트레스,낮음,관계·고립·생활 리듬 기타,아니오,예,아니오,2026-08-03-lifestyle-auto-7c20c0; 2026-08-06-lifestyle-auto-dd68b0; 2026-08-11-lifestyle-auto-0f05f0; 2026-08-01-lifestyle-auto-37c919; 2026-08-01-lifestyle-auto-ac59b7; 2026-08-01-lifestyle-auto-b13421,아니오,유지,1인 가구 경조사 알아보기,혼자 사는 직장인에게 경조사는 때로는 거대한 숙제처럼 느껴질 수 있습니다.,73,아니오,,,,
2026-08-01-lifestyle-auto-b13421,"혼자 사는 직장인, 퇴근 후 나만의 커뮤니티 찾고 든든한 관계 맺는 현실 가이드",https://honsamnote.co.kr/blog/2026-08-01-lifestyle-auto-b13421/,lifestyle,관계·고립·생활 리듬,1인 가구; 직장인; 관계; 커뮤니티; 외로움 해소; 생활 최적화; 고립감,1인 가구 커뮤니티; 직장인 동호회; 혼자 사는 사람 관계; 외로움 극복; 새로운 친구 사귀기,"혼자 사는 직장인, 퇴근 후 나만의 커뮤니티 찾고 든든한 관계 맺는 현실 가이드 | 혼삶노트","혼자 사는 직장인이 퇴근 후 외로움을 넘어설 새로운 관계를 만들고 싶을 때, 어떤 커뮤니티를 찾고 어떻게 어울려야 할지 현실적인 방법을 안내합니다.",문제해결형,1인 가구 커뮤니티,직장인 동호회; 혼자 사는 사람 관계; 외로움 극복; 새로운 친구 사귀기,"높음 (2026-07-30-lifestyle-61, 유사도 0.51)",외로움·고립감,예,예,아니오,2026-08-11-lifestyle-auto-0f05f0; 2026-07-30-lifestyle-61; 2026-07-30-lifestyle-59; 2026-07-30-lifestyle-63; 2026-08-01-lifestyle-auto-ac59b7; 2026-08-03-lifestyle-auto-06c5e8,아니오,유지,1인 가구 커뮤니티 해결 방법,"혼자 사는 직장인이 퇴근 후 외로움을 해소하고 건강한 관계를 맺기 위한 핵심은 '완벽한 단 하나의 관계'를 찾기보다, **'나에게 맞는 다양한 커뮤니티'를 찾아 꾸준히 참여하는 것**입니다.",73,아니오,,,,
2026-08-01-safety-auto-1a5c71,"혼자 사는 당신, 늦은 밤 현관문 비밀번호를 잊었거나 열쇠를 잃어버렸을 때 대처법",https://honsamnote.co.kr/blog/2026-08-01-safety-auto-1a5c71/,safety,안전·응급상황,1인 가구 안전; 문 잠김; 비밀번호 분실; 열쇠 분실; 현관문 대처법; 응급상황,혼자 사는 집 문 잠김; 비밀번호 잊었을 때; 열쇠 잃어버렸을 때; 현관문 고장; 긴급 출동 서비스; 1인 가구 비상,"혼자 사는 당신, 늦은 밤 현관문 비밀번호를 잊었거나 열쇠를 잃어버렸을 때 대처법 | 혼삶노트",늦은 밤 귀가 후 문이 잠겨 당황했나요? 혼자 사는 당신이 현관 비밀번호를 잊거나 열쇠를 잃어버렸을 때 당황하지 않고 해결하는 현실적인 방법을 알려드립니다.,문제해결형,혼자 사는 집 문 잠김,비밀번호 잊었을 때; 열쇠 잃어버렸을 때; 현관문 고장; 긴급 출동 서비스; 1인 가구 비상,"높음 (2026-08-01-safety-auto-a71046, 유사도 0.54)",응급상황 대처,예,예,예,2026-08-01-safety-auto-a71046; 2026-08-06-safety-auto-425601; 2026-08-01-safety-auto-909169; 2026-08-03-safety-auto-75476d; 2026-08-06-safety-auto-063890; 2026-08-06-safety-auto-0b96ff,아니오,유지,혼자 사는 집 문 잠김 해결 방법,"이 늦은 밤 현관문 앞에서 잠시라도 발을 동동 구르지 않도록, 가장 먼저 취해야 할 조치는 다음과 같습니다.",73,아니오,,,,
2026-08-01-safety-auto-835af8,"혼자 사는 당신, 보일러나 난방기 사용 중 갑자기 어지럽고 메스꺼울 때? 침묵의 살인자 일산화탄소 대처법",https://honsamnote.co.kr/blog/2026-08-01-safety-auto-835af8/,safety,안전·응급상황,안전; 응급상황; 일산화탄소; 난방; 1인_가구_안전,일산화탄소 중독; 보일러 안전; 1인 가구 응급상황; 난방기 사용 주의; CO 경보기,"혼자 사는 당신, 보일러나 난방기 사용 중 갑자기 어지럽고 메스꺼울 때? 침묵의 살인자 일산화탄소 대처법 | 혼삶노트","혼자 사는 당신이 난방 기구 사용 중 갑자기 두통, 어지럼증, 메스꺼움을 느낀다면? 일산화탄소 중독을 의심하고 당황하지 않고 안전하게 대처하는 방법을 알려드립니다.",질문형,일산화탄소 중독,보일러 안전; 1인 가구 응급상황; 난방기 사용 주의; CO 경보기,"높음 (2026-08-06-safety-auto-ec7c17, 유사도 0.65)",응급상황 대처,예,예,예,2026-08-06-safety-auto-ec7c17; 2026-08-01-safety-auto-0e6262; 2026-08-06-safety-auto-0b96ff; 2026-07-30-safety-34; 2026-07-30-safety-41; 2026-07-31-safety-72,아니오,유지,일산화탄소 중독 알아보기,"난방 기구(보일러, 가스레인지, 난로 등) 사용 중 두통, 어지럼증, 메스꺼움, 구토, 무력감 등 원인 불명의 감기 몸살과 유사한 증상이 나타난다면, **즉시 모든 난방 기구를 끄고, 집안의 모든 창문을 활짝 열어 환기한 다음, 곧바로 실외로 대피하여 119에 신고해야 합니다…",73,아니오,,,,
2026-08-01-safety-auto-a71046,"혼자 사는 당신, 늦은 밤 집 문 앞에서 열쇠를 잃어버렸을 때 안전하게 귀가하고 문을 여는 방법",https://honsamnote.co.kr/blog/2026-08-01-safety-auto-a71046/,safety,안전·응급상황,1인 가구 안전; 열쇠 분실; 문 잠김; 현관문 잠김; 응급상황 대처,혼자 살 때 열쇠 분실; 늦은 밤 문 잠김; 1인 가구 비상 대처; 열쇠공 부르기; 스마트 도어록,"혼자 사는 당신, 늦은 밤 집 문 앞에서 열쇠를 잃어버렸을 때 안전하게 귀가하고 문을 여는 방법 | 혼삶노트","혼자 사는 직장인, 늦은 밤 열쇠를 잃어버리거나 도어록이 잠겼을 때 당황하지 마세요. 비상 연락망 활용부터 전문가 호출까지, 안전하고 신속하게 집으로 돌아갈 현실적인 대처법과 비용, 주의사항을 자세히 알려드립니다.",방법형,혼자 살 때 열쇠 분실,늦은 밤 문 잠김; 1인 가구 비상 대처; 열쇠공 부르기; 스마트 도어록,"높음 (2026-08-01-safety-auto-1a5c71, 유사도 0.54)",응급상황 대처,예,예,아니오,2026-08-01-safety-auto-1a5c71; 2026-08-08-safety-auto-985515; 2026-07-30-safety-33; 2026-08-06-safety-auto-9df39e; 2026-08-01-safety-auto-909169; 2026-08-07-safety-auto-86e30d,아니오,유지,혼자 살 때 열쇠 분실 방법,"이 늦은 밤 집 문 앞에서 열쇠를 잃어버리거나 도어록이 잠겼다면, **가장 먼저 침착하게 주변 안전을 확보하고, 스마트폰으로 비상 연락망(가족, 친한 친구, 집주인, 관리사무소 등)에 연락하거나 '긴급 출장 열쇠 수리/개문' 업체를 검색해 호출해야 합니다.** 동시에 혹시 모…",73,아니오,,,,
2026-08-01-storage-auto-316ab0,"좁은 원룸, 물건은 많은데 더 답답해 보이긴 싫다면? 오픈형 vs 문 있는 수납장, 현명하게 고르는 기준",https://honsamnote.co.kr/blog/2026-08-01-storage-auto-316ab0/,storage,좁은 집과 수납,1인 가구; 좁은 집; 수납; 정리; 원룸 인테리어,1인 가구 수납; 좁은 집 수납; 오픈형 수납장; 문 있는 수납장; 원룸 정리; 효율적인 수납,"좁은 원룸, 물건은 많은데 더 답답해 보이긴 싫다면? 오픈형 vs 문 있는 수납장, 현명하게 고르는 기준 | 혼삶노트","혼자 사는 좁은 원룸에서 수납 가구를 고를 때, 물건은 숨기고 싶고 공간은 넓어 보이고 싶죠? 오픈형 선반과 문 있는 수납장 중 무엇을 골라야 할지, 당신의 생활 방식에 맞춰 현명하게 결정하는 현실적인 기준을 제시합니다.",질문형,1인 가구 수납,좁은 집 수납; 오픈형 수납장; 문 있는 수납장; 원룸 정리; 효율적인 수납,"높음 (2026-07-30-storage-24, 유사도 0.59)",원룸 전체 수납,예,예,아니오,2026-08-13-storage-auto-92e3bb; 2026-08-07-storage-auto-ee20dc; 2026-07-30-storage-24; 2026-08-06-storage-auto-11ba62; 2026-08-06-storage-auto-239c0d; 2026-08-06-storage-auto-53c51c,아니오,유지,1인 가구 수납 알아보기,좁은 집에 완벽한 수납 가구란 없습니다.,73,아니오,,,,
2026-08-01-storage-auto-39ae63,"좁은 원룸 1인 가구, 커다란 청소 도구와 공구, 어디에 두어야 할지 막막하다면? 깔끔하게 숨기고 효율적으로 쓰는 현실 수납법",https://honsamnote.co.kr/blog/2026-08-01-storage-auto-39ae63/,storage,좁은 집과 수납,1인 가구; 원룸 수납; 청소 도구; 생활 공구; 좁은 집 정리,1인 가구 수납; 원룸 청소 도구 보관; 좁은 집 공구 수납; 생활 공구 정리; 효율적인 수납,"좁은 원룸 1인 가구, 커다란 청소 도구와 공구, 어디에 두어야 할지 막막하다면? 깔끔하게 숨기고 효율적으로 쓰는 현실 수납법 | 혼삶노트","1인 가구 직장인을 위한 좁은 원룸 청소 도구 및 생활 공구 수납법. 부피 큰 물건들을 깔끔하게 숨기고, 필요할 때 쉽게 꺼내 쓸 수 있도록 공간을 최적화하는 현실적인 팁을 제시합니다.",질문형,1인 가구 수납,원룸 청소 도구 보관; 좁은 집 공구 수납; 생활 공구 정리; 효율적인 수납,"높음 (2026-08-08-storage-auto-12975c, 유사도 0.53)",원룸 전체 수납,예,예,예,2026-08-01-storage-auto-316ab0; 2026-08-06-storage-auto-d7c10d; 2026-08-08-storage-auto-12975c; 2026-08-08-storage-auto-24e806; 2026-07-30-storage-24; 2026-08-03-storage-auto-45d4eb,아니오,유지,1인 가구 수납 알아보기,"좁은 원룸에서 청소 도구와 생활 공구를 효율적으로 수납하는 핵심은 **'보이는 곳'과 '숨겨야 할 곳'을 명확히 구분하고, 부피와 사용 빈도에 따라 전략적으로 공간을 활용하는 것**입니다.",73,아니오,,,,
2026-08-01-storage-auto-f1fb81,"1인 가구 직장인, 큰 물건 둘 곳 없어 발에 걸린다면? '자주 쓰는 부피 큰 짐' 숨기는 현실 수납법",https://honsamnote.co.kr/blog/2026-08-01-storage-auto-f1fb81/,storage,좁은 집과 수납,1인 가구; 수납; 좁은 집; 생활 최적화; 정리정돈; 원룸 인테리어,1인 가구 부피 큰 짐; 원룸 청소기 수납; 캐리어 보관법; 좁은 집 수납 노하우; 생활용품 정리,"1인 가구 직장인, 큰 물건 둘 곳 없어 발에 걸린다면? '자주 쓰는 부피 큰 짐' 숨기는 현실 수납법 | 혼삶노트","좁은 원룸에 늘 발에 걸리는 부피 큰 짐들, 어떻게 정리해야 할까요? 1인 가구의 시간과 돈을 아끼는 현실적인 '자주 쓰는 물건' 수납 노하우를 공개합니다. 보기 싫은 청소기와 캐리어를 깔끔하게 숨기고 효율적으로 보관하는 팁을 확인하세요.",질문형,1인 가구 부피 큰 짐,원룸 청소기 수납; 캐리어 보관법; 좁은 집 수납 노하우; 생활용품 정리,"높음 (2026-08-06-storage-auto-b1740f, 유사도 0.5)",원룸 전체 수납,예,예,아니오,2026-08-10-storage-auto-046a46; 2026-08-13-storage-auto-92e3bb; 2026-08-01-storage-auto-316ab0; 2026-08-06-storage-auto-53c51c; 2026-08-07-storage-auto-18dbcb; 2026-08-07-storage-auto-6dca4b,아니오,유지,1인 가구 부피 큰 짐 알아보기,좁은 집에 부피 큰 물건을 효율적으로 수납하려면 **물건의 '사용 빈도'와 '형태'에 따라 숨기거나 오히려 인테리어의 일부처럼 활용하는 전략**이 필요합니다.,73,아니오,,,,
2026-08-03-cost-auto-4d199c,"혼자 사는 직장인, 매일 대중교통 vs 가끔 택시? 내게 맞는 최적의 이동 수단으로 교통비 줄이는 법",https://honsamnote.co.kr/blog/2026-08-03-cost-auto-4d199c/,cost,생활비 최적화,생활비 최적화; 교통비 절약; 1인 가구; 직장인; 스마트 소비,교통비; 대중교통; 택시; 카셰어링; 알뜰교통카드; 생활비,"혼자 사는 직장인, 매일 대중교통 vs 가끔 택시? 내게 맞는 최적의 이동 수단으로 교통비 줄이는 법 | 혼삶노트","혼자 사는 직장인의 매달 나가는 교통비, 무작정 줄이기보다는 내 이동 패턴을 분석하고 최적의 이동 수단 조합을 찾아 현명하게 절약하는 실질적인 방법을 알려드립니다.",질문형,교통비,대중교통; 택시; 카셰어링; 알뜰교통카드; 생활비,"높음 (2026-08-08-cost-auto-c1b0b5, 유사도 0.61)",생활비 절약 전반,예,예,아니오,2026-08-01-cost-auto-0d71f8; 2026-08-06-cost-auto-515c77; 2026-08-11-cost-auto-bf7238; 2026-07-29-cost-1; 2026-08-01-cost-auto-4a41b3; 2026-08-01-cost-auto-9c7467,아니오,유지,교통비 알아보기｜생활비 최적화,"무조건 싼 이동 수단만 고집하거나 반대로 편의성만 좇는 대신, **'내 생활 패턴'과 '이동 목적'을 먼저 파악하고 그에 맞는 이동 수단의 '최적 조합'을 찾는 것이 핵심입니다.** 지금 당장 통장 내역을 열어 지난 한 달간 교통비를 어디에 얼마나 썼는지부터 확인해 보세요.",73,예,,,,
2026-08-03-lifestyle-auto-7c20c0,"혼자 사는 직장인, 한동안 쉬었던 모임 다시 시작하려니 어색하고 부담스럽다면? 관계 회복을 위한 현실적인 첫걸음",https://honsamnote.co.kr/blog/2026-08-03-lifestyle-auto-7c20c0/,lifestyle,관계·고립·생활 리듬,1인 가구; 관계; 고립; 사회생활; 생활 리듬; 직장인,1인 가구 인간관계; 다시 모임 시작; 소셜 어색함; 관계 회복; 사회성 회복,"혼자 사는 직장인, 한동안 쉬었던 모임 다시 시작하려니 어색하고 부담스럽다면? 관계 회복을 위한 현실적인 첫걸음 | 혼삶노트","집콕에 익숙해진 당신, 다시 사람들과 어울리기가 망설여지나요? 혼자만의 시간을 소중히 여기면서도 건강한 사회생활을 유지하고 싶은 1인 가구를 위한 현실적인 관계 회복 가이드입니다.",질문형,1인 가구 인간관계,다시 모임 시작; 소셜 어색함; 관계 회복; 사회성 회복,낮음,관계 관리,예,예,아니오,2026-08-06-lifestyle-auto-7d8463; 2026-08-06-lifestyle-auto-dd68b0; 2026-08-01-lifestyle-auto-976633; 2026-08-01-lifestyle-auto-ab470f; 2026-08-04-lifestyle-auto-fd9e87; 2026-08-04-lifestyle-auto-8920c5,아니오,유지,1인 가구 인간관계 알아보기,혼자 지내는 시간을 충분히 즐기다,73,아니오,,,,
2026-08-03-storage-auto-9015de,"1인 가구 직장인, 필요한 작은 물건 찾다 시간 다 보낸다면? '숨은 아이템' 한 번에 찾아내는 현실 수납법",https://honsamnote.co.kr/blog/2026-08-03-storage-auto-9015de/,storage,좁은 집과 수납,좁은집수납; 1인가구팁; 정리정돈; 시간절약; 효율적인삶,작은물건수납; 케이블정리; 배터리보관; 잡동사니정리; 효율적인수납,"1인 가구 직장인, 필요한 작은 물건 찾다 시간 다 보낸다면? '숨은 아이템' 한 번에 찾아내는 현실 수납법 | 혼삶노트",집안 곳곳 흩어진 작은 물건들 때문에 시간을 낭비하고 스트레스 받는 1인 가구 직장인을 위한 해결책. 효율적인 분류와 수납으로 필요한 물건을 바로 찾는 현실적인 방법을 알려드립니다.,질문형,작은물건수납,케이블정리; 배터리보관; 잡동사니정리; 효율적인수납,낮음,좁은 집과 수납 기타,아니오,예,예,2026-08-10-storage-auto-48f5a4; 2026-08-14-storage-auto-8ede60; 2026-07-30-storage-22; 2026-07-30-storage-23; 2026-08-01-storage-auto-662a7f; 2026-08-06-storage-auto-772373,아니오,유지,작은물건수납 알아보기,"흩어진 작은 물건들 때문에 스트레스받고 있다면, **'모으고 - 분류하고 - 전용 집을 만들어주고 - 이름표를 붙여주는'** 4단계부터 시작하세요.",73,아니오,,,,
2026-08-04-cleaning-auto-123d17,"혼자 사는 당신, 아끼던 니트/티셔츠가 빨래 후 줄어들거나 늘어났다고? 망가진 옷 되살리고 예방하는 현실적인 솔루션",https://honsamnote.co.kr/blog/2026-08-04-cleaning-auto-123d17/,cleaning,청소·세탁·집안일,1인 가구 살림; 세탁 팁; 옷 관리; 니트 줄어듦; 티셔츠 늘어남,옷 줄었을 때; 옷 늘어났을 때; 니트 복구; 티셔츠 관리; 세탁 노하우; 1인 가구 빨래,"혼자 사는 당신, 아끼던 니트/티셔츠가 빨래 후 줄어들거나 늘어났다고? 망가진 옷 되살리고 예방하는 현실적인 솔루션 | 혼삶노트",빨래 후 망쳐버린 줄어든 니트나 늘어난 티셔츠 때문에 속상한 1인 가구 직장인을 위한 현실적인 옷 복구 및 예방 가이드. 시간과 돈을 아끼는 현명한 옷 관리법을 소개합니다.,질문형,옷 줄었을 때,옷 늘어났을 때; 니트 복구; 티셔츠 관리; 세탁 노하우; 1인 가구 빨래,"높음 (2026-07-30-cleaning-28, 유사도 0.55)",세탁·옷관리,예,예,예,2026-07-30-cleaning-28; 2026-08-06-cleaning-auto-f4b529; 2026-08-01-cleaning-auto-070bfd; 2026-08-07-cleaning-auto-1c4212; 2026-08-10-cleaning-auto-aeb4a0; 2026-08-01-cleaning-auto-2b8bbd,아니오,유지,옷 줄었을 때 알아보기,줄어들거나 늘어난 옷을 100% 완벽하게 원상복구하기는 어렵습니다.,73,아니오,,,,
2026-08-04-cost-auto-7e7d88,"혼자 사는 직장인, 난방비 폭탄 걱정될 때! 우리 집 겨울, 후회 없이 따뜻하고 저렴하게 나는 법",https://honsamnote.co.kr/blog/2026-08-04-cost-auto-7e7d88/,cost,생활비 최적화,난방비 절약; 1인 가구 난방; 겨울철 생활비; 전기장판; 온수매트; 라디에이터; 보일러; 생활비 최적화,1인 가구 난방비; 겨울 난방 효율; 난방 기기 비교; 전기세 절약; 가스비 절약; 난방비 폭탄,"혼자 사는 직장인, 난방비 폭탄 걱정될 때! 우리 집 겨울, 후회 없이 따뜻하고 저렴하게 나는 법 | 혼삶노트","추운 겨울, 난방은 필수지만 전기/가스 요금 걱정부터 앞서죠? 1인 가구에 딱 맞는 현실적인 난방 기기 선택부터 효율적인 사용법까지, 겨울철 난방비 확 줄이는 비법을 알려드립니다.",비교형,1인 가구 난방비,겨울 난방 효율; 난방 기기 비교; 전기세 절약; 가스비 절약; 난방비 폭탄,낮음,전기요금,아니오,예,아니오,2026-08-07-cost-auto-431981; 2026-08-06-products-auto-f84639; 2026-07-30-cost-2; 2026-08-01-cost-auto-0d71f8; 2026-08-01-cost-auto-44803f; 2026-08-01-cost-auto-4a41b3,아니오,유지,1인 가구 난방비 비교,"우리 집 겨울 난방, 내 생활 패턴과 주거 환경에 따라 답이 달라집니다.",73,예,,,,
2026-08-05-products-auto-7a3772,"혼자 사는 직장인, 로봇청소기로 놓친 먼지까지 깔끔하게! 1인 가구 무선 스틱 청소기, 후회 없이 고르는 3가지 기준",https://honsamnote.co.kr/blog/2026-08-05-products-auto-7a3772/,products,1인 가구 제품·서비스,1인 가구; 무선 청소기; 스틱 청소기; 청소용품; 직장인 살림; 가전제품,1인 가구 청소기; 무선 청소기 추천; 스틱 청소기; 원룸 청소; 혼자 사는 직장인 청소; 청소기 선택 기준,"혼자 사는 직장인, 로봇청소기로 놓친 먼지까지 깔끔하게! 1인 가구 무선 스틱 청소기, 후회 없이 고르는 3가지 기준 | 혼삶노트","로봇청소기가 닿지 않는 구석, 매번 유선 청소기 꺼내기 번거롭다면? 1인 가구에게 딱 맞는 무선 스틱 청소기를 고르는 현실적인 기준과 꿀팁을 알려드립니다. 당신의 청소 고민을 해결해 줄 맞춤 가이드를 확인하세요.",판단형,1인 가구 청소기,무선 청소기 추천; 스틱 청소기; 원룸 청소; 혼자 사는 직장인 청소; 청소기 선택 기준,낮음,청소가전,아니오,예,아니오,2026-07-30-products-58; 2026-07-30-products-52; 2026-08-03-cleaning-auto-d96324; 2026-08-08-products-auto-57c503; 2026-07-31-products-77; 2026-07-30-housing-49,아니오,유지,1인 가구 청소기 기준,에게 가장 효율적인 청소 도구는 바로 **'가볍고 흡입력이 적당한 무선 스틱 청소기'**입니다.,73,아니오,,,,
2026-08-05-storage-auto-d93cd5,"1인 가구 직장인, 좁은 원룸 벽면을 효율적으로 쓰고 싶다면? 페그보드 vs. 벽 선반, 내게 맞는 선택 기준 비교",https://honsamnote.co.kr/blog/2026-08-05-storage-auto-d93cd5/,storage,좁은 집과 수납,좁은집수납; 1인가구; 원룸수납; 벽면활용; 페그보드; 벽선반,1인 가구 수납; 좁은 집 수납; 원룸 벽면; 페그보드 설치; 벽 선반 인테리어,"1인 가구 직장인, 좁은 원룸 벽면을 효율적으로 쓰고 싶다면? 페그보드 vs. 벽 선반, 내게 맞는 선택 기준 비교 | 혼삶노트","좁은 원룸에서 바닥 공간이 부족할 때, 벽면 활용은 필수입니다. 페그보드와 벽 선반 중 어떤 것이 내 라이프스타일과 수납 니즈에 맞을지 현실적인 비교 가이드로 현명하게 선택하세요.",질문형,1인 가구 수납,좁은 집 수납; 원룸 벽면; 페그보드 설치; 벽 선반 인테리어,"높음 (2026-07-30-storage-19, 유사도 0.5)",원룸 전체 수납,예,예,아니오,2026-08-07-storage-auto-54d5cd; 2026-08-01-storage-auto-316ab0; 2026-08-06-storage-auto-11ba62; 2026-08-13-storage-auto-92e3bb; 2026-08-06-storage-auto-772373; 2026-07-30-storage-18,아니오,유지,1인 가구 수납 알아보기,"좁은 원룸의 벽면을 활용해 수납 효율을 높이고 싶다면, 먼저 **'어떤 물건을, 얼마나 자주, 어떤 형태로 보관할지'**를 명확히 해야 합니다.",73,아니오,,,,
2026-08-06-cleaning-auto-17f2ed,"혼자 사는 당신, 세탁 세제 유목민 탈출! 액체·분말·캡슐, 나에게 맞는 현명한 선택 기준",https://honsamnote.co.kr/blog/2026-08-06-cleaning-auto-17f2ed/,cleaning,청소·세탁·집안일,1인 가구 세탁; 세탁 세제; 액체 세제; 분말 세제; 캡슐 세제; 살림 꿀팁,1인 가구 세제; 세탁 세제 추천; 액체 세제 장단점; 분말 세제 장단점; 캡슐 세제 장단점; 세제 고르는 법,"혼자 사는 당신, 세탁 세제 유목민 탈출! 액체·분말·캡슐, 나에게 맞는 현명한 선택 기준 | 혼삶노트","1인 가구 직장인, 매번 어떤 세제를 쓸지 고민이신가요? 액체, 분말, 캡슐 세제의 장단점을 비교하고 당신의 라이프스타일에 딱 맞는 세제를 고르는 현실적인 기준을 알려드립니다.",판단형,1인 가구 세제,세탁 세제 추천; 액체 세제 장단점; 분말 세제 장단점; 캡슐 세제 장단점; 세제 고르는 법,"높음 (2026-08-11-cleaning-auto-5be420, 유사도 0.53)",세탁·옷관리,예,예,예,2026-08-06-cleaning-auto-eb5789; 2026-08-07-cleaning-auto-5100a8; 2026-07-30-cleaning-28; 2026-07-30-cleaning-32; 2026-07-31-cleaning-74; 2026-08-01-cleaning-auto-070bfd,아니오,유지,1인 가구 세제 기준,"결론부터 말씀드리자면, '모두에게 최고의 세제'는 없습니다.",73,아니오,,,,
2026-08-06-cleaning-auto-530ba0,"혼자 사는 당신, 세탁 후 어깨 뿔룩! 아끼던 옷 망치는 옷걸이 자국, 지금 당장 없애는 현실 팁",https://honsamnote.co.kr/blog/2026-08-06-cleaning-auto-530ba0/,cleaning,청소·세탁·집안일,1인 가구; 세탁; 옷걸이; 건조; 옷 관리; 집안일 최적화,1인 가구 세탁; 옷걸이 자국; 옷 늘어짐; 니트 건조; 옷 변형 방지; 빨래 건조,"혼자 사는 당신, 세탁 후 어깨 뿔룩! 아끼던 옷 망치는 옷걸이 자국, 지금 당장 없애는 현실 팁 | 혼삶노트","세탁 후 니트, 블라우스 어깨가 뿔룩 튀어나와 속상했던 경험 있으신가요? 혼자 사는 당신의 소중한 옷을 옷걸이 자국 없이 깔끔하게 말리는 현실적인 건조 팁을 알려드립니다. 옷감 손상 없이 옷을 오래 입는 비법, 지금 바로 확인하세요.",문제해결형,1인 가구 세탁,옷걸이 자국; 옷 늘어짐; 니트 건조; 옷 변형 방지; 빨래 건조,"높음 (2026-08-06-cleaning-auto-eb5789, 유사도 0.54)",세탁·옷관리,예,예,예,2026-08-01-cleaning-auto-2b8bbd; 2026-08-01-cleaning-auto-b67a07; 2026-08-06-cleaning-auto-f4b529; 2026-08-10-cleaning-auto-6e0644; 2026-08-10-cleaning-auto-aeb4a0; 2026-08-11-cleaning-auto-5be420,아니오,유지,1인 가구 세탁 해결 방법,"아끼던 옷의 어깨가 뿔룩 튀어나왔다면, 당장 옷걸이에서 빼고 **옷감의 종류와 무게에 따라 건조 방식을 달리해야 합니다.** 특히 늘어나기 쉬운 니트나 티셔츠류는 **옷을 반으로 접어 옷걸이에 걸거나, 아예 건조대에 눕혀서 말리는 것이 가장 빠르고 확실한 해결책입니다.** 이…",73,아니오,,,,
2026-08-06-cleaning-auto-eb5789,"혼자 사는 당신, 매일 쓰는 세탁기, 속까지 깨끗하게 관리하고 있나요? 세탁 효율 높이고 고장 막는 구석구석 청소 가이드",https://honsamnote.co.kr/blog/2026-08-06-cleaning-auto-eb5789/,cleaning,청소·세탁·집안일,세탁기 청소; 1인 가구 세탁; 집안일 최적화; 세탁기 관리; 살림 노하우,세탁기 청소 주기; 세탁기 냄새; 드럼세탁기 청소; 통돌이 세탁기 청소; 세탁기 관리법,"혼자 사는 당신, 매일 쓰는 세탁기, 속까지 깨끗하게 관리하고 있나요? 세탁 효율 높이고 고장 막는 구석구석 청소 가이드 | 혼삶노트","바쁜 1인 가구 직장인, 매일 돌리는 세탁기를 단순히 '통세척'만으로 관리하고 있나요? 눈에 보이지 않는 세제 찌꺼기와 곰팡이가 세탁 효율을 떨어뜨리고 고장을 유발할 수 있습니다. 15분 투자로 세탁기 수명은 늘리고, 세탁력은 높이는 현실적인 구석구석 청소법을 알려드립니다.",질문형,세탁기 청소 주기,세탁기 냄새; 드럼세탁기 청소; 통돌이 세탁기 청소; 세탁기 관리법,"높음 (2026-07-31-cleaning-74, 유사도 0.54)",세탁·옷관리,예,예,예,2026-08-08-cleaning-auto-e6a45e; 2026-07-30-cleaning-28; 2026-07-31-cleaning-74; 2026-08-06-cleaning-auto-17f2ed; 2026-08-06-cleaning-auto-530ba0; 2026-08-07-cleaning-auto-5100a8,아니오,유지,세탁기 청소 주기 알아보기,"의 세탁기를 오랫동안 깨끗하고 효율적으로 사용하고 싶다면, 단순히 통세척만으로는 부족합니다.",73,아니오,,,,
2026-08-06-cleaning-auto-f4b529,"혼자 사는 당신, 빨래 망치는 습관 아직도? 옷감 손상 없이 세탁하는 스마트 분리 세탁법",https://honsamnote.co.kr/blog/2026-08-06-cleaning-auto-f4b529/,cleaning,청소·세탁·집안일,세탁; 빨래; 1인 가구; 옷 관리; 집안일,1인 가구 빨래; 옷감 손상 방지; 빨래 분리; 이염 방지; 세탁 습관,"혼자 사는 당신, 빨래 망치는 습관 아직도? 옷감 손상 없이 세탁하는 스마트 분리 세탁법 | 혼삶노트","혼자 사는 당신의 옷을 망가뜨리는 빨래 습관, 이제 그만! 옷감 손상과 이염 없이 효율적으로 세탁하는 스마트 분리 세탁법을 알아보고 소중한 옷을 오래 입으세요.",질문형,1인 가구 빨래,옷감 손상 방지; 빨래 분리; 이염 방지; 세탁 습관,"높음 (2026-08-10-cleaning-auto-aeb4a0, 유사도 0.59)",세탁·옷관리,예,예,예,2026-08-10-cleaning-auto-aeb4a0; 2026-08-01-cleaning-auto-070bfd; 2026-08-01-cleaning-auto-b67a07; 2026-08-06-cleaning-auto-530ba0; 2026-08-11-cleaning-auto-5be420; 2026-08-04-cleaning-auto-123d17,아니오,유지,1인 가구 빨래 알아보기,"의 시간과 돈, 소중한 옷을 지키는 가장 확실한 방법은 바로 '세탁 전 3초 분리' 습관입니다.",73,아니오,,,,
2026-08-06-cost-auto-e2088d,"혼자 사는 직장인, 냉장고 속 '애매한' 남은 음식물, 버리기 아깝다면? 식비 절약하고 건강까지 챙기는 현명한 처리법",https://honsamnote.co.kr/blog/2026-08-06-cost-auto-e2088d/,cost,생활비 최적화,생활비 최적화; 식비 절약; 음식물 쓰레기; 1인 가구; 혼밥,남은 음식물 처리; 냉장고 정리; 식비 아끼는 법; 1인 가구 음식물; 음식 보관법,"혼자 사는 직장인, 냉장고 속 '애매한' 남은 음식물, 버리기 아깝다면? 식비 절약하고 건강까지 챙기는 현명한 처리법 | 혼삶노트",혼자 사는 직장인이라면 공감할 냉장고 속 애매한 남은 음식물 처리 문제. 식비 낭비 없이 맛있고 안전하게 해결하는 실용적인 방법과 예방 전략을 알려드립니다.,질문형,남은 음식물 처리,냉장고 정리; 식비 아끼는 법; 1인 가구 음식물; 음식 보관법,"높음 (2026-08-11-cost-auto-bf7238, 유사도 0.51)",생활비 절약 전반,예,예,아니오,2026-08-11-cost-auto-bf7238; 2026-08-01-cost-auto-f9f9ca; 2026-08-04-cost-auto-959521; 2026-08-01-cost-auto-0d71f8; 2026-08-01-cost-auto-4a41b3; 2026-08-01-cost-auto-9c7467,아니오,유지,남은 음식물 처리 알아보기,남은 음식물을 무조건 버릴 필요는 없습니다!,73,아니오,,,,
2026-08-06-cost-auto-f652a0,"혼자 사는 직장인, 안 쓰는 물건 쌓여만 간다면? 중고거래 vs 나눔, 후회 없이 처분하고 용돈 버는 법",https://honsamnote.co.kr/blog/2026-08-06-cost-auto-f652a0/,cost,생활비 최적화,생활비 최적화; 1인 가구 정리; 중고거래; 나눔; 용돈 벌기; 미니멀 라이프,1인 가구 중고거래; 혼자 살 때 물건 정리; 중고거래 앱; 물건 나눔; 불필요한 물건 처분; 생활비 아끼기,"혼자 사는 직장인, 안 쓰는 물건 쌓여만 간다면? 중고거래 vs 나눔, 후회 없이 처분하고 용돈 버는 법 | 혼삶노트","혼자 살며 쌓인 불필요한 물건들, 현명하게 정리하고 처분해서 공간도 되찾고 용돈까지 버는 현실적인 방법을 알려드립니다.",질문형,1인 가구 중고거래,혼자 살 때 물건 정리; 중고거래 앱; 물건 나눔; 불필요한 물건 처분; 생활비 아끼기,"높음 (2026-08-01-cost-auto-aa6f9d, 유사도 0.52)",생활비 절약 전반,예,예,예,2026-08-01-cost-auto-aa6f9d; 2026-08-11-cost-auto-ff0274; 2026-08-12-cost-auto-b36efb; 2026-08-01-cost-auto-0d71f8; 2026-08-01-cost-auto-44803f; 2026-08-01-cost-auto-4a41b3,아니오,유지,1인 가구 중고거래 알아보기,"혼자 살며 쌓인 불필요한 물건들, 현명하게 정리하고 처분해서 공간도 되찾고 용돈까지 버는 .",73,예,,,,
2026-08-06-food-auto-06029f,"혼자 사는 직장인, 첫 요리에 어떤 양념 살지 막막할 때? 낭비 없이 우리 집 만능 양념통 만드는 현실적인 기준",https://honsamnote.co.kr/blog/2026-08-06-food-auto-06029f/,food,혼밥·식재료 관리,1인 가구; 혼밥; 식재료 관리; 양념; 필수템; 살림 노하우; 현명한 소비,1인 가구 양념; 혼자 사는 사람 요리; 필수 양념; 주방 정리; 양념 보관; 요리 초보,"혼자 사는 직장인, 첫 요리에 어떤 양념 살지 막막할 때? 낭비 없이 우리 집 만능 양념통 만드는 현실적인 기준 | 혼삶노트","혼자 살면서 요리를 시작하려는 직장인, 어떤 양념을 사야 할지 고민이신가요? 낭비 없이 꼭 필요한 양념만 골라 효율적인 나만의 양념통을 만드는 현실적인 가이드를 제시합니다.",질문형,1인 가구 양념,혼자 사는 사람 요리; 필수 양념; 주방 정리; 양념 보관; 요리 초보,낮음,자취요리 팁,아니오,예,아니오,2026-08-06-food-auto-993221; 2026-08-01-food-auto-7bc9dc; 2026-07-30-food-10; 2026-07-30-food-12; 2026-07-30-food-13; 2026-07-30-food-15,아니오,유지,1인 가구 양념 알아보기,혼자 사는 직장인의 양념 선택 기준은 '최소한의 종류로 최대한의 요리를 커버하는 것'입니다.,73,아니오,,,,
2026-08-06-food-auto-19b20f,"1인 가구 직장인, 마트 못난이 채소·B급 과일 앞에서 망설일 때: 싸다고 샀다가 버릴까 봐 걱정이라면? 현명하게 고르고 알뜰하게 다 먹는 법",https://honsamnote.co.kr/blog/2026-08-06-food-auto-19b20f/,food,혼밥·식재료 관리,못난이 채소; B급 과일; 식재료 구매; 식재료 낭비; 1인 가구 식단,1인 가구; 못난이 채소; B급 과일; 식재료 절약; 혼밥; 식재료 관리; 현명한 소비,"1인 가구 직장인, 마트 못난이 채소·B급 과일 앞에서 망설일 때: 싸다고 샀다가 버릴까 봐 걱정이라면? 현명하게 고르고 알뜰하게 다 먹는 법 | 혼삶노트","혼자 사는 직장인, 마트에서 '못난이 채소'나 'B급 과일'을 발견하고 고민해 본 적 있으신가요? 싸다고 덥석 샀다가 오히려 버리는 건 아닌지 걱정될 때, 똑똑하게 구매하고 낭비 없이 끝까지 활용하는 현실적인 팁을 알려드립니다.",질문형,1인 가구,못난이 채소; B급 과일; 식재료 절약; 혼밥; 식재료 관리; 현명한 소비,"높음 (2026-07-30-food-13, 유사도 0.51)",식재료 낭비 줄이기,예,예,아니오,2026-08-01-food-auto-6b8a79; 2026-08-06-food-auto-dea971; 2026-07-30-food-12; 2026-07-30-food-13; 2026-07-30-food-16; 2026-08-01-food-auto-0ac183,아니오,유지,1인 가구 알아보기,"결론부터 말씀드리자면, '못난이 채소'나 'B급 과일'은 에게 매우 현명하고 알뜰한 선택이 될 수 있습니다.",73,아니오,,,,
2026-08-06-food-auto-36b7bb,"1인 가구 직장인, 한 끼 요리 후 설거지 산더미에 지칠 때? 시간과 재료 낭비 줄이는 원팬·원팟 요리 전략",https://honsamnote.co.kr/blog/2026-08-06-food-auto-36b7bb/,food,혼밥·식재료 관리,혼밥; 요리팁; 식재료 관리; 주방 살림; 시간 절약,1인 가구 요리; 혼밥 레시피; 설거지 줄이기; 원팬 요리; 원팟 요리; 에어프라이어 요리; 자취 요리; 시간 절약 요리; 식재료 낭비 방지; 효율적인 요리,"1인 가구 직장인, 한 끼 요리 후 설거지 산더미에 지칠 때? 시간과 재료 낭비 줄이는 원팬·원팟 요리 전략 | 혼삶노트","혼자 사는 직장인에게 요리는 숙제처럼 느껴질 때가 많습니다. 한 끼를 먹기 위해 많은 설거지를 감당해야 하는 당신을 위해, 시간과 재료 낭비를 줄이는 원팬·원팟 요리의 모든 것을 알려드립니다.",질문형,1인 가구 요리,혼밥 레시피; 설거지 줄이기; 원팬 요리; 원팟 요리; 에어프라이어 요리; 자취 요리; 시간 절약 요리; 식재료 낭비 방지; 효율적인 요리,"높음 (2026-08-07-food-auto-f5cf37, 유사도 0.63)",식재료 낭비 줄이기,예,예,아니오,2026-08-07-food-auto-f5cf37; 2026-07-30-food-13; 2026-08-09-food-auto-bd7a7d; 2026-08-13-food-auto-05f1fc; 2026-07-30-food-12; 2026-07-30-food-16,아니오,유지,1인 가구 요리 알아보기,의 시간과 에너지를 아끼는 최적의 솔루션은 바로 **‘원팬(One-Pan)’ 또는 ‘원팟(One-Pot) 요리’를 적극적으로 활용하는 것**입니다.,73,아니오,,,,
2026-08-06-food-auto-75ad3e,"혼자 사는 직장인, 냉동실에 뭐가 있는지 맨날 까먹을 때? 식재료 낭비 막는 효율적인 정리와 관리법",https://honsamnote.co.kr/blog/2026-08-06-food-auto-75ad3e/,food,혼밥·식재료 관리,혼밥; 식재료 관리; 냉동실 정리; 1인 가구 살림; 식비 절약,1인 가구 냉동실; 냉동식품 보관; 식재료 소분; 냉동실 재고 관리; 혼자 사는 식재료 낭비,"혼자 사는 직장인, 냉동실에 뭐가 있는지 맨날 까먹을 때? 식재료 낭비 막는 효율적인 정리와 관리법 | 혼삶노트","냉동실은 가득인데 막상 먹을 게 없나요? 1인 가구 직장인을 위한 식재료 낭비 막는 냉동실 효율적인 정리, 보관, 재고 관리법으로 시간과 돈을 절약하고 신선하게 즐기세요.",질문형,1인 가구 냉동실,냉동식품 보관; 식재료 소분; 냉동실 재고 관리; 혼자 사는 식재료 낭비,"높음 (2026-08-07-food-auto-bb56bf, 유사도 0.51)",식재료 낭비 줄이기,예,예,예,2026-08-06-food-auto-9e2cfe; 2026-08-07-food-auto-bb56bf; 2026-08-09-food-auto-937ea1; 2026-08-09-food-auto-bd7a7d; 2026-08-13-food-auto-05f1fc; 2026-07-30-food-12,아니오,유지,1인 가구 냉동실 알아보기,1인 가구의 냉동실은 식재료 낭비를 막고 식비를 절약하는 최후의 보루입니다.,73,아니오,,,,
2026-08-06-housing-auto-baef02,"혼자 사는 직장인, 집에 바퀴벌레가 출몰했다면? 당황 말고 내 돈 아끼며 완벽 박멸하는 법",https://honsamnote.co.kr/blog/2026-08-06-housing-auto-baef02/,housing,주거·계약·이사,바퀴벌레; 해충 박멸; 1인 가구; 주거 문제; 집주인 책임,바퀴벌레 퇴치; 원룸 바퀴벌레; 세입자 바퀴벌레; 관리비 바퀴벌레; 벌레 없애는 법,"혼자 사는 직장인, 집에 바퀴벌레가 출몰했다면? 당황 말고 내 돈 아끼며 완벽 박멸하는 법 | 혼삶노트","늦은 밤 집에 나타난 불청객 바퀴벌레! 혼자 사는 당신을 위한 현실적인 바퀴벌레 박멸법과 집주인 책임 여부 판단, 재발 방지까지 모든 것을 알려드립니다.",질문형,바퀴벌레 퇴치,원룸 바퀴벌레; 세입자 바퀴벌레; 관리비 바퀴벌레; 벌레 없애는 법,낮음,관리비,아니오,예,예,2026-07-30-housing-43; 2026-08-06-cleaning-auto-96ff36; 2026-08-08-products-auto-613b49; 2026-08-10-safety-auto-e68c91; 2026-08-01-products-auto-d180b4; 2026-08-08-housing-auto-82f28f,아니오,유지,바퀴벌레 퇴치 알아보기,"집에 바퀴벌레를 발견했다면, **보이는 것을 당장 제거하는 것만큼 중요한 건 '눈에 보이지 않는 바퀴벌레가 더 많을 수 있다'는 현실을 인지하는 겁니다.** 먼저 눈앞의 바퀴벌레를 비상 조치로 제거하고, 이후 발생 원인 파악과 규모 추정을 통해 지속적인 해결 전략을 세워야 합…",73,아니오,,,,
2026-08-06-lifestyle-auto-91c019,"혼자 사는 직장인, 친구들이 결혼·육아로 멀어질 때? '따로 또 같이' 관계 유지하는 현실 가이드",https://honsamnote.co.kr/blog/2026-08-06-lifestyle-auto-91c019/,lifestyle,관계·고립·생활 리듬,1인 가구; 직장인 관계; 친구 관계; 생활 리듬; 고립감 해소,혼자 사는 친구; 결혼 육아 친구; 관계 유지; 외로움; 관계 최적화,"혼자 사는 직장인, 친구들이 결혼·육아로 멀어질 때? '따로 또 같이' 관계 유지하는 현실 가이드 | 혼삶노트","친구들의 삶이 달라져 관계가 소원해지는 경험, 혼자 사는 직장인이라면 흔합니다. 멀어지는 친구들과의 관계를 현명하게 재정립하고, 나만의 생활 리듬을 지키는 현실적인 방법을 안내합니다.",질문형,혼자 사는 친구,결혼 육아 친구; 관계 유지; 외로움; 관계 최적화,"높음 (2026-08-11-lifestyle-auto-0f05f0, 유사도 0.5)",외로움·고립감,예,예,아니오,2026-08-11-lifestyle-auto-0f05f0; 2026-07-30-lifestyle-59; 2026-07-30-lifestyle-61; 2026-08-01-lifestyle-auto-29922b; 2026-08-01-lifestyle-auto-f56796; 2026-08-03-lifestyle-auto-06c5e8,아니오,유지,혼자 사는 친구 알아보기,친구들의 삶이 달라지는 것은 자연스러운 현상입니다.,73,아니오,,,,
2026-08-06-safety-auto-0b96ff,"혼자 사는 당신, 한밤중 일산화탄소 경보기가 울릴 때: 진짜 위험 vs. 오작동, 현명하게 판단하고 대처하는 법",https://honsamnote.co.kr/blog/2026-08-06-safety-auto-0b96ff/,safety,안전·응급상황,안전; 응급상황; 1인 가구 안전; 일산화탄소; 경보기,일산화탄소 경보기; 경보기 오작동; 경보기 배터리; 1인 가구 안전; 보일러 안전,"혼자 사는 당신, 한밤중 일산화탄소 경보기가 울릴 때: 진짜 위험 vs. 오작동, 현명하게 판단하고 대처하는 법 | 혼삶노트","혼자 사는 집에 한밤중 일산화탄소 경보기가 울리면 당황스럽죠. 진짜 위험인지, 오작동이나 배터리 문제인지 혼자서 현명하게 판단하고 안전하게 대처하는 현실적인 방법을 알려드립니다.",비교형,일산화탄소 경보기,경보기 오작동; 경보기 배터리; 1인 가구 안전; 보일러 안전,"높음 (2026-08-01-safety-auto-835af8, 유사도 0.59)",응급상황 대처,예,예,예,2026-08-06-safety-auto-ec7c17; 2026-08-01-safety-auto-835af8; 2026-07-30-safety-34; 2026-07-30-safety-41; 2026-08-01-safety-auto-0466e2; 2026-08-04-safety-auto-ceca45,아니오,유지,일산화탄소 경보기 비교｜안전·응급상황,"한밤중 일산화탄소 경보기가 울린다면, **무조건 '진짜 위험일 수도 있다'는 전제하에 대응**해야 합니다.",73,예,,,,
2026-08-06-safety-auto-a5c266,"혼자 사는 당신, 외출 중 갑자기 가스·누수 사고 걱정될 때? 스마트 가스 감지기 vs. 스마트 누수 센서, 나에게 맞는 원격 모니터링은?",https://honsamnote.co.kr/blog/2026-08-06-safety-auto-a5c266/,safety,안전·응급상황,1인 가구; 안전; 응급상황; 스마트홈; 가스안전; 누수방지,1인 가구 안전; 스마트 가스 감지기; 스마트 누수 센서; 외출 중 가스; 외출 중 누수; 원격 모니터링; 가스 누수 사고,"혼자 사는 당신, 외출 중 갑자기 가스·누수 사고 걱정될 때? 스마트 가스 감지기 vs. 스마트 누수 센서, 나에게 맞는 원격 모니터링은? | 혼삶노트","혼자 사는 직장인이라면 외출 중 가스나 누수 사고 걱정이 많을 텐데요. 스마트 가스 감지기와 스마트 누수 센서, 어떤 제품이 나에게 필요한지 현실적인 판단 기준과 해결책을 제시합니다.",질문형,1인 가구 안전,스마트 가스 감지기; 스마트 누수 센서; 외출 중 가스; 외출 중 누수; 원격 모니터링; 가스 누수 사고,낮음,누수·생활사고,아니오,예,아니오,2026-08-06-safety-auto-ec7c17; 2026-08-08-safety-auto-ee80c6; 2026-07-30-safety-34; 2026-07-30-safety-41; 2026-08-07-safety-auto-5a549d; 2026-08-08-safety-auto-be207d,아니오,유지,1인 가구 안전 알아보기,"외출 중 발생할 수 있는 가스 누출이나 물난리 같은 안전 문제를 걱정한다면, 스마트 가스 감지기와 스마트 누수 센서는 꽤나 유용한 현실적인 대비책이 될 수 있습니다.",73,예,,,,
2026-08-06-safety-auto-ec7c17,"혼자 사는 당신, 겨울철 일산화탄소 걱정된다면? 일반형 vs. 스마트 CO 경보기, 나에게 맞는 안전 선택은?",https://honsamnote.co.kr/blog/2026-08-06-safety-auto-ec7c17/,safety,안전·응급상황,안전; 응급상황; 1인 가구; 일산화탄소; 난방; 스마트홈,일산화탄소 경보기; CO 경보기; 스마트 CO 경보기; 1인 가구 안전; 겨울철 난방; 가스 보일러 안전,"혼자 사는 당신, 겨울철 일산화탄소 걱정된다면? 일반형 vs. 스마트 CO 경보기, 나에게 맞는 안전 선택은? | 혼삶노트","혼자 사는 사람을 위한 일산화탄소 경보기 선택 가이드. 일반형과 스마트형의 장단점, 나에게 맞는 선택 기준을 현실적으로 알려드립니다.",질문형,일산화탄소 경보기,CO 경보기; 스마트 CO 경보기; 1인 가구 안전; 겨울철 난방; 가스 보일러 안전,"높음 (2026-08-01-safety-auto-835af8, 유사도 0.65)",응급상황 대처,예,예,아니오,2026-08-06-safety-auto-0b96ff; 2026-08-01-safety-auto-835af8; 2026-07-30-safety-34; 2026-07-30-safety-41; 2026-08-01-safety-auto-0466e2; 2026-08-04-safety-auto-ceca45,아니오,유지,일산화탄소 경보기 알아보기,에게 일산화탄소(CO) 경보기는 선택이 아닌 필수 안전 장치입니다.,73,아니오,,,,
2026-08-06-storage-auto-11ba62,"1인 가구 직장인, 좁은 원룸 거실 '앉을 자리도, 수납도 부족'하다면? 수납 스툴 vs. 수납 벤치, 현명하게 고르는 법",https://honsamnote.co.kr/blog/2026-08-06-storage-auto-11ba62/,storage,좁은 집과 수납,1인 가구; 좁은 집 수납; 원룸 인테리어; 수납 스툴; 수납 벤치; 공간 활용; 직장인 라이프,1인 가구 수납; 원룸 수납; 좁은 집 수납; 수납 스툴; 수납 벤치; 다용도 가구; 공간 효율,"1인 가구 직장인, 좁은 원룸 거실 '앉을 자리도, 수납도 부족'하다면? 수납 스툴 vs. 수납 벤치, 현명하게 고르는 법 | 혼삶노트","혼자 사는 좁은 원룸, 앉을 자리와 수납공간 모두 절실하다면? 다용도 수납 스툴과 넉넉한 수납 벤치 중 나에게 맞는 최적의 선택은 무엇일까요? 이 글에서 현실적인 비교와 판단 기준을 제시합니다.",질문형,1인 가구 수납,원룸 수납; 좁은 집 수납; 수납 스툴; 수납 벤치; 다용도 가구; 공간 효율,"높음 (2026-08-11-storage-auto-9064d7, 유사도 0.51)",원룸 전체 수납,예,예,아니오,2026-08-11-storage-auto-9064d7; 2026-08-13-storage-auto-92e3bb; 2026-08-01-storage-auto-316ab0; 2026-07-30-storage-24; 2026-08-07-storage-auto-6dca4b; 2026-08-14-storage-auto-be0ab4,아니오,유지,1인 가구 수납 알아보기,좁은 원룸에서 앉을자리와 수납공간을 동시에 해결하고 싶다면 '수납 스툴'과 '수납 벤치'가 좋은 선택지가 될 수 있습니다.,73,아니오,,,,
2026-08-06-storage-auto-239c0d,"1인 가구 직장인, 좁은 원룸 쌓여가는 분리수거 쓰레기, 냄새 걱정 없이 깔끔하게 보관하는 현실 수납법",https://honsamnote.co.kr/blog/2026-08-06-storage-auto-239c0d/,storage,좁은 집과 수납,1인 가구; 좁은 집; 수납; 분리수거; 생활 팁; 직장인,1인 가구 분리수거; 좁은 집 쓰레기; 원룸 분리수거함; 분리수거 냄새; 효율적인 수납,"1인 가구 직장인, 좁은 원룸 쌓여가는 분리수거 쓰레기, 냄새 걱정 없이 깔끔하게 보관하는 현실 수납법 | 혼삶노트","좁은 원룸에서 쌓이는 분리수거 쓰레기, 냄새와 지저분함 때문에 스트레스받으셨죠? 1인 가구에 최적화된 공간 활용법으로 깔끔하고 효율적인 분리수거 시스템을 만드는 현실 수납 팁을 알려드립니다.",문제해결형,1인 가구 분리수거,좁은 집 쓰레기; 원룸 분리수거함; 분리수거 냄새; 효율적인 수납,"높음 (2026-08-11-storage-auto-9064d7, 유사도 0.5)",원룸 전체 수납,예,예,아니오,2026-08-07-storage-auto-ee20dc; 2026-08-01-storage-auto-316ab0; 2026-08-08-storage-auto-12975c; 2026-08-04-storage-auto-06061f; 2026-08-06-storage-auto-c14a3a; 2026-08-13-storage-auto-92e3bb,아니오,유지,1인 가구 분리수거 해결 방법,"좁은 집에 쌓이는 분리수거 쓰레기 문제, 가장 빠르고 확실한 해결책은 **'재활용품 종류별로 분리하고, 부피를 최소화하여 일주일치 양을 깔끔하게 보관할 수 있는 전용 수납 시스템'을 구축**하는 것입니다.",73,아니오,,,,
2026-08-06-storage-auto-772373,"1인 가구 직장인, 여행 후 빈 캐리어 좁은 원룸 '애물단지'라면? 숨겨진 공간 200% 활용하는 현실 수납법",https://honsamnote.co.kr/blog/2026-08-06-storage-auto-772373/,storage,좁은 집과 수납,좁은집수납; 1인가구; 캐리어수납; 공간활용; 정리정돈,1인 가구 캐리어; 좁은 원룸 수납; 빈 캐리어 활용; 캐리어 정리; 부피 큰 짐 보관,"1인 가구 직장인, 여행 후 빈 캐리어 좁은 원룸 '애물단지'라면? 숨겨진 공간 200% 활용하는 현실 수납법 | 혼삶노트","여행 후 빈 캐리어, 좁은 원룸에서 자리만 차지하고 있나요? 이젠 버려두지 마세요. 부피는 줄이고 수납력은 두 배로 만드는 현실적인 캐리어 활용법을 알려드립니다.",질문형,1인 가구 캐리어,좁은 원룸 수납; 빈 캐리어 활용; 캐리어 정리; 부피 큰 짐 보관,"높음 (2026-07-30-storage-19, 유사도 0.5)",원룸 전체 수납,예,예,아니오,2026-07-30-storage-19; 2026-08-05-storage-auto-d93cd5; 2026-08-07-storage-auto-fcc47d; 2026-08-01-storage-auto-662a7f; 2026-08-01-storage-auto-f1fb81; 2026-08-06-storage-auto-53c51c,아니오,유지,1인 가구 캐리어 알아보기,"빈 캐리어를 좁은 공간에 그냥 방치하는 대신, **그 자체를 '숨은 대용량 수납함'으로 활용하세요.** 캐리어의 텅 빈 내부 공간에 다른 물건들을 효율적으로 채워 넣고, 그 다음 집안의 ‘죽은 공간’을 찾아 깔끔하게 보관하는 것이 핵심입니다.",73,아니오,,,,
2026-08-06-storage-auto-b1740f,"1인 가구 직장인, 좁은 원룸 '매트·덤벨·폼롤러' 발에 채인다면? 홈트 용품 똑똑하게 보관하고 깔끔하게 쓰는 현실 수납법",https://honsamnote.co.kr/blog/2026-08-06-storage-auto-b1740f/,storage,좁은 집과 수납,1인 가구; 좁은 집 수납; 홈트; 운동용품 정리; 원룸 인테리어,1인 가구 홈트; 원룸 운동용품; 요가매트 보관; 덤벨 정리; 폼롤러 수납; 좁은 집 수납 노하우,"1인 가구 직장인, 좁은 원룸 '매트·덤벨·폼롤러' 발에 채인다면? 홈트 용품 똑똑하게 보관하고 깔끔하게 쓰는 현실 수납법 | 혼삶노트","좁은 원룸에서 매트, 덤벨, 폼롤러 등 홈트 용품이 발에 채여 불편하다면? 자주 쓰는 운동용품을 효율적으로 보관하고 깔끔하게 유지하는 현실적인 수납 팁을 알려드립니다.",질문형,1인 가구 홈트,원룸 운동용품; 요가매트 보관; 덤벨 정리; 폼롤러 수납; 좁은 집 수납 노하우,"높음 (2026-08-01-storage-auto-f1fb81, 유사도 0.5)",원룸 전체 수납,예,예,아니오,2026-08-01-storage-auto-f1fb81; 2026-08-06-storage-auto-11ba62; 2026-08-07-storage-auto-b02bd8; 2026-08-11-storage-auto-9064d7; 2026-08-14-storage-auto-be0ab4; 2026-08-10-storage-auto-046a46,아니오,유지,1인 가구 홈트 알아보기,"좁은 원룸에서 홈트 용품 수납의 핵심은 '자주 쓰는 것'과 '부피가 큰 것'을 구분하고, '세로 수납'과 '숨겨진 틈새 공간'을 최대한 활용하는 것입니다.",73,아니오,,,,
2026-08-06-storage-auto-ddb1d8,"1인 가구 직장인, 퇴근 후 던져놓는 지갑·열쇠·휴대폰… 잃어버리지 않고 깔끔하게 정리하는 현실 수납법",https://honsamnote.co.kr/blog/2026-08-06-storage-auto-ddb1d8/,storage,좁은 집과 수납,1인 가구; 수납; 정리정돈; 생활팁; 효율적인 삶,1인 가구 수납; 현관 정리; 퇴근 후 루틴; 지갑 정리; 열쇠 보관; 휴대폰 수납,"1인 가구 직장인, 퇴근 후 던져놓는 지갑·열쇠·휴대폰… 잃어버리지 않고 깔끔하게 정리하는 현실 수납법 | 혼삶노트","퇴근 후 늘 같은 자리에 지갑, 열쇠, 휴대폰을 던져두며 시간을 낭비하고 있다면? 1인 가구의 시간과 돈을 아끼는 생활 필수품 '착륙 지점' 만드는 현실 가이드를 확인하세요.",문제해결형,1인 가구 수납,현관 정리; 퇴근 후 루틴; 지갑 정리; 열쇠 보관; 휴대폰 수납,"높음 (2026-08-07-storage-auto-6dca4b, 유사도 0.51)",원룸 전체 수납,예,예,아니오,2026-08-07-storage-auto-6dca4b; 2026-07-30-storage-24; 2026-08-01-storage-auto-316ab0; 2026-08-07-storage-auto-fcc47d; 2026-08-10-storage-auto-046a46; 2026-08-13-storage-auto-545d8d,아니오,유지,1인 가구 수납 해결 방법,"집에 들어섰을 때 자주 사용하는 작은 소지품들이 '착륙'할 수 있는 **전용 공간, 즉 '착륙 지점'을 만드는 것이 핵심입니다.** 이 공간은 눈에 잘 띄고, 손이 닿기 쉬우며, 최소한의 물건만 수납하도록 설계해야 합니다.",73,아니오,,,,
2026-08-06-storage-auto-ee77b8,"1인 가구 직장인, '언젠가 쓸모 있겠지' 빈 박스에 쌓여 답답하다면? 후회 없이 버리고 똑똑하게 보관하는 현실 수납법",https://honsamnote.co.kr/blog/2026-08-06-storage-auto-ee77b8/,storage,좁은 집과 수납,1인 가구 수납; 좁은 집 정리; 빈 박스 버리기; 전자제품 박스; 수납 최적화,1인 가구; 직장인; 좁은 집; 빈 박스; 수납; 정리; 전자제품; 재활용,"1인 가구 직장인, '언젠가 쓸모 있겠지' 빈 박스에 쌓여 답답하다면? 후회 없이 버리고 똑똑하게 보관하는 현실 수납법 | 혼삶노트","혼자 사는 직장인, 좁은 집에 쌓이는 빈 박스 더미에 한숨 쉬나요? 필요한 박스만 남기고 나머지는 후회 없이 버려 공간을 되찾는 현실적인 수납 가이드를 확인하세요.",질문형,1인 가구,직장인; 좁은 집; 빈 박스; 수납; 정리; 전자제품; 재활용,"높음 (2026-08-01-storage-auto-316ab0, 유사도 0.53)",원룸 전체 수납,예,예,아니오,2026-08-06-storage-auto-bb011a; 2026-08-06-storage-auto-c25261; 2026-08-07-storage-auto-4a268b; 2026-07-30-storage-21; 2026-08-01-storage-auto-39ae63; 2026-08-01-storage-auto-499287,아니오,유지,1인 가구 알아보기,대부분의 빈 박스는 사실 보관할 필요가 없습니다.,73,아니오,,,,
2026-08-07-cost-auto-431981,"혼자 사는 직장인, 덥고 추울 때마다 전기요금 폭탄 걱정된다면? 숨은 전력 도둑 잡고 요금 확 줄이는 3단계 전략",https://honsamnote.co.kr/blog/2026-08-07-cost-auto-431981/,cost,생활비 최적화,전기요금; 전기세; 1인 가구; 생활비 절약; 에너지 절약,1인 가구 전기요금; 전기세 절약; 직장인 전기세; 대기전력; 냉난방비 절약,"혼자 사는 직장인, 덥고 추울 때마다 전기요금 폭탄 걱정된다면? 숨은 전력 도둑 잡고 요금 확 줄이는 3단계 전략 | 혼삶노트","혼자 사는 직장인을 위한 전기요금 절약 가이드. 누진제부터 대기전력, 냉난방기 효율까지, 숨은 전기 도둑을 잡고 매달 나가는 전기세 걱정을 덜어줄 현실적인 3단계 해결법을 제시합니다.",질문형,1인 가구 전기요금,전기세 절약; 직장인 전기세; 대기전력; 냉난방비 절약,낮음,전기요금,아니오,예,아니오,2026-08-04-cost-auto-7e7d88; 2026-07-30-cost-2; 2026-07-30-cost-3; 2026-07-30-cost-6; 2026-07-30-cost-80; 2026-08-01-cost-auto-8e14b1,아니오,유지,1인 가구 전기요금 알아보기,"혼자 사는 직장인이라면, **매월 전기요금 청구서를 꼼꼼히 분석해 우리 집의 전력 소비 패턴을 파악하고, 계절별로 주요",73,예,,,,
2026-08-07-cost-auto-7256ba,"혼자 사는 직장인, 안 쓰는 대형 가구/가전 버리려니 막막하다면? 무료 수거 vs 유료 폐기, 돈 아끼는 현명한 처분 전략",https://honsamnote.co.kr/blog/2026-08-07-cost-auto-7256ba/,cost,생활비 최적화,생활비 최적화; 폐기물 처리; 대형 폐기물; 가전제품; 가구; 1인 가구,1인 가구 대형 폐기물; 가구 버리기; 가전제품 버리기; 폐가전 무상 수거; 대형 폐기물 스티커; 폐기물 처리 비용,"혼자 사는 직장인, 안 쓰는 대형 가구/가전 버리려니 막막하다면? 무료 수거 vs 유료 폐기, 돈 아끼는 현명한 처분 전략 | 혼삶노트","혼자 사는 직장인이라면 한 번쯤 겪는 대형 폐기물 처리 고민! 시간, 돈, 노력을 아끼면서 오래된 가구와 가전을 깔끔하게 처분하는 현실적인 방법과 후회 없는 선택 가이드를 제시합니다.",질문형,1인 가구 대형 폐기물,가구 버리기; 가전제품 버리기; 폐가전 무상 수거; 대형 폐기물 스티커; 폐기물 처리 비용,"높음 (2026-08-01-cost-auto-e9d2d3, 유사도 0.53)",생활비 절약 전반,예,예,아니오,2026-08-12-cost-auto-b175c0; 2026-08-01-cost-auto-0d71f8; 2026-08-01-cost-auto-4a41b3; 2026-08-01-cost-auto-9c7467; 2026-08-01-cost-auto-e9d2d3; 2026-08-03-cost-auto-4d199c,아니오,유지,1인 가구 대형 폐기물 알아보기,가장 빠르고 비용 부담이 적은 해결책은 **'폐가전 무상 방문 수거 서비스'를 먼저 확인**하는 것입니다.,73,예,,,,
2026-08-07-food-auto-bb56bf,"혼자 사는 직장인, 냉장고 속 '조금 애매한 상태' 식재료, 버릴까 말까? 안전하게 판단하고 알뜰하게 활용하는 법",https://honsamnote.co.kr/blog/2026-08-07-food-auto-bb56bf/,food,혼밥·식재료 관리,식재료 관리; 혼밥; 음식물 쓰레기; 냉장고 정리; 1인 가구 살림,1인 가구 식재료; 애매한 식재료; 유통기한; 섭취기한; 음식물 낭비,"혼자 사는 직장인, 냉장고 속 '조금 애매한 상태' 식재료, 버릴까 말까? 안전하게 판단하고 알뜰하게 활용하는 법 | 혼삶노트","혼자 사는 직장인을 위한 냉장고 속 애매한 식재료 판단 가이드. 유통기한과 섭취기한의 차이부터 오감 활용법, 안전한 처리와 알뜰한 활용 팁까지.",질문형,1인 가구 식재료,애매한 식재료; 유통기한; 섭취기한; 음식물 낭비,"높음 (2026-07-30-food-16, 유사도 0.52)",식재료 낭비 줄이기,예,예,아니오,2026-08-03-food-auto-f85a75; 2026-07-30-food-13; 2026-08-01-food-auto-174113; 2026-08-01-food-auto-6b8a79; 2026-08-13-food-auto-05f1fc; 2026-07-30-food-12,아니오,유지,1인 가구 식재료 알아보기,냉장고 속 '애매한 상태'의 식재료가 모두 버려야 할 음식물 쓰레기는 아닙니다.,73,아니오,,,,
2026-08-07-food-auto-f5cf37,"혼자 사는 직장인, 특정 요리가 당길 때: 원팩 밀키트 vs. 개별 소량 식재료 구매, 당신의 시간과 지갑을 위한 현명한 선택",https://honsamnote.co.kr/blog/2026-08-07-food-auto-f5cf37/,food,혼밥·식재료 관리,혼밥; 식재료관리; 밀키트; 식비절약; 요리팁; 1인가구,1인 가구 밀키트; 소량 식재료; 혼밥 레시피; 식재료 낭비; 자취 요리,"혼자 사는 직장인, 특정 요리가 당길 때: 원팩 밀키트 vs. 개별 소량 식재료 구매, 당신의 시간과 지갑을 위한 현명한 선택 | 혼삶노트","혼자 사는 당신, 딱 한 끼 먹고 싶은데 식재료는 너무 많고, 남으면 버릴까 고민되시죠? 원팩 밀키트와 개별 소량 식재료 구매 중 당신에게 맞는 최적의 선택을 안내합니다.",비교형,1인 가구 밀키트,소량 식재료; 혼밥 레시피; 식재료 낭비; 자취 요리,"높음 (2026-08-06-food-auto-36b7bb, 유사도 0.63)",식재료 낭비 줄이기,예,예,예,2026-08-06-food-auto-36b7bb; 2026-07-29-food-9; 2026-08-07-food-auto-44e578; 2026-08-08-food-auto-6f0a23; 2026-08-12-food-auto-6ed755; 2026-08-12-food-auto-7b4cd9,아니오,유지,1인 가구 밀키트 비교,"이런 고민 앞에서 당신의 최적의 선택은 **만들고 싶은 요리의 특성, 당신의 요리 경험, 주방 환경, 그리고 현재의 시간과 에너지 수준**에 따라 달라집니다.",73,아니오,,,,
2026-08-07-lifestyle-auto-6e452d,"혼자 사는 직장인, 낯선 이웃이 자꾸 말 걸고 다가올 때? 적정 거리 지키며 관계 최적화하는 실전 가이드",https://honsamnote.co.kr/blog/2026-08-07-lifestyle-auto-6e452d/,lifestyle,관계·고립·생활 리듬,이웃 관계; 1인 가구; 직장인 생활; 사생활 보호; 경계 설정,이웃 부담; 낯선 이웃; 이웃과 거리두기; 혼자 사는 사람 관계; 사생활 침해,"혼자 사는 직장인, 낯선 이웃이 자꾸 말 걸고 다가올 때? 적정 거리 지키며 관계 최적화하는 실전 가이드 | 혼삶노트","혼자 사는 당신, 이웃과의 관계가 너무 가까워지는 게 부담스럽다면? 개인 공간과 안전을 지키면서 이웃과 적정 거리를 유지하는 현실적인 대처법을 알려드립니다.",질문형,이웃 부담,낯선 이웃; 이웃과 거리두기; 혼자 사는 사람 관계; 사생활 침해,낮음,이웃·층간소음,아니오,예,예,2026-07-30-lifestyle-66; 2026-08-01-lifestyle-auto-b13421; 2026-07-30-lifestyle-64; 2026-08-01-lifestyle-auto-976633; 2026-08-01-cleaning-auto-2b8bbd; 2026-08-01-housing-auto-bd24e0,아니오,유지,이웃 부담 알아보기,"이웃과의 관계에서 불편함을 느꼈다면, 최대한 빨리 그리고 단호하지만 예의 바르게 '적정 거리'를 설정하는 것이 중요합니다.",73,아니오,,,,
2026-08-07-products-auto-4602dc,"혼자 사는 직장인, 좁은 집 빨래 건조가 매번 스트레스라면? 의류건조기 vs. 제습기+건조대, 내게 딱 맞는 선택은?",https://honsamnote.co.kr/blog/2026-08-07-products-auto-4602dc/,products,1인 가구 제품·서비스,1인가구; 빨래; 건조기; 제습기; 살림팁; 시간절약; 공간활용,1인 가구 빨래; 의류건조기; 제습기; 빨래 건조; 좁은 집 살림; 생활 최적화; 건조기 추천,"혼자 사는 직장인, 좁은 집 빨래 건조가 매번 스트레스라면? 의류건조기 vs. 제습기+건조대, 내게 딱 맞는 선택은? | 혼삶노트","혼자 사는 직장인이라면 공감할 좁은 집 빨래 건조의 어려움. 의류건조기와 제습기+건조대 중 어떤 방법이 시간, 돈, 공간을 최적화할지 현실적인 판단 기준을 제시합니다.",질문형,1인 가구 빨래,의류건조기; 제습기; 빨래 건조; 좁은 집 살림; 생활 최적화; 건조기 추천,낮음,공기청정기·환경가전,아니오,예,아니오,2026-08-07-cost-auto-d674a8; 2026-08-01-products-auto-153ac4; 2026-07-31-products-75; 2026-08-01-products-auto-fee2c4; 2026-08-07-cleaning-auto-1c4212; 2026-08-08-products-auto-3477b8,아니오,유지,1인 가구 빨래 알아보기,혼자 사는 직장인의 빨래 고민을 해결해 줄 만능 솔루션은 없습니다.,73,아니오,,,,
2026-08-07-safety-auto-7d89fc,"혼자 사는 당신, 우리 집 복도·엘리베이터·주차장에서 수상한 사람을 마주쳤을 때: 당황하지 않고 나를 지키는 현실적인 대처법",https://honsamnote.co.kr/blog/2026-08-07-safety-auto-7d89fc/,safety,안전·응급상황,1인 가구 안전; 건물 보안; 위협 대처; 비상 상황; 생활 안전,1인 가구 안전; 건물 내 위협; 수상한 사람 대처; 아파트 안전; 원룸 안전; 위기 대처법; 안전 귀가,"혼자 사는 당신, 우리 집 복도·엘리베이터·주차장에서 수상한 사람을 마주쳤을 때: 당황하지 않고 나를 지키는 현실적인 대처법 | 혼삶노트","혼자 사는 당신이 건물 내부에서 수상한 사람과 마주쳤을 때, 어떻게 해야 안전하게 자신을 지킬 수 있을까요? 당황하지 않고 즉각적으로 취해야 할 행동부터 장기적인 예방책까지 현실적인 가이드를 제시합니다.",문제해결형,1인 가구 안전,건물 내 위협; 수상한 사람 대처; 아파트 안전; 원룸 안전; 위기 대처법; 안전 귀가,낮음,안전·응급상황 기타,예,예,예,2026-08-07-safety-auto-7d0e1d; 2026-07-30-safety-38; 2026-08-01-safety-auto-4f0708; 2026-08-06-safety-auto-0b96ff; 2026-08-06-safety-auto-21374d; 2026-08-08-safety-auto-55b509,아니오,유지,1인 가구 안전 해결 방법,가장 중요한 것은 **'안전한 거리 확보'**와 **'절대 반응하지 않는 것'**입니다.,73,아니오,,,,
2026-08-07-safety-auto-e50d7a,"혼자 사는 당신, 집에서 미끄러지거나 넘어져 몸을 움직이기 힘들 때: 당황하지 않고 부상 상태 확인 및 도움 요청하는 현실적인 방법",https://honsamnote.co.kr/blog/2026-08-07-safety-auto-e50d7a/,safety,안전·응급상황,안전·응급상황; 1인 가구; 낙상; 부상; 응급처치; 비상연락망; 생활안전,1인 가구 낙상; 집에서 넘어졌을 때; 부상 대처; 혼자 사는 사람 응급상황; 도움 요청,"혼자 사는 당신, 집에서 미끄러지거나 넘어져 몸을 움직이기 힘들 때: 당황하지 않고 부상 상태 확인 및 도움 요청하는 현실적인 방법 | 혼삶노트","집에서 넘어지거나 미끄러져 움직이기 힘들 때, 혼자 사는 당신을 위한 현실적인 부상 확인과 도움 요청 가이드입니다. 당황하지 않고 안전하게 대처하세요.",방법형,1인 가구 낙상,집에서 넘어졌을 때; 부상 대처; 혼자 사는 사람 응급상황; 도움 요청,"높음 (2026-08-11-safety-auto-197473, 유사도 0.53)",응급상황 대처,예,예,예,2026-08-11-safety-auto-197473; 2026-07-30-safety-41; 2026-08-04-safety-auto-61ce38; 2026-08-07-safety-auto-580f1f; 2026-07-30-safety-34; 2026-07-30-safety-36,아니오,유지,1인 가구 낙상 방법,넘어졌을 때 **절대 서두르거나 무리하게 몸을 움직이지 마세요.** 우선 현재 자세 그대로 통증 부위를 움직이지 않고 가만히 있는 것이 중요합니다.,73,아니오,,,,
2026-08-07-storage-auto-2cdaeb,"1인 가구 직장인, 좁은 현관 신발 더미에 발 걸린다면? '오픈형 vs 슬림형 신발장' 내게 맞는 선택 기준 비교",https://honsamnote.co.kr/blog/2026-08-07-storage-auto-2cdaeb/,storage,좁은 집과 수납,1인 가구; 좁은 집 수납; 현관 정리; 신발 수납; 생활 최적화,1인 가구 신발장; 좁은 현관 신발 정리; 슬림형 신발장; 오픈형 신발장; 신발 수납 최적화,"1인 가구 직장인, 좁은 현관 신발 더미에 발 걸린다면? '오픈형 vs 슬림형 신발장' 내게 맞는 선택 기준 비교 | 혼삶노트","좁은 1인 가구 현관, 쌓여가는 신발 때문에 답답하다면? 오픈형과 슬림형 신발장 중 내 라이프스타일에 맞는 제품을 선택해 깔끔하고 효율적인 현관을 만드는 현실적인 가이드.",질문형,1인 가구 신발장,좁은 현관 신발 정리; 슬림형 신발장; 오픈형 신발장; 신발 수납 최적화,낮음,현관 수납,아니오,예,아니오,2026-08-08-storage-auto-37bfb5; 2026-08-01-storage-auto-c94563; 2026-08-06-storage-auto-d7c10d; 2026-08-07-storage-auto-ffedfc; 2026-08-08-storage-auto-24e806; 2026-08-11-storage-auto-80b064,아니오,유지,1인 가구 신발장 알아보기,"좁은 현관 신발 수납의 핵심은 **'내 현관의 물리적 조건'과 '평소 신는 신발의 양', 그리고 '청결 및 관리 선호도'** 세 가지를 명확히 파악하는 것입니다.",73,아니오,,,,
2026-08-07-storage-auto-54d5cd,"1인 가구 직장인, 좁은 침대 밑 공간 '애물단지'라면? 수납형 vs 일반 침대 프레임, 내게 맞는 선택 기준 비교",https://honsamnote.co.kr/blog/2026-08-07-storage-auto-54d5cd/,storage,좁은 집과 수납,좁은집수납; 침대수납; 1인가구침대; 원룸수납; 공간최적화,침대 밑 수납; 수납형 침대; 일반 침대 프레임; 1인 가구 수납; 원룸 가구,"1인 가구 직장인, 좁은 침대 밑 공간 '애물단지'라면? 수납형 vs 일반 침대 프레임, 내게 맞는 선택 기준 비교 | 혼삶노트",혼자 사는 좁은 원룸에서 침대 밑 공간은 수납 고민의 핵심입니다. 수납형 침대 프레임과 일반 프레임에 별도 수납 용품을 조합하는 두 가지 선택지 중 당신에게 꼭 맞는 효율적인 수납 솔루션을 찾아보세요.,질문형,침대 밑 수납,수납형 침대; 일반 침대 프레임; 1인 가구 수납; 원룸 가구,"높음 (2026-07-30-storage-19, 유사도 0.59)",원룸 전체 수납,예,예,아니오,2026-08-05-storage-auto-d93cd5; 2026-07-30-storage-24; 2026-08-01-storage-auto-316ab0; 2026-08-01-storage-auto-39ae63; 2026-08-03-storage-auto-45d4eb; 2026-08-04-storage-auto-225475,아니오,유지,침대 밑 수납 알아보기,"좁은 원룸 침대 밑 공간을 최대한 활용하려면 '수납형 침대 프레임'과 '일반 침대 프레임 + 별도 수납 용품' 중에서 여러분의 라이프스타일과 수납 물품의 종류, 그리고 예산을 기준으로 현명한 선택을 해야 합니다.",73,아니오,,,,
2026-08-07-storage-auto-6dca4b,"1인 가구 직장인, 좁은 집에 쌓이는 '추억의 물건' 때문에 답답하다면? 공간 차지 없이 깔끔하게 보관하는 현실 수납법",https://honsamnote.co.kr/blog/2026-08-07-storage-auto-6dca4b/,storage,좁은 집과 수납,1인 가구; 수납; 좁은 집; 추억의 물건; 정리정돈; 효율적인 삶,1인 가구 수납; 좁은 집 정리; 추억의 물건 보관; 감성 수납; 디지털 정리; 원룸 수납,"1인 가구 직장인, 좁은 집에 쌓이는 '추억의 물건' 때문에 답답하다면? 공간 차지 없이 깔끔하게 보관하는 현실 수납법 | 혼삶노트","혼자 사는 삶, 버릴 수 없는 추억의 물건들이 좁은 집에 쌓여 공간을 답답하게 만든다면? 똑똑하게 분류하고 현명하게 보관하는 현실적인 팁으로 나만의 소중한 기억을 깔끔하게 정리하세요.",질문형,1인 가구 수납,좁은 집 정리; 추억의 물건 보관; 감성 수납; 디지털 정리; 원룸 수납,"높음 (2026-08-06-storage-auto-ddb1d8, 유사도 0.51)",원룸 전체 수납,예,예,아니오,2026-07-30-storage-24; 2026-08-13-storage-auto-545d8d; 2026-08-13-storage-auto-92e3bb; 2026-08-06-storage-auto-ddb1d8; 2026-08-01-storage-auto-316ab0; 2026-08-06-storage-auto-c14a3a,아니오,유지,1인 가구 수납 알아보기,"버릴 수 없는 추억의 물건이라면, 무작정 쌓아두기보다",73,아니오,,,,
2026-08-07-storage-auto-fcc47d,"1인 가구 직장인, 좁은 원룸 '계절 가전' 어디에 보관해야 할지 막막하다면? 깔끔하게 숨기고 효율적으로 쓰는 현실 수납법",https://honsamnote.co.kr/blog/2026-08-07-storage-auto-fcc47d/,storage,좁은 집과 수납,1인 가구; 좁은 집; 수납; 계절 가전; 원룸 정리; 생활 최적화,1인 가구 수납; 계절 가전 보관; 좁은 원룸 수납; 선풍기 수납; 히터 보관; 가습기 정리,"1인 가구 직장인, 좁은 원룸 '계절 가전' 어디에 보관해야 할지 막막하다면? 깔끔하게 숨기고 효율적으로 쓰는 현실 수납법 | 혼삶노트","좁은 원룸에서 부피 큰 계절 가전(선풍기, 히터, 가습기 등)을 깔끔하게 보관하는 방법을 찾고 있다면, 이 글이 현실적인 해결책을 제시합니다. 시간과 공간을 아끼는 현명한 수납 노하우를 확인하세요.",질문형,1인 가구 수납,계절 가전 보관; 좁은 원룸 수납; 선풍기 수납; 히터 보관; 가습기 정리,"높음 (2026-08-06-storage-auto-772373, 유사도 0.5)",원룸 전체 수납,예,예,아니오,2026-08-13-storage-auto-545d8d; 2026-08-08-storage-auto-12975c; 2026-07-30-storage-24; 2026-08-01-storage-auto-316ab0; 2026-08-07-storage-auto-6dca4b; 2026-08-13-storage-auto-92e3bb,아니오,유지,1인 가구 수납 알아보기,"좁은 원룸에서 계절 가전을 깔끔하고 효율적으로 보관하려면, **가장 먼저 제품의 '원래 박스'를 활용하거나 부득이한 경우 '크기에 맞는 대체 수납 박스'를 확보하는 것이 핵심입니다.** 그리고 보관 전 '철저한 청소'와 '적절한 보관 위치 선정'을 통해 제품을 보호하고 공간을…",73,아니오,,,,
2026-08-08-cleaning-auto-e6a45e,"혼자 사는 당신, 세탁 후에도 옷에서 쿰쿰한 냄새? 세탁기 고무패킹과 세제 투입구 곰팡이, 딱 15분이면 끝!",https://honsamnote.co.kr/blog/2026-08-08-cleaning-auto-e6a45e/,cleaning,청소·세탁·집안일,세탁기 청소; 곰팡이 제거; 세탁 효율; 1인 가구; 생활 최적화,세탁기 냄새; 세탁기 곰팡이; 고무패킹 청소; 세제 투입구 청소; 옷 냄새,"혼자 사는 당신, 세탁 후에도 옷에서 쿰쿰한 냄새? 세탁기 고무패킹과 세제 투입구 곰팡이, 딱 15분이면 끝! | 혼삶노트",세탁해도 꿉꿉한 옷 냄새의 주범은 바로 세탁기 고무패킹과 세제 투입구 곰팡이! 1인 가구를 위한 초간단 15분 청소법으로 빨래 걱정을 해결하고 쾌적한 생활을 되찾으세요.,질문형,세탁기 냄새,세탁기 곰팡이; 고무패킹 청소; 세제 투입구 청소; 옷 냄새,"높음 (2026-07-31-cleaning-74, 유사도 0.54)",세탁·옷관리,예,예,아니오,2026-08-06-cleaning-auto-eb5789; 2026-08-06-cleaning-auto-ff8d39; 2026-07-30-cleaning-28; 2026-07-31-cleaning-74; 2026-07-30-cleaning-32; 2026-08-01-cleaning-auto-070bfd,아니오,유지,세탁기 냄새 알아보기,"세탁 후에도 옷에서 꿉꿉한 냄새가 나거나 검은 얼룩이 묻어 나온다면, 지금 당장 세탁기 고무패킹과 세제 투입구를 확인하세요.",73,아니오,,,,
2026-08-08-cost-auto-c1b0b5,"혼자 사는 직장인, 가끔 차 필요할 때마다 택시비 부담되고 대중교통 불편하다면? 카셰어링 vs 중고차 vs 렌터카, 내게 맞는 최적의 이동 수단 찾는 법",https://honsamnote.co.kr/blog/2026-08-08-cost-auto-c1b0b5/,cost,생활비 최적화,생활비 최적화; 1인 가구; 교통비; 카셰어링; 렌터카; 중고차; 돈 아끼는 법,1인 가구 자동차; 카셰어링 장단점; 렌터카 비용; 중고차 유지비; 교통비 절약; 합리적인 이동수단,"혼자 사는 직장인, 가끔 차 필요할 때마다 택시비 부담되고 대중교통 불편하다면? 카셰어링 vs 중고차 vs 렌터카, 내게 맞는 최적의 이동 수단 찾는 법 | 혼삶노트","혼자 사는 직장인이라면 누구나 겪는 고민! 가끔 차가 필요한데 택시는 비싸고, 대중교통은 불편할 때가 많죠. 카셰어링, 중고차, 렌터카 중 나에게 가장 합리적인 선택은 무엇일까요? 이 글에서 당신의 라이프스타일에 딱 맞는 이동 수단을 찾아, 시간과 돈을 최적화하는 현실적인 기준을 제시합니다.",질문형,1인 가구 자동차,카셰어링 장단점; 렌터카 비용; 중고차 유지비; 교통비 절약; 합리적인 이동수단,"높음 (2026-08-03-cost-auto-4d199c, 유사도 0.61)",생활비 절약 전반,예,예,예,2026-08-01-cost-auto-0d71f8; 2026-08-01-cost-auto-4a41b3; 2026-08-01-cost-auto-9c7467; 2026-08-03-cost-auto-4d199c; 2026-08-03-cost-auto-749379; 2026-08-03-cost-auto-d01191,아니오,유지,1인 가구 자동차 알아보기,내게 맞는 최적의 이동 수단을 찾기 위한 핵심은 **'사용 빈도'와 '사용 목적'**입니다.,73,예,,,,
2026-08-08-products-auto-57c503,"혼자 사는 직장인, 퇴근 후 끈적한 바닥에 지쳤다면? 1인 가구 로봇 물걸레 청소기 vs 무선 전동 물걸레 청소기, 나에게 맞는 현명한 선택은?",https://honsamnote.co.kr/blog/2026-08-08-products-auto-57c503/,products,1인 가구 제품·서비스,1인 가구; 물걸레 청소; 로봇 청소기; 전동 물걸레; 가전제품 추천; 청소 효율화,1인 가구 청소; 로봇 물걸레 청소기; 무선 전동 물걸레; 바닥 청소; 자취방 청소; 직장인 청소,"혼자 사는 직장인, 퇴근 후 끈적한 바닥에 지쳤다면? 1인 가구 로봇 물걸레 청소기 vs 무선 전동 물걸레 청소기, 나에게 맞는 현명한 선택은? | 혼삶노트","퇴근 후 끈적한 바닥 스트레스 끝! 1인 가구에 최적화된 로봇 물걸레 청소기와 무선 전동 물걸레 청소기, 당신의 생활 패턴에 맞는 현명한 선택 기준을 제시합니다.",질문형,1인 가구 청소,로봇 물걸레 청소기; 무선 전동 물걸레; 바닥 청소; 자취방 청소; 직장인 청소,낮음,청소가전,아니오,예,아니오,2026-07-30-products-58; 2026-07-30-products-52; 2026-08-05-products-auto-7a3772; 2026-08-14-cleaning-auto-b4a47e; 2026-07-31-products-77; 2026-08-09-cleaning-auto-c10b6d,아니오,유지,1인 가구 청소 알아보기,"바쁜 의 바닥 물걸레 청소 고민, 핵심은 **'얼마나 귀찮음을 줄이고 싶은가'** 에 달려있습니다.",73,아니오,,,,
2026-08-08-safety-auto-71a5f3,"혼자 사는 당신, 빈집털이 걱정될 때? DIY 스마트 보안 시스템 vs. 전문 경비 서비스, 나에게 맞는 선택은?",https://honsamnote.co.kr/blog/2026-08-08-safety-auto-71a5f3/,safety,안전·응급상황,안전; 보안; 1인 가구; 홈시큐리티; 응급상황,혼자 사는 집 안전; 빈집털이 예방; DIY 보안; 전문 경비; 스마트 홈 보안,"혼자 사는 당신, 빈집털이 걱정될 때? DIY 스마트 보안 시스템 vs. 전문 경비 서비스, 나에게 맞는 선택은? | 혼삶노트","혼자 사는 집의 안전, 어떻게 지킬까요? DIY 스마트 보안 시스템과 전문 경비 서비스 중 나에게 맞는 현명한 선택을 위한 현실적인 가이드를 제시합니다.",질문형,혼자 사는 집 안전,빈집털이 예방; DIY 보안; 전문 경비; 스마트 홈 보안,"높음 (2026-07-31-safety-72, 유사도 0.57)",응급상황 대처,예,예,아니오,2026-07-31-safety-72; 2026-07-30-safety-34; 2026-07-30-safety-41; 2026-08-04-safety-auto-61ce38; 2026-08-06-safety-auto-425601; 2026-08-06-safety-auto-ec7c17,아니오,유지,혼자 사는 집 안전 알아보기,의 집을 안전하게 지키는 방법은 크게 두 가지로 나뉩니다.,73,아니오,,,,
2026-08-08-storage-auto-12975c,"1인 가구 직장인, 좁은 집에 '자주 쓰는 청소 도구'가 발에 걸린다면? 깔끔하게 숨기고 효율적으로 쓰는 현실 수납법",https://honsamnote.co.kr/blog/2026-08-08-storage-auto-12975c/,storage,좁은 집과 수납,1인 가구; 좁은 집; 수납; 청소 도구; 원룸 정리; 생활 최적화,1인 가구 청소 도구 수납; 좁은 집 청소용품 정리; 원룸 무선 청소기 거치대; 청소용품 보관; 효율적인 수납,"1인 가구 직장인, 좁은 집에 '자주 쓰는 청소 도구'가 발에 걸린다면? 깔끔하게 숨기고 효율적으로 쓰는 현실 수납법 | 혼삶노트","좁은 원룸에서 매일 쓰는 청소 도구들, 어디에 두어야 할지 고민이신가요? 무선 청소기부터 세제까지, 깔끔하게 숨기고 효율적으로 쓰는 현실적인 수납 팁을 알려드립니다.",질문형,1인 가구 청소 도구 수납,좁은 집 청소용품 정리; 원룸 무선 청소기 거치대; 청소용품 보관; 효율적인 수납,"높음 (2026-08-01-storage-auto-39ae63, 유사도 0.53)",원룸 전체 수납,예,예,아니오,2026-08-07-storage-auto-fcc47d; 2026-08-01-storage-auto-316ab0; 2026-08-06-storage-auto-239c0d; 2026-08-07-storage-auto-ee20dc; 2026-08-01-storage-auto-f1fb81; 2026-08-13-storage-auto-545d8d,아니오,유지,1인 가구 청소 도구 수납 알아보기,자주 쓰는 청소 도구는 '접근성'과 '미관' 두 가지를 동시에 잡는 것이 핵심입니다.,73,아니오,,,,
2026-08-08-storage-auto-24e806,"1인 가구 직장인, 좁은 집에 '부피 큰 청소 도구' 어디에 보관해야 할지 막막하다면? 깔끔하게 숨기고 효율적으로 쓰는 현실 수납법",https://honsamnote.co.kr/blog/2026-08-08-storage-auto-24e806/,storage,좁은 집과 수납,1인 가구; 좁은 집 수납; 청소 도구; 원룸 수납; 생활 최적화; 정리정돈,1인 가구 청소 도구; 좁은 집 청소용품; 원룸 청소 수납; 청소 도구 정리; 효율적인 청소; 숨은 공간 활용,"1인 가구 직장인, 좁은 집에 '부피 큰 청소 도구' 어디에 보관해야 할지 막막하다면? 깔끔하게 숨기고 효율적으로 쓰는 현실 수납법 | 혼삶노트","좁은 원룸에서 빗자루, 밀대, 진공청소기 등 부피 큰 청소 도구들이 늘 발에 채이거나 눈에 거슬리나요? 혼자 사는 당신의 시간과 공간을 아껴줄 현실적인 청소 도구 수납 전략을 소개합니다. 최소한의 도구로 최대의 효과를 내는 비움부터 벽면, 틈새 공간 활용법까지, 지금 바로 시작해보세요.",질문형,1인 가구 청소 도구,좁은 집 청소용품; 원룸 청소 수납; 청소 도구 정리; 효율적인 청소; 숨은 공간 활용,"높음 (2026-08-01-storage-auto-39ae63, 유사도 0.51)",원룸 전체 수납,예,예,예,2026-08-06-storage-auto-d7c10d; 2026-08-11-storage-auto-80b064; 2026-08-01-storage-auto-39ae63; 2026-08-01-storage-auto-f1fb81; 2026-08-06-storage-auto-19a86d; 2026-08-07-storage-auto-b02bd8,아니오,유지,1인 가구 청소 도구 알아보기,"좁은 집에서 부피 큰 청소 도구 때문에 스트레스받고 있다면, **'비우기'를 통해 필수 도구를 최소화하고, 우리 집의 '숨겨진 세로 공간'을 적극적으로 활용하는 것이 핵심입니다.** 눈에 보이지 않는 곳에 깔끔하게 수납하되, 자주 쓰는 도구는 동선을 고려해 쉽게 꺼낼 수 있도…",73,아니오,,,,
2026-08-09-storage-auto-897697,"1인 가구 직장인, 갑자기 필요한 '공구' 때문에 좁은 집 서랍 뒤지다 지친다면? 필수 공구 깔끔하게 수납하고 바로 찾는 현실 가이드",https://honsamnote.co.kr/blog/2026-08-09-storage-auto-897697/,storage,좁은 집과 수납,1인 가구; 좁은 집; 수납; 공구 정리; 효율적인 수납; 생활 최적화; 시간 절약; 공간 활용,1인 가구 공구; 좁은 집 공구 수납; 필수 공구 정리; 혼자 살 때 공구; 미니 공구함; 서랍 공구 정리; 벽면 공구 수납,"1인 가구 직장인, 갑자기 필요한 '공구' 때문에 좁은 집 서랍 뒤지다 지친다면? 필수 공구 깔끔하게 수납하고 바로 찾는 현실 가이드 | 혼삶노트",혼자 사는 집에서 갑자기 필요한 공구를 찾지 못해 헤맨 경험이 있다면? 최소한의 필수 공구를 깔끔하게 정리하고 효율적으로 수납하는 현실적인 방법을 알려드립니다.,질문형,1인 가구 공구,좁은 집 공구 수납; 필수 공구 정리; 혼자 살 때 공구; 미니 공구함; 서랍 공구 정리; 벽면 공구 수납,낮음,가전 배치·공간활용,아니오,예,예,2026-08-08-storage-auto-9dbb87; 2026-08-13-storage-auto-545d8d; 2026-08-01-storage-auto-f1fb81; 2026-08-07-storage-auto-fcc47d; 2026-08-08-storage-auto-12975c; 2026-08-07-products-auto-e9e85e,아니오,유지,1인 가구 공구 알아보기,혼자 사는 좁은 집에는 만능 공구 키트나 대형 공구함은 필요,73,아니오,,,,
2026-08-10-cleaning-auto-6e0644,"혼자 사는 당신, 아끼던 옷에 갑자기 얼룩이 묻었다면? 5분 만에 황금 골든타임을 잡는 응급처치와 완벽 제거 현실 가이드",https://honsamnote.co.kr/blog/2026-08-10-cleaning-auto-6e0644/,cleaning,청소·세탁·집안일,얼룩 제거; 옷 관리; 집안일 팁; 생활 꿀팁; 세탁,옷 얼룩; 얼룩 지우기; 얼룩 제거법; 세탁 꿀팁; 혼자 살이,"혼자 사는 당신, 아끼던 옷에 갑자기 얼룩이 묻었다면? 5분 만에 황금 골든타임을 잡는 응급처치와 완벽 제거 현실 가이드 | 혼삶노트",혼자 살다 보면 예기치 않게 옷에 얼룩이 묻어 버리는 경우가 많죠. 이 글은 얼룩 종류별로 가장 빠르고 효과적으로 제거하는 현실적인 팁을 제공해 옷을 새것처럼 되돌리고 세탁소 비용을 아끼는 데 도움을 줍니다.,질문형,옷 얼룩,얼룩 지우기; 얼룩 제거법; 세탁 꿀팁; 혼자 살이,"높음 (2026-08-01-cleaning-auto-2b8bbd, 유사도 0.57)",세탁·옷관리,예,예,아니오,2026-08-01-cleaning-auto-2b8bbd; 2026-08-06-cleaning-auto-530ba0; 2026-08-06-cleaning-auto-f4b529; 2026-07-30-cleaning-28; 2026-08-01-cleaning-auto-b67a07; 2026-08-04-cleaning-auto-123d17,아니오,유지,옷 얼룩 알아보기,"**얼룩이 묻는 순간부터 5분이 황금 골든타임입니다.** 당황하지 말고, 가장 먼저 **절대 비비지 마세요!** 마른 천이나 키친타월로 오염 부위를 **톡톡 두드려 흡수시키는 것**이 최우선입니다.",73,아니오,,,,
2026-08-10-cleaning-auto-aeb4a0,"혼자 사는 당신, 좁은 집에서 빨래가 축축하고 냄새난다고요? 소형 건조기 vs 스마트 건조대, 후회 없는 선택 기준",https://honsamnote.co.kr/blog/2026-08-10-cleaning-auto-aeb4a0/,cleaning,청소·세탁·집안일,1인 가구; 빨래; 건조; 소형가전; 집안일,1인 가구 빨래; 좁은 집 빨래; 소형 건조기; 스마트 건조대; 빨래 건조 방법,"혼자 사는 당신, 좁은 집에서 빨래가 축축하고 냄새난다고요? 소형 건조기 vs 스마트 건조대, 후회 없는 선택 기준 | 혼삶노트","혼자 사는 당신의 좁은 집, 축축한 빨래 고민을 해결해 드립니다. 소형 건조기와 스마트 건조대 중 나에게 맞는 현실적인 선택 가이드를 제시합니다.",질문형,1인 가구 빨래,좁은 집 빨래; 소형 건조기; 스마트 건조대; 빨래 건조 방법,"높음 (2026-08-06-cleaning-auto-f4b529, 유사도 0.59)",세탁·옷관리,예,예,예,2026-08-06-cleaning-auto-f4b529; 2026-08-01-cleaning-auto-070bfd; 2026-08-01-cleaning-auto-b67a07; 2026-08-06-cleaning-auto-07ebe3; 2026-08-06-cleaning-auto-530ba0; 2026-08-11-cleaning-auto-5be420,아니오,유지,1인 가구 빨래 알아보기,좁은 집 빨래 고민에 대한 '절대적인 정답'은 없습니다.,73,아니오,,,,
2026-08-10-storage-auto-046a46,"1인 가구 직장인, 현관 한 켠 ‘애매하게 쌓이는 장바구니’ 때문에 스트레스라면? 깔끔하게 정리하고 필요할 때 바로 꺼내 쓰는 현실 수납법",https://honsamnote.co.kr/blog/2026-08-10-storage-auto-046a46/,storage,좁은 집과 수납,1인 가구; 수납; 좁은 집; 장바구니; 에코백; 현관 수납; 정리,1인 가구 장바구니 수납; 에코백 정리; 현관 정리; 좁은 집 수납 노하우; 현실적인 정리,"1인 가구 직장인, 현관 한 켠 ‘애매하게 쌓이는 장바구니’ 때문에 스트레스라면? 깔끔하게 정리하고 필요할 때 바로 꺼내 쓰는 현실 수납법 | 혼삶노트","현관에 쌓이는 장바구니와 에코백 때문에 지저분해 보이나요? 혼자 사는 직장인을 위한 장바구니 수량 기준부터 효율적인 수납법까지, 복잡한 고민을 한 번에 해결하세요.",질문형,1인 가구 장바구니 수납,에코백 정리; 현관 정리; 좁은 집 수납 노하우; 현실적인 정리,"높음 (2026-08-01-storage-auto-316ab0, 유사도 0.51)",원룸 전체 수납,예,예,아니오,2026-08-01-storage-auto-f1fb81; 2026-07-30-storage-24; 2026-08-01-storage-auto-316ab0; 2026-08-13-storage-auto-92e3bb; 2026-08-06-storage-auto-ddb1d8; 2026-08-01-storage-auto-c54f86,아니오,유지,1인 가구 장바구니 수납 알아보기,현관의 장바구니 스트레스는 '너무 많은 수량'과 '마땅한 수납처 부재'에서 옵니다.,73,아니오,,,,
2026-08-10-storage-auto-48f5a4,"1인 가구 직장인, 좁은 주방 '수납 공간 잡아먹는' 주방 가전 때문에 고민이라면? '싱글 기능 vs 멀티 기능' 가전, 현명하게 고르는 법 비교",https://honsamnote.co.kr/blog/2026-08-10-storage-auto-48f5a4/,storage,좁은 집과 수납,좁은집수납; 주방가전; 1인가구팁; 살림노하우; 공간활용,좁은주방; 싱글기능가전; 멀티기능가전; 주방수납; 원룸주방; 가전선택,"1인 가구 직장인, 좁은 주방 '수납 공간 잡아먹는' 주방 가전 때문에 고민이라면? '싱글 기능 vs 멀티 기능' 가전, 현명하게 고르는 법 비교 | 혼삶노트",좁은 주방에서 공간 효율을 극대화하려면? 싱글 기능 주방 가전과 멀티 기능 주방 가전 중 내게 맞는 선택은 무엇인지 현실적인 판단 기준을 제시합니다.,질문형,좁은주방,싱글기능가전; 멀티기능가전; 주방수납; 원룸주방; 가전선택,낮음,좁은 집과 수납 기타,아니오,예,아니오,2026-08-14-storage-auto-8ede60; 2026-08-03-storage-auto-9015de; 2026-07-30-storage-22; 2026-07-30-storage-23; 2026-08-01-storage-auto-662a7f; 2026-08-06-storage-auto-772373,아니오,유지,좁은주방 알아보기,"좁은 주방에서 주방 가전을 고를 때의 핵심은 **‘내가 무엇을 얼마나 자주, 그리고 어떤 방식으로 요리하는가’** 입니다.",73,아니오,,,,
2026-08-11-cleaning-auto-5be420,"혼자 사는 당신, 세탁 후에도 섬유 깊숙이 남는 꿉꿉함? 액체 세제 vs 캡슐 세제, 현명한 선택 기준",https://honsamnote.co.kr/blog/2026-08-11-cleaning-auto-5be420/,cleaning,청소·세탁·집안일,세탁; 세제; 1인 가구; 살림 노하우; 빨래,액체 세제; 캡슐 세제; 세탁 효율; 빨래 냄새; 세제 추천,"혼자 사는 당신, 세탁 후에도 섬유 깊숙이 남는 꿉꿉함? 액체 세제 vs 캡슐 세제, 현명한 선택 기준 | 혼삶노트",혼자 사는 당신의 빨래 고민을 해결할 액체 세제와 캡슐 세제 비교 가이드. 옷감 손상 없이 시간과 돈을 아끼는 현명한 세제 선택 기준을 제시합니다.,질문형,액체 세제,캡슐 세제; 세탁 효율; 빨래 냄새; 세제 추천,"높음 (2026-08-06-cleaning-auto-17f2ed, 유사도 0.53)",세탁·옷관리,예,예,예,2026-08-06-cleaning-auto-f4b529; 2026-08-01-cleaning-auto-070bfd; 2026-08-01-cleaning-auto-b67a07; 2026-08-06-cleaning-auto-07ebe3; 2026-08-06-cleaning-auto-530ba0; 2026-08-10-cleaning-auto-aeb4a0,아니오,유지,액체 세제 알아보기｜청소·세탁·집안일,의 세제 선택은 **‘편의성’과 ‘정확성’ 중 무엇을 더 중요하게 생각하는지**에 따라 달라집니다.,73,아니오,,,,
2026-08-11-cost-auto-bf7238,"혼자 사는 직장인, '오늘 뭐 먹지?' 고민에 매번 지갑 열린다면? 식비 확 줄이는 1인 가구 맞춤 식단 계획법",https://honsamnote.co.kr/blog/2026-08-11-cost-auto-bf7238/,cost,생활비 최적화,1인 가구; 직장인; 생활비 최적화; 식비 절약; 식단 계획; 혼밥,1인 가구 식비 절약; 식단 계획; 혼자 살이 밥값; 생활비 줄이기; 효율적인 식단,"혼자 사는 직장인, '오늘 뭐 먹지?' 고민에 매번 지갑 열린다면? 식비 확 줄이는 1인 가구 맞춤 식단 계획법 | 혼삶노트",혼자 살면서 '오늘 뭐 먹지?' 고민하다 배달 앱 누르고 후회한 적 있나요? 1인 가구 식비 절약의 핵심은 효율적인 식단 계획입니다. 시간과 돈을 아끼는 맞춤 식단 짜는 법을 알려드립니다.,질문형,1인 가구 식비 절약,식단 계획; 혼자 살이 밥값; 생활비 줄이기; 효율적인 식단,"높음 (2026-08-06-cost-auto-e2088d, 유사도 0.51)",생활비 절약 전반,예,예,아니오,2026-08-01-cost-auto-0d71f8; 2026-08-06-cost-auto-e2088d; 2026-08-03-cost-auto-749379; 2026-08-03-cost-auto-4d199c; 2026-08-04-cost-auto-959521; 2026-08-06-cost-auto-515c77,아니오,유지,1인 가구 식비 절약 알아보기,"혼자 사는 직장인의 식비 고민을 해결하고 싶다면, **'미리 주 단위 식단 계획'을 세우는 것이 핵심입니다.** 단, 완벽하게 짜여진 식단표를 지키려 하기보다, 본인의 라이프스타일과 요리 역량을 고려한 **'현실적인 유연성'**이 중요합니다.",73,예,,,,
2026-08-11-lifestyle-auto-0f05f0,"혼자 사는 직장인, 친구들 라이프스타일 달라져 '관계 정체기'를 겪는다면? 나만의 다층적 사회생활 구축으로 활력 찾는 법",https://honsamnote.co.kr/blog/2026-08-11-lifestyle-auto-0f05f0/,lifestyle,관계·고립·생활 리듬,1인 가구; 직장인; 관계; 사회생활; 고립감; 생활 리듬; 친구 관계; 인맥 관리,혼자 사는 직장인 친구 관계; 1인 가구 관계 정체기; 사회적 고립감 해소; 새로운 인연 만들기; 다층적 사회생활; 싱글 라이프 관계,"혼자 사는 직장인, 친구들 라이프스타일 달라져 '관계 정체기'를 겪는다면? 나만의 다층적 사회생활 구축으로 활력 찾는 법 | 혼삶노트","친구들의 결혼, 육아로 약속이 줄어 관계 정체기를 겪는 1인 가구 직장인을 위한 현실적인 가이드. 기존 관계를 유지하며 새로운 인연과 나만의 사회적 활력을 찾는 방법을 알려드립니다.",질문형,혼자 사는 직장인 친구 관계,1인 가구 관계 정체기; 사회적 고립감 해소; 새로운 인연 만들기; 다층적 사회생활; 싱글 라이프 관계,"높음 (2026-08-06-lifestyle-auto-91c019, 유사도 0.5)",외로움·고립감,예,예,예,2026-07-30-lifestyle-59; 2026-08-01-lifestyle-auto-b13421; 2026-08-03-lifestyle-auto-06c5e8; 2026-08-07-lifestyle-auto-0b115c; 2026-07-30-lifestyle-61; 2026-08-01-lifestyle-auto-ac59b7,아니오,유지,혼자 사는 직장인 친구 관계 알아보기,친구들의 라이프스타일 변화로 인한 '관계 정체기'는 혼자 사는 사람이라면 누구나 겪을 수 있는 자연스러운 현상입니다.,73,아니오,,,,
2026-08-11-safety-auto-197473,"혼자 사는 당신, 집에서 넘어져 움직일 수 없을까 걱정될 때: 웨어러블 낙상 감지기 vs. 공간형 비접촉 센서, 나에게 맞는 안전 선택은?",https://honsamnote.co.kr/blog/2026-08-11-safety-auto-197473/,safety,안전·응급상황,안전·응급상황; 1인가구안전; 낙상방지; 스마트기기; 비상연락,1인 가구 낙상; 낙상 감지기; 웨어러블 낙상; 비접촉 낙상 센서; 낙상 알림; 혼자 살 때 안전 대비,"혼자 사는 당신, 집에서 넘어져 움직일 수 없을까 걱정될 때: 웨어러블 낙상 감지기 vs. 공간형 비접촉 센서, 나에게 맞는 안전 선택은? | 혼삶노트","1인 가구에게 현실적인 낙상 사고 대비책! 웨어러블 낙상 감지기와 공간형 비접촉 센서의 장단점을 비교하고, 당신의 생활 패턴에 맞는 최적의 안전 시스템을 선택하는 현실적인 가이드를 제공합니다.",질문형,1인 가구 낙상,낙상 감지기; 웨어러블 낙상; 비접촉 낙상 센서; 낙상 알림; 혼자 살 때 안전 대비,"높음 (2026-08-07-safety-auto-e50d7a, 유사도 0.53)",응급상황 대처,예,예,아니오,2026-08-07-safety-auto-e50d7a; 2026-08-04-safety-auto-ceca45; 2026-08-06-safety-auto-8dc9e3; 2026-08-06-safety-auto-b35351; 2026-07-30-safety-33; 2026-07-30-safety-34,아니오,유지,1인 가구 낙상 알아보기,집안에서의 낙상 사고에 대비하는 가장 현실적인 방법은 웨어러블 낙상 감지기와 공간형 비접촉 센서 중 나의 생활 패턴에 맞는 시스템을 선택하는 것입니다.,73,예,,,,
2026-08-11-safety-auto-3045ad,"혼자 사는 당신, 요리하다 칼에 베이거나 뜨거운 물에 데였을 때: 당황하지 않고 신속하게 응급처치하고 병원 갈지 판단하는 현실적인 방법",https://honsamnote.co.kr/blog/2026-08-11-safety-auto-3045ad/,safety,안전·응급상황,안전; 응급상황; 1인가구; 응급처치; 주방안전,칼 베임; 화상; 응급처치; 혼자; 자취; 병원; 119; 안전사고,"혼자 사는 당신, 요리하다 칼에 베이거나 뜨거운 물에 데였을 때: 당황하지 않고 신속하게 응급처치하고 병원 갈지 판단하는 현실적인 방법 | 혼삶노트","혼자 사는 삶, 주방에서 칼에 베이거나 화상을 입었을 때 당황하지 마세요. 이 글은 즉각적인 응급처치부터 병원 방문 여부 판단, 그리고 안전한 대처법까지 현실적인 가이드를 제공합니다.",판단형,칼 베임,화상; 응급처치; 혼자; 자취; 병원; 119; 안전사고,"높음 (2026-08-04-safety-auto-61ce38, 유사도 0.5)",응급상황 대처,예,예,아니오,2026-07-31-safety-73; 2026-08-04-safety-auto-61ce38; 2026-08-01-safety-auto-0466e2; 2026-08-01-safety-auto-0e6262; 2026-08-06-safety-auto-5817e5; 2026-08-06-safety-auto-d2f981,아니오,유지,칼 베임 기준,칼에 베였다면 **가장 먼저 깨끗한 거즈나 천으로 상처 부위를 강하게 압박하여 지혈**하는 것이 중요합니다.,73,아니오,,,,
2026-08-11-storage-auto-9064d7,"1인 가구 직장인, 좁은 원룸 '퇴근 후 휴식 공간' 마저 잡동사니에 잠식당한다면? '수납형 스툴/오토만 vs 이동식 트롤리' 현명하게 고르는 법 비교",https://honsamnote.co.kr/blog/2026-08-11-storage-auto-9064d7/,storage,좁은 집과 수납,1인 가구; 좁은 집 수납; 원룸 인테리어; 공간 최적화; 수납 가구; 생활 팁,1인 가구 수납; 원룸 수납; 수납 스툴; 수납 오토만; 이동식 트롤리; 거실 수납; 잡동사니 정리,"1인 가구 직장인, 좁은 원룸 '퇴근 후 휴식 공간' 마저 잡동사니에 잠식당한다면? '수납형 스툴/오토만 vs 이동식 트롤리' 현명하게 고르는 법 비교 | 혼삶노트","퇴근 후 좁은 원룸에서 진짜 휴식을 원한다면, 거실 잡동사니를 정리할 실용적인 수납 솔루션이 필요합니다. 수납형 스툴/오토만과 이동식 트롤리 중 당신에게 더 효율적인 선택은 무엇일까요? 현실적인 판단 기준을 비교해드립니다.",질문형,1인 가구 수납,원룸 수납; 수납 스툴; 수납 오토만; 이동식 트롤리; 거실 수납; 잡동사니 정리,"높음 (2026-08-06-storage-auto-11ba62, 유사도 0.51)",원룸 전체 수납,예,예,아니오,2026-08-06-storage-auto-11ba62; 2026-08-13-storage-auto-92e3bb; 2026-07-30-storage-24; 2026-08-07-storage-auto-6dca4b; 2026-08-07-storage-auto-b02bd8; 2026-08-01-storage-auto-316ab0,아니오,유지,1인 가구 수납 알아보기,좁은 원룸의 '액티브 클러터(자주 사용하는 잡동사니)'를 해결하고 휴식 공간을 되찾는 가장 현실적인 방법은 바로 **수납형 스툴/오토만** 또는 **이동식 트롤리**를 활용하는 것입니다.,73,아니오,,,,
2026-08-12-cost-auto-b175c0,"혼자 사는 직장인, 빈방에 가구 채워 넣으려니 막막하다면? 구매 vs 렌탈, 내게 맞는 최적의 가구 선택 가이드",https://honsamnote.co.kr/blog/2026-08-12-cost-auto-b175c0/,cost,생활비 최적화,생활비 최적화; 1인 가구; 가구; 가구 구매; 가구 렌탈; 중고 가구,1인 가구 가구; 가구 선택; 가구 비용; 가구 렌탈 장단점; 중고 가구 구매; 새 가구 구매,"혼자 사는 직장인, 빈방에 가구 채워 넣으려니 막막하다면? 구매 vs 렌탈, 내게 맞는 최적의 가구 선택 가이드 | 혼삶노트","혼자 사는 직장인을 위한 가구 선택 가이드! 새 가구, 중고 가구, 렌탈 중 무엇이 나에게 최적일지 거주 기간, 예산, 선호도에 따라 현명하게 결정하고 생활비를 아끼는 방법을 알려드립니다.",질문형,1인 가구 가구,가구 선택; 가구 비용; 가구 렌탈 장단점; 중고 가구 구매; 새 가구 구매,"높음 (2026-08-12-cost-auto-b36efb, 유사도 0.61)",생활비 절약 전반,예,예,아니오,2026-08-12-cost-auto-b36efb; 2026-08-07-cost-auto-7256ba; 2026-08-01-cost-auto-0d71f8; 2026-08-01-cost-auto-4a41b3; 2026-08-01-cost-auto-9c7467; 2026-08-03-cost-auto-4d199c,아니오,유지,1인 가구 가구 알아보기,"결론부터 말씀드리자면, 혼자 사는 직장인에게 '무조건 좋은' 가구 선택지는 없습니다.",73,예,,,,
2026-08-12-cost-auto-b36efb,"혼자 사는 직장인, 새 가구/가전 장만할 때마다 지갑 텅 비는 기분이라면? 새것 vs 중고 vs 렌탈, 후회 없는 선택 가이드",https://honsamnote.co.kr/blog/2026-08-12-cost-auto-b36efb/,cost,생활비 최적화,1인 가구; 생활비 절약; 가구 구매; 가전제품; 살림 최적화,1인 가구 가구; 1인 가구 가전; 중고 가구; 가전 렌탈; 혼자 살림; 생활비 아끼기,"혼자 사는 직장인, 새 가구/가전 장만할 때마다 지갑 텅 비는 기분이라면? 새것 vs 중고 vs 렌탈, 후회 없는 선택 가이드 | 혼삶노트","혼자 사는 당신, 비싼 새 가구/가전 구매가 부담되나요? 중고는 망설여지고 렌탈은 낯설다고요? 예산과 라이프스타일에 맞춰 후회 없는 가구/가전 선택 전략을 알려드립니다.",질문형,1인 가구 가구,1인 가구 가전; 중고 가구; 가전 렌탈; 혼자 살림; 생활비 아끼기,"높음 (2026-08-01-cost-auto-e9d2d3, 유사도 0.61)",생활비 절약 전반,예,예,예,2026-08-01-cost-auto-e9d2d3; 2026-08-12-cost-auto-b175c0; 2026-08-01-cost-auto-aa6f9d; 2026-08-01-housing-auto-e11fd3; 2026-08-11-cost-auto-ff0274; 2026-07-30-cost-6,아니오,유지,1인 가구 가구 알아보기,"의 가구/가전 장만 고민, 가장 빠른 결론은 **'나의 거주 계획과 품목의 중요도'**를 먼저 확인하는 것입니다.",73,아니오,,,,
2026-08-13-cleaning-auto-545cef,"혼자 사는 당신, 자취방에 쌓인 못 쓰는 가구와 가전, 어떻게 버려야 할지 막막하다고? 딱 15분, 골치 아픈 대형 폐기물 스마트하게 처리하는 현실 가이드",https://honsamnote.co.kr/blog/2026-08-13-cleaning-auto-545cef/,cleaning,청소·세탁·집안일,대형폐기물; 폐가구; 폐가전; 분리수거; 집안일,대형 폐기물 처리; 자취방 가구 버리기; 소형 가전 버리기; 폐기물 스티커; 혼자 사는 집안일,"혼자 사는 당신, 자취방에 쌓인 못 쓰는 가구와 가전, 어떻게 버려야 할지 막막하다고? 딱 15분, 골치 아픈 대형 폐기물 스마트하게 처리하는 현실 가이드 | 혼삶노트","혼자 사는 당신의 자취방 한구석, 애물단지가 된 대형 폐기물 때문에 스트레스 받고 있나요? 돈 낭비 없이, 과태료 걱정 없이 똑똑하게 버리는 현실 솔루션을 알려드립니다.",질문형,대형 폐기물 처리,자취방 가구 버리기; 소형 가전 버리기; 폐기물 스티커; 혼자 사는 집안일,낮음,쓰레기·폐기,아니오,예,예,2026-08-01-cleaning-auto-84665e; 2026-08-01-products-auto-7e3829; 2026-08-06-cleaning-auto-907063; 2026-08-14-cleaning-auto-0fc7dd; 2026-07-30-cleaning-29; 2026-07-30-storage-23,아니오,유지,대형 폐기물 처리 알아보기,혼자 사는 공간을 차지한 대형 폐기물은 절대 몰래 버리지 마세요.,73,아니오,,,,
2026-08-14-food-auto-0030b0,"혼자 사는 직장인, 개봉한 통조림·병조림·소분팩 소스 앞에서 망설일 때: 버리지 않고 끝까지 알뜰하게 즐기는 현실적인 보관 & 활용 전략",https://honsamnote.co.kr/blog/2026-08-14-food-auto-0030b0/,food,혼밥·식재료 관리,혼밥; 식재료 관리; 알뜰 살림; 냉장고 정리; 음식물 쓰레기 줄이기,1인 가구 식재료 보관; 개봉 후 보관; 통조림 활용법; 병조림 활용법; 소분팩 소스; 혼밥 식재료 낭비,"혼자 사는 직장인, 개봉한 통조림·병조림·소분팩 소스 앞에서 망설일 때: 버리지 않고 끝까지 알뜰하게 즐기는 현실적인 보관 & 활용 전략 | 혼삶노트","혼자 살면 대용량 통조림이나 병조림, 소분팩 소스를 개봉한 뒤 남은 재료 처리하기 난감하죠? 버리지 않고 신선하게 보관하고 알뜰하게 활용하는 현실적인 팁을 알려드립니다.",문제해결형,1인 가구 식재료 보관,개봉 후 보관; 통조림 활용법; 병조림 활용법; 소분팩 소스; 혼밥 식재료 낭비,"높음 (2026-07-30-food-12, 유사도 0.5)",식재료 낭비 줄이기,예,예,아니오,2026-07-30-food-13; 2026-08-03-food-auto-f85a75; 2026-08-06-food-auto-dea971; 2026-08-07-food-auto-bb56bf; 2026-08-08-food-auto-2c836a; 2026-08-08-food-auto-9b0e80,아니오,유지,1인 가구 식재료 보관 해결 방법,"개봉한 통조림, 병조림, 소분팩 소스는 **제품 라벨의 '개봉 후 보관 및 섭취 기한'을 최우선으로 확인**하고, 내용물 특성에 따라 **즉시 다른 밀폐 용기에 소분하여 냉장 또는 냉동 보관**하며, **활용 계획을 세워 짧은 시간 내에 소비**해야 합니다.",73,아니오,,,,
2026-08-14-storage-auto-8ede60,"1인 가구 직장인, 좁은 주방 ‘열린 과자봉지·애매한 식재료’ 때문에 조리대가 엉망이라면? 밀폐 용기 vs 집게/클립, 내게 맞는 선택 기준 비교",https://honsamnote.co.kr/blog/2026-08-14-storage-auto-8ede60/,storage,좁은 집과 수납,좁은집수납; 1인가구주방; 식재료보관; 과자수납; 밀폐용기; 주방정리,1인가구; 좁은주방; 식재료수납; 과자봉지정리; 밀폐용기추천; 식재료보관법; 주방최적화; 생활팁,"1인 가구 직장인, 좁은 주방 ‘열린 과자봉지·애매한 식재료’ 때문에 조리대가 엉망이라면? 밀폐 용기 vs 집게/클립, 내게 맞는 선택 기준 비교 | 혼삶노트","좁은 주방, 열려있는 과자봉지와 어중간하게 남은 식재료 때문에 지저분해 보여 스트레스라면? 1인 가구에 최적화된 밀폐 용기와 집게/클립 사용법으로 깔끔하고 효율적인 주방을 만들어보세요.",질문형,1인가구,좁은주방; 식재료수납; 과자봉지정리; 밀폐용기추천; 식재료보관법; 주방최적화; 생활팁,낮음,좁은 집과 수납 기타,아니오,예,아니오,2026-08-10-storage-auto-48f5a4; 2026-07-30-storage-22; 2026-08-03-storage-auto-9015de; 2026-07-30-storage-23; 2026-07-30-storage-20; 2026-08-01-storage-auto-662a7f,아니오,유지,1인가구 알아보기,"좁은 주방에서 열린 과자봉지와 애매한 식재료를 깔끔하게 정리하고 싶다면, **무조건 비싼 밀폐 용기를 사기보다는 '사용 빈도'와 '남은 양', 그리고 '식재료의 특성'에 따라 밀폐 용기와 밀봉 집게/클립 중 어떤 방식이 나에게 더 적합한지 판단하는 것이 핵심입니다.** 자주…",73,아니오,,,,
2026-07-30-cost-2,"혼자 사는 직장인, 예상치 못한 공과금 폭탄 피하는 전기·가스·수도 요금 절약 실전 가이드",https://honsamnote.co.kr/blog/2026-07-30-cost-2/,cost,생활비 최적화,1인 가구; 생활비 절약; 공과금; 전기요금; 가스요금; 수도요금; 직장인,전기세 줄이기; 가스비 절약; 수도세 아끼기; 1인 가구 공과금; 생활비 최적화,"혼자 사는 직장인, 예상치 못한 공과금 폭탄 피하는 전기·가스·수도 요금 절약 실전 가이드 | 혼삶노트","혼자 사는 직장인을 위한 전기, 가스, 수도 요금 절약법. 매달 예상치 못한 공과금에 당황했다면, 이 글에서 현실적인 절약 팁과 관리 노하우를 확인하고 고정 지출을 줄여보세요.",비용형,전기세 줄이기,가스비 절약; 수도세 아끼기; 1인 가구 공과금; 생활비 최적화,낮음,가스요금,아니오,예,아니오,2026-07-30-cost-6; 2026-07-30-cost-80; 2026-08-01-cost-auto-8e14b1; 2026-08-01-cost-auto-eacedc; 2026-07-30-housing-43; 2026-08-07-cost-auto-431981,아니오,유지,전기세 줄이기 비용 정리,"전기, 가스, 수도 요금은 '무조건 아끼기'보다",70,아니오,,,,
2026-07-30-housing-49,"혼자 사는 직장인, 퇴실청소 분쟁 걱정 없이 보증금 100% 돌려받는 체크리스트",https://honsamnote.co.kr/blog/2026-07-30-housing-49/,housing,주거·계약·이사,퇴실청소; 이사; 보증금; 원상복구; 1인 가구,퇴실청소 분쟁; 원상복구 의무; 이사 체크리스트; 보증금 돌려받기; 원룸 청소,"혼자 사는 직장인, 퇴실청소 분쟁 걱정 없이 보증금 100% 돌려받는 체크리스트 | 혼삶노트","퇴실청소 문제로 보증금에서 공제될까 노심초사하는 1인 가구를 위한 현실적인 퇴실청소 분쟁 예방 가이드. 계약서 확인부터 청소 범위, 자가 청소 노하우까지 한 번에 알려드립니다.",체크형,퇴실청소 분쟁,원상복구 의무; 이사 체크리스트; 보증금 돌려받기; 원룸 청소,낮음,전입신고·퇴실,아니오,예,아니오,2026-08-08-housing-auto-d2c1ed; 2026-08-09-housing-auto-da13ec; 2026-07-30-housing-46; 2026-08-01-housing-auto-ace922; 2026-08-06-housing-auto-5c27e6; 2026-08-06-housing-auto-9d6fe3,아니오,유지,퇴실청소 분쟁 체크리스트｜주거·계약·이사,퇴실청소 분쟁을 예방하고 보증금을 온전히 돌려받는 핵심은 '명확한 기준을 아는 것'과 '사전 기록'입니다.,70,예,,,,
2026-08-01-cleaning-auto-dd0fd9,"혼자 사는 당신, 약해진 수압과 거뭇한 샤워기 헤드? 15분 만에 새것처럼 되돌리는 초간단 청소법",https://honsamnote.co.kr/blog/2026-08-01-cleaning-auto-dd0fd9/,cleaning,청소·세탁·집안일,1인 가구 청소; 샤워기 헤드 청소; 수압 약화 해결; 생활 꿀팁; 살림 노하우,혼자 사는 청소; 샤워기 물때; 샤워기 곰팡이; 샤워기 수압; 샤워기 헤드 교체,"혼자 사는 당신, 약해진 수압과 거뭇한 샤워기 헤드? 15분 만에 새것처럼 되돌리는 초간단 청소법 | 혼삶노트","혼자 사는 직장인이라면 꼭 겪을 샤워기 헤드 문제. 약해진 수압과 찝찝한 이물질, 식초와 베이킹소다로 15분 만에 해결하는 현실적인 청소법을 알려드립니다. 비용과 시간, 주의사항까지 한눈에.",질문형,혼자 사는 청소,샤워기 물때; 샤워기 곰팡이; 샤워기 수압; 샤워기 헤드 교체,"높음 (2026-08-11-cleaning-auto-1ad691, 유사도 0.54)",욕실 청소,예,예,아니오,2026-08-11-cleaning-auto-1ad691; 2026-07-30-cleaning-26; 2026-08-06-cleaning-auto-ba24cc; 2026-08-07-cleaning-auto-d3c72b; 2026-08-07-cleaning-auto-f46339; 2026-08-09-cleaning-auto-117267,아니오,유지,혼자 사는 청소 알아보기,"대부분의 경우, **식초와 베이킹소다를 활용한 간단한 담금 청소만으로도 샤워기 헤드를 새것처럼 복구할 수 있습니다.** 15분 남짓한 투자로 약해진 수압을 되돌리고 불쾌한 냄새와 찝찝함을 없앨 수 있죠.",70,아니오,,,,
2026-08-01-food-auto-0ac183,"혼자 사는 직장인, 반만 쓰고 남은 채소, 싱싱하게 다음 끼니까지 보관하는 현실적인 방법",https://honsamnote.co.kr/blog/2026-08-01-food-auto-0ac183/,food,혼밥·식재료 관리,혼밥; 식재료관리; 냉장고정리; 채소보관; 절약팁,남은 채소 보관; 1인 가구 식재료; 냉장고 야채; 혼자 사는 요리; 음식물 쓰레기 줄이기,"혼자 사는 직장인, 반만 쓰고 남은 채소, 싱싱하게 다음 끼니까지 보관하는 현실적인 방법 | 혼삶노트","반만 쓰고 애매하게 남은 채소, 버리지 마세요. 1인 가구 직장인이 남은 채소를 신선하게 보관하고 알뜰하게 다 먹는 현실적인 팁을 알려드립니다.",방법형,남은 채소 보관,1인 가구 식재료; 냉장고 야채; 혼자 사는 요리; 음식물 쓰레기 줄이기,"높음 (2026-07-30-food-12, 유사도 0.51)",식재료 낭비 줄이기,예,예,예,2026-08-07-food-auto-13d75f; 2026-08-07-food-auto-44e578; 2026-07-30-food-12; 2026-07-30-food-16; 2026-08-01-food-auto-174113; 2026-08-01-food-auto-6b8a79,아니오,유지,남은 채소 보관 방법,"애매하게 남은 채소를 버리지 않으려면, **사용 후 바로 물기 제거 → 종류별 밀폐 보관 → 다음 요리 계획 세우기** 3단계 루틴을 생활화해야 합니다.",70,아니오,,,,
2026-08-01-safety-auto-0e6262,"혼자 사는 당신, 보일러에서 이상한 소리가 나거나 갑자기 두통, 메스꺼움이 느껴질 때: 일산화탄소 중독 의심 시 안전 대처법",https://honsamnote.co.kr/blog/2026-08-01-safety-auto-0e6262/,safety,안전·응급상황,안전; 응급상황; 일산화탄소; 보일러; 1인가구,일산화탄소 중독; 보일러 이상; 두통 메스꺼움; 가스안전; 119신고; 응급대처,"혼자 사는 당신, 보일러에서 이상한 소리가 나거나 갑자기 두통, 메스꺼움이 느껴질 때: 일산화탄소 중독 의심 시 안전 대처법 | 혼삶노트","혼자 사는 당신이 집에서 알 수 없는 두통이나 어지럼증을 느낄 때, 일산화탄소 중독을 의심하고 즉시 대처하는 현실적인 방법과 예방책을 알아봅니다.",문제해결형,일산화탄소 중독,보일러 이상; 두통 메스꺼움; 가스안전; 119신고; 응급대처,"높음 (2026-08-01-safety-auto-835af8, 유사도 0.56)",응급상황 대처,예,예,예,2026-08-01-safety-auto-835af8; 2026-07-31-safety-73; 2026-08-01-safety-auto-0466e2; 2026-08-06-safety-auto-0b96ff; 2026-08-06-safety-auto-5817e5; 2026-08-06-safety-auto-d2f981,아니오,유지,일산화탄소 중독 해결 방법｜안전·응급상황,"집에서 원인 모를 두통, 메스꺼움, 어지럼증, 무기력감 등 감기와 비슷한 증상이 나타나고, 보일러 가동 중이라면 즉시 일산화탄소 중독을 의심해야 합니다.",70,예,,,,
2026-08-04-safety-auto-61ce38,"혼자 사는 당신, 요리하다 칼에 깊게 베였을 때: 당황하지 않고 지혈과 응급처치하는 현실적인 방법",https://honsamnote.co.kr/blog/2026-08-04-safety-auto-61ce38/,safety,안전·응급상황,안전; 응급상황; 1인 가구; 응급처치; 주방안전,칼에 베였을 때; 요리 중 부상; 지혈하는 법; 혼자 응급처치; 응급실 가는 기준,"혼자 사는 당신, 요리하다 칼에 깊게 베였을 때: 당황하지 않고 지혈과 응급처치하는 현실적인 방법 | 혼삶노트","혼자 요리하다 칼에 깊게 베여 피가 멈추지 않을 때, 당황하지 않고 혼자서 할 수 있는 응급처치 방법과 병원 방문 기준, 그리고 실제 비용과 시간을 알려드립니다.",판단형,칼에 베였을 때,요리 중 부상; 지혈하는 법; 혼자 응급처치; 응급실 가는 기준,"높음 (2026-08-11-safety-auto-3045ad, 유사도 0.5)",응급상황 대처,예,예,아니오,2026-08-07-safety-auto-580f1f; 2026-08-11-safety-auto-3045ad; 2026-07-30-safety-34; 2026-07-30-safety-41; 2026-07-31-safety-72; 2026-08-06-safety-auto-425601,아니오,유지,칼에 베였을 때 기준,"칼에 베였다면 가장 먼저, **깨끗한 천이나 거즈로 상처 부위를 강하게 압박하여 지혈하는 것이 중요합니다.** 출혈이 멈추지 않는다면 압박을 유지한 채 119에 연락하거나 가까운 응급실로 이동할 준비를 해야 합니다.",70,아니오,,,,
2026-08-06-products-auto-6e0ac5,"혼자 사는 직장인, 이사 짐 싸기부터 정리까지 막막하다면? 1인 가구 이사 서비스, 내게 딱 맞게 고르는 3가지 기준",https://honsamnote.co.kr/blog/2026-08-06-products-auto-6e0ac5/,products,1인 가구 제품·서비스,1인 가구 이사; 자취 이사; 직장인 이사; 포장이사; 반포장이사; 이사 서비스 비교; 이사 비용 절약; 이사 준비물,1인 가구 이사; 이사 서비스; 포장이사; 반포장이사; 자취 이사 비용; 이사 업체 선택; 이사 짐 싸기; 이사 준비; 직장인 이사,"혼자 사는 직장인, 이사 짐 싸기부터 정리까지 막막하다면? 1인 가구 이사 서비스, 내게 딱 맞게 고르는 3가지 기준 | 혼삶노트","혼자 사는 직장인, 이사 준비에 시간도 체력도 부족하고 비용까지 걱정된다면? 일반이사, 반포장이사, 포장이사 중 나에게 딱 맞는 1인 가구 이사 서비스를 현명하게 고르는 기준과 팁을 알려드립니다.",질문형,1인 가구 이사,이사 서비스; 포장이사; 반포장이사; 자취 이사 비용; 이사 업체 선택; 이사 짐 싸기; 이사 준비; 직장인 이사,낮음,생활서비스,아니오,예,아니오,2026-08-01-housing-auto-e6f8ea; 2026-08-06-cost-auto-515c77; 2026-07-30-housing-44; 2026-07-30-housing-45; 2026-07-30-storage-23; 2026-08-01-housing-auto-e11fd3,아니오,유지,1인 가구 이사 알아보기｜1인 가구 제품·서비스,"혼자 사는 직장인의 이사 스트레스는 시간, 체력, 비용이라는 세 가지 현실적인 제약에서 비롯됩니다.",70,아니오,,,,
2026-08-08-safety-auto-84a0bd,"혼자 사는 당신, 주방이나 보일러실에서 가스 냄새가 희미하게 날 때: 당황하지 않고 안전하게 확인하고 대처하는 현실적인 방법",https://honsamnote.co.kr/blog/2026-08-08-safety-auto-84a0bd/,safety,안전·응급상황,안전; 응급상황; 가스안전; 1인_가구_안전; 생활안전,1인 가구 가스 냄새; 가스 누출; 가스 누설; 가스 보일러 냄새; 가스레인지 냄새; 가스 안전 수칙,"혼자 사는 당신, 주방이나 보일러실에서 가스 냄새가 희미하게 날 때: 당황하지 않고 안전하게 확인하고 대처하는 현실적인 방법 | 혼삶노트","혼자 사는 집에서 가스 냄새가 희미하게 날 때, 큰 사고로 이어질까 걱정되시죠? 당황하지 않고 위험 여부를 판단하고 안전하게 대처하는 단계를 알려드립니다.",방법형,1인 가구 가스 냄새,가스 누출; 가스 누설; 가스 보일러 냄새; 가스레인지 냄새; 가스 안전 수칙,낮음,가스 안전,아니오,예,아니오,2026-08-01-safety-auto-835af8; 2026-08-06-safety-auto-a5c266; 2026-08-07-safety-auto-eecdaa; 2026-07-30-safety-34; 2026-07-30-safety-41; 2026-07-31-safety-72,아니오,유지,1인 가구 가스 냄새 방법,"주방이나 보일러실 등 특정 공간에서 희미하게라도 가스 냄새가 난다면, 일단 **안전을 최우선**으로 생각하고 **환기 및 가스 메인 밸브 잠금**을 먼저 수행해야 합니다.",70,아니오,,,,
2026-08-08-storage-auto-9dbb87,"1인 가구 직장인, 좁은 욕실 세면대·선반 위 '화장품·세면도구' 넘쳐난다면? 깔끔하게 숨기고 효율적으로 쓰는 현실 수납법",https://honsamnote.co.kr/blog/2026-08-08-storage-auto-9dbb87/,storage,좁은 집과 수납,1인 가구; 좁은 집; 수납; 욕실; 화장품; 세면도구; 정리정돈; 시간 절약; 공간 활용,1인 가구 욕실 수납; 좁은 욕실 정리; 화장품 정리; 세면도구 수납; 욕실 공간 활용; 수직 수납,"1인 가구 직장인, 좁은 욕실 세면대·선반 위 '화장품·세면도구' 넘쳐난다면? 깔끔하게 숨기고 효율적으로 쓰는 현실 수납법 | 혼삶노트","좁은 욕실, 세면대에 화장품과 세면도구가 쌓여 있다면? 지금 당장 실천할 수 있는 비우기부터 수직 수납 활용법까지, 1인 가구 맞춤 욕실 수납 노하우를 공개합니다.",질문형,1인 가구 욕실 수납,좁은 욕실 정리; 화장품 정리; 세면도구 수납; 욕실 공간 활용; 수직 수납,낮음,욕실 수납,아니오,예,아니오,2026-08-09-storage-auto-897697; 2026-08-01-storage-auto-f1fb81; 2026-08-06-storage-auto-53c51c; 2026-08-07-storage-auto-6dca4b; 2026-08-07-storage-auto-ee20dc; 2026-08-13-storage-auto-92e3bb,아니오,유지,1인 가구 욕실 수납 알아보기,지금 당장 눈에 보이는 모든 물건을 욕실 밖으로 꺼내세요.,70,아니오,,,,
2026-08-09-products-auto-b63f8d,"혼자 사는 직장인, 좁은 집 꽉 찬 옷장, 계절 옷 수납 때문에 골치 아프다면? 1인 가구 맞춤 계절 옷 보관, 이 3가지 방법으로 공간을 되찾으세요!",https://honsamnote.co.kr/blog/2026-08-09-products-auto-b63f8d/,products,1인 가구 제품·서비스,1인 가구; 옷장 정리; 계절 옷 보관; 수납 솔루션; 공간 최적화,1인 가구 옷 정리; 좁은 집 옷 수납; 계절 옷 보관 방법; 압축팩 활용; 의류 보관 서비스; 효율적인 옷장,"혼자 사는 직장인, 좁은 집 꽉 찬 옷장, 계절 옷 수납 때문에 골치 아프다면? 1인 가구 맞춤 계절 옷 보관, 이 3가지 방법으로 공간을 되찾으세요! | 혼삶노트","혼자 사는 직장인을 위한 좁은 집 계절 옷 수납 솔루션! 압축팩, 행거, 전문 보관 서비스를 비교 분석하여 당신의 옷장과 생활 공간을 최적화하는 현실적인 팁을 알려드립니다.",질문형,1인 가구 옷 정리,좁은 집 옷 수납; 계절 옷 보관 방법; 압축팩 활용; 의류 보관 서비스; 효율적인 옷장,낮음,수납용품,아니오,예,아니오,2026-08-07-storage-auto-613d62; 2026-08-12-storage-auto-1aceff; 2026-08-01-storage-auto-387eaf; 2026-08-04-products-auto-d4b4c6; 2026-08-06-cleaning-auto-ff8d39; 2026-08-05-storage-auto-1764b0,아니오,유지,1인 가구 옷 정리 알아보기,"혼자 사는 직장인의 계절 옷 수납 문제를 해결하는 핵심은 '필요한 옷'과 '계절 옷'을 명확히 분리하고, 자신의 주거 환경과 예산에 맞는 '수납 제품' 또는 '전문 서비스'를 활용하는 것입니다.",70,아니오,,,,
2026-08-10-lifestyle-auto-3e13f1,"혼자 사는 직장인, 휴가 계획할 때 친구들과 갈까 혼자 갈까 고민된다면? 나에게 맞는 여행 스타일 선택 가이드",https://honsamnote.co.kr/blog/2026-08-10-lifestyle-auto-3e13f1/,lifestyle,관계·고립·생활 리듬,1인 가구; 직장인; 휴가; 여행; 관계; 고립; 생활 리듬; 워라밸,1인 가구 여행; 혼자 여행; 친구와 여행; 휴가 계획; 직장인 여행; 여행 스타일; 관계 최적화; 워라밸,"혼자 사는 직장인, 휴가 계획할 때 친구들과 갈까 혼자 갈까 고민된다면? 나에게 맞는 여행 스타일 선택 가이드 | 혼삶노트","혼자 사는 직장인이라면 한 번쯤 해봤을 휴가 고민. 친구와 함께 떠날지, 오롯이 혼자만의 시간을 보낼지 당신의 현재 상태에 맞춰 현명하게 결정하는 방법을 알려드립니다.",질문형,1인 가구 여행,혼자 여행; 친구와 여행; 휴가 계획; 직장인 여행; 여행 스타일; 관계 최적화; 워라밸,낮음,혼자여행·취미,아니오,예,아니오,2026-08-06-lifestyle-auto-7d8463; 2026-08-03-lifestyle-auto-7c20c0; 2026-08-04-lifestyle-auto-8920c5; 2026-08-07-lifestyle-auto-0b115c; 2026-08-01-lifestyle-auto-ac59b7; 2026-08-03-lifestyle-auto-06c5e8,아니오,유지,1인 가구 여행 알아보기,"이번 휴가를 친구들과 함께할지, 아니면 혼자 떠날지에 대한 '정답'은 없습니다.",70,아니오,,,,
2026-08-10-storage-auto-0a8470,"1인 가구 직장인, 좁은 집에 엉킨 충전 케이블·이어폰 때문에 스트레스라면? 깔끔하게 정리하고 바로 찾아 쓰는 현실 수납법",https://honsamnote.co.kr/blog/2026-08-10-storage-auto-0a8470/,storage,좁은 집과 수납,1인 가구; 좁은 집; 수납; 정리; 케이블 정리; 전자기기 액세서리,1인 가구 케이블 정리; 충전기 수납; 좁은 집 전선 정리; 이어폰 보관법; 멀티탭 정리함,"1인 가구 직장인, 좁은 집에 엉킨 충전 케이블·이어폰 때문에 스트레스라면? 깔끔하게 정리하고 바로 찾아 쓰는 현실 수납법 | 혼삶노트","좁은 집을 더욱 어지럽히는 엉킨 케이블 더미, 이제 그만! 혼자 사는 직장인을 위한 충전 케이블, 이어폰 등 전자기기 액세서리 깔끔 정리 노하우를 공개합니다. 시간과 공간을 아끼는 실용적인 수납법으로 스트레스 없이 편안한 생활을 누려보세요.",질문형,1인 가구 케이블 정리,충전기 수납; 좁은 집 전선 정리; 이어폰 보관법; 멀티탭 정리함,낮음,케이블·소형물품 정리,아니오,예,아니오,2026-07-30-storage-24; 2026-08-01-storage-auto-316ab0; 2026-08-04-storage-auto-06061f; 2026-08-10-storage-auto-046a46; 2026-08-13-storage-auto-92e3bb; 2026-08-01-storage-auto-c54f86,아니오,유지,1인 가구 케이블 정리 알아보기,"엉킨 케이블 스트레스에서 벗어나려면, 모든 케이블을 다",70,아니오,,,,
2026-08-11-cleaning-auto-1ad691,"혼자 사는 당신, 샤워 후 왠지 모르게 피부가 간지럽다면? 샤워기 헤드 속 물때·세균, 딱 15분이면 새것처럼 깨끗하게!",https://honsamnote.co.kr/blog/2026-08-11-cleaning-auto-1ad691/,cleaning,청소·세탁·집안일,샤워기청소; 욕실청소; 물때제거; 세균제거; 생활꿀팁; 1인가구청소,샤워기 헤드 청소; 샤워기 물때; 샤워기 세균; 피부 가려움; 수압 약화; 1인 가구 청소,"혼자 사는 당신, 샤워 후 왠지 모르게 피부가 간지럽다면? 샤워기 헤드 속 물때·세균, 딱 15분이면 새것처럼 깨끗하게! | 혼삶노트",샤워 후에도 찝찝하고 피부가 간지럽나요? 샤워기 헤드에 숨은 물때와 세균이 원인일 수 있습니다. 1인 가구를 위한 15분 초간단 샤워기 헤드 청소법으로 피부 건강과 쾌적함을 되찾으세요.,질문형,샤워기 헤드 청소,샤워기 물때; 샤워기 세균; 피부 가려움; 수압 약화; 1인 가구 청소,"높음 (2026-08-11-cleaning-auto-983cbd, 유사도 0.69)",욕실 청소,예,예,아니오,2026-08-11-cleaning-auto-983cbd; 2026-08-01-cleaning-auto-dd0fd9; 2026-07-31-cleaning-68; 2026-08-08-cleaning-auto-a4c61f; 2026-07-30-cleaning-26; 2026-07-30-cleaning-27,아니오,유지,샤워기 헤드 청소 알아보기,"샤워 후 피부 가려움이나 찝찝함, 수압 약화 등의 문제가 있다면, **가장 먼저 샤워기 헤드를 점검하고 청소해야 합니다.** 생각보다",70,아니오,,,,
2026-07-27-welcome,혼자 사는 삶을 더 쉽게 만드는 법 — 1인 가구 생활백서를 시작하며,https://honsamnote.co.kr/blog/2026-07-27-welcome/,,,소개; 1인가구,1인 가구 생활; 자취 생활 팁,혼자 사는 삶을 더 쉽게 만드는 법 — 1인 가구 생활백서를 시작하며 | 혼삶노트,"1인 가구 생활백서는 혼자 사는 사람의 시간, 돈, 공간, 안전을 최적화하는 현실적인 생활 안내서입니다. 이 블로그가 어떤 문제를 다루는지 소개합니다.",문제해결형,1인 가구 생활,자취 생활 팁,낮음,미분류 기타,아니오,아니오,아니오,2026-07-30-cost-4; 2026-07-30-cost-5; 2026-07-30-cost-7; 2026-07-30-cost-70; 2026-07-30-food-11; 2026-07-30-housing-44,아니오,유지,1인 가구 생활 해결 방법｜,"1인 가구 생활백서는 혼자 사는 사람의 시간, 돈, 공간, 안전을 최적화하는 현실적인 생활 안내서입니다. 이 블로그가 어떤 문제를 다루는지 소개합니다.",67,아니오,,,,
2026-07-30-cleaning-31,"혼자 사는 직장인, 요리 후 쌓이는 주방 기름때 찌든 때 되기 전에 싹 지우는 현실적인 루틴",https://honsamnote.co.kr/blog/2026-07-30-cleaning-31/,cleaning,청소·세탁·집안일,1인 가구 청소; 주방 기름때; 자취 청소; 주방 위생; 효율적인 집안일,혼자 사는 집 청소; 주방 기름때 제거; 찌든 때 청소; 가스레인지 청소; 주방 후드 청소,"혼자 사는 직장인, 요리 후 쌓이는 주방 기름때 찌든 때 되기 전에 싹 지우는 현실적인 루틴 | 혼삶노트","혼자 산 지 1~5년 차 직장인을 위한 주방 기름때 관리법. 요리 후 방치된 기름때가 찌든 때로 변하기 전에, 시간과 돈을 아끼면서 깨끗한 주방을 유지하는 현실적인 청소 루틴을 알려드립니다.",문제해결형,혼자 사는 집 청소,주방 기름때 제거; 찌든 때 청소; 가스레인지 청소; 주방 후드 청소,"높음 (2026-08-06-cleaning-auto-ec8541, 유사도 0.57)",주방 청소,예,예,아니오,2026-08-06-cleaning-auto-ec8541; 2026-08-08-cleaning-auto-176b73; 2026-08-03-cleaning-auto-fd154a; 2026-08-06-cleaning-auto-467d7f; 2026-08-07-cleaning-auto-27a7fe; 2026-08-07-cleaning-auto-cb5dfe,아니오,유지,혼자 사는 집 청소 해결 방법,주방 기름때는 '생겼을 때 바로' 닦아내는 것이 시간과 노력을 아끼는 핵심입니다.,67,아니오,,,,
2026-07-30-cost-5,"바쁜 1인 가구 직장인, 매달 새는 돈 막으려면? 잠든 구독 서비스 깨끗하게 정리하는 3단계",https://honsamnote.co.kr/blog/2026-07-30-cost-5/,cost,생활비 최적화,1인가구; 생활비절약; 구독서비스; 지출관리; 재테크초보,구독서비스 정리; 넷플릭스 해지; 유튜브 프리미엄; 고정지출 줄이기; 돈 아끼는 법,"바쁜 1인 가구 직장인, 매달 새는 돈 막으려면? 잠든 구독 서비스 깨끗하게 정리하는 3단계 | 혼삶노트","혼자 사는 직장인이라면 주목! 나도 모르게 빠져나가는 구독 서비스 비용, 이제 그만 낭비하세요. 이 가이드로 잠든 구독을 찾아내고, 똑똑하게 해지 또는 관리하여 매월 고정 지출을 확 줄이는 현실적인 방법을 알려드립니다.",질문형,구독서비스 정리,넷플릭스 해지; 유튜브 프리미엄; 고정지출 줄이기; 돈 아끼는 법,낮음,구독·정기결제,아니오,예,예,2026-07-30-cost-4; 2026-07-30-cost-70; 2026-08-01-cost-auto-aa6f9d; 2026-07-30-cost-7; 2026-08-01-cost-auto-e9d2d3; 2026-08-06-cost-auto-cfda8d,아니오,유지,구독서비스 정리 알아보기,"의 통장에서 매달 알게 모르게 새는 돈, 바로 잠든 구독 서비스 때문일 가능성이 큽니다.",67,예,,,,
2026-07-30-housing-45,"1인 가구 이사, 퇴근 후 틈틈이 준비해도 시간과 돈 아끼는 최적의 체크리스트",https://honsamnote.co.kr/blog/2026-07-30-housing-45/,housing,주거·계약·이사,이사; 1인 가구; 직장인; 이사 체크리스트; 주거 계약,이사 준비; 혼자 이사; 시간 절약; 돈 절약; 이사 효율화,"1인 가구 이사, 퇴근 후 틈틈이 준비해도 시간과 돈 아끼는 최적의 체크리스트 | 혼삶노트","혼자 사는 직장인을 위한 이사 체크리스트. 복잡한 이사 준비를 시간과 돈 낭비 없이 효율적으로 해낼 수 있도록 계약부터 마무리까지, 놓치기 쉬운 모든 단계를 자세히 알려드립니다.",체크형,이사 준비,혼자 이사; 시간 절약; 돈 절약; 이사 효율화,"높음 (2026-08-09-housing-auto-da13ec, 유사도 0.53)",이사 준비,예,예,아니오,2026-08-01-housing-auto-e11fd3; 2026-08-09-housing-auto-da13ec; 2026-07-30-housing-42; 2026-08-06-housing-auto-1a9827; 2026-08-05-housing-auto-f0090f; 2026-08-07-housing-auto-0bc6a2,아니오,유지,이사 준비 체크리스트,혼자 하는 이사는 계획이 절반입니다.,67,예,,,,
2026-07-30-safety-35,"혼자 사는 당신, 늦은 밤 퇴근 후 불안한 현관 보안 이대로 강화하세요",https://honsamnote.co.kr/blog/2026-07-30-safety-35/,safety,안전·응급상황,1인 가구; 현관 보안; 자취 안전; 집 지키기; 방범; 생활 최적화,1인 가구 현관 보안; 자취방 안전; 현관문 잠금; 방범 장치; 도어락 강화,"혼자 사는 당신, 늦은 밤 퇴근 후 불안한 현관 보안 이대로 강화하세요 | 혼삶노트","1인 가구 직장인의 현관 보안 걱정을 덜어줄 실용적인 강화법. 비용, 시간 효율적인 솔루션으로 안전한 우리 집을 만들고 평온한 밤을 맞이하세요.",문제해결형,1인 가구 현관 보안,자취방 안전; 현관문 잠금; 방범 장치; 도어락 강화,"높음 (2026-08-05-safety-auto-9a8ad6, 유사도 0.51)",도어락·보안,예,예,예,2026-08-05-safety-auto-9a8ad6; 2026-08-07-safety-auto-6b24c5; 2026-07-30-safety-39; 2026-08-09-safety-auto-eb5e4c; 2026-08-14-safety-auto-f47696; 2026-08-01-safety-auto-909169,아니오,유지,1인 가구 현관 보안 해결 방법,의 현관 보안을 강화하는 일은 생각보다,67,아니오,,,,
2026-07-30-safety-37,나 혼자 사는 집에 불이 났다면? 당황하지 않고 대피하는 5단계 행동 수칙,https://honsamnote.co.kr/blog/2026-07-30-safety-37/,safety,안전·응급상황,1인 가구; 자취 생활; 화재 안전; 응급상황; 대피 요령,1인 가구 화재; 자취방 화재 대처; 화재 대피 요령; 혼자 사는 집 안전; 주방 화재,나 혼자 사는 집에 불이 났다면? 당황하지 않고 대피하는 5단계 행동 수칙 | 혼삶노트,"혼자 사는 당신, 갑작스러운 화재 경보에 당황하셨나요? 초기 진압부터 안전 대피까지, 시간과 비용 아끼는 현실적인 화재 대응 매뉴얼로 우리 집 안전을 지키세요.",질문형,1인 가구 화재,자취방 화재 대처; 화재 대피 요령; 혼자 사는 집 안전; 주방 화재,"높음 (2026-08-09-safety-auto-14bba7, 유사도 0.56)",화재 예방,예,예,예,2026-08-09-safety-auto-14bba7; 2026-08-03-safety-auto-7bde55; 2026-08-05-safety-auto-4e7f26; 2026-08-06-safety-auto-669f80; 2026-08-07-safety-auto-5a549d; 2026-08-08-safety-auto-be207d,아니오,유지,1인 가구 화재 알아보기,혼자 사는 공간에서 화재 발생 시 가장 중요한 것은 바로 **‘즉시 119에 신고하고 안전하게 대피하는 것’**입니다.,67,아니오,,,,
2026-08-01-housing-auto-abec0f,"내 첫 전월세 계약 만료, 집주인 무리한 요구에 당황? 계약갱신청구권으로 당당하게 대처하는 법",https://honsamnote.co.kr/blog/2026-08-01-housing-auto-abec0f/,housing,주거·계약·이사,주거; 계약; 전월세; 계약갱신청구권; 1인 가구; 직장인,전월세 계약갱신; 임대차 3법; 보증금 보호; 집주인 요구; 1인 가구 주거 안정,"내 첫 전월세 계약 만료, 집주인 무리한 요구에 당황? 계약갱신청구권으로 당당하게 대처하는 법 | 혼삶노트",혼자 사는 직장인의 전월세 계약 만료. 집주인의 갑작스러운 퇴거 요청이나 무리한 임대료 인상 요구에 당황했다면? 계약갱신청구권으로 현명하게 대처하고 보증금을 지켜보세요.,질문형,전월세 계약갱신,임대차 3법; 보증금 보호; 집주인 요구; 1인 가구 주거 안정,"높음 (2026-08-11-housing-auto-a2f088, 유사도 0.52)",전월세 계약,예,예,아니오,2026-08-01-housing-auto-ace922; 2026-08-11-housing-auto-a2f088; 2026-08-07-housing-auto-5dd703; 2026-07-30-housing-48; 2026-08-10-housing-auto-4bca9b; 2026-07-30-housing-46,아니오,유지,전월세 계약갱신 알아보기,"집주인의 갑작스러운 요구에 당황하셨겠지만, 혼자 끙끙 앓을 필요",67,예,,,,
2026-08-01-housing-auto-ace922,"혼자 사는 직장인, 살던 집 주인이 바뀌었다고 연락 왔을 때? 내 보증금 지키고 계약 유지하는 똑똑한 대처법",https://honsamnote.co.kr/blog/2026-08-01-housing-auto-ace922/,housing,주거·계약·이사,주거; 계약; 이사; 1인 가구; 직장인; 주택임대차보호법; 전월세; 보증금,집주인 변경; 임대인 변경; 주택 매매; 전월세 계약; 보증금 보호; 1인 가구 주거 문제,"혼자 사는 직장인, 살던 집 주인이 바뀌었다고 연락 왔을 때? 내 보증금 지키고 계약 유지하는 똑똑한 대처법 | 혼삶노트","혼자 사는 집 주인이 갑자기 바뀌었다는 연락에 당황하셨나요? 주택임대차보호법으로 내 계약과 보증금을 안전하게 지키고, 새로운 집주인과 현명하게 소통하는 현실적인 방법을 알려드립니다.",질문형,집주인 변경,임대인 변경; 주택 매매; 전월세 계약; 보증금 보호; 1인 가구 주거 문제,"높음 (2026-08-11-housing-auto-a2f088, 유사도 0.52)",전월세 계약,예,예,예,2026-08-11-housing-auto-a2f088; 2026-08-01-housing-auto-abec0f; 2026-08-07-housing-auto-5dd703; 2026-07-30-housing-46; 2026-07-30-housing-48; 2026-08-03-housing-auto-5b4f05,아니오,유지,집주인 변경 알아보기,걱정부터 하지 마세요.,67,예,,,,
2026-08-01-housing-auto-ecfb76,"혼자 사는 직장인, 갑자기 이사 가야 할 때? 전월세 계약 중도 해지, 손해 최소화하는 현명한 대처법",https://honsamnote.co.kr/blog/2026-08-01-housing-auto-ecfb76/,housing,주거·계약·이사,전월세 계약; 중도 해지; 이사; 1인 가구; 직장인,계약 해지; 보증금; 위약금; 부동산 중개 수수료; 이사 비용,"혼자 사는 직장인, 갑자기 이사 가야 할 때? 전월세 계약 중도 해지, 손해 최소화하는 현명한 대처법 | 혼삶노트",갑작스러운 이사로 전월세 계약 중도 해지를 앞둔 1인 가구 직장인? 위약금 폭탄 피하고 보증금 지키는 현실적인 절차와 비용 절감 노하우를 알려드립니다.,질문형,계약 해지,보증금; 위약금; 부동산 중개 수수료; 이사 비용,"높음 (2026-08-07-housing-auto-5dd703, 유사도 0.51)",전월세 계약,예,예,예,2026-08-07-housing-auto-5dd703; 2026-08-01-housing-auto-ace922; 2026-08-03-housing-auto-f53851; 2026-08-06-housing-auto-9d6fe3; 2026-07-30-housing-46; 2026-07-30-housing-48,아니오,유지,계약 해지 알아보기,"전월세 계약 기간 중 이사를 가야 할 때, 원칙적으로는 남은 계약 기간에 대한 책임이 임차인에게 있습니다.",67,예,,,,
2026-08-01-safety-auto-909169,"혼자 사는 당신, 퇴근 후 문이 잠겼을 때? 열쇠 분실 대비, 현명한 선택 가이드",https://honsamnote.co.kr/blog/2026-08-01-safety-auto-909169/,safety,안전·응급상황,1인 가구 안전; 문 잠김; 열쇠 분실; 디지털 도어락; 열쇠공; 응급상황 대처; 생활 팁,문 잠겼을 때; 열쇠 잃어버렸을 때; 1인 가구 응급상황; 열쇠공 가격; 디지털 도어락 설치; 비상키 보관,"혼자 사는 당신, 퇴근 후 문이 잠겼을 때? 열쇠 분실 대비, 현명한 선택 가이드 | 혼삶노트","혼자 사는 직장인이라면 한 번쯤 겪을 문 잠김 사고. 퇴근 후 멘붕에 빠지지 않고 안전하게 집에 들어갈 수 있는 디지털 도어락, 비상키, 열쇠공 호출의 현명한 선택 기준을 비교 분석합니다. 시간과 돈을 아끼는 현실적인 팁을 확인하세요.",질문형,문 잠겼을 때,열쇠 잃어버렸을 때; 1인 가구 응급상황; 열쇠공 가격; 디지털 도어락 설치; 비상키 보관,"높음 (2026-08-09-safety-auto-eb5e4c, 유사도 0.52)",도어락·보안,예,예,아니오,2026-08-01-safety-auto-1a5c71; 2026-08-09-safety-auto-eb5e4c; 2026-08-01-safety-auto-a71046; 2026-08-14-safety-auto-f47696; 2026-07-30-safety-35; 2026-07-30-safety-39,아니오,유지,문 잠겼을 때 알아보기,"결론부터 말씀드리면, 가장 좋은 방법은 '사전 대비'입니다.",67,아니오,,,,
2026-08-03-cleaning-auto-fd154a,"혼자 사는 당신, 퇴근 후 전자레인지 속 찌든 때? 냄새와 얼룩, 10분 만에 새것처럼 되돌리는 초간단 청소법",https://honsamnote.co.kr/blog/2026-08-03-cleaning-auto-fd154a/,cleaning,청소·세탁·집안일,1인 가구 청소; 전자레인지 청소; 주방 청소; 생활 꿀팁; 살림 노하우,전자레인지 냄새 제거; 전자레인지 찌든 때; 1인 가구 주방; 자취방 청소; 간단 청소,"혼자 사는 당신, 퇴근 후 전자레인지 속 찌든 때? 냄새와 얼룩, 10분 만에 새것처럼 되돌리는 초간단 청소법 | 혼삶노트","혼자 쓰는 전자레인지, 방치하면 냄새와 찌든 때로 골치 아프죠? 1인 가구를 위한 전자레인지 냄새 제거부터 묵은 때 청소까지, 딱 10분 투자로 새것처럼 만드는 현실적인 솔루션을 알려드립니다.",질문형,전자레인지 냄새 제거,전자레인지 찌든 때; 1인 가구 주방; 자취방 청소; 간단 청소,"높음 (2026-08-06-cleaning-auto-ec8541, 유사도 0.5)",주방 청소,예,예,아니오,2026-08-06-cleaning-auto-ec8541; 2026-08-06-cleaning-auto-467d7f; 2026-08-07-cleaning-auto-27a7fe; 2026-08-08-cleaning-auto-176b73; 2026-08-10-cleaning-auto-8285cc; 2026-07-30-cleaning-31,아니오,유지,전자레인지 냄새 제거 알아보기,"의 전자레인지 찌든 때와 냄새는 **'간단한 스팀 청소'**와 **'산성/염기성 천연 세제(식초, 베이킹소다, 레몬) 활용'**으로 충분히 해결할 수 있습니다.",67,아니오,,,,
2026-08-03-safety-auto-7bde55,"혼자 사는 당신, 주방 화재 발생 시? 소화기 vs. 소방 담요, 나에게 더 효과적인 것은?",https://honsamnote.co.kr/blog/2026-08-03-safety-auto-7bde55/,safety,안전·응급상황,안전; 응급상황; 화재대비; 주방안전; 1인가구필수템,주방 화재; 소화기; 소방 담요; 1인 가구 안전; 초기 진압,"혼자 사는 당신, 주방 화재 발생 시? 소화기 vs. 소방 담요, 나에게 더 효과적인 것은? | 혼삶노트","혼자 사는 당신의 주방, 갑작스러운 화재에 대비하고 있나요? 소화기와 소방 담요 중 어떤 것이 우리 집 주방 환경과 생활 습관에 더 잘 맞을지, 현실적인 사용법과 장단점을 비교해 드립니다.",질문형,주방 화재,소화기; 소방 담요; 1인 가구 안전; 초기 진압,"높음 (2026-08-09-safety-auto-14bba7, 유사도 0.57)",화재 예방,예,예,예,2026-08-07-safety-auto-5a549d; 2026-08-08-safety-auto-be207d; 2026-08-09-safety-auto-14bba7; 2026-07-30-safety-37; 2026-08-05-safety-auto-4e7f26; 2026-08-06-safety-auto-669f80,아니오,유지,주방 화재 알아보기｜안전·응급상황,의 주방 화재 대비는 **화재 유형에 따라 적절한 도구를 사용하는 것이 핵심**입니다.,67,예,,,,
2026-08-05-safety-auto-9a8ad6,"혼자 사는 당신, 퇴근 후 안전하게 택배를 받을 때? 스마트 무인 택배함 vs. 문 앞 비대면 배송, 나에게 맞는 선택은?",https://honsamnote.co.kr/blog/2026-08-05-safety-auto-9a8ad6/,safety,안전·응급상황,1인 가구; 택배; 안전; 무인 택배함; 비대면 배송; 현관 보안; 생활 최적화; 시간 절약,1인 가구 택배; 무인 택배함 장단점; 현관 앞 배송 안전; 택배 분실; 택배 도난; 택배 보관; 비대면 수령; 혼자 사는 집,"혼자 사는 당신, 퇴근 후 안전하게 택배를 받을 때? 스마트 무인 택배함 vs. 문 앞 비대면 배송, 나에게 맞는 선택은? | 혼삶노트","1인 가구를 위한 안전한 택배 수령 가이드! 무인 택배함부터 문 앞 비대면 배송까지, 내 라이프스타일에 맞는 방법을 비교하고 현명하게 선택하세요.",질문형,1인 가구 택배,무인 택배함 장단점; 현관 앞 배송 안전; 택배 분실; 택배 도난; 택배 보관; 비대면 수령; 혼자 사는 집,"높음 (2026-07-30-safety-35, 유사도 0.51)",도어락·보안,예,예,아니오,2026-08-05-products-auto-9973a7; 2026-07-30-safety-35; 2026-08-07-safety-auto-6b24c5; 2026-08-09-safety-auto-eb5e4c; 2026-08-13-housing-auto-5aa38a; 2026-08-14-safety-auto-f47696,아니오,유지,1인 가구 택배 알아보기,"결론부터 말씀드리자면, **철저한 보안과 개인정보 보호가 최우선이라면 '스마트 무인 택배함'을, 편리함과 신속한 수령을 선호하며 어느 정도의 자체 보안 시스템을 갖추고 있다면 '문 앞 비대면 배송'을 선택하는 것이 좋습니다.** 어떤 방법이든 내 거주 환경과 생활 습관, 그리…",67,아니오,,,,
2026-08-06-cleaning-auto-ec8541,"혼자 사는 당신, 주방 후드에서 끈적한 기름때 뚝뚝? 퇴근 후 30분, 새것처럼 되돌리는 초간단 청소법",https://honsamnote.co.kr/blog/2026-08-06-cleaning-auto-ec8541/,cleaning,청소·세탁·집안일,주방 청소; 후드 청소; 1인 가구 청소; 기름때 제거; 생활 꿀팁,주방 후드 청소; 레인지 후드 청소; 기름때 제거; 1인 가구 주방; 찌든 때 청소,"혼자 사는 당신, 주방 후드에서 끈적한 기름때 뚝뚝? 퇴근 후 30분, 새것처럼 되돌리는 초간단 청소법 | 혼삶노트","혼자 사는 직장인을 위한 주방 후드 청소 가이드. 끈적한 기름때와 찌든 냄새, 퇴근 후 30분 투자로 깔끔하게 해결하는 현실적인 방법을 알려드립니다.",질문형,주방 후드 청소,레인지 후드 청소; 기름때 제거; 1인 가구 주방; 찌든 때 청소,"높음 (2026-07-30-cleaning-31, 유사도 0.57)",주방 청소,예,예,예,2026-08-03-cleaning-auto-fd154a; 2026-07-30-cleaning-31; 2026-08-10-cleaning-auto-8285cc; 2026-08-06-cleaning-auto-467d7f; 2026-08-07-cleaning-auto-27a7fe; 2026-08-07-cleaning-auto-cb5dfe,아니오,유지,주방 후드 청소 알아보기,"혼자 사는 직장인을 위한 주방 후드 청소 가이드. 끈적한 기름때와 찌든 냄새, 퇴근 후 30분 투자로 깔끔하게 해결하는 .",67,아니오,,,,
2026-08-06-housing-auto-36b1cd,"혼자 사는 직장인, 이사 나갈 때 보증금 깎일까 걱정? 원상회복 범위 알고 당당하게 돌려받는 법",https://honsamnote.co.kr/blog/2026-08-06-housing-auto-36b1cd/,housing,주거·계약·이사,주거; 계약; 이사; 보증금; 원상회복; 퇴거; 1인가구,전월세 보증금; 원상회복; 이사 보증금; 퇴거 시 분쟁; 원룸 퇴거,"혼자 사는 직장인, 이사 나갈 때 보증금 깎일까 걱정? 원상회복 범위 알고 당당하게 돌려받는 법 | 혼삶노트","혼자 사는 직장인이 이사 나갈 때 집주인의 부당한 원상회복 요구로 보증금 손해를 보는 일을 방지합니다. 통상적 손모와 파손의 차이를 이해하고, 똑똑하게 보증금을 지키는 현실적인 방법을 알려드립니다.",질문형,전월세 보증금,원상회복; 이사 보증금; 퇴거 시 분쟁; 원룸 퇴거,"높음 (2026-08-08-housing-auto-d2c1ed, 유사도 0.51)",보증금,예,예,예,2026-08-03-housing-auto-5b4f05; 2026-08-06-housing-auto-1870eb; 2026-08-03-housing-auto-e4e5c4; 2026-08-08-housing-auto-4e32dc; 2026-08-06-housing-auto-849c13; 2026-08-08-housing-auto-d2c1ed,아니오,유지,전월세 보증금 알아보기,이사 나갈 때 모든 손상에 대해 보증금에서 돈이 깎이는 것은 아닙니다.,67,예,,,,
2026-08-06-housing-auto-9d6fe3,"혼자 사는 직장인, 전월세 계약 만료로 이사 가려는데? 집주인에게 현명하게 통보하고 보증금 지키는 법",https://honsamnote.co.kr/blog/2026-08-06-housing-auto-9d6fe3/,housing,주거·계약·이사,1인 가구; 전월세 계약; 이사; 보증금; 계약 만료; 퇴거 통보,1인 가구 이사; 전월세 퇴거 통보; 계약 만료 보증금; 집주인 통보 방법; 전월세 계약 해지,"혼자 사는 직장인, 전월세 계약 만료로 이사 가려는데? 집주인에게 현명하게 통보하고 보증금 지키는 법 | 혼삶노트","전월세 계약 만료 후 이사 준비, 집주인에게 언제 어떻게 말해야 할지 막막한가요? 보증금 사수하고 깔끔하게 퇴거하는 확실한 통보 가이드입니다.",질문형,1인 가구 이사,전월세 퇴거 통보; 계약 만료 보증금; 집주인 통보 방법; 전월세 계약 해지,"높음 (2026-08-07-housing-auto-5dd703, 유사도 0.5)",전월세 계약,예,예,아니오,2026-08-07-housing-auto-5dd703; 2026-07-30-housing-46; 2026-08-01-housing-auto-ace922; 2026-08-01-housing-auto-ecfb76; 2026-08-03-housing-auto-f53851; 2026-07-30-housing-48,아니오,유지,1인 가구 이사 알아보기,"전월세 계약 만료로 이사를 결정했다면, **계약 만료일 기준 최소 2개월 전까지 집주인에게 퇴거 의사를 확실하게 전달해야 합니다.** 이때 중요한 것은 '증거가 남는 방식'으로 통보하는 것입니다.",67,예,,,,
2026-08-07-housing-auto-5dd703,"혼자 사는 직장인, 갑자기 이사 가야 하는데 다음 세입자 직접 구하라니? 계약 중도 해지 부담 줄이는 현실적인 방법",https://honsamnote.co.kr/blog/2026-08-07-housing-auto-5dd703/,housing,주거·계약·이사,1인 가구; 주거; 계약; 이사; 중도 해지; 다음 세입자; 전월세; 직장인,1인 가구 중도 해지; 전월세 계약 해지; 다음 세입자 찾기; 보증금 반환; 직장인 이사,"혼자 사는 직장인, 갑자기 이사 가야 하는데 다음 세입자 직접 구하라니? 계약 중도 해지 부담 줄이는 현실적인 방법 | 혼삶노트","갑작스러운 이사로 계약을 중도 해지해야 할 때, 다음 세입자를 직접 찾아야 한다는 말에 막막하신가요? 1인 가구 직장인의 시간과 돈을 아끼면서 번거로운 부담을 최소화하는 현실적인 해결책을 알려드립니다.",질문형,1인 가구 중도 해지,전월세 계약 해지; 다음 세입자 찾기; 보증금 반환; 직장인 이사,"높음 (2026-08-01-housing-auto-ecfb76, 유사도 0.51)",전월세 계약,예,예,예,2026-08-01-housing-auto-ace922; 2026-08-01-housing-auto-abec0f; 2026-08-11-housing-auto-a2f088; 2026-07-30-housing-48; 2026-08-01-housing-auto-ecfb76; 2026-08-03-housing-auto-5b4f05,아니오,유지,1인 가구 중도 해지 알아보기,"계약 기간 중 이사를 해야 하는 경우, 법적으로는 임대인에게 다음 세입자를 구할 의무가 있지만, 현실적으로는 임차인이 주도적으로 다음 세입자를 찾아야 하는 상황이 많습니다.",67,예,,,,
2026-08-08-housing-auto-d2c1ed,"혼자 사는 직장인, 이사 갈 때 퇴실 청소? 셀프 vs 전문 업체, 보증금 지키는 현명한 선택 가이드",https://honsamnote.co.kr/blog/2026-08-08-housing-auto-d2c1ed/,housing,주거·계약·이사,이사; 퇴실청소; 보증금; 원상회복; 1인 가구,퇴실청소; 이사청소; 셀프청소; 전문청소업체; 보증금지키기,"혼자 사는 직장인, 이사 갈 때 퇴실 청소? 셀프 vs 전문 업체, 보증금 지키는 현명한 선택 가이드 | 혼삶노트","이사 전 퇴실 청소, 셀프로 할까 전문 업체에 맡길까? 혼자 사는 직장인의 시간과 돈을 아끼면서 보증금까지 지킬 수 있는 현실적인 선택 가이드입니다.",질문형,퇴실청소,이사청소; 셀프청소; 전문청소업체; 보증금지키기,"높음 (2026-08-06-housing-auto-36b1cd, 유사도 0.51)",보증금,예,예,아니오,2026-08-06-housing-auto-36b1cd; 2026-08-08-housing-auto-4e32dc; 2026-08-03-housing-auto-5b4f05; 2026-08-03-housing-auto-e4e5c4; 2026-08-06-housing-auto-1870eb; 2026-08-06-housing-auto-849c13,아니오,유지,퇴실청소 알아보기,"의 퇴실 청소 고민, 정답은 **'집 상태'와 '개인 상황'에 따라 달라진다**입니다.",67,예,,,,
2026-08-09-housing-auto-da13ec,"혼자 사는 직장인, 이사 당일 우왕좌왕 시간 낭비는 그만! 나 홀로 이사 스트레스 줄이고 효율 높이는 체크리스트",https://honsamnote.co.kr/blog/2026-08-09-housing-auto-da13ec/,housing,주거·계약·이사,이사; 1인 가구; 직장인; 주거; 생활 팁,나 홀로 이사; 이사 당일; 이사 체크리스트; 이사 스트레스; 1인 가구 이사,"혼자 사는 직장인, 이사 당일 우왕좌왕 시간 낭비는 그만! 나 홀로 이사 스트레스 줄이고 효율 높이는 체크리스트 | 혼삶노트","혼자 이사하는 당신, 이사 당일 모든 것을 혼자 감당해야 해 막막하신가요? 이 글은 시간과 돈을 아끼면서 이사 스트레스를 최소화하는 현실적인 나 홀로 이사 계획과 체크리스트를 제공합니다.",체크형,나 홀로 이사,이사 당일; 이사 체크리스트; 이사 스트레스; 1인 가구 이사,"높음 (2026-07-30-housing-45, 유사도 0.53)",이사 준비,예,예,아니오,2026-08-06-housing-auto-1a9827; 2026-08-08-housing-auto-8b0461; 2026-07-30-housing-45; 2026-08-01-housing-auto-e11fd3; 2026-08-01-housing-auto-ace922; 2026-08-01-housing-auto-e6f8ea,아니오,유지,나 홀로 이사 체크리스트｜주거·계약·이사,"혼자 이사하는 당일의 혼란을 막으려면, 철저한 사전 계획과 구체적인 행동 체크리스트가 핵심입니다.",67,예,,,,
2026-08-09-safety-auto-14bba7,"혼자 사는 당신, 주방이나 콘센트에서 작은 불이 났을 때: 스프레이형 간이 소화기 vs. 일반 분말 소화기, 나에게 맞는 선택은?",https://honsamnote.co.kr/blog/2026-08-09-safety-auto-14bba7/,safety,안전·응급상황,안전; 응급상황; 화재; 소화기; 1인가구안전,1인 가구 화재; 간이 소화기; 분말 소화기; 주방 화재; 전기 화재; 소화기 사용법,"혼자 사는 당신, 주방이나 콘센트에서 작은 불이 났을 때: 스프레이형 간이 소화기 vs. 일반 분말 소화기, 나에게 맞는 선택은? | 혼삶노트","혼자 사는 당신의 안전을 위해. 주방이나 전기 화재 같은 작은 불이 났을 때, 스프레이형 간이 소화기와 일반 분말 소화기 중 어떤 것이 더 적합한지 현실적인 선택 가이드를 제시합니다.",질문형,1인 가구 화재,간이 소화기; 분말 소화기; 주방 화재; 전기 화재; 소화기 사용법,"높음 (2026-08-03-safety-auto-7bde55, 유사도 0.57)",화재 예방,예,예,예,2026-07-30-safety-37; 2026-08-03-safety-auto-7bde55; 2026-08-05-safety-auto-4e7f26; 2026-08-08-safety-auto-be207d; 2026-08-06-safety-auto-669f80; 2026-08-07-safety-auto-5a549d,아니오,유지,1인 가구 화재 알아보기,집에서 작은 불이 났을 때 가장 빠르고 안전하게 대처할 수 있는 도구는 **소화기**입니다.,67,아니오,,,,
2026-08-09-safety-auto-eb5e4c,"혼자 사는 당신, 퇴근 후 현관문이 잠겨 집 못 들어갈 때: 당황하지 않고 안전하게 집으로 돌아가는 현실적인 방법",https://honsamnote.co.kr/blog/2026-08-09-safety-auto-eb5e4c/,safety,안전·응급상황,1인 가구; 안전; 응급상황; 현관문; 잠김; 열쇠 분실; 스마트 도어락; 열쇠공,1인 가구 현관문 잠김; 열쇠 분실 대처; 스마트 도어락 오류; 열쇠공 부르기; 혼자 살 때 집 못 들어갈 때,"혼자 사는 당신, 퇴근 후 현관문이 잠겨 집 못 들어갈 때: 당황하지 않고 안전하게 집으로 돌아가는 현실적인 방법 | 혼삶노트","퇴근 후 또는 주말 외출 후, 현관문이 잠겨 집으로 들어가지 못할 때의 막막함과 당황스러움을 해결해 드립니다. 혼자 사는 당신을 위한 비상 상황 대처법과 안전하게 집으로 돌아가는 현실적인 가이드를 알려드립니다.",방법형,1인 가구 현관문 잠김,열쇠 분실 대처; 스마트 도어락 오류; 열쇠공 부르기; 혼자 살 때 집 못 들어갈 때,"높음 (2026-08-14-safety-auto-f47696, 유사도 0.58)",도어락·보안,예,예,예,2026-08-14-safety-auto-f47696; 2026-08-06-safety-auto-3d7ecc; 2026-08-01-safety-auto-909169; 2026-08-05-safety-auto-9a8ad6; 2026-08-07-safety-auto-6b24c5; 2026-08-07-safety-auto-eecdaa,아니오,유지,1인 가구 현관문 잠김 방법,현관문이 잠겨 집에 들어갈 수 없을 때는 절대 당황하지 마세요.,67,아니오,,,,
2026-08-11-cleaning-auto-983cbd,"혼자 사는 당신, 샤워기 헤드 물줄기가 약하고 냄새난다고요? 딱 20분, 묵은 물때 싹 잡고 시원하게 되돌리는 현실 솔루션",https://honsamnote.co.kr/blog/2026-08-11-cleaning-auto-983cbd/,cleaning,청소·세탁·집안일,샤워기청소; 욕실청소; 물때제거; 냄새제거; 1인가구청소,샤워기 물줄기 약함; 샤워기 냄새; 샤워기 헤드 청소; 구연산 청소; 식초 청소,"혼자 사는 당신, 샤워기 헤드 물줄기가 약하고 냄새난다고요? 딱 20분, 묵은 물때 싹 잡고 시원하게 되돌리는 현실 솔루션 | 혼삶노트",퇴근 후 샤워 시 시원치 않은 물줄기와 퀴퀴한 냄새? 혼자 사는 당신을 위한 샤워기 헤드 물때 제거 및 살균 청소법! 구연산/식초로 묵은 때 싹 잡고 새것처럼 되돌리는 초간단 가이드.,질문형,샤워기 물줄기 약함,샤워기 냄새; 샤워기 헤드 청소; 구연산 청소; 식초 청소,"높음 (2026-08-11-cleaning-auto-1ad691, 유사도 0.69)",욕실 청소,예,예,예,2026-08-11-cleaning-auto-1ad691; 2026-07-31-cleaning-68; 2026-08-08-cleaning-auto-a4c61f; 2026-07-30-cleaning-26; 2026-07-30-cleaning-27; 2026-07-30-cleaning-29,아니오,유지,샤워기 물줄기 약함 알아보기,"샤워기 헤드의 약한 수압과 퀴퀴한 냄새는 대부분 **내부에 쌓인 물때와 녹, 곰팡이 때문**입니다.",67,아니오,,,,
2026-08-11-housing-auto-a2f088,"혼자 사는 직장인, 전월세 계약 전 피해야 할 '문제성 집' 어떻게 알아볼까? 시간과 돈 아끼는 사전 점검 순서",https://honsamnote.co.kr/blog/2026-08-11-housing-auto-a2f088/,housing,주거·계약·이사,주거; 계약; 전월세; 1인 가구; 직장인,문제성 집; 전월세 계약; 사전 점검; 보증금 보호; 부동산 사기 예방; 집주인 확인,"혼자 사는 직장인, 전월세 계약 전 피해야 할 '문제성 집' 어떻게 알아볼까? 시간과 돈 아끼는 사전 점검 순서 | 혼삶노트","혼자 사는 당신의 소중한 시간과 돈, 심지어 보증금까지 위협하는 '문제성 집'을 계약 전 미리 피하는 현실적인 방법을 알려드립니다. 후회 없는 전월세 계약을 위한 필수 체크리스트!",질문형,문제성 집,전월세 계약; 사전 점검; 보증금 보호; 부동산 사기 예방; 집주인 확인,"높음 (2026-08-01-housing-auto-abec0f, 유사도 0.52)",전월세 계약,예,예,예,2026-08-01-housing-auto-ace922; 2026-08-01-housing-auto-abec0f; 2026-08-07-housing-auto-5dd703; 2026-07-30-housing-48; 2026-08-07-housing-auto-e33294; 2026-08-10-housing-auto-4bca9b,아니오,유지,문제성 집 알아보기｜주거·계약·이사,"전월세 계약 전 '문제성 집'을 피하려면, 발품 팔아 집을 보는 것만큼이나 **서류와 정보를 꼼꼼히 확인하는 과정**이 필수입니다.",67,예,,,,
2026-08-14-safety-auto-f47696,"혼자 사는 당신, 집 열쇠를 잃어버렸을 때: 빈집털이 걱정 없이 안전하게 대처하고 우리 집 지키는 법",https://honsamnote.co.kr/blog/2026-08-14-safety-auto-f47696/,safety,안전·응급상황,1인 가구; 안전; 열쇠 분실; 도어락; 주거 안전; 응급상황; 현관문; 보조키; 스마트 도어락,1인 가구 안전; 집 열쇠 분실; 도어락 비밀번호 변경; 열쇠 교체; 빈집털이 예방; 주거 보안; 응급상황 대처,"혼자 사는 당신, 집 열쇠를 잃어버렸을 때: 빈집털이 걱정 없이 안전하게 대처하고 우리 집 지키는 법 | 혼삶노트","집 열쇠를 잃어버려 불안한 1인 가구를 위한 현실적인 대처법을 안내합니다. 스마트 도어락 비밀번호 변경부터 물리 열쇠 교체, 추가 보안 조치까지, 혼자 사는 집의 안전을 지키는 단계를 알아보세요.",문제해결형,1인 가구 안전,집 열쇠 분실; 도어락 비밀번호 변경; 열쇠 교체; 빈집털이 예방; 주거 보안; 응급상황 대처,"높음 (2026-08-09-safety-auto-eb5e4c, 유사도 0.58)",도어락·보안,예,예,아니오,2026-08-09-safety-auto-eb5e4c; 2026-08-06-safety-auto-3d7ecc; 2026-08-07-safety-auto-6b24c5; 2026-08-07-safety-auto-eecdaa; 2026-07-30-safety-34; 2026-07-30-safety-41,아니오,유지,1인 가구 안전 해결 방법,"집 열쇠를 잃어버렸다면, 최대한 빨리 그리고 체계적으로 대응해야 합니다.",67,예,,,,
2026-07-30-cleaning-25,"퇴근 후 지친 1인 가구, 10분씩 쪼개서 끝내는 주간 청소 루틴",https://honsamnote.co.kr/blog/2026-07-30-cleaning-25/,cleaning,청소·세탁·집안일,1인 가구 청소; 주간 청소; 청소 루틴; 직장인 청소; 효율적인 청소,1인 가구 청소 루틴; 퇴근 후 청소; 혼자 사는 집 청소; 청소 시간 절약; 주말 청소 해방,"퇴근 후 지친 1인 가구, 10분씩 쪼개서 끝내는 주간 청소 루틴 | 혼삶노트","바쁜 1인 가구 직장인을 위한 현실적인 주간 청소 루틴. 매일 5분, 주중 10분 투자로 깨끗하고 쾌적한 집을 유지하고 주말은 자유롭게 즐기세요.",문제해결형,1인 가구 청소 루틴,퇴근 후 청소; 혼자 사는 집 청소; 청소 시간 절약; 주말 청소 해방,"높음 (2026-07-31-cleaning-79, 유사도 0.56)",청소도구·시간절약,아니오,예,예,2026-08-05-cleaning-auto-b9c84f; 2026-07-31-cleaning-79; 2026-08-04-cleaning-auto-0b0c02; 2026-08-07-cleaning-auto-40f096; 2026-07-30-cleaning-31; 2026-08-03-cleaning-auto-d96324,아니오,유지,1인 가구 청소 루틴 해결 방법,혼자 사는 직장인에게 '완벽한 대청소'는 비현실적인 목표입니다.,63,아니오,,,,
2026-07-30-cleaning-67,"퇴근 후 문 연 냉장고에서 쉰내 폭발? 1인 가구 냉장고 냄새, 빠르게 잡고 예방하는 법",https://honsamnote.co.kr/blog/2026-07-30-cleaning-67/,cleaning,청소·세탁·집안일,냉장고 청소; 1인 가구; 악취 제거; 주방 관리; 살림 팁,냉장고 냄새; 냉장고 청소법; 냉장고 쉰내; 1인 가구 냉장고; 자취 냉장고,"퇴근 후 문 연 냉장고에서 쉰내 폭발? 1인 가구 냉장고 냄새, 빠르게 잡고 예방하는 법 | 혼삶노트","퇴근 후 지친 몸으로 냉장고 문을 열었을 때, 역한 냄새가 난다면? 1인 가구를 위한 냉장고 악취의 원인부터 빠르고 확실하게 해결하는 청소 및 관리 팁을 알려드립니다.",질문형,냉장고 냄새,냉장고 청소법; 냉장고 쉰내; 1인 가구 냉장고; 자취 냉장고,"높음 (2026-08-07-cleaning-auto-c3121d, 유사도 0.67)",냄새 제거,예,예,아니오,2026-08-07-cleaning-auto-c3121d; 2026-08-01-cleaning-auto-48265b; 2026-08-06-cleaning-auto-e80db8; 2026-08-06-cleaning-auto-907063; 2026-08-07-cleaning-auto-f340ae; 2026-08-09-cleaning-auto-e21eb5,아니오,유지,냉장고 냄새 알아보기｜청소·세탁·집안일,"냉장고에서 역한 냄새가 난다면, 일단 **문을 열고 가장 확실한 냄새의 근원을 즉시 찾아 제거하는 것이 가장 중요합니다.** 썩은 음식물이 눈에 띈다면 망설이지 말고 바로 버리고, 흘러내린 국물이나 소스가 있다면 오염 부위를 물티슈나 키친타월로 재빨리 닦아내세요.",63,아니오,,,,
2026-07-30-products-54,"바쁜 1인 가구, 남은 밥 버릴 걱정 없이 딱 맞는 전기밥솥 고르는 3가지 기준",https://honsamnote.co.kr/blog/2026-07-30-products-54/,products,1인 가구 제품·서비스,1인 가구; 전기밥솥; 살림템; 주방용품; 효율적인 생활,1인 가구 전기밥솥; 미니 밥솥; 전기밥솥 추천; 자취 필수템; 전기밥솥 구매 가이드,"바쁜 1인 가구, 남은 밥 버릴 걱정 없이 딱 맞는 전기밥솥 고르는 3가지 기준 | 혼삶노트","혼자 사는 직장인이라면 주목! 비싼 밥솥, 큰 용량은 오히려 독이 될 수 있습니다. 시간과 돈을 아끼면서 매일 갓 지은 듯 맛있는 밥을 즐기는 1인 가구 맞춤 전기밥솥 선택 가이드를 확인하세요.",판단형,1인 가구 전기밥솥,미니 밥솥; 전기밥솥 추천; 자취 필수템; 전기밥솥 구매 가이드,"높음 (2026-08-01-products-78, 유사도 0.54)",주방가전,아니오,예,아니오,2026-08-01-products-78; 2026-08-01-products-auto-b433a0; 2026-08-01-products-auto-4d32dc; 2026-08-04-products-auto-db26cb; 2026-08-08-products-auto-38bb22; 2026-08-10-products-auto-b0092a,아니오,유지,1인 가구 전기밥솥 기준,혼자 사는 직장인에게 가장 현명한 전기밥솥 선택은 **'3인용 이하의 미니 밥솥'**입니다.,63,아니오,,,,
2026-07-31-cleaning-79,"주말 순삭하는 청소 지옥? 1인 가구, 정기 청소 vs 직접 청소 딱 맞는 답 찾는 법",https://honsamnote.co.kr/blog/2026-07-31-cleaning-79/,cleaning,청소·세탁·집안일,1인 가구; 청소; 정기 청소; 가사 서비스; 생활 최적화; 집안일,1인 가구 청소; 정기 청소서비스 비용; 직접 청소 방법; 청소 시간 절약; 효율적인 청소,"주말 순삭하는 청소 지옥? 1인 가구, 정기 청소 vs 직접 청소 딱 맞는 답 찾는 법 | 혼삶노트","혼자 사는 직장인을 위한 정기 청소 서비스와 직접 청소의 장단점을 비교하고, 내 라이프스타일에 맞는 최적의 선택 기준을 제시합니다. 시간과 돈을 절약하며 쾌적한 집을 유지하는 현실적인 가이드.",질문형,1인 가구 청소,정기 청소서비스 비용; 직접 청소 방법; 청소 시간 절약; 효율적인 청소,"높음 (2026-07-30-cleaning-25, 유사도 0.56)",청소도구·시간절약,아니오,예,아니오,2026-08-06-cleaning-auto-858326; 2026-08-03-cleaning-auto-d96324; 2026-08-07-cost-auto-24b43b; 2026-07-30-cleaning-25; 2026-08-04-cleaning-auto-0b0c02; 2026-08-07-cleaning-auto-40f096,아니오,유지,1인 가구 청소 알아보기,"결론부터 말씀드리자면, '정기 청소 서비스'와 '직접 청소' 중 무엇이 더 낫다는 절대적인 정답은 없습니다.",63,아니오,,,,
2026-08-01-cleaning-auto-48265b,"혼자 사는 당신, 퇴근 후 마주하는 음식물 쓰레기 냄새? 지금 당장 싹 잡고 깔끔하게 처리하는 법",https://honsamnote.co.kr/blog/2026-08-01-cleaning-auto-48265b/,cleaning,청소·세탁·집안일,음식물쓰레기; 1인 가구; 청소; 생활 꿀팁; 집안일,1인 가구 음식물 쓰레기; 음식물 쓰레기 냄새; 음식물 쓰레기 처리; 음식물 처리기; 살림 노하우,"혼자 사는 당신, 퇴근 후 마주하는 음식물 쓰레기 냄새? 지금 당장 싹 잡고 깔끔하게 처리하는 법 | 혼삶노트","퇴근 후 현관 문을 여는 순간 밀려오는 음식물 쓰레기 냄새, 더 이상 참지 마세요! 1인 가구의 고질적인 음식물 쓰레기 문제를 냄새 없이, 효율적으로 해결하는 현실적인 방법들을 알려드립니다.",질문형,1인 가구 음식물 쓰레기,음식물 쓰레기 냄새; 음식물 쓰레기 처리; 음식물 처리기; 살림 노하우,"높음 (2026-08-06-cleaning-auto-e80db8, 유사도 0.67)",냄새 제거,예,예,아니오,2026-08-06-cleaning-auto-e80db8; 2026-07-30-cleaning-67; 2026-08-06-cleaning-auto-907063; 2026-08-07-cleaning-auto-c3121d; 2026-07-31-cleaning-79; 2026-08-01-cleaning-auto-b67a07,아니오,유지,1인 가구 음식물 쓰레기 알아보기,"음식물 쓰레기 냄새와 번거로움을 가장 빠르고 효과적으로 줄이는 방법은 **'바로 비우기', '물기 제거 후 냉동 보관', '밀폐 용기 사용'** 세 가지입니다.",63,아니오,,,,
2026-08-01-food-auto-0f5d02,"퇴근 후 지친 1인 가구 직장인, 오프라인 마트 vs. 온라인 장보기, 당신의 시간과 돈을 아껴줄 현명한 선택",https://honsamnote.co.kr/blog/2026-08-01-food-auto-0f5d02/,food,혼밥·식재료 관리,1인 가구; 혼밥; 식재료 관리; 장보기; 온라인 마트; 새벽배송; 오프라인 마트; 시간 절약; 돈 절약; 생활 최적화,1인 가구 장보기; 온라인 장보기; 오프라인 마트 장점; 온라인 장보기 장점; 장보기 시간 절약; 혼자 사는 직장인 식재료; 효율적인 식재료 구매; 새벽배송 장점; 온라인 마트 단점,"퇴근 후 지친 1인 가구 직장인, 오프라인 마트 vs. 온라인 장보기, 당신의 시간과 돈을 아껴줄 현명한 선택 | 혼삶노트","1인 가구 직장인을 위한 효율적인 장보기 가이드. 오프라인 마트와 온라인 장보기의 장단점을 비교하고, 당신의 생활 패턴에 맞는 최적의 구매 방식을 찾아 시간과 돈을 절약하세요.",비교형,1인 가구 장보기,온라인 장보기; 오프라인 마트 장점; 온라인 장보기 장점; 장보기 시간 절약; 혼자 사는 직장인 식재료; 효율적인 식재료 구매; 새벽배송 장점; 온라인 마트 단점,"높음 (2026-08-06-food-auto-ef165d, 유사도 0.53)",장보기·식비절약,아니오,예,예,2026-08-04-food-auto-c6481a; 2026-08-01-food-auto-2c9171; 2026-08-06-food-auto-ef165d; 2026-08-04-food-auto-908ca9; 2026-08-08-food-auto-476c5f; 2026-07-30-food-15,아니오,유지,1인 가구 장보기 비교,"결론부터 말씀드리자면, '무조건 좋은' 장보기 방식은 없습니다.",63,아니오,,,,
2026-08-01-food-auto-2c9171,"1인 가구 직장인, 대형마트 대용량 식재료 앞에서 망설일 때? 현명하게 구매하고 다 쓰는 전략",https://honsamnote.co.kr/blog/2026-08-01-food-auto-2c9171/,food,혼밥·식재료 관리,1인 가구; 식재료 구매; 대용량 식재료; 장보기; 식비 절약; 식재료 관리,1인 가구 장보기; 대용량 식재료 활용; 식비 줄이기; 혼밥 식재료; 마트 쇼핑 팁; 식재료 낭비 방지,"1인 가구 직장인, 대형마트 대용량 식재료 앞에서 망설일 때? 현명하게 구매하고 다 쓰는 전략 | 혼삶노트","대형마트의 저렴한 대용량 식재료, 혼자 사는 당신에게 독이 될 수 있습니다. 현명하게 구매하고 알뜰하게 다 쓰는 1인 가구 최적화 전략을 소개합니다.",질문형,1인 가구 장보기,대용량 식재료 활용; 식비 줄이기; 혼밥 식재료; 마트 쇼핑 팁; 식재료 낭비 방지,"높음 (2026-08-06-food-auto-ef165d, 유사도 0.57)",장보기·식비절약,아니오,예,예,2026-08-01-food-auto-0f5d02; 2026-08-04-food-auto-c6481a; 2026-08-06-food-auto-ef165d; 2026-08-01-food-auto-174113; 2026-08-04-food-auto-908ca9; 2026-08-08-food-auto-476c5f,아니오,유지,1인 가구 장보기 알아보기,대형마트의 대용량 식재료는 1인 가구에게 양날의 검입니다.,63,아니오,,,,
2026-08-01-food-auto-976f1b,"1인 가구, 명절 선물 식재료 너무 많을 때? 버리지 않고 알뜰하게 소비하는 현명한 계획 세우기",https://honsamnote.co.kr/blog/2026-08-01-food-auto-976f1b/,food,혼밥·식재료 관리,1인 가구; 식재료 관리; 명절 선물; 음식물 쓰레기; 냉동 보관,1인 가구 식재료; 대용량 식재료; 선물 받은 음식; 음식물 쓰레기 줄이기; 명절 음식 처리,"1인 가구, 명절 선물 식재료 너무 많을 때? 버리지 않고 알뜰하게 소비하는 현명한 계획 세우기 | 혼삶노트","1인 가구 직장인, 명절이나 선물로 받은 대용량 식재료가 걱정이라면? 버리지 않고 현명하게 소비하는 현실적인 계획과 보관법으로 시간과 돈을 아끼세요.",질문형,1인 가구 식재료,대용량 식재료; 선물 받은 음식; 음식물 쓰레기 줄이기; 명절 음식 처리,"높음 (2026-08-06-food-auto-b02493, 유사도 0.5)",냉동·소분,아니오,예,예,2026-07-30-food-10; 2026-08-03-food-auto-b8f8a0; 2026-08-06-food-auto-b02493; 2026-08-08-food-auto-89ea49; 2026-08-08-safety-auto-9834c4; 2026-08-04-food-auto-908ca9,아니오,유지,1인 가구 식재료 알아보기,1인 가구에겐 ‘대용량 식재료’ 그 자체가 고민거리입니다.,63,아니오,,,,
2026-08-01-products-78,"퇴근 후 갓 지은 밥 한 그릇, 1인 가구에게 딱 맞는 밥솥 용량 효율적으로 고르는 법",https://honsamnote.co.kr/blog/2026-08-01-products-78/,products,1인 가구 제품·서비스,1인 가구; 밥솥; 주방용품; 살림 최적화; 제품 선택,1인용 밥솥; 밥솥 용량; 밥솥 추천; 1인 가구 밥솥; 미니 밥솥,"퇴근 후 갓 지은 밥 한 그릇, 1인 가구에게 딱 맞는 밥솥 용량 효율적으로 고르는 법 | 혼삶노트","혼자 사는 당신의 주방에 꼭 맞는 밥솥 용량을 찾는 현실적인 가이드. 낭비 없이, 번거로움 없이 갓 지은 밥을 즐기는 최적의 선택 기준을 제시합니다.",방법형,1인용 밥솥,밥솥 용량; 밥솥 추천; 1인 가구 밥솥; 미니 밥솥,"높음 (2026-08-01-products-auto-b433a0, 유사도 0.55)",주방가전,아니오,예,예,2026-07-30-products-54; 2026-08-01-products-auto-b433a0; 2026-08-10-products-auto-b0092a; 2026-08-01-products-auto-4d32dc; 2026-08-04-products-auto-db26cb; 2026-08-08-products-auto-38bb22,아니오,유지,1인용 밥솥 방법,"1인 가구에게 ""무조건 좋다""는 밥솥 용량은 없습니다.",63,아니오,,,,
2026-08-01-products-auto-4d32dc,"퇴근 후 쌓인 설거지, 스트레스받지 마세요! 1인 가구에 딱 맞는 식기세척기, 현명하게 고르는 법",https://honsamnote.co.kr/blog/2026-08-01-products-auto-4d32dc/,products,1인 가구 제품·서비스,1인 가구; 식기세척기; 주방 가전; 생활 최적화; 시간 절약,1인 가구 식기세척기; 미니 식기세척기; 무설치 식기세척기; 식기세척기 추천; 자취생 식기세척기,"퇴근 후 쌓인 설거지, 스트레스받지 마세요! 1인 가구에 딱 맞는 식기세척기, 현명하게 고르는 법 | 혼삶노트","혼자 사는 직장인을 위한 식기세척기 구매 가이드. 좁은 주방과 바쁜 시간을 고려해 어떤 식기세척기를 골라야 할지, 설치부터 사용까지 현실적인 기준을 제시합니다.",방법형,1인 가구 식기세척기,미니 식기세척기; 무설치 식기세척기; 식기세척기 추천; 자취생 식기세척기,"높음 (2026-08-08-products-auto-38bb22, 유사도 0.98)",주방가전,아니오,예,아니오,2026-08-01-products-auto-b433a0; 2026-08-08-products-auto-38bb22; 2026-08-07-food-auto-78eff9; 2026-08-01-cleaning-auto-edbbf8; 2026-08-10-products-auto-b0092a; 2026-08-01-cost-auto-eacedc,예,검토 필요(통합 후보),1인 가구 식기세척기 방법,혼자 사는 직장인에게 식기세척기는 단순한 가전제품을 넘어 '시간과 에너지 절약'이라는 귀한 가치를 선사할 수 있습니다.,63,아니오,,,,
2026-08-01-products-auto-b433a0,"퇴근 후 설거지 산더미, 미니 식기세척기 1인 가구에겐 사치일까? 딱 맞는 모델 고르는 3가지 기준",https://honsamnote.co.kr/blog/2026-08-01-products-auto-b433a0/,products,1인 가구 제품·서비스,1인 가구; 식기세척기; 주방용품; 살림 최적화; 시간 절약,1인 가구 식기세척기; 미니 식기세척기; 식기세척기 추천; 자취생 식기세척기; 설거지 스트레스,"퇴근 후 설거지 산더미, 미니 식기세척기 1인 가구에겐 사치일까? 딱 맞는 모델 고르는 3가지 기준 | 혼삶노트","혼자 사는 당신의 주방에 쌓인 설거지, 미니 식기세척기가 정말 필요할까요? 시간과 공간을 최적화하는 1인 가구 맞춤형 식기세척기 선택 가이드를 제시합니다.",질문형,1인 가구 식기세척기,미니 식기세척기; 식기세척기 추천; 자취생 식기세척기; 설거지 스트레스,"높음 (2026-08-01-products-auto-4d32dc, 유사도 0.92)",주방가전,아니오,예,예,2026-08-01-products-auto-4d32dc; 2026-08-08-products-auto-38bb22; 2026-08-01-cleaning-auto-edbbf8; 2026-08-01-products-78; 2026-07-30-products-54; 2026-08-07-food-auto-78eff9,예,검토 필요(통합 후보),1인 가구 식기세척기 알아보기,"미니 식기세척기는 1인 가구에게 '사치품'이 아니라, **삶의 질을 높이는 '필수 가전'이 될 수 있습니다.",63,아니오,,,,
2026-08-04-food-auto-c6481a,"퇴근 후 장보기 번거로운 1인 가구 직장인, 식재료 구독 서비스 vs. 개별 구매: 당신의 시간과 지갑을 위한 최적의 선택",https://honsamnote.co.kr/blog/2026-08-04-food-auto-c6481a/,food,혼밥·식재료 관리,1인 가구; 혼밥; 식재료 관리; 식재료 구독; 장보기; 시간 절약; 돈 절약,1인 가구 식재료; 식재료 구독 서비스; 개별 구매; 혼밥 식단; 바쁜 직장인 식단; 식비 절약,"퇴근 후 장보기 번거로운 1인 가구 직장인, 식재료 구독 서비스 vs. 개별 구매: 당신의 시간과 지갑을 위한 최적의 선택 | 혼삶노트",바쁜 1인 가구 직장인을 위한 식재료 구독 서비스와 개별 구매 비교 분석! 시간과 돈을 아끼는 당신의 라이프스타일에 딱 맞는 식재료 관리법을 찾아보세요.,비교형,1인 가구 식재료,식재료 구독 서비스; 개별 구매; 혼밥 식단; 바쁜 직장인 식단; 식비 절약,"높음 (2026-08-01-food-auto-0f5d02, 유사도 0.52)",장보기·식비절약,아니오,예,예,2026-08-01-food-auto-0f5d02; 2026-07-30-food-15; 2026-08-04-food-auto-908ca9; 2026-07-30-food-10; 2026-08-10-food-auto-d3517e; 2026-08-01-food-auto-174113,아니오,유지,1인 가구 식재료 비교,"식재료 구독 서비스와 개별 구매, 둘 중 어느 것이 더 낫다고 단정하기는 어렵습니다.",63,아니오,,,,
2026-08-04-products-auto-db26cb,"혼자 사는 직장인, 퇴근 후 빠르고 맛있는 한 끼! 에어프라이어 vs 토스터 오븐, 우리 집에 맞는 건?",https://honsamnote.co.kr/blog/2026-08-04-products-auto-db26cb/,products,1인 가구 제품·서비스,1인 가구; 주방가전; 에어프라이어; 토스터 오븐; 요리; 살림,1인 가구 에어프라이어; 1인 가구 토스터 오븐; 자취생 에어프라이어; 자취생 토스터 오븐; 1인 가구 주방; 간편 요리,"혼자 사는 직장인, 퇴근 후 빠르고 맛있는 한 끼! 에어프라이어 vs 토스터 오븐, 우리 집에 맞는 건? | 혼삶노트","바쁜 1인 가구 직장인을 위한 에어프라이어와 토스터 오븐 비교! 빠르고 간편한 요리 도구, 내 식생활에 맞춰 현명하게 고르는 법을 알려드립니다.",질문형,1인 가구 에어프라이어,1인 가구 토스터 오븐; 자취생 에어프라이어; 자취생 토스터 오븐; 1인 가구 주방; 간편 요리,"높음 (2026-08-10-products-auto-b0092a, 유사도 0.59)",주방가전,아니오,예,예,2026-08-10-products-auto-b0092a; 2026-07-30-products-54; 2026-08-01-products-78; 2026-08-01-products-auto-4d32dc; 2026-08-01-products-auto-b433a0; 2026-08-08-products-auto-38bb22,아니오,유지,1인 가구 에어프라이어 알아보기,혼자 사는 직장인에게 에어프라이어와 토스터 오븐 모두 간편하고 맛있는 요리를 돕는 유용한 가전입니다.,63,아니오,,,,
2026-08-06-cleaning-auto-858326,"혼자 사는 당신, 끈적이는 바닥·먼지 쌓인 선반 청소! 일회용 청소포 vs 극세사 걸레, 후회 없는 선택 기준",https://honsamnote.co.kr/blog/2026-08-06-cleaning-auto-858326/,cleaning,청소·세탁·집안일,청소; 집안일; 1인 가구; 살림템; 생활팁,청소포; 극세사 걸레; 1인 가구 청소; 청소 용품 비교; 효율적인 청소,"혼자 사는 당신, 끈적이는 바닥·먼지 쌓인 선반 청소! 일회용 청소포 vs 극세사 걸레, 후회 없는 선택 기준 | 혼삶노트","바쁜 1인 가구 직장인, 청소할 때마다 어떤 걸레를 써야 할지 고민이시죠? 일회용 청소포와 극세사 걸레의 장단점을 비교하고, 당신의 청소 스타일에 맞는 현명한 선택 기준을 제시합니다.",비교형,청소포,극세사 걸레; 1인 가구 청소; 청소 용품 비교; 효율적인 청소,"높음 (2026-07-31-cleaning-79, 유사도 0.5)",청소도구·시간절약,아니오,예,예,2026-07-31-cleaning-79; 2026-08-03-cleaning-auto-d96324; 2026-08-07-cost-auto-24b43b; 2026-08-07-cleaning-auto-40f096; 2026-07-30-cleaning-32; 2026-08-14-cleaning-auto-b4a47e,아니오,유지,청소포 비교｜청소·세탁·집안일,"결론부터 말씀드리자면, '만능 걸레'는 없습니다.",63,아니오,,,,
2026-08-06-cleaning-auto-e80db8,"혼자 사는 당신, 냄새나는 음식물 쓰레기, 버릴까? 말릴까? 음식물처리기 vs. 간편 배출, 현명한 선택 기준",https://honsamnote.co.kr/blog/2026-08-06-cleaning-auto-e80db8/,cleaning,청소·세탁·집안일,음식물 쓰레기; 1인 가구; 집안일 최적화; 청소; 생활 가전; 비용 절약,음식물쓰레기; 음식물처리기; 1인 가구 음식물 쓰레기; 음식물 쓰레기 버리는 법; 음식물 쓰레기 냄새; 집안일,"혼자 사는 당신, 냄새나는 음식물 쓰레기, 버릴까? 말릴까? 음식물처리기 vs. 간편 배출, 현명한 선택 기준 | 혼삶노트","혼자 사는 당신의 골칫거리, 음식물 쓰레기. 냄새와 번거로움을 한 번에 잡을 음식물처리기와 스마트한 간편 배출법 중 당신에게 맞는 최적의 선택은 무엇일까요? 비용, 시간, 공간을 최적화하는 현실적인 선택 가이드를 제시합니다.",질문형,음식물쓰레기,음식물처리기; 1인 가구 음식물 쓰레기; 음식물 쓰레기 버리는 법; 음식물 쓰레기 냄새; 집안일,"높음 (2026-08-01-cleaning-auto-48265b, 유사도 0.67)",냄새 제거,예,예,예,2026-08-01-cleaning-auto-48265b; 2026-07-30-cleaning-67; 2026-08-07-cleaning-auto-c3121d; 2026-08-09-cleaning-auto-e21eb5; 2026-08-14-cleaning-auto-1ca76b; 2026-08-06-cleaning-auto-907063,아니오,유지,음식물쓰레기 알아보기,"의 음식물 쓰레기 처리 고민, 결론부터 말씀드립니다.",63,아니오,,,,
2026-08-06-food-auto-b02493,"혼자 사는 직장인, 대용량 통조림·건면·소스 앞에서 망설일 때: 소량 팩 vs. 대용량, 당신의 시간과 지갑을 위한 최적의 선택",https://honsamnote.co.kr/blog/2026-08-06-food-auto-b02493/,food,혼밥·식재료 관리,혼밥; 식재료관리; 구매팁; 가성비; 1인생활,1인 가구 식재료; 소량 팩; 대용량 식재료; 통조림 보관; 건면 보관; 소스 보관,"혼자 사는 직장인, 대용량 통조림·건면·소스 앞에서 망설일 때: 소량 팩 vs. 대용량, 당신의 시간과 지갑을 위한 최적의 선택 | 혼삶노트","혼자 사는 당신의 주방, 대용량 식재료는 낭비일까? 소량 팩과 대용량 중 당신의 라이프스타일에 맞는 현명한 구매 결정을 위한 현실적인 가이드.",비교형,1인 가구 식재료,소량 팩; 대용량 식재료; 통조림 보관; 건면 보관; 소스 보관,"높음 (2026-08-01-food-auto-976f1b, 유사도 0.5)",냉동·소분,아니오,예,예,2026-08-01-food-auto-976f1b; 2026-07-30-food-10; 2026-08-04-food-auto-908ca9; 2026-08-01-food-auto-0ac183; 2026-08-03-food-auto-b8f8a0; 2026-08-04-food-auto-8d3bfc,아니오,유지,1인 가구 식재료 비교,"에게 대용량 가공식품과 소량 팩 중 무엇이 더 이득인지는 **당신의 요리 빈도, 소비 속도, 그리고 보관 환경**에 따라 달라집니다.",63,아니오,,,,
2026-08-06-food-auto-ef165d,"혼자 사는 직장인, 신선 채소·과일 소량 구매 어려울 때: 동네마트 vs. 온라인 새벽배송, 당신의 시간과 식비를 위한 현명한 선택",https://honsamnote.co.kr/blog/2026-08-06-food-auto-ef165d/,food,혼밥·식재료 관리,혼밥; 식재료관리; 장보기; 식비절약; 1인가구,1인 가구 장보기; 신선 채소 구매; 온라인 새벽배송; 동네마트; 식재료 소량,"혼자 사는 직장인, 신선 채소·과일 소량 구매 어려울 때: 동네마트 vs. 온라인 새벽배송, 당신의 시간과 식비를 위한 현명한 선택 | 혼삶노트","혼자 사는 직장인을 위한 신선 채소·과일 구매 가이드. 소량 구매의 어려움과 신선도, 비용 문제까지. 동네마트와 온라인 새벽배송 중 당신에게 더 나은 선택은 무엇일까요?",비교형,1인 가구 장보기,신선 채소 구매; 온라인 새벽배송; 동네마트; 식재료 소량,"높음 (2026-08-01-food-auto-2c9171, 유사도 0.57)",장보기·식비절약,아니오,예,아니오,2026-08-01-food-auto-0f5d02; 2026-08-01-food-auto-2c9171; 2026-08-04-food-auto-c6481a; 2026-08-07-food-auto-f5cf37; 2026-08-04-food-auto-908ca9; 2026-08-08-food-auto-476c5f,아니오,유지,1인 가구 장보기 비교,"혼자 사는 직장인이 신선한 채소와 과일을 소량으로 효율적으로 구매하는 방법은 **'나의 생활 패턴'**과 **'중요하게 생각하는 가치'**에 따라 동네마트와 온라인 새벽배송 중 더 적합한 곳을 선택하거나, 두 가지를 병행하는 것입니다.",63,아니오,,,,
2026-08-07-cleaning-auto-c3121d,"혼자 사는 당신, 냉장고 속 퀴퀴한 냄새와 정체불명 식재료, 1시간 만에 깨끗하게 비우고 효율적으로 채우는 현실 솔루션",https://honsamnote.co.kr/blog/2026-08-07-cleaning-auto-c3121d/,cleaning,청소·세탁·집안일,1인 가구; 냉장고 청소; 냉장고 정리; 식재료 보관; 살림 팁; 효율적인 생활,1인 가구 냉장고; 냉장고 청소법; 냉장고 정리 팁; 혼자 사는 냉장고 관리; 식재료 관리; 냉장고 냄새 제거,"혼자 사는 당신, 냉장고 속 퀴퀴한 냄새와 정체불명 식재료, 1시간 만에 깨끗하게 비우고 효율적으로 채우는 현실 솔루션 | 혼삶노트","혼자 사는 당신의 냉장고, 더 이상 음식물 무덤이 아닙니다. 1인 가구에 최적화된 냉장고 청소부터 효율적인 식재료 보관 및 재고 관리 팁까지, 시간과 돈을 아끼는 현실적인 냉장고 관리법을 알려드립니다.",문제해결형,1인 가구 냉장고,냉장고 청소법; 냉장고 정리 팁; 혼자 사는 냉장고 관리; 식재료 관리; 냉장고 냄새 제거,"높음 (2026-07-30-cleaning-67, 유사도 0.67)",냄새 제거,예,예,예,2026-07-30-cleaning-67; 2026-08-07-cleaning-auto-f340ae; 2026-08-01-cleaning-auto-48265b; 2026-08-06-cleaning-auto-e80db8; 2026-08-06-cleaning-auto-907063; 2026-08-07-products-auto-462713,아니오,유지,1인 가구 냉장고 해결 방법,냉장고는 단순히 음식을 보관하는 곳이 아닙니다.,63,아니오,,,,
2026-08-07-cleaning-auto-f340ae,"혼자 사는 당신, 냉장고 속 '이것' 안 버리면 돈 낭비에 냄새까지! 20분 만에 새것처럼 비우고 정리하는 법",https://honsamnote.co.kr/blog/2026-08-07-cleaning-auto-f340ae/,cleaning,청소·세탁·집안일,냉장고청소; 냉장고정리; 1인가구청소; 살림노하우; 식재료보관,혼자사는직장인 냉장고; 냉장고 냄새 제거; 냉장고 비우기; 냉장고 정리 팁; 1인 가구 살림,"혼자 사는 당신, 냉장고 속 '이것' 안 버리면 돈 낭비에 냄새까지! 20분 만에 새것처럼 비우고 정리하는 법 | 혼삶노트","냉장고 속 방치된 유통기한 지난 음식, 알 수 없는 냄새로 고민하는 1인 가구를 위한 현실적인 냉장고 청소 및 정리 가이드. 돈 낭비 막고 쾌적하게 생활하세요.",방법형,혼자사는직장인 냉장고,냉장고 냄새 제거; 냉장고 비우기; 냉장고 정리 팁; 1인 가구 살림,"높음 (2026-08-07-cleaning-auto-c3121d, 유사도 0.53)",냄새 제거,예,예,아니오,2026-08-07-cleaning-auto-c3121d; 2026-07-30-cleaning-67; 2026-08-01-cleaning-auto-48265b; 2026-08-06-cleaning-auto-907063; 2026-08-06-cleaning-auto-e80db8; 2026-08-09-cleaning-auto-e21eb5,아니오,유지,혼자사는직장인 냉장고 방법,"지금 당장 냉장고 문을 활짝 열고, **유통기한이 지난 음식이나 눈으로 봐도 변질된 음식은 무조건 버리세요.** 그리고 **냉장고 속 내용물을 한 번 싹 꺼내 빈 선반과 벽면을 물티슈나 젖은 행주로 한 번 닦아주는 것만으로도 냄새와 지저분함이 훨씬 나아질 겁니다.** 이 빠른…",63,아니오,,,,
2026-08-08-products-auto-38bb22,"혼자 사는 직장인, 퇴근 후 설거지 산더미에 지쳤다면? 1인 가구 미니 식기세척기 vs 손설거지, 나에게 맞는 현명한 선택은?",https://honsamnote.co.kr/blog/2026-08-08-products-auto-38bb22/,products,1인 가구 제품·서비스,1인 가구; 식기세척기; 미니 식기세척기; 주방 가전; 생활 최적화,1인 가구 식기세척기; 미니 식기세척기; 손설거지; 식기세척기 추천; 식기세척기 장점 단점,"혼자 사는 직장인, 퇴근 후 설거지 산더미에 지쳤다면? 1인 가구 미니 식기세척기 vs 손설거지, 나에게 맞는 현명한 선택은? | 혼삶노트","혼자 사는 직장인을 위한 미니 식기세척기 구매 가이드. 좁은 공간, 적은 설거지 양, 설치 문제까지. 손설거지와 비교해 시간과 비용을 절약하는 현명한 선택 기준을 제시합니다.",질문형,1인 가구 식기세척기,미니 식기세척기; 손설거지; 식기세척기 추천; 식기세척기 장점 단점,"높음 (2026-08-01-products-auto-4d32dc, 유사도 0.98)",주방가전,아니오,예,아니오,2026-08-01-products-auto-4d32dc; 2026-08-01-products-auto-b433a0; 2026-08-01-cleaning-auto-edbbf8; 2026-08-07-food-auto-78eff9; 2026-08-10-products-auto-b0092a; 2026-07-30-products-54,예,검토 필요(통합 후보),1인 가구 식기세척기 알아보기,"혼자 사는 직장인에게 미니 식기세척기는 특정 조건(좁은 주방, 빈번한 요리, 설거지 스트레스가 크고 초기 비용 감당이 가능할 경우)에서 삶의 질을 크게 높여주는 훌륭한 대안이 될 수 있습니다.",63,아니오,,,,
2026-08-10-products-auto-b0092a,"혼자 사는 직장인, 퇴근 후 간편하고 맛있는 요리, 어떤 조리 기구가 답일까? 에어프라이어 vs 전자레인지, 내게 맞는 최적의 선택은?",https://honsamnote.co.kr/blog/2026-08-10-products-auto-b0092a/,products,1인 가구 제품·서비스,1인 가구; 주방 가전; 에어프라이어; 전자레인지; 간편 요리; 살림 최적화,1인 가구 에어프라이어; 1인 가구 전자레인지; 자취 요리; 주방 가전 추천; 시간 절약 요리,"혼자 사는 직장인, 퇴근 후 간편하고 맛있는 요리, 어떤 조리 기구가 답일까? 에어프라이어 vs 전자레인지, 내게 맞는 최적의 선택은? | 혼삶노트","퇴근 후 빠르고 맛있는 식사를 원하는 1인 가구 직장인이라면 주목! 에어프라이어와 전자레인지 중 어떤 조리 기구가 내게 맞을지, 현실적인 사용 경험과 판단 기준을 통해 현명하게 선택하는 법을 알려드립니다.",질문형,1인 가구 에어프라이어,1인 가구 전자레인지; 자취 요리; 주방 가전 추천; 시간 절약 요리,"높음 (2026-08-04-products-auto-db26cb, 유사도 0.59)",주방가전,아니오,예,예,2026-08-04-products-auto-db26cb; 2026-08-01-products-78; 2026-08-01-products-auto-4d32dc; 2026-08-01-products-auto-b433a0; 2026-08-08-products-auto-38bb22; 2026-07-30-products-54,아니오,유지,1인 가구 에어프라이어 알아보기,혼자 사는 직장인의 주방에서 에어프라이어와 전자레인지는 각각 독보적인 영역을 가집니다.,63,아니오,,,,
2026-07-30-cost-3,"혼자 사는 직장인, 통신비 월 2만원 아끼는 알뜰폰+인터넷 vs 3사 결합, 현명한 선택 가이드",https://honsamnote.co.kr/blog/2026-07-30-cost-3/,cost,생활비 최적화,1인 가구; 생활비 절약; 알뜰폰; 인터넷 결합; 통신비,1인 가구 통신비; 알뜰폰 인터넷 결합; 통신사 결합 비교; 직장인 생활비; 자취 생활비,"혼자 사는 직장인, 통신비 월 2만원 아끼는 알뜰폰+인터넷 vs 3사 결합, 현명한 선택 가이드 | 혼삶노트","혼자 사는 직장인을 위한 통신비 절약 가이드. 알뜰폰과 인터넷 단독 결합, 혹은 3사 통신사 결합 중 무엇이 더 이득일까요? 당신의 사용 패턴에 맞춰 월 2만원 이상 아낄 수 있는 현명한 선택 기준과 해결 순서를 제시합니다.",비교형,1인 가구 통신비,알뜰폰 인터넷 결합; 통신사 결합 비교; 직장인 생활비; 자취 생활비,"높음 (2026-07-30-cost-80, 유사도 0.6)",통신비,아니오,예,아니오,2026-07-30-cost-80; 2026-08-08-cost-auto-123a00; 2026-08-07-cost-auto-0c25d9; 2026-07-30-cost-8; 2026-08-06-products-auto-44e274; 2026-07-30-cost-2,아니오,유지,1인 가구 통신비 비교,대부분의 에게는 **'알뜰폰 + 자가 설치 가능한 인터넷 요금제' 결합**이 통신비를 가장 크게 절약할 수 있는 현실적인 선택지입니다.,60,예,,,,
2026-07-30-cost-80,"월 5만원 이상 내는 1인 가구 직장인, 통신 3사 vs 알뜰폰, 내게 맞는 요금제 고르는 확실한 기준",https://honsamnote.co.kr/blog/2026-07-30-cost-80/,cost,생활비 최적화,생활비 절약; 1인 가구; 알뜰폰; 통신 3사; 요금제 비교,알뜰폰; 통신 3사; 요금제; 1인 가구 통신비; 생활비 최적화,"월 5만원 이상 내는 1인 가구 직장인, 통신 3사 vs 알뜰폰, 내게 맞는 요금제 고르는 확실한 기준 | 혼삶노트","혼자 사는 당신의 통신비, 매달 새는 돈일 수 있습니다. 알뜰폰과 통신 3사 요금제 중 나에게 가장 합리적인 선택을 위한 명확한 판단 기준과 구체적인 절차를 안내합니다.",비교형,알뜰폰,통신 3사; 요금제; 1인 가구 통신비; 생활비 최적화,"높음 (2026-07-30-cost-3, 유사도 0.6)",통신비,아니오,예,예,2026-07-30-cost-3; 2026-08-08-cost-auto-123a00; 2026-07-30-cost-2; 2026-07-30-cost-6; 2026-08-01-cost-auto-8e14b1; 2026-08-01-cost-auto-eacedc,아니오,유지,알뜰폰 비교｜생활비 최적화,"""통신 3사는 무조건 비싸고, 알뜰폰이 무조건 싸다""는 일반적인 생각은 당신의 실제 생활 패턴과 필요를 충분히 반영하지 못한 오해일 수 있습니다.",60,아니오,,,,
2026-07-30-housing-43,"첫 관리비 고지서, 뭉뚱그려진 금액에 헷갈리는 1인 가구? 내 돈 지키는 항목별 확인법",https://honsamnote.co.kr/blog/2026-07-30-housing-43/,housing,주거·계약·이사,관리비; 1인 가구; 주거비용; 생활비 절약; 계약,관리비 항목; 관리비 확인법; 원룸 관리비; 오피스텔 관리비; 생활비 최적화,"첫 관리비 고지서, 뭉뚱그려진 금액에 헷갈리는 1인 가구? 내 돈 지키는 항목별 확인법 | 혼삶노트","혼자 살면서 처음 마주하는 관리비 고지서. 뭉뚱그려진 금액에 불안하다면? 복잡해 보이는 관리비 내역을 항목별로 꼼꼼히 확인하고, 불필요한 지출을 막는 현실적인 방법을 알려드립니다.",질문형,관리비 항목,관리비 확인법; 원룸 관리비; 오피스텔 관리비; 생활비 최적화,"높음 (2026-08-08-housing-auto-82f28f, 유사도 0.53)",관리비,아니오,예,예,2026-08-06-housing-auto-baef02; 2026-07-30-cost-2; 2026-07-30-cost-6; 2026-07-30-cost-80; 2026-08-01-cost-auto-8e14b1; 2026-08-01-cost-auto-eacedc,아니오,유지,관리비 항목 알아보기,"관리비 고지서, 알고 보면 생각보다",60,아니오,,,,
2026-08-01-products-auto-153ac4,"혼자 사는 직장인, 환기 어려운 집에 꿉꿉한 냄새가 밴다면? 1인 가구 공기 케어, 공기청정기 vs 제습기 현명하게 고르는 법",https://honsamnote.co.kr/blog/2026-08-01-products-auto-153ac4/,products,1인 가구 제품·서비스,1인 가구; 직장인; 공기청정기; 제습기; 실내 공기; 꿉꿉한 냄새; 생활가전,1인 가구 공기청정기; 1인 가구 제습기; 실내 공기질 관리; 자취방 냄새; 환기 문제 해결; 원룸 공기,"혼자 사는 직장인, 환기 어려운 집에 꿉꿉한 냄새가 밴다면? 1인 가구 공기 케어, 공기청정기 vs 제습기 현명하게 고르는 법 | 혼삶노트","퇴근 후 집에 들어서는 순간 느껴지는 답답하고 꿉꿉한 공기. 1인 가구에게 필요한 공기청정기, 제습기 중 어떤 제품이 내 집에 맞을지 현명하게 선택하는 기준을 알려드립니다.",질문형,1인 가구 공기청정기,1인 가구 제습기; 실내 공기질 관리; 자취방 냄새; 환기 문제 해결; 원룸 공기,"높음 (2026-08-08-products-auto-3477b8, 유사도 0.59)",공기청정기·환경가전,아니오,예,아니오,2026-08-08-products-auto-3477b8; 2026-08-01-products-auto-fee2c4; 2026-08-08-cost-auto-770f4a; 2026-08-07-products-auto-4602dc; 2026-08-03-products-auto-1b3cc6; 2026-08-06-products-auto-1d916e,아니오,유지,1인 가구 공기청정기 알아보기,"집안 공기의 답답함이 **주로 냄새나 미세먼지 문제라면 '공기청정기'**를, **주로 습기와 꿉꿉함이라면 '제습기'**를 먼저 고려해야 합니다.",60,아니오,,,,
2026-08-01-products-auto-d180b4,"혼자 사는 직장인, 집에 바퀴벌레나 개미가 출몰했다면? 1인 가구 해충 박멸, 셀프 vs 전문 방역 현명하게 고르는 3가지 기준",https://honsamnote.co.kr/blog/2026-08-01-products-auto-d180b4/,products,1인 가구 제품·서비스,1인 가구; 해충 박멸; 바퀴벌레; 개미; 셀프 방역; 전문 방역; 자취 생활,1인 가구 해충; 바퀴벌레 없애는 법; 개미 퇴치; 자취방 벌레; 전문 방역 서비스; 셀프 방역 제품,"혼자 사는 직장인, 집에 바퀴벌레나 개미가 출몰했다면? 1인 가구 해충 박멸, 셀프 vs 전문 방역 현명하게 고르는 3가지 기준 | 혼삶노트","혼자 사는 집에 갑자기 나타난 바퀴벌레, 개미, 날벌레! 셀프 방역으로 될까? 아니면 전문가를 불러야 할까? 시간과 돈 아끼는 현실적인 해충 박멸 기준과 해결법을 알려드립니다.",질문형,1인 가구 해충,바퀴벌레 없애는 법; 개미 퇴치; 자취방 벌레; 전문 방역 서비스; 셀프 방역 제품,"높음 (2026-08-08-products-auto-613b49, 유사도 0.68)",생활안전용품,아니오,예,아니오,2026-08-08-products-auto-b03456; 2026-08-08-products-auto-613b49; 2026-08-06-cleaning-auto-96ff36; 2026-08-06-cost-auto-9d0ea4; 2026-08-03-safety-auto-273fdf; 2026-08-06-housing-auto-baef02,아니오,유지,1인 가구 해충 알아보기｜1인 가구 제품·서비스,"집에 해충이 출몰했다면 가장 먼저 **""어떤 해충인지, 얼마나 많은지""**를 파악해야 합니다.",60,아니오,,,,
2026-08-01-products-auto-fee2c4,"혼자 사는 직장인, 창문 열기 어려운 계절? 1인 가구 공기청정기, 정말 필요한지 따져보는 3가지 기준",https://honsamnote.co.kr/blog/2026-08-01-products-auto-fee2c4/,products,1인 가구 제품·서비스,1인 가구 제품; 공기청정기; 자취생활; 실내 공기질; 미세먼지,1인 가구 공기청정기; 자취 공기질; 원룸 공기정화; 공기청정기 필터; 미세먼지 공기청정기,"혼자 사는 직장인, 창문 열기 어려운 계절? 1인 가구 공기청정기, 정말 필요한지 따져보는 3가지 기준 | 혼삶노트","혼자 사는 직장인의 고질적인 실내 공기 문제, 공기청정기가 정말 해결책일까요? 구매 전 반드시 따져봐야 할 3가지 기준을 현실적으로 알려드립니다.",질문형,1인 가구 공기청정기,자취 공기질; 원룸 공기정화; 공기청정기 필터; 미세먼지 공기청정기,"높음 (2026-08-01-products-auto-153ac4, 유사도 0.53)",공기청정기·환경가전,아니오,예,아니오,2026-08-01-products-auto-153ac4; 2026-08-08-products-auto-3477b8; 2026-08-07-products-auto-4602dc; 2026-08-08-cost-auto-770f4a; 2026-07-31-products-77; 2026-08-06-products-auto-17f494,아니오,유지,1인 가구 공기청정기 알아보기｜1인 가구 제품·서비스,혼자 사는 직장인에게 공기청정기는 단순히 '있으면 좋은' 가전제품을 넘어 **삶의 질을 눈에 띄게 개선해 줄 수 있는 현실적인 투자**가 될 수 있습니다.,60,아니오,,,,
2026-08-01-safety-auto-b177af,"혼자 사는 당신, 갑자기 천장에서 물이 새거나 벽이 젖을 때 당황하지 않고 대처하는 방법",https://honsamnote.co.kr/blog/2026-08-01-safety-auto-b177af/,safety,안전·응급상황,누수; 천장 누수; 벽 누수; 1인 가구 안전; 집안일 응급상황; 침수 피해,혼자 사는 집 누수; 천장 물샘 대처; 아파트 누수; 원룸 누수; 누수 신고; 누수 보험; 누수 피해 보상,"혼자 사는 당신, 갑자기 천장에서 물이 새거나 벽이 젖을 때 당황하지 않고 대처하는 방법 | 혼삶노트",혼자 사는 집에 갑작스러운 누수가 발생했다면? 패닉 대신 침착하게 상황을 파악하고 피해를 최소화하는 현실적인 대처법과 현명한 판단 기준을 알려드립니다.,방법형,혼자 사는 집 누수,천장 물샘 대처; 아파트 누수; 원룸 누수; 누수 신고; 누수 보험; 누수 피해 보상,"높음 (2026-08-08-safety-auto-ee80c6, 유사도 0.66)",누수·생활사고,아니오,예,아니오,2026-08-08-safety-auto-985515; 2026-08-08-safety-auto-ee80c6; 2026-08-06-safety-auto-a5c266; 2026-07-30-cost-70; 2026-07-30-safety-33; 2026-08-01-safety-auto-1a5c71,아니오,유지,혼자 사는 집 누수 방법,"집에 누수가 발생했다면 가장 먼저 해야 할 일은 **피해 확산을 막는 것입니다.** 당장 물이 새는 곳 아래에 **양동이나 큰 그릇을 받치고, 젖기 쉬운 가구나 전자제품은 안전한 곳으로 옮기세요.** 그 다음, 누수 지점 근처에 있는 **모든 전기 플러그를 뽑고, 필요시 두꺼…",60,아니오,,,,
2026-08-01-storage-auto-c94563,"퇴근 후 1인 가구, 현관문 열자마자 어지럽다면? 1평 현관, '비우는 공간'으로 만드는 현실 수납법",https://honsamnote.co.kr/blog/2026-08-01-storage-auto-c94563/,storage,좁은 집과 수납,1인 가구; 현관 수납; 원룸 정리; 시간 절약; 공간 활용,현관 정리; 좁은 현관 수납; 1인 가구 현관; 원룸 현관; 퇴근 후 정리,"퇴근 후 1인 가구, 현관문 열자마자 어지럽다면? 1평 현관, '비우는 공간'으로 만드는 현실 수납법 | 혼삶노트","현관은 집의 얼굴이자 가장 중요한 '첫인상' 공간입니다. 퇴근 후 매일 마주하는 지저분한 현관을 깔끔하게 유지하고 싶다면, 이 글을 읽어보세요.",질문형,현관 정리,좁은 현관 수납; 1인 가구 현관; 원룸 현관; 퇴근 후 정리,"높음 (2026-08-08-storage-auto-37bfb5, 유사도 0.69)",현관 수납,아니오,예,아니오,2026-08-08-storage-auto-37bfb5; 2026-08-07-storage-auto-2cdaeb; 2026-08-10-storage-auto-046a46; 2026-08-08-storage-auto-9dbb87; 2026-08-09-storage-auto-897697; 2026-08-06-storage-auto-ddb1d8,아니오,유지,현관 정리 알아보기,"좁은 현관의 근본적인 문제 해결은 ""물건을 쌓는 곳""이 아닌 ""물건을 잠시 비우는 곳""으로 현관의 역할을 재정의하는 것입니다.",60,아니오,,,,
2026-08-03-safety-auto-273fdf,"혼자 사는 당신, 한밤중 갑자기 대형 바퀴벌레나 쥐를 발견했을 때: 패닉 없이 안전하게 퇴치하고 예방하는 법",https://honsamnote.co.kr/blog/2026-08-03-safety-auto-273fdf/,safety,안전·응급상황,안전; 응급상황; 해충; 유해동물; 바퀴벌레; 쥐; 위생; 1인 가구,1인 가구 해충; 혼자 사는 집 바퀴벌레; 쥐 퇴치; 갑자기 해충; 원룸 방역; 해충 예방,"혼자 사는 당신, 한밤중 갑자기 대형 바퀴벌레나 쥐를 발견했을 때: 패닉 없이 안전하게 퇴치하고 예방하는 법 | 혼삶노트","늦은 밤, 혼자 사는 집에 나타난 불청객에 당황하셨나요? 갑작스러운 해충/유해동물 발견 시 즉각적인 대처부터 장기적인 예방까지, 혼자서도 안전하게 해결하는 현실적인 가이드를 알려드립니다.",방법형,1인 가구 해충,혼자 사는 집 바퀴벌레; 쥐 퇴치; 갑자기 해충; 원룸 방역; 해충 예방,"높음 (2026-08-10-safety-auto-46a836, 유사도 0.73)",해충 퇴치,아니오,예,아니오,2026-08-10-safety-auto-46a836; 2026-08-10-safety-auto-1af8f5; 2026-08-10-safety-auto-e68c91; 2026-07-30-safety-34; 2026-07-30-safety-41; 2026-07-31-safety-72,아니오,유지,1인 가구 해충 방법,갑작스러운 해충 또는 유해동물 발견 시 가장 중요한 것은 **침착하게 상황을 파악하고 즉각적으로 격리하거나 임시 조치를 취하는 것**입니다.,60,아니오,,,,
2026-08-05-safety-auto-d98bca,"혼자 사는 당신, 늦은 밤 갑자기 두꺼비집이 내려가거나 콘센트에서 스파크가 튈 때: 당황하지 않고 안전하게 확인하고 대처하는 법",https://honsamnote.co.kr/blog/2026-08-05-safety-auto-d98bca/,safety,안전·응급상황,전기안전; 두꺼비집; 누전차단기; 콘센트스파크; 1인가구안전; 생활응급상황,혼자사는전기사고; 두꺼비집내려감; 콘센트불꽃; 전기안전대처; 누전차단기작동; 전기합선,"혼자 사는 당신, 늦은 밤 갑자기 두꺼비집이 내려가거나 콘센트에서 스파크가 튈 때: 당황하지 않고 안전하게 확인하고 대처하는 법 | 혼삶노트",늦은 밤 갑자기 두꺼비집이 내려가거나 콘센트에서 스파크가 튀어 당황하셨나요? 혼자 사는 당신을 위한 전기 안전사고 예방과 현명한 대처 방법을 알려드립니다.,방법형,혼자사는전기사고,두꺼비집내려감; 콘센트불꽃; 전기안전대처; 누전차단기작동; 전기합선,"높음 (2026-08-11-safety-auto-d99e57, 유사도 0.58)",전기 안전,아니오,예,예,2026-08-11-safety-auto-d99e57; 2026-07-30-safety-39; 2026-08-01-safety-auto-4f0708; 2026-08-04-safety-auto-ceca45; 2026-08-05-safety-auto-4e7f26; 2026-08-06-safety-auto-b35351,아니오,유지,혼자사는전기사고 방법,"두꺼비집이 내려가거나 콘센트에서 스파크가 발생했다면, 이는 **감전이나 화재로 이어질 수 있는 명백한 위험 신호**입니다.",60,예,,,,
2026-08-05-storage-auto-1764b0,"1인 가구 직장인, 좁은 옷장 '꽉 찬 옷' 때문에 숨막힌다면? 옷걸이 하나라도 더 거는 현실 수납법",https://honsamnote.co.kr/blog/2026-08-05-storage-auto-1764b0/,storage,좁은 집과 수납,1인 가구; 좁은 옷장; 옷장 정리; 옷 수납; 미니멀 라이프,1인 가구 옷장; 옷장 정리 팁; 좁은 옷 수납; 옷 버리는 법; 옷장 최적화,"1인 가구 직장인, 좁은 옷장 '꽉 찬 옷' 때문에 숨막힌다면? 옷걸이 하나라도 더 거는 현실 수납법 | 혼삶노트","좁은 옷장에 옷이 꽉 차서 매일 아침 입을 옷 찾기가 힘들다면? 혼자 사는 직장인을 위한 효율적인 옷장 정리 및 비우기 노하우로, 답답한 옷장에 숨통을 트여줄 현실적인 수납 팁을 알려드립니다.",질문형,1인 가구 옷장,옷장 정리 팁; 좁은 옷 수납; 옷 버리는 법; 옷장 최적화,"높음 (2026-08-12-storage-auto-1aceff, 유사도 0.54)",옷장·옷정리,아니오,예,아니오,2026-08-12-storage-auto-1aceff; 2026-08-07-storage-auto-613d62; 2026-08-06-storage-auto-4e768a; 2026-08-01-cost-auto-9c7467; 2026-08-01-storage-auto-387eaf; 2026-08-07-storage-auto-b02bd8,아니오,유지,1인 가구 옷장 알아보기,"지금 당장 옷걸이 하나라도 더 걸 공간을 확보하고 싶다면, **'지난 1년 동안 한 번도 입지 않은 옷'**부터 옷장에서 꺼내세요.",60,아니오,,,,
2026-08-06-cleaning-auto-ab8bbf,"혼자 사는 당신, 에어컨 필터 청소 미뤘다간 전기세 폭탄? 직접 청소 vs. 전문 서비스, 현명한 선택 기준",https://honsamnote.co.kr/blog/2026-08-06-cleaning-auto-ab8bbf/,cleaning,청소·세탁·집안일,에어컨 청소; 1인 가구 청소; 전기세 절약; 여름철 필수템; 집안일 효율화,에어컨 필터 청소; 에어컨 관리; 셀프 청소; 에어컨 전문 업체; 에어컨 냄새,"혼자 사는 당신, 에어컨 필터 청소 미뤘다간 전기세 폭탄? 직접 청소 vs. 전문 서비스, 현명한 선택 기준 | 혼삶노트",여름철 에어컨 냄새와 전기세 걱정? 1인 가구를 위한 에어컨 필터 직접 청소와 전문 서비스 비교 가이드로 시간과 돈을 최적화하세요.,질문형,에어컨 필터 청소,에어컨 관리; 셀프 청소; 에어컨 전문 업체; 에어컨 냄새,"높음 (2026-08-14-cleaning-auto-0fc7dd, 유사도 0.73)",가전제품 청소,아니오,예,아니오,2026-08-14-cleaning-auto-0fc7dd; 2026-08-06-products-auto-a2fa71; 2026-08-07-cleaning-auto-40f096; 2026-07-30-cleaning-25; 2026-07-30-cleaning-26; 2026-07-30-cleaning-31,아니오,유지,에어컨 필터 청소 알아보기｜청소·세탁·집안일,에어컨 필터 청소는 대부분의 1인 가구가 **직접 해도 충분**합니다.,60,아니오,,,,
2026-08-06-storage-auto-4e768a,"1인 가구 직장인, '꽉 찬 옷장' 막막하다면? 내 옷에 맞춰 '선반 vs 서랍 vs 수납함' 최적 조합 찾는 현실 가이드",https://honsamnote.co.kr/blog/2026-08-06-storage-auto-4e768a/,storage,좁은 집과 수납,1인 가구 수납; 좁은 옷장 정리; 옷장 최적화; 수납 아이디어; 옷 보관법,1인 가구 옷장; 좁은 옷장 수납; 옷 정리; 효율적인 옷장; 옷장 시스템; 행잉 수납; 접는 옷 수납,"1인 가구 직장인, '꽉 찬 옷장' 막막하다면? 내 옷에 맞춰 '선반 vs 서랍 vs 수납함' 최적 조합 찾는 현실 가이드 | 혼삶노트","혼자 사는 직장인의 좁은 옷장, 매일 입는 옷부터 특별한 옷까지 효율적으로 수납하고 싶다면? 버리고 또 버려도 해결되지 않는 꽉 찬 옷장 문제를, 내 옷과 생활 습관에 맞춰 최적의 수납 조합을 찾는 현실적인 방법을 알려드립니다.",질문형,1인 가구 옷장,좁은 옷장 수납; 옷 정리; 효율적인 옷장; 옷장 시스템; 행잉 수납; 접는 옷 수납,"높음 (2026-08-07-storage-auto-613d62, 유사도 0.62)",옷장·옷정리,아니오,예,예,2026-08-07-storage-auto-613d62; 2026-08-05-storage-auto-1764b0; 2026-08-12-storage-auto-1aceff; 2026-07-30-storage-21; 2026-08-01-cost-auto-9c7467; 2026-08-01-storage-auto-499287,아니오,유지,1인 가구 옷장 알아보기,좁은 옷장 수납 문제는 단순히 '옷이 많아서'가 아닙니다.,60,아니오,,,,
2026-08-07-storage-auto-613d62,"1인 가구 직장인, 계절 바뀌는 좁은 옷장 '철 지난 옷' 때문에 스트레스라면? 손상 없이 깔끔하게 보관하는 현실 수납법",https://honsamnote.co.kr/blog/2026-08-07-storage-auto-613d62/,storage,좁은 집과 수납,1인 가구; 좁은 집; 수납; 옷 정리; 계절 옷 보관; 옷장 최적화,1인 가구 옷 정리; 좁은 옷장 수납; 계절 옷 보관법; 옷장 최적화; 옷 보관 팁; 원룸 수납,"1인 가구 직장인, 계절 바뀌는 좁은 옷장 '철 지난 옷' 때문에 스트레스라면? 손상 없이 깔끔하게 보관하는 현실 수납법 | 혼삶노트","좁은 원룸 옷장 속 철 지난 옷, 매번 어떻게 보관해야 할지 막막한가요? 옷 손상 없이 깔끔하게 정리하고 다음 시즌에 새 옷처럼 꺼내 입는 현실적인 1인 가구 수납 가이드를 확인하세요.",질문형,1인 가구 옷 정리,좁은 옷장 수납; 계절 옷 보관법; 옷장 최적화; 옷 보관 팁; 원룸 수납,"높음 (2026-08-06-storage-auto-4e768a, 유사도 0.62)",옷장·옷정리,아니오,예,아니오,2026-08-12-storage-auto-1aceff; 2026-08-05-storage-auto-1764b0; 2026-08-06-storage-auto-4e768a; 2026-07-30-storage-24; 2026-08-06-storage-auto-c14a3a; 2026-08-07-storage-auto-6dca4b,아니오,유지,1인 가구 옷 정리 알아보기,"좁은 집에서 철 지난 옷을 깔끔하게 보관하려면, **""정리-세탁-구분-보관""의 4단계 원칙**을 지키는 것이 핵심입니다.",60,아니오,,,,
2026-08-08-cost-auto-123a00,"혼자 사는 직장인, 매달 새는 통신비 아까울 때! 메이저 vs 알뜰폰, 내게 맞는 후회 없는 선택 가이드",https://honsamnote.co.kr/blog/2026-08-08-cost-auto-123a00/,cost,생활비 최적화,생활비 최적화; 통신비 절약; 알뜰폰; 메이저 통신사; 1인 가구,혼자 사는 직장인; 통신비 아끼는 법; 알뜰폰 추천; 알뜰폰 단점; 메이저 통신사 혜택,"혼자 사는 직장인, 매달 새는 통신비 아까울 때! 메이저 vs 알뜰폰, 내게 맞는 후회 없는 선택 가이드 | 혼삶노트","혼자 살면서 통신비 가족 할인을 받지 못해 비싼 요금에 한숨 쉬는 당신을 위해, 메이저 통신사와 알뜰폰의 장단점을 비교하고 내게 맞는 최적의 선택 기준을 제시합니다. 시간과 돈을 아끼는 현명한 통신비 절약법을 알아보세요.",비교형,혼자 사는 직장인,통신비 아끼는 법; 알뜰폰 추천; 알뜰폰 단점; 메이저 통신사 혜택,"높음 (2026-07-30-cost-80, 유사도 0.5)",통신비,아니오,예,아니오,2026-07-30-cost-3; 2026-07-30-cost-80; 2026-08-03-cost-auto-749379; 2026-08-05-cost-auto-9715f2; 2026-07-30-lifestyle-60; 2026-07-30-safety-38,아니오,유지,혼자 사는 직장인 비교,"혼자 사는 직장인이라면 **대부분의 경우 알뜰폰으로 통신비를 절반 이상 줄일 수 있습니다.** 하지만 메이저 통신사가 제공하는 특정 혜택이나 서비스가 당신의 생활 패턴에 매우 중요하다면, 기존 통신사를 유지하는 것이 더 이득일 수도 있습니다.",60,아니오,,,,
2026-08-08-housing-auto-82f28f,"혼자 사는 직장인, 숨겨진 관리비 폭탄 피하고 내 돈 아끼는 현명한 분석법",https://honsamnote.co.kr/blog/2026-08-08-housing-auto-82f28f/,housing,주거·계약·이사,관리비 절약; 1인 가구 관리비; 오피스텔 관리비; 원룸 관리비; 주거비 절약; 생활비 아끼기,관리비 줄이기; 혼자 살기 비용; 관리비 내역 확인; 장기수선충당금; 주거비용 절감; 주거·계약·이사,"혼자 사는 직장인, 숨겨진 관리비 폭탄 피하고 내 돈 아끼는 현명한 분석법 | 혼삶노트","원룸이나 오피스텔 관리비, 매달 똑같이 내도 되는 걸까요? 혼자 사는 당신의 소중한 돈을 아끼기 위해 관리비 내역을 꼼꼼히 분석하고 절약하는 현실적인 방법을 알려드립니다.",비용형,관리비 줄이기,혼자 살기 비용; 관리비 내역 확인; 장기수선충당금; 주거비용 절감; 주거·계약·이사,"높음 (2026-07-30-housing-43, 유사도 0.53)",관리비,아니오,예,예,2026-08-08-cost-auto-bbb3d7; 2026-07-30-housing-43; 2026-08-06-housing-auto-baef02; 2026-07-29-cost-1; 2026-07-30-housing-42; 2026-07-30-housing-44,아니오,유지,관리비 줄이기 비용 정리,"내 집 관리비를 무조건 납부하기 전에, 매월 고지서에 명시된 항목들을 꼼꼼히 확인하고 분석하는 습관을 들이세요.",60,아니오,,,,
2026-08-08-products-auto-3477b8,"혼자 사는 직장인, 퇴근 후 좁은 집 공기가 답답하고 쾨쾨하다면? 1인 가구 맞춤 공기청정기, '이 3가지' 따져보고 고르세요!",https://honsamnote.co.kr/blog/2026-08-08-products-auto-3477b8/,products,1인 가구 제품·서비스,1인 가구; 공기청정기; 실내 공기; 환기; 생활 팁; 제품 선택,1인 가구 공기청정기; 좁은 집 공기; 퇴근 후 환기; 공기청정기 고르는 법; 쾌적한 실내,"혼자 사는 직장인, 퇴근 후 좁은 집 공기가 답답하고 쾨쾨하다면? 1인 가구 맞춤 공기청정기, '이 3가지' 따져보고 고르세요! | 혼삶노트",퇴근 후 혼자 사는 집안 공기가 답답하고 불쾌한 냄새가 난다면? 공기청정기가 정답일까요? 1인 가구에 딱 맞는 공기청정기를 고르는 현실적인 기준과 제대로 활용하는 방법을 알려드립니다.,질문형,1인 가구 공기청정기,좁은 집 공기; 퇴근 후 환기; 공기청정기 고르는 법; 쾌적한 실내,"높음 (2026-08-01-products-auto-153ac4, 유사도 0.59)",공기청정기·환경가전,아니오,예,아니오,2026-08-01-products-auto-153ac4; 2026-08-01-products-auto-fee2c4; 2026-08-08-cost-auto-770f4a; 2026-08-07-products-auto-4602dc; 2026-08-14-cleaning-auto-b4a47e; 2026-07-30-products-51,아니오,유지,1인 가구 공기청정기 알아보기,"집안 공기가 답답하고 불쾌한 냄새가 난다면, 무조건 비싼 공기청정기부터 구매하기보다",60,아니오,,,,
2026-08-08-products-auto-613b49,"혼자 사는 직장인, 밤에 나타난 바퀴벌레에 등골 오싹? 1인 가구 해충 방제, 셀프 vs 전문가 현명하게 고르는 법",https://honsamnote.co.kr/blog/2026-08-08-products-auto-613b49/,products,1인 가구 제품·서비스,1인 가구; 해충 방제; 벌레 퇴치; 바퀴벌레; 초파리; 셀프 방역; 전문 방역 서비스,1인 가구 해충; 벌레 퇴치법; 바퀴벌레 퇴치; 초파리 없애는 법; 셀프 방역 제품; 해충 방역 업체,"혼자 사는 직장인, 밤에 나타난 바퀴벌레에 등골 오싹? 1인 가구 해충 방제, 셀프 vs 전문가 현명하게 고르는 법 | 혼삶노트","늦은 밤 불청객 벌레에 잠 못 이루고 있다면? 1인 가구를 위한 현실적인 해충 방제 가이드. 셀프로 해결할지, 전문가의 도움을 받을지 현명하게 판단하고 실행하는 방법을 알려드립니다.",질문형,1인 가구 해충,벌레 퇴치법; 바퀴벌레 퇴치; 초파리 없애는 법; 셀프 방역 제품; 해충 방역 업체,"높음 (2026-08-01-products-auto-d180b4, 유사도 0.68)",생활안전용품,아니오,예,아니오,2026-08-08-products-auto-b03456; 2026-08-01-products-auto-d180b4; 2026-08-10-safety-auto-1af8f5; 2026-08-03-safety-auto-273fdf; 2026-08-06-cost-auto-9d0ea4; 2026-08-06-housing-auto-baef02,아니오,유지,1인 가구 해충 알아보기｜1인 가구 제품·서비스,"갑자기 마주한 벌레 때문에 곤란하다면, **일단 눈에 보이는 벌레는 당장 처리하고, 전문가 상담을 고려하는 것이 가장 빠르고 확실한 해결책입니다.** 하지만 장기적인 평화와 예방을 위해서는 '셀프 방제'를 병행하거나 미리 준비하는 것이 중요합니다.",60,아니오,,,,
2026-08-08-products-auto-b03456,"혼자 사는 직장인, 밤중에 갑자기 나타난 해충에 소름 돋았다면? 1인 가구 맞춤 해충 방역, 셀프 vs 전문가 현명하게 결정하는 법",https://honsamnote.co.kr/blog/2026-08-08-products-auto-b03456/,products,1인 가구 제품·서비스,1인 가구; 해충 방역; 셀프 방역; 전문 방역; 바퀴벌레; 모기; 초파리; 생활 문제 해결; 시간 절약; 돈 절약,1인 가구 해충; 바퀴벌레 셀프 퇴치; 모기 없애는 법; 초파리 박멸; 방역 업체 비용; 셀프 방역 제품; 해충 발생 원인; 혼자 사는 집 벌레; 효율적인 해충 관리,"혼자 사는 직장인, 밤중에 갑자기 나타난 해충에 소름 돋았다면? 1인 가구 맞춤 해충 방역, 셀프 vs 전문가 현명하게 결정하는 법 | 혼삶노트","혼자 사는 집에서 마주친 해충 때문에 스트레스받고 있다면? 이 글에서 바퀴벌레, 모기, 초파리 등 1인 가구를 위한 해충 박멸, 셀프 방역과 전문 업체 서비스 중 어떤 선택이 현명할지 판단 기준과 해결 순서를 상세히 알려드립니다.",질문형,1인 가구 해충,바퀴벌레 셀프 퇴치; 모기 없애는 법; 초파리 박멸; 방역 업체 비용; 셀프 방역 제품; 해충 발생 원인; 혼자 사는 집 벌레; 효율적인 해충 관리,"높음 (2026-08-01-products-auto-d180b4, 유사도 0.64)",생활안전용품,아니오,예,아니오,2026-08-01-products-auto-d180b4; 2026-08-08-products-auto-613b49; 2026-08-10-safety-auto-1af8f5; 2026-08-03-safety-auto-273fdf; 2026-08-05-products-auto-9973a7; 2026-08-06-cost-auto-9d0ea4,아니오,유지,1인 가구 해충 알아보기,1인 가구의 해충 방역은 '해충의 종류와 심각도'에 따라 셀프(DIY)와 전문가 서비스를 현명하게 선택하는 것이 핵심입니다.,60,아니오,,,,
2026-08-08-safety-auto-ee80c6,"혼자 사는 당신, 갑자기 천장이나 벽에서 물이 샐 때: 당황하지 않고 원인 파악부터 안전하게 대처하는 현실적인 방법",https://honsamnote.co.kr/blog/2026-08-08-safety-auto-ee80c6/,safety,안전·응급상황,안전; 응급상황; 누수; 집관리; 1인 가구; 생활정보,천장 누수; 벽 누수; 윗집 누수; 혼자 사는 집 누수; 누수 대처법; 물샘,"혼자 사는 당신, 갑자기 천장이나 벽에서 물이 샐 때: 당황하지 않고 원인 파악부터 안전하게 대처하는 현실적인 방법 | 혼삶노트","혼자 사는 집 천장이나 벽에서 갑자기 물이 샐 때, 당황하지 않고 침착하게 원인을 파악하고 안전하게 대처하는 현실적인 단계별 가이드를 소개합니다.",방법형,천장 누수,벽 누수; 윗집 누수; 혼자 사는 집 누수; 누수 대처법; 물샘,"높음 (2026-08-01-safety-auto-b177af, 유사도 0.66)",누수·생활사고,아니오,예,아니오,2026-08-06-safety-auto-a5c266; 2026-08-01-safety-auto-b177af; 2026-07-30-safety-34; 2026-07-30-safety-41; 2026-07-31-safety-72; 2026-08-03-safety-auto-273fdf,아니오,유지,천장 누수 방법,"천장이나 벽에서 물이 새는 것을 발견했다면, 가장 먼저 **전기 안전을 확보한 후 추가 피해를 막기 위한 임시 조치**를 취하세요.",60,아니오,,,,
2026-08-08-storage-auto-37bfb5,"1인 가구 직장인, 퇴근 후 외투·가방·모자 좁은 집 의자에 던져두고 쌓인다면? 깔끔하게 정리하고 다음 날 바로 쓰는 현실 수납법",https://honsamnote.co.kr/blog/2026-08-08-storage-auto-37bfb5/,storage,좁은 집과 수납,1인 가구; 좁은 집 수납; 외투 정리; 가방 수납; 현관 정리; 옷 정리; 시간 절약,1인 가구 외투; 좁은 집 가방 수납; 퇴근 후 정리; 의자 옷장; 현관 수납; 벽걸이 행거; 모자 보관,"1인 가구 직장인, 퇴근 후 외투·가방·모자 좁은 집 의자에 던져두고 쌓인다면? 깔끔하게 정리하고 다음 날 바로 쓰는 현실 수납법 | 혼삶노트","혼자 사는 직장인의 좁은 집, 퇴근 후 의자 위에 쌓이는 외투, 가방, 모자를 위한 현실적인 수납 솔루션! 깔끔하고 효율적인 임시 보관 공간을 만드는 방법을 알려드립니다.",질문형,1인 가구 외투,좁은 집 가방 수납; 퇴근 후 정리; 의자 옷장; 현관 수납; 벽걸이 행거; 모자 보관,"높음 (2026-08-01-storage-auto-c94563, 유사도 0.69)",현관 수납,아니오,예,아니오,2026-08-01-storage-auto-c94563; 2026-08-07-storage-auto-2cdaeb; 2026-07-30-storage-18; 2026-08-08-storage-auto-15969c; 2026-08-01-storage-auto-387eaf; 2026-08-03-storage-auto-45d4eb,아니오,유지,1인 가구 외투 알아보기,"좁은 집에서 퇴근 후 외투, 가방, 모자가 의자 위에 쌓이는 문제를 해결하려면, **'자주 사용하는 외출 용품을 위한 임시 보관 겸 재사용 준비 공간'**을 현관이나 방 입구 동선 초입에 마련하는 것이 핵심입니다.",60,아니오,,,,
2026-08-10-safety-auto-1af8f5,"혼자 사는 당신, 우리 집 바퀴벌레/쥐 발견했을 때: DIY 셀프 퇴치 vs. 전문 방역 서비스, 나에게 맞는 선택은?",https://honsamnote.co.kr/blog/2026-08-10-safety-auto-1af8f5/,safety,안전·응급상황,1인 가구; 안전; 위생; 해충 방역; 생활 문제; 응급상황,1인 가구 해충; 바퀴벌레 퇴치; 쥐 퇴치; 셀프 방역; 전문 방역; 방역 업체 비용,"혼자 사는 당신, 우리 집 바퀴벌레/쥐 발견했을 때: DIY 셀프 퇴치 vs. 전문 방역 서비스, 나에게 맞는 선택은? | 혼삶노트","혼자 사는 집에 불청객 바퀴벌레나 쥐가 나타났을 때, 당황하지 않고 스스로 해결할지, 전문가의 도움을 받을지 현명하게 판단하는 기준과 현실적인 대처법을 알려드립니다.",질문형,1인 가구 해충,바퀴벌레 퇴치; 쥐 퇴치; 셀프 방역; 전문 방역; 방역 업체 비용,"높음 (2026-08-10-safety-auto-e68c91, 유사도 0.61)",해충 퇴치,아니오,예,아니오,2026-08-03-safety-auto-273fdf; 2026-08-10-safety-auto-e68c91; 2026-08-10-safety-auto-46a836; 2026-08-08-products-auto-b03456; 2026-08-08-products-auto-613b49; 2026-07-30-safety-34,아니오,유지,1인 가구 해충 알아보기,"혼자 사는 집에 바퀴벌레나 쥐 같은 불청객이 나타났다면, 첫 발견 후 **문제의 심각성을 정확히 파악하는 것**이 가장 중요합니다.",60,아니오,,,,
2026-08-10-safety-auto-46a836,"혼자 사는 당신, 갑자기 집에 바퀴벌레나 쥐가 출몰했을 때: 당황하지 않고 위생적으로 퇴치하고 예방하는 현실적인 방법",https://honsamnote.co.kr/blog/2026-08-10-safety-auto-46a836/,safety,안전·응급상황,안전; 응급상황; 위생; 해충; 쥐; 바퀴벌레; 1인 가구,1인 가구 바퀴벌레; 혼자 사는 집 쥐; 해충 퇴치; 해충 예방; 위생 관리; 방역,"혼자 사는 당신, 갑자기 집에 바퀴벌레나 쥐가 출몰했을 때: 당황하지 않고 위생적으로 퇴치하고 예방하는 현실적인 방법 | 혼삶노트","혼자 사는 집에서 바퀴벌레나 쥐를 발견했을 때, 당황하지 않고 즉각적으로 대처하여 위생과 안전을 지키는 현실적인 방법을 알려드립니다.",방법형,1인 가구 바퀴벌레,혼자 사는 집 쥐; 해충 퇴치; 해충 예방; 위생 관리; 방역,"높음 (2026-08-10-safety-auto-e68c91, 유사도 0.75)",해충 퇴치,아니오,예,예,2026-08-03-safety-auto-273fdf; 2026-08-10-safety-auto-e68c91; 2026-08-10-safety-auto-1af8f5; 2026-07-30-safety-34; 2026-07-30-safety-41; 2026-07-31-safety-72,예,검토 필요(통합 후보),1인 가구 바퀴벌레 방법,"집에서 바퀴벌레나 쥐가 발견되었다면, 당황하지 말고 즉시 행동을 시작해야 합니다.",60,아니오,,,,
2026-08-10-safety-auto-e68c91,"혼자 사는 당신, 주방이나 거실에 바퀴벌레가 갑자기 보일 때: 멘붕 없이 안전하게 퇴치하고 추가 침입 막는 현실적인 방법",https://honsamnote.co.kr/blog/2026-08-10-safety-auto-e68c91/,safety,안전·응급상황,안전; 응급상황; 위생; 해충; 바퀴벌레; 1인 가구; 생활팁; 방역,바퀴벌레; 바퀴벌레 퇴치; 혼자 바퀴벌레; 1인 가구 바퀴벌레; 해충 방역; 집 바퀴벌레,"혼자 사는 당신, 주방이나 거실에 바퀴벌레가 갑자기 보일 때: 멘붕 없이 안전하게 퇴치하고 추가 침입 막는 현실적인 방법 | 혼삶노트","혼자 사는 집에서 갑자기 바퀴벌레를 발견했다면? 당황하지 마세요. 현실적인 퇴치법부터 예방, 그리고 전문 방역을 고민해야 할 때까지, 1인 가구를 위한 해충 대처법을 알려드립니다.",방법형,바퀴벌레,바퀴벌레 퇴치; 혼자 바퀴벌레; 1인 가구 바퀴벌레; 해충 방역; 집 바퀴벌레,"높음 (2026-08-10-safety-auto-46a836, 유사도 0.75)",해충 퇴치,아니오,예,아니오,2026-08-10-safety-auto-46a836; 2026-08-03-safety-auto-273fdf; 2026-08-10-safety-auto-1af8f5; 2026-08-06-safety-auto-425601; 2026-08-07-safety-auto-5a549d; 2026-07-30-safety-34,예,검토 필요(통합 후보),바퀴벌레 방법｜안전·응급상황,"갑자기 바퀴벌레를 발견했다면, **일단 눈앞의 바퀴벌레를 잡는 데 집중하세요.** 에프킬라 같은 살충제가 없다면, 신문지나 슬리퍼를 이용해 빠르게 처리하는 것이 중요합니다.",60,아니오,,,,
2026-08-11-safety-auto-d99e57,"혼자 사는 당신, 갑자기 일부 전등이 나가거나 특정 콘센트가 작동 안 할 때: 당황하지 않고 안전하게 원인 파악 및 해결하는 현실적인 방법",https://honsamnote.co.kr/blog/2026-08-11-safety-auto-d99e57/,safety,안전·응급상황,1인가구; 전기안전; 누전차단기; 두꺼비집; 생활팁; 응급상황,1인 가구 전기 고장; 두꺼비집 내렸을 때; 콘센트 고장; 누전 차단기; 혼자 사는 집 전기; 전기 문제 해결; 자취생 전기,"혼자 사는 당신, 갑자기 일부 전등이 나가거나 특정 콘센트가 작동 안 할 때: 당황하지 않고 안전하게 원인 파악 및 해결하는 현실적인 방법 | 혼삶노트","혼자 사는 당신, 갑자기 집 일부 전등이 꺼지거나 콘센트가 안 될 때 당황하셨나요? 누전 차단기 확인부터 안전한 대처법, 전문가 호출 기준까지, 혼자서도 침착하게 전기 문제를 해결하는 현실적인 가이드를 알려드립니다.",방법형,1인 가구 전기 고장,두꺼비집 내렸을 때; 콘센트 고장; 누전 차단기; 혼자 사는 집 전기; 전기 문제 해결; 자취생 전기,"높음 (2026-08-05-safety-auto-d98bca, 유사도 0.58)",전기 안전,아니오,예,예,2026-08-05-safety-auto-d98bca; 2026-07-31-safety-73; 2026-08-01-safety-auto-0466e2; 2026-08-01-safety-auto-0e6262; 2026-08-05-safety-auto-4e7f26; 2026-08-06-safety-auto-425601,아니오,유지,1인 가구 전기 고장 방법,대부분의 부분적인 전기 문제는 '누전 차단기(흔히 두꺼비집이라 불리는 배전반)'를 확인하고 조작하는 것만으로 해결할 수 있습니다.,60,아니오,,,,
2026-08-12-storage-auto-1aceff,"1인 가구 직장인, 좁은 옷장 속 '애매한 부피의 가방과 모자' 때문에 정리하기 어렵다면? '전용 수납걸이/랙 vs 다용도 수납함/선반', 현명하게 고르는 법 비교",https://honsamnote.co.kr/blog/2026-08-12-storage-auto-1aceff/,storage,좁은 집과 수납,1인 가구; 좁은 집; 수납; 옷장 정리; 가방 수납; 모자 수납; 공간 최적화,1인 가구 옷장; 가방 정리; 모자 정리; 좁은 공간 수납; 옷장 수납; 전용 수납; 다용도 수납,"1인 가구 직장인, 좁은 옷장 속 '애매한 부피의 가방과 모자' 때문에 정리하기 어렵다면? '전용 수납걸이/랙 vs 다용도 수납함/선반', 현명하게 고르는 법 비교 | 혼삶노트","좁은 옷장 속 애물단지, 가방과 모자. 쌓아두면 모양 변형에 먼지까지! 공간 활용도를 높이는 전용 수납걸이/랙과 깔끔함을 위한 다용도 수납함/선반 중 나에게 맞는 최적의 수납법을 비교 분석합니다.",질문형,1인 가구 옷장,가방 정리; 모자 정리; 좁은 공간 수납; 옷장 수납; 전용 수납; 다용도 수납,"높음 (2026-08-05-storage-auto-1764b0, 유사도 0.54)",옷장·옷정리,아니오,예,아니오,2026-08-05-storage-auto-1764b0; 2026-08-07-storage-auto-613d62; 2026-08-01-storage-auto-c54f86; 2026-08-04-storage-auto-06061f; 2026-08-05-storage-auto-c8c36f; 2026-08-06-storage-auto-4e768a,아니오,유지,1인 가구 옷장 알아보기,"좁은 집에서 가방과 모자를 효율적으로 수납하는 방법은 크게 두 가지, 바로 **'전용 수납걸이/랙'을 활용한 수직 공간 최적화**와 **'다용도 수납함/선반'을 이용한 깔끔한 수납**으로 나눌 수 있습니다.",60,아니오,,,,
2026-08-14-cleaning-auto-0fc7dd,"혼자 사는 당신, 에어컨에서 퀴퀴한 냄새가 나고 시원하지 않다고요? 딱 20분, 필터 청소로 냉방 효율 높이고 전기료 아끼는 현실 솔루션",https://honsamnote.co.kr/blog/2026-08-14-cleaning-auto-0fc7dd/,cleaning,청소·세탁·집안일,에어컨 청소; 1인 가구 청소; 전기료 절약; 꿉꿉한 냄새; 생활 꿀팁,에어컨 냄새; 에어컨 필터 청소; 냉방 효율; 전기세 절약; 혼자 사는 집안일,"혼자 사는 당신, 에어컨에서 퀴퀴한 냄새가 나고 시원하지 않다고요? 딱 20분, 필터 청소로 냉방 효율 높이고 전기료 아끼는 현실 솔루션 | 혼삶노트","혼자 사는 당신의 에어컨에서 나는 퀴퀴한 냄새와 떨어지는 냉방 효율, 전기료 폭탄의 원인? 20분이면 해결되는 에어컨 필터 청소로 쾌적함과 절약을 동시에 잡으세요!",질문형,에어컨 냄새,에어컨 필터 청소; 냉방 효율; 전기세 절약; 혼자 사는 집안일,"높음 (2026-08-06-cleaning-auto-ab8bbf, 유사도 0.73)",가전제품 청소,아니오,예,예,2026-08-06-cleaning-auto-ab8bbf; 2026-08-06-cleaning-auto-907063; 2026-08-06-products-auto-a2fa71; 2026-08-01-cleaning-auto-dd0fd9; 2026-08-03-cleaning-auto-fd154a; 2026-08-06-cleaning-auto-ec8541,아니오,유지,에어컨 냄새 알아보기,"에어컨에서 퀴퀴한 냄새가 나고 냉방이 시원치 않다면, 대부분의 경우 필터가 먼지로 가득 막혔을 확률이 90%입니다.",60,아니오,,,,
