id,post_id,url,title,risk_level,claim,claim_type,current_value,verification_required,verification_status,recommended_action,source_required,source_used,checked_date
1,2026-07-30-housing-42,https://honsamnote.co.kr/blog/2026-07-30-housing-42/,"내 첫 원룸 계약, 퇴근 후 15분으로 손해 없이 똑똑하게 확인하는 법",P1,이사 비용 (최소 30만 원~100만 원 이상)， 부동산 중개 수수료 (월세의 경우 월세액의 0.5% 이내， 전세의 경우 전세금의 0.3~0.5% 이내로 법정 요율 확인 필요)， 수도， 전기， 가스 명의 변경 및 최초 청구 비용， 인터넷 설치비， 생필품 구매 비용 등 초기 목돈이 생각보다 많이 듭니다.,가격,30만 원,yes,NEEDS_EXTERNAL_VERIFICATION,"공식기관(정부·지자체·법령) 확인 후 수정 또는 ""관련 기준 변경 가능 — 공식기관 최신 내용 확인 권장"" 안내 추가",정부기관·법령 원문·지자체,,
2,2026-07-30-housing-42,https://honsamnote.co.kr/blog/2026-07-30-housing-42/,"내 첫 원룸 계약, 퇴근 후 15분으로 손해 없이 똑똑하게 확인하는 법",P1,이사 비용 (최소 30만 원~100만 원 이상)， 부동산 중개 수수료 (월세의 경우 월세액의 0.5% 이내， 전세의 경우 전세금의 0.3~0.5% 이내로 법정 요율 확인 필요)， 수도， 전기， 가스 명의 변경 및 최초 청구 비용， 인터넷 설치비， 생필품 구매 비용 등 초기 목돈이 생각보다 많이 듭니다.,가격,100만 원,yes,NEEDS_EXTERNAL_VERIFICATION,"공식기관(정부·지자체·법령) 확인 후 수정 또는 ""관련 기준 변경 가능 — 공식기관 최신 내용 확인 권장"" 안내 추가",정부기관·법령 원문·지자체,,
3,2026-07-30-housing-42,https://honsamnote.co.kr/blog/2026-07-30-housing-42/,"내 첫 원룸 계약, 퇴근 후 15분으로 손해 없이 똑똑하게 확인하는 법",P1,보통 선순위 채권(근저당 + 전세보증금)이 매매가의 70%를 넘지 않는 것이 안전하다고 알려져 있습니다.,통계,70%,yes,NEEDS_EXTERNAL_VERIFICATION,"공식기관(정부·지자체·법령) 확인 후 수정 또는 ""관련 기준 변경 가능 — 공식기관 최신 내용 확인 권장"" 안내 추가",정부기관·법령 원문·지자체,,
4,2026-07-30-housing-42,https://honsamnote.co.kr/blog/2026-07-30-housing-42/,"내 첫 원룸 계약, 퇴근 후 15분으로 손해 없이 똑똑하게 확인하는 법",P1,이사 비용 (최소 30만 원~100만 원 이상)， 부동산 중개 수수료 (월세의 경우 월세액의 0.5% 이내， 전세의 경우 전세금의 0.3~0.5% 이내로 법정 요율 확인 필요)， 수도， 전기， 가스 명의 변경 및 최초 청구 비용， 인터넷 설치비， 생필품 구매 비용 등 초기 목돈이 생각보다 많이 듭니다.,통계,0.5%,yes,NEEDS_EXTERNAL_VERIFICATION,"공식기관(정부·지자체·법령) 확인 후 수정 또는 ""관련 기준 변경 가능 — 공식기관 최신 내용 확인 권장"" 안내 추가",정부기관·법령 원문·지자체,,
5,2026-07-30-housing-42,https://honsamnote.co.kr/blog/2026-07-30-housing-42/,"내 첫 원룸 계약, 퇴근 후 15분으로 손해 없이 똑똑하게 확인하는 법",P1,이사 비용 (최소 30만 원~100만 원 이상)， 부동산 중개 수수료 (월세의 경우 월세액의 0.5% 이내， 전세의 경우 전세금의 0.3~0.5% 이내로 법정 요율 확인 필요)， 수도， 전기， 가스 명의 변경 및 최초 청구 비용， 인터넷 설치비， 생필품 구매 비용 등 초기 목돈이 생각보다 많이 듭니다.,가격,수수료 (월세의 경우 월세액의 0,yes,NEEDS_EXTERNAL_VERIFICATION,"공식기관(정부·지자체·법령) 확인 후 수정 또는 ""관련 기준 변경 가능 — 공식기관 최신 내용 확인 권장"" 안내 추가",정부기관·법령 원문·지자체,,
6,2026-07-30-housing-42,https://honsamnote.co.kr/blog/2026-07-30-housing-42/,"내 첫 원룸 계약, 퇴근 후 15분으로 손해 없이 똑똑하게 확인하는 법",P1,소요 시간: 약 10~20분 (매물당).,통계,약 10,yes,NEEDS_EXTERNAL_VERIFICATION,"공식기관(정부·지자체·법령) 확인 후 수정 또는 ""관련 기준 변경 가능 — 공식기관 최신 내용 확인 권장"" 안내 추가",정부기관·법령 원문·지자체,,
7,2026-07-30-housing-42,https://honsamnote.co.kr/blog/2026-07-30-housing-42/,"내 첫 원룸 계약, 퇴근 후 15분으로 손해 없이 똑똑하게 확인하는 법",P1,소요 시간: 약 30분~1시간 (충분한 검토 필요).,통계,약 30,yes,NEEDS_EXTERNAL_VERIFICATION,"공식기관(정부·지자체·법령) 확인 후 수정 또는 ""관련 기준 변경 가능 — 공식기관 최신 내용 확인 권장"" 안내 추가",정부기관·법령 원문·지자체,,
8,2026-07-30-housing-44,https://honsamnote.co.kr/blog/2026-07-30-housing-44/,"혼자 사는 직장인, 내 전월세 보증금 지키는 법: 이사 후 전입신고·확정일자 한 번에 끝내기",P1,원인과 판단 기준 전입신고와 확정일자가 왜 중요한지는 대한민국 주택임대차보호법과 직접적으로 연관되어 있습니다.,법률,주택임대차보호법,yes,NEEDS_EXTERNAL_VERIFICATION,"공식기관(정부·지자체·법령) 확인 후 수정 또는 ""관련 기준 변경 가능 — 공식기관 최신 내용 확인 권장"" 안내 추가",정부기관·법령 원문·지자체,,
9,2026-07-30-housing-44,https://honsamnote.co.kr/blog/2026-07-30-housing-44/,"혼자 사는 직장인, 내 전월세 보증금 지키는 법: 이사 후 전입신고·확정일자 한 번에 끝내기",P1,즉， 전월세 계약을 통해 새로운 집에 입주했다면， 당신의 소중한 보증금을 법적으로 완벽하게 보호받기 위해 전입신고와 확정일자는 선택이 아닌 필수 절차입니다.,법률,보증금을 법적으로 완벽하게 보호,yes,NEEDS_EXTERNAL_VERIFICATION,"공식기관(정부·지자체·법령) 확인 후 수정 또는 ""관련 기준 변경 가능 — 공식기관 최신 내용 확인 권장"" 안내 추가",정부기관·법령 원문·지자체,,
10,2026-07-30-housing-44,https://honsamnote.co.kr/blog/2026-07-30-housing-44/,"혼자 사는 직장인, 내 전월세 보증금 지키는 법: 이사 후 전입신고·확정일자 한 번에 끝내기",P1,이 스탬프는 접수 번호， 일자， 기관명 등이 포함되어 있으며， 보증금을 보호하는 중요한 증거가 됩니다.,법률,보증금을 보호,yes,NEEDS_EXTERNAL_VERIFICATION,"공식기관(정부·지자체·법령) 확인 후 수정 또는 ""관련 기준 변경 가능 — 공식기관 최신 내용 확인 권장"" 안내 추가",정부기관·법령 원문·지자체,,
11,2026-07-30-housing-44,https://honsamnote.co.kr/blog/2026-07-30-housing-44/,"혼자 사는 직장인, 내 전월세 보증금 지키는 법: 이사 후 전입신고·확정일자 한 번에 끝내기",P1,보증금 보호의 기준 시점은 '전입신고와 확정일자를 모두 마친 다음 날 0시'입니다.,법률,보증금 보호,yes,NEEDS_EXTERNAL_VERIFICATION,"공식기관(정부·지자체·법령) 확인 후 수정 또는 ""관련 기준 변경 가능 — 공식기관 최신 내용 확인 권장"" 안내 추가",정부기관·법령 원문·지자체,,
12,2026-07-30-housing-44,https://honsamnote.co.kr/blog/2026-07-30-housing-44/,"혼자 사는 직장인, 내 전월세 보증금 지키는 법: 이사 후 전입신고·확정일자 한 번에 끝내기",P1,이사 직후 미루다가 집주인에게 예기치 못한 문제가 발생(예: 집이 경매로 넘어감)하면 당신의 보증금이 보호받지 못하거나 후순위로 밀려날 수 있습니다.,법률,보증금이 보호,yes,NEEDS_EXTERNAL_VERIFICATION,"공식기관(정부·지자체·법령) 확인 후 수정 또는 ""관련 기준 변경 가능 — 공식기관 최신 내용 확인 권장"" 안내 추가",정부기관·법령 원문·지자체,,
13,2026-07-30-housing-44,https://honsamnote.co.kr/blog/2026-07-30-housing-44/,"혼자 사는 직장인, 내 전월세 보증금 지키는 법: 이사 후 전입신고·확정일자 한 번에 끝내기",P1,둘 중 하나만 처리하면 보증금을 완벽하게 보호받을 수 없습니다.,법률,보증금을 완벽하게 보호,yes,NEEDS_EXTERNAL_VERIFICATION,"공식기관(정부·지자체·법령) 확인 후 수정 또는 ""관련 기준 변경 가능 — 공식기관 최신 내용 확인 권장"" 안내 추가",정부기관·법령 원문·지자체,,
14,2026-07-30-housing-44,https://honsamnote.co.kr/blog/2026-07-30-housing-44/,"혼자 사는 직장인, 내 전월세 보증금 지키는 법: 이사 후 전입신고·확정일자 한 번에 끝내기",P1,"(첫 이용 시 프로그램 설치 등에 시간이 더 걸릴 수 있습니다.) 주의사항:전입신고는 이사 후 14일 이내 의무: 주민등록법에 따라 이사한 날로부터 14일 이내에 전입신고를 하지 않으면 과태료가 부과될 수 있습니다.",법률,과태료,yes,NEEDS_EXTERNAL_VERIFICATION,"공식기관(정부·지자체·법령) 확인 후 수정 또는 ""관련 기준 변경 가능 — 공식기관 최신 내용 확인 권장"" 안내 추가",정부기관·법령 원문·지자체,,
15,2026-07-30-housing-44,https://honsamnote.co.kr/blog/2026-07-30-housing-44/,"혼자 사는 직장인, 내 전월세 보증금 지키는 법: 이사 후 전입신고·확정일자 한 번에 끝내기",P1,(전입신고 기한) □ 임대차 계약서 원본을 준비했는가?,행정,전입신고 기한,yes,NEEDS_EXTERNAL_VERIFICATION,"공식기관(정부·지자체·법령) 확인 후 수정 또는 ""관련 기준 변경 가능 — 공식기관 최신 내용 확인 권장"" 안내 추가",정부기관·법령 원문·지자체,,
16,2026-07-30-housing-44,https://honsamnote.co.kr/blog/2026-07-30-housing-44/,"혼자 사는 직장인, 내 전월세 보증금 지키는 법: 이사 후 전입신고·확정일자 한 번에 끝내기",P1,원인과 판단 기준 전입신고와 확정일자가 왜 중요한지는 대한민국 주택임대차보호법과 직접적으로 연관되어 있습니다.,법률,확정일자가 왜 중요한지는 대한민국 주택임대차보호,yes,NEEDS_EXTERNAL_VERIFICATION,"공식기관(정부·지자체·법령) 확인 후 수정 또는 ""관련 기준 변경 가능 — 공식기관 최신 내용 확인 권장"" 안내 추가",정부기관·법령 원문·지자체,,
17,2026-07-30-housing-44,https://honsamnote.co.kr/blog/2026-07-30-housing-44/,"혼자 사는 직장인, 내 전월세 보증금 지키는 법: 이사 후 전입신고·확정일자 한 번에 끝내기",P1,확정일자의 중요성: '우선변제권' 확보 원인: 전입신고와 함께 확정일자를 받으면， 주택임대차보호법상 '우선변제권'이 생깁니다.,법률,"확정일자를 받으면, 주택임대차보호",yes,NEEDS_EXTERNAL_VERIFICATION,"공식기관(정부·지자체·법령) 확인 후 수정 또는 ""관련 기준 변경 가능 — 공식기관 최신 내용 확인 권장"" 안내 추가",정부기관·법령 원문·지자체,,
18,2026-07-30-housing-44,https://honsamnote.co.kr/blog/2026-07-30-housing-44/,"혼자 사는 직장인, 내 전월세 보증금 지키는 법: 이사 후 전입신고·확정일자 한 번에 끝내기",P1,전대차(재임대) 계약에서 전입신고/확정일자 시도: 원칙적으로 전대차 계약은 임차인(전대인)의 동의를 얻어 재임대하는 것으로， 전차인(실제 거주자)은 전입신고와 확정일자를 통해 주택임대차보호법의 보호를 받기 어렵습니다.,법률,확정일자를 통해 주택임대차보호법의 보호,yes,NEEDS_EXTERNAL_VERIFICATION,"공식기관(정부·지자체·법령) 확인 후 수정 또는 ""관련 기준 변경 가능 — 공식기관 최신 내용 확인 권장"" 안내 추가",정부기관·법령 원문·지자체,,
19,2026-07-30-housing-44,https://honsamnote.co.kr/blog/2026-07-30-housing-44/,"혼자 사는 직장인, 내 전월세 보증금 지키는 법: 이사 후 전입신고·확정일자 한 번에 끝내기",P1,직접 계약을 체결한 임차인만이 보증금을 보호받을 수 있습니다.,법률,임차인만이 보증금을 보호,yes,NEEDS_EXTERNAL_VERIFICATION,"공식기관(정부·지자체·법령) 확인 후 수정 또는 ""관련 기준 변경 가능 — 공식기관 최신 내용 확인 권장"" 안내 추가",정부기관·법령 원문·지자체,,
20,2026-07-30-housing-44,https://honsamnote.co.kr/blog/2026-07-30-housing-44/,"혼자 사는 직장인, 내 전월세 보증금 지키는 법: 이사 후 전입신고·확정일자 한 번에 끝내기",P1,비용: 전입신고: 무료 확정일자: 주민센터 방문: 600원 인터넷 등기소(온라인): 500원 매우 저렴한 비용으로 당신의 수천만 원 보증금을 지킬 수 있습니다.,가격,600원 ,yes,NEEDS_EXTERNAL_VERIFICATION,"공식기관(정부·지자체·법령) 확인 후 수정 또는 ""관련 기준 변경 가능 — 공식기관 최신 내용 확인 권장"" 안내 추가",정부기관·법령 원문·지자체,,
21,2026-07-30-housing-44,https://honsamnote.co.kr/blog/2026-07-30-housing-44/,"혼자 사는 직장인, 내 전월세 보증금 지키는 법: 이사 후 전입신고·확정일자 한 번에 끝내기",P1,비용: 전입신고: 무료 확정일자: 주민센터 방문: 600원 인터넷 등기소(온라인): 500원 매우 저렴한 비용으로 당신의 수천만 원 보증금을 지킬 수 있습니다.,가격,500원 ,yes,NEEDS_EXTERNAL_VERIFICATION,"공식기관(정부·지자체·법령) 확인 후 수정 또는 ""관련 기준 변경 가능 — 공식기관 최신 내용 확인 권장"" 안내 추가",정부기관·법령 원문·지자체,,
22,2026-07-30-housing-45,https://honsamnote.co.kr/blog/2026-07-30-housing-45/,"1인 가구 이사, 퇴근 후 틈틈이 준비해도 시간과 돈 아끼는 최적의 체크리스트",P1,이는 보증금을 보호받기 위한 필수 절차입니다.,법률,보증금을 보호,yes,NEEDS_EXTERNAL_VERIFICATION,"공식기관(정부·지자체·법령) 확인 후 수정 또는 ""관련 기준 변경 가능 — 공식기관 최신 내용 확인 권장"" 안내 추가",정부기관·법령 원문·지자체,,
23,2026-07-30-housing-45,https://honsamnote.co.kr/blog/2026-07-30-housing-45/,"1인 가구 이사, 퇴근 후 틈틈이 준비해도 시간과 돈 아끼는 최적의 체크리스트",P1,보증금 보호: 전세나 월세로 이사할 경우， 이사 당일 새 집으로 전입신고와 확정일자를 받는 것은 보증금을 보호받기 위한 핵심 절차입니다.,법률,보증금 보호,yes,NEEDS_EXTERNAL_VERIFICATION,"공식기관(정부·지자체·법령) 확인 후 수정 또는 ""관련 기준 변경 가능 — 공식기관 최신 내용 확인 권장"" 안내 추가",정부기관·법령 원문·지자체,,
24,2026-07-30-housing-45,https://honsamnote.co.kr/blog/2026-07-30-housing-45/,"1인 가구 이사, 퇴근 후 틈틈이 준비해도 시간과 돈 아끼는 최적의 체크리스트",P1,"[이사 D-7일 이전] – 행정 처리 및 필수 준비전입신고 및 확정일자 계획 수립: 새 집으로 이사하는 경우， 이사 후 관할 주민센터 방문 또는 '정부24' 웹사이트를 통해 전입신고를 하고 확정일자를 받아야 합니다.",법률,확정일자를 받아야 합니다. 이는 보증금을 보호,yes,NEEDS_EXTERNAL_VERIFICATION,"공식기관(정부·지자체·법령) 확인 후 수정 또는 ""관련 기준 변경 가능 — 공식기관 최신 내용 확인 권장"" 안내 추가",정부기관·법령 원문·지자체,,
25,2026-07-30-housing-45,https://honsamnote.co.kr/blog/2026-07-30-housing-45/,"1인 가구 이사, 퇴근 후 틈틈이 준비해도 시간과 돈 아끼는 최적의 체크리스트",P1,보증금 보호: 전세나 월세로 이사할 경우， 이사 당일 새 집으로 전입신고와 확정일자를 받는 것은 보증금을 보호받기 위한 핵심 절차입니다.,법률,확정일자를 받는 것은 보증금을 보호,yes,NEEDS_EXTERNAL_VERIFICATION,"공식기관(정부·지자체·법령) 확인 후 수정 또는 ""관련 기준 변경 가능 — 공식기관 최신 내용 확인 권장"" 안내 추가",정부기관·법령 원문·지자체,,
26,2026-07-30-housing-45,https://honsamnote.co.kr/blog/2026-07-30-housing-45/,"1인 가구 이사, 퇴근 후 틈틈이 준비해도 시간과 돈 아끼는 최적의 체크리스트",P1,비용·시간·주의사항 비용 가이드 이삿짐센터: 1인 가구 포장이사 기준 50만 원~100만 원 이상(이사 거리， 짐의 양， 이사 날짜， 요일에 따라 상이).,가격,50만 원,yes,NEEDS_EXTERNAL_VERIFICATION,"공식기관(정부·지자체·법령) 확인 후 수정 또는 ""관련 기준 변경 가능 — 공식기관 최신 내용 확인 권장"" 안내 추가",정부기관·법령 원문·지자체,,
27,2026-07-30-housing-45,https://honsamnote.co.kr/blog/2026-07-30-housing-45/,"1인 가구 이사, 퇴근 후 틈틈이 준비해도 시간과 돈 아끼는 최적의 체크리스트",P1,비용·시간·주의사항 비용 가이드 이삿짐센터: 1인 가구 포장이사 기준 50만 원~100만 원 이상(이사 거리， 짐의 양， 이사 날짜， 요일에 따라 상이).,가격,100만 원,yes,NEEDS_EXTERNAL_VERIFICATION,"공식기관(정부·지자체·법령) 확인 후 수정 또는 ""관련 기준 변경 가능 — 공식기관 최신 내용 확인 권장"" 안내 추가",정부기관·법령 원문·지자체,,
28,2026-07-30-housing-45,https://honsamnote.co.kr/blog/2026-07-30-housing-45/,"1인 가구 이사, 퇴근 후 틈틈이 준비해도 시간과 돈 아끼는 최적의 체크리스트",P1,반포장은 30만 원~60만 원， 용달이사는 10만 원~30만 원 선(단순 운반).,가격,30만 원,yes,NEEDS_EXTERNAL_VERIFICATION,"공식기관(정부·지자체·법령) 확인 후 수정 또는 ""관련 기준 변경 가능 — 공식기관 최신 내용 확인 권장"" 안내 추가",정부기관·법령 원문·지자체,,
29,2026-07-30-housing-45,https://honsamnote.co.kr/blog/2026-07-30-housing-45/,"1인 가구 이사, 퇴근 후 틈틈이 준비해도 시간과 돈 아끼는 최적의 체크리스트",P1,반포장은 30만 원~60만 원， 용달이사는 10만 원~30만 원 선(단순 운반).,가격,60만 원,yes,NEEDS_EXTERNAL_VERIFICATION,"공식기관(정부·지자체·법령) 확인 후 수정 또는 ""관련 기준 변경 가능 — 공식기관 최신 내용 확인 권장"" 안내 추가",정부기관·법령 원문·지자체,,
30,2026-07-30-housing-45,https://honsamnote.co.kr/blog/2026-07-30-housing-45/,"1인 가구 이사, 퇴근 후 틈틈이 준비해도 시간과 돈 아끼는 최적의 체크리스트",P1,반포장은 30만 원~60만 원， 용달이사는 10만 원~30만 원 선(단순 운반).,가격,10만 원,yes,NEEDS_EXTERNAL_VERIFICATION,"공식기관(정부·지자체·법령) 확인 후 수정 또는 ""관련 기준 변경 가능 — 공식기관 최신 내용 확인 권장"" 안내 추가",정부기관·법령 원문·지자체,,
31,2026-07-30-housing-45,https://honsamnote.co.kr/blog/2026-07-30-housing-45/,"1인 가구 이사, 퇴근 후 틈틈이 준비해도 시간과 돈 아끼는 최적의 체크리스트",P1,대형 폐기물 처리: 품목당 1천 원~1만 원대.,가격,1만 원,yes,NEEDS_EXTERNAL_VERIFICATION,"공식기관(정부·지자체·법령) 확인 후 수정 또는 ""관련 기준 변경 가능 — 공식기관 최신 내용 확인 권장"" 안내 추가",정부기관·법령 원문·지자체,,
32,2026-07-30-housing-45,https://honsamnote.co.kr/blog/2026-07-30-housing-45/,"1인 가구 이사, 퇴근 후 틈틈이 준비해도 시간과 돈 아끼는 최적의 체크리스트",P1,입주 청소: 1인 가구 원룸(약 10평 내외) 기준 10만 원~20만 원.,가격,20만 원,yes,NEEDS_EXTERNAL_VERIFICATION,"공식기관(정부·지자체·법령) 확인 후 수정 또는 ""관련 기준 변경 가능 — 공식기관 최신 내용 확인 권장"" 안내 추가",정부기관·법령 원문·지자체,,
33,2026-07-30-housing-45,https://honsamnote.co.kr/blog/2026-07-30-housing-45/,"1인 가구 이사, 퇴근 후 틈틈이 준비해도 시간과 돈 아끼는 최적의 체크리스트",P1,약 10~20% 정도 비용 절감 효과를 볼 수 있습니다.,통계,20%,yes,NEEDS_EXTERNAL_VERIFICATION,"공식기관(정부·지자체·법령) 확인 후 수정 또는 ""관련 기준 변경 가능 — 공식기관 최신 내용 확인 권장"" 안내 추가",정부기관·법령 원문·지자체,,
34,2026-07-30-housing-45,https://honsamnote.co.kr/blog/2026-07-30-housing-45/,"1인 가구 이사, 퇴근 후 틈틈이 준비해도 시간과 돈 아끼는 최적의 체크리스트",P1,부동산 중개 수수료: 임대차 계약 시 법정 요율에 따라 발생합니다.,가격,수수료: 임대차 계약,yes,NEEDS_EXTERNAL_VERIFICATION,"공식기관(정부·지자체·법령) 확인 후 수정 또는 ""관련 기준 변경 가능 — 공식기관 최신 내용 확인 권장"" 안내 추가",정부기관·법령 원문·지자체,,
35,2026-07-30-housing-45,https://honsamnote.co.kr/blog/2026-07-30-housing-45/,"1인 가구 이사, 퇴근 후 틈틈이 준비해도 시간과 돈 아끼는 최적의 체크리스트",P1,입주 청소: 1인 가구 원룸(약 10평 내외) 기준 10만 원~20만 원.,통계,약 10,yes,NEEDS_EXTERNAL_VERIFICATION,"공식기관(정부·지자체·법령) 확인 후 수정 또는 ""관련 기준 변경 가능 — 공식기관 최신 내용 확인 권장"" 안내 추가",정부기관·법령 원문·지자체,,
36,2026-07-30-housing-46,https://honsamnote.co.kr/blog/2026-07-30-housing-46/,"이사 나가는 1인 가구, 복비·공과금 덤터기 없이 보증금 100% 안전하게 돌려받는 준비",P1,계약 해지 통보 시점: 주택임대차보호법에 따라 계약 만료 6개월 전부터 2개월 전까지 임대인에게 계약 해지 통보를 해야 합니다.,법률,주택임대차보호법,yes,NEEDS_EXTERNAL_VERIFICATION,"공식기관(정부·지자체·법령) 확인 후 수정 또는 ""관련 기준 변경 가능 — 공식기관 최신 내용 확인 권장"" 안내 추가",정부기관·법령 원문·지자체,,
37,2026-07-30-housing-46,https://honsamnote.co.kr/blog/2026-07-30-housing-46/,"이사 나가는 1인 가구, 복비·공과금 덤터기 없이 보증금 100% 안전하게 돌려받는 준비",P1,혼자서 모든 걸 책임져야 하는 1인 가구에게 이사 전 보증금 반환 준비는 막막하고 불안하기만 합니다.,법률,보증금 반환,yes,NEEDS_EXTERNAL_VERIFICATION,"공식기관(정부·지자체·법령) 확인 후 수정 또는 ""관련 기준 변경 가능 — 공식기관 최신 내용 확인 권장"" 안내 추가",정부기관·법령 원문·지자체,,
42,2026-07-30-housing-49,https://honsamnote.co.kr/blog/2026-07-30-housing-49/,퇴실청소 분쟁 체크리스트｜원상복구 의무,P1,(이때를 대비해 통화 녹음이나 문자 기록도 남겨두는 것이 좋습니다.) 비용·시간·주의사항 자가 청소: 비용: 청소용품 구매 비용 (약 1만~5만 원).,가격,5만 원,yes,NEEDS_EXTERNAL_VERIFICATION,"공식기관(정부·지자체·법령) 확인 후 수정 또는 ""관련 기준 변경 가능 — 공식기관 최신 내용 확인 권장"" 안내 추가",정부기관·법령 원문·지자체,,
43,2026-07-30-housing-49,https://honsamnote.co.kr/blog/2026-07-30-housing-49/,퇴실청소 분쟁 체크리스트｜원상복구 의무,P1,전문 청소 업체: 비용: 원룸/오피스텔 기준 15만 원 ~ 30만 원 이상 (평수， 오염도， 업체별 편차 큼).,가격,15만 원,yes,NEEDS_EXTERNAL_VERIFICATION,"공식기관(정부·지자체·법령) 확인 후 수정 또는 ""관련 기준 변경 가능 — 공식기관 최신 내용 확인 권장"" 안내 추가",정부기관·법령 원문·지자체,,
44,2026-07-30-housing-49,https://honsamnote.co.kr/blog/2026-07-30-housing-49/,퇴실청소 분쟁 체크리스트｜원상복구 의무,P1,전문 청소 업체: 비용: 원룸/오피스텔 기준 15만 원 ~ 30만 원 이상 (평수， 오염도， 업체별 편차 큼).,가격,30만 원,yes,NEEDS_EXTERNAL_VERIFICATION,"공식기관(정부·지자체·법령) 확인 후 수정 또는 ""관련 기준 변경 가능 — 공식기관 최신 내용 확인 권장"" 안내 추가",정부기관·법령 원문·지자체,,
45,2026-07-30-housing-49,https://honsamnote.co.kr/blog/2026-07-30-housing-49/,퇴실청소 분쟁 체크리스트｜원상복구 의무,P1,(이때를 대비해 통화 녹음이나 문자 기록도 남겨두는 것이 좋습니다.) 비용·시간·주의사항 자가 청소: 비용: 청소용품 구매 비용 (약 1만~5만 원).,통계,약 1,yes,NEEDS_EXTERNAL_VERIFICATION,"공식기관(정부·지자체·법령) 확인 후 수정 또는 ""관련 기준 변경 가능 — 공식기관 최신 내용 확인 권장"" 안내 추가",정부기관·법령 원문·지자체,,
46,2026-07-30-safety-34,https://honsamnote.co.kr/blog/2026-07-30-safety-34/,"혼자 사는 내가 갑자기 아플 때, 응급실 가기 전 챙길 물건 최소화 리스트",P1,불필요한 구급차 이용은 과태료 대상이 될 수 있습니다.,법률,과태료,yes,NEEDS_EXTERNAL_VERIFICATION,"공식기관(정부·지자체·법령) 확인 후 수정 또는 ""관련 기준 변경 가능 — 공식기관 최신 내용 확인 권장"" 안내 추가",정부기관·법령 원문·지자체,,
47,2026-07-30-safety-34,https://honsamnote.co.kr/blog/2026-07-30-safety-34/,"혼자 사는 내가 갑자기 아플 때, 응급실 가기 전 챙길 물건 최소화 리스트",P1,실비보험: 개인 실비보험에 가입되어 있다면 응급실 진료비 및 처치 비용의 일부를 보상받을 수 있습니다.,의료,응급실 진료비 및 처치,yes,NEEDS_EXTERNAL_VERIFICATION,"공식기관(정부·지자체·법령) 확인 후 수정 또는 ""관련 기준 변경 가능 — 공식기관 최신 내용 확인 권장"" 안내 추가",정부기관·법령 원문·지자체,,
48,2026-07-31-housing-71,https://honsamnote.co.kr/blog/2026-07-31-housing-71/,"혼자 사는 집 고장! 집주인이 수리 미룰 때, 내 돈 아끼는 현실적인 해결 순서",P1,일반적으로 민법 제623조(임대인의 의무)에 따라 임대인(집주인)은 임차인(세입자)이 임대차 계약의 목적물(집)을 그 용도에 따라 사용·수익할 수 있도록 필요한 상태를 유지할 의무가 있습니다.,법률,법 제623조,yes,NEEDS_EXTERNAL_VERIFICATION,"공식기관(정부·지자체·법령) 확인 후 수정 또는 ""관련 기준 변경 가능 — 공식기관 최신 내용 확인 권장"" 안내 추가",정부기관·법령 원문·지자체,,
49,2026-07-31-housing-71,https://honsamnote.co.kr/blog/2026-07-31-housing-71/,"혼자 사는 집 고장! 집주인이 수리 미룰 때, 내 돈 아끼는 현실적인 해결 순서",P1,소액심판 청구: 소액 보증금 반환이나 수리비 청구 등의 문제에 대해 법원에 직접 제기하는 소송 절차입니다.,법률,보증금 반환,yes,NEEDS_EXTERNAL_VERIFICATION,"공식기관(정부·지자체·법령) 확인 후 수정 또는 ""관련 기준 변경 가능 — 공식기관 최신 내용 확인 권장"" 안내 추가",정부기관·법령 원문·지자체,,
50,2026-07-31-safety-72,https://honsamnote.co.kr/blog/2026-07-31-safety-72/,"장기 출장/휴가, 혼자 사는 집을 비울 때 빈집털이, 고지서 폭탄 걱정 없이 안전하게 떠나는 법",P1,가스 누출로 인한 화재나 폭발 사고를 막는 가장 기본적인 조치입니다.,가스,가스 누출로 인한 화재나 폭발,yes,NEEDS_EXTERNAL_VERIFICATION,"공식기관(정부·지자체·법령) 확인 후 수정 또는 ""관련 기준 변경 가능 — 공식기관 최신 내용 확인 권장"" 안내 추가",정부기관·법령 원문·지자체,,
51,2026-07-31-safety-72,https://honsamnote.co.kr/blog/2026-07-31-safety-72/,"장기 출장/휴가, 혼자 사는 집을 비울 때 빈집털이, 고지서 폭탄 걱정 없이 안전하게 떠나는 법",P1,대기전력 낭비를 막고， 누전으로 인한 화재 위험을 줄일 수 있습니다.,전기,누전으로 인한 화재,yes,NEEDS_EXTERNAL_VERIFICATION,"공식기관(정부·지자체·법령) 확인 후 수정 또는 ""관련 기준 변경 가능 — 공식기관 최신 내용 확인 권장"" 안내 추가",정부기관·법령 원문·지자체,,
53,2026-08-01-housing-auto-18e480,https://honsamnote.co.kr/blog/2026-08-01-housing-auto-18e480/,"혼자 사는 직장인, 우리 집 화재·누수 걱정 끝! 내 보증금·물건 지키는 전월세 보험 똑똑하게 가입하기",P1,화재 벌금 보장 특약: 화재 발생 시 과실 여부에 따라 부과될 수 있는 벌금을 보장하는 특약도 고려해볼 만합니다.,법률,벌금,yes,NEEDS_EXTERNAL_VERIFICATION,"공식기관(정부·지자체·법령) 확인 후 수정 또는 ""관련 기준 변경 가능 — 공식기관 최신 내용 확인 권장"" 안내 추가",정부기관·법령 원문·지자체,,
55,2026-08-01-housing-auto-1c1518,https://honsamnote.co.kr/blog/2026-08-01-housing-auto-1c1518/,"혼자 사는 직장인, 이사 갈 때 대형 폐기물 처리? 시간과 돈 아끼는 3가지 선택 비교",P1,규정 위반 시 과태료가 부과될 수 있습니다.,법률,과태료,yes,NEEDS_EXTERNAL_VERIFICATION,"공식기관(정부·지자체·법령) 확인 후 수정 또는 ""관련 기준 변경 가능 — 공식기관 최신 내용 확인 권장"" 안내 추가",정부기관·법령 원문·지자체,,
62,2026-08-01-housing-auto-abec0f,https://honsamnote.co.kr/blog/2026-08-01-housing-auto-abec0f/,"내 첫 전월세 계약 만료, 집주인 무리한 요구에 당황? 계약갱신청구권으로 당당하게 대처하는 법",P1,주택임대차보호법에 따라 임차인인 당신은 '계약갱신청구권'을 한 번 행사하여 현재 살고 있는 집에서 2년 더 거주할 권리가 있습니다.,법률,주택임대차보호법,yes,NEEDS_EXTERNAL_VERIFICATION,"공식기관(정부·지자체·법령) 확인 후 수정 또는 ""관련 기준 변경 가능 — 공식기관 최신 내용 확인 권장"" 안내 추가",정부기관·법령 원문·지자체,,
63,2026-08-01-housing-auto-abec0f,https://honsamnote.co.kr/blog/2026-08-01-housing-auto-abec0f/,"내 첫 전월세 계약 만료, 집주인 무리한 요구에 당황? 계약갱신청구권으로 당당하게 대처하는 법",P1,주택임대차보호법 제6조의3에 따라 임차인이 희망할 경우， 1회에 한해 2년의 계약 연장을 요구할 수 있는 법적 권리입니다.,법률,법 제6조,yes,NEEDS_EXTERNAL_VERIFICATION,"공식기관(정부·지자체·법령) 확인 후 수정 또는 ""관련 기준 변경 가능 — 공식기관 최신 내용 확인 권장"" 안내 추가",정부기관·법령 원문·지자체,,
64,2026-08-01-housing-auto-abec0f,https://honsamnote.co.kr/blog/2026-08-01-housing-auto-abec0f/,"내 첫 전월세 계약 만료, 집주인 무리한 요구에 당황? 계약갱신청구권으로 당당하게 대처하는 법",P1,다만， 증액된 보증금이 있다면 해당 금액에 대해 반드시 동사무소(행정복지센터)에서 확정일자를 다시 받아두어 보증금 보호를 강화하는 것이 좋습니다.,법률,보증금 보호,yes,NEEDS_EXTERNAL_VERIFICATION,"공식기관(정부·지자체·법령) 확인 후 수정 또는 ""관련 기준 변경 가능 — 공식기관 최신 내용 확인 권장"" 안내 추가",정부기관·법령 원문·지자체,,
65,2026-08-01-housing-auto-abec0f,https://honsamnote.co.kr/blog/2026-08-01-housing-auto-abec0f/,"내 첫 전월세 계약 만료, 집주인 무리한 요구에 당황? 계약갱신청구권으로 당당하게 대처하는 법",P1,내용증명 발송: 집주인이 계속 부당하게 거절하거나， 보증금 반환을 거부할 기미가 보인다면 '계약갱신청구권 행사 통지 및 보증금 반환 요청' 내용증명을 우체국을 통해 발송하세요.,법률,보증금 반환,yes,NEEDS_EXTERNAL_VERIFICATION,"공식기관(정부·지자체·법령) 확인 후 수정 또는 ""관련 기준 변경 가능 — 공식기관 최신 내용 확인 권장"" 안내 추가",정부기관·법령 원문·지자체,,
66,2026-08-01-housing-auto-abec0f,https://honsamnote.co.kr/blog/2026-08-01-housing-auto-abec0f/,"내 첫 전월세 계약 만료, 집주인 무리한 요구에 당황? 계약갱신청구권으로 당당하게 대처하는 법",P1,다만， 증액된 보증금이 있다면 해당 금액에 대해 반드시 동사무소(행정복지센터)에서 확정일자를 다시 받아두어 보증금 보호를 강화하는 것이 좋습니다.,법률,확정일자를 다시 받아두어 보증금 보호,yes,NEEDS_EXTERNAL_VERIFICATION,"공식기관(정부·지자체·법령) 확인 후 수정 또는 ""관련 기준 변경 가능 — 공식기관 최신 내용 확인 권장"" 안내 추가",정부기관·법령 원문·지자체,,
67,2026-08-01-housing-auto-abec0f,https://honsamnote.co.kr/blog/2026-08-01-housing-auto-abec0f/,"내 첫 전월세 계약 만료, 집주인 무리한 요구에 당황? 계약갱신청구권으로 당당하게 대처하는 법",P1,개인 임차인이라면 대부분 이 권리를 행사할 수 있습니다.,법률,임차인이라면 대부분 이 권리,yes,NEEDS_EXTERNAL_VERIFICATION,"공식기관(정부·지자체·법령) 확인 후 수정 또는 ""관련 기준 변경 가능 — 공식기관 최신 내용 확인 권장"" 안내 추가",정부기관·법령 원문·지자체,,
68,2026-08-01-housing-auto-abec0f,https://honsamnote.co.kr/blog/2026-08-01-housing-auto-abec0f/,"내 첫 전월세 계약 만료, 집주인 무리한 요구에 당황? 계약갱신청구권으로 당당하게 대처하는 법",P1,"통보 내용 예시: ""임대인께， 본 계약(주소: [주택 주소]， 계약 만료일: YYYY년 MM월 DD일)과 관련하여， 임차인인 저는 주택임대차보호법 제6조의3에 의거하여 계약갱신청구권을 행사하여 2년 연장을 희망합니다.",법률,임차인인 저는 주택임대차보호,yes,NEEDS_EXTERNAL_VERIFICATION,"공식기관(정부·지자체·법령) 확인 후 수정 또는 ""관련 기준 변경 가능 — 공식기관 최신 내용 확인 권장"" 안내 추가",정부기관·법령 원문·지자체,,
71,2026-08-01-housing-auto-ace922,https://honsamnote.co.kr/blog/2026-08-01-housing-auto-ace922/,"혼자 사는 직장인, 살던 집 주인이 바뀌었다고 연락 왔을 때? 내 보증금 지키고 계약 유지하는 똑똑한 대처법",P1,여러분이 전입신고와 확정일자를 제대로 갖췄다면， 주택임대차보호법에 따라 기존 임대차 계약은 새로운 집주인에게 그대로 승계됩니다.,법률,주택임대차보호법,yes,NEEDS_EXTERNAL_VERIFICATION,"공식기관(정부·지자체·법령) 확인 후 수정 또는 ""관련 기준 변경 가능 — 공식기관 최신 내용 확인 권장"" 안내 추가",정부기관·법령 원문·지자체,,
72,2026-08-01-housing-auto-ace922,https://honsamnote.co.kr/blog/2026-08-01-housing-auto-ace922/,"혼자 사는 직장인, 살던 집 주인이 바뀌었다고 연락 왔을 때? 내 보증금 지키고 계약 유지하는 똑똑한 대처법",P1,이는 나중에 보증금 반환에 영향을 줄 수 있으므로 중요합니다.,법률,보증금 반환,yes,NEEDS_EXTERNAL_VERIFICATION,"공식기관(정부·지자체·법령) 확인 후 수정 또는 ""관련 기준 변경 가능 — 공식기관 최신 내용 확인 권장"" 안내 추가",정부기관·법령 원문·지자체,,
73,2026-08-01-housing-auto-ace922,https://honsamnote.co.kr/blog/2026-08-01-housing-auto-ace922/,"혼자 사는 직장인, 살던 집 주인이 바뀌었다고 연락 왔을 때? 내 보증금 지키고 계약 유지하는 똑똑한 대처법",P1,여러분이 전입신고와 확정일자를 제대로 갖췄다면， 주택임대차보호법에 따라 기존 임대차 계약은 새로운 집주인에게 그대로 승계됩니다.,법률,"확정일자를 제대로 갖췄다면, 주택임대차보호",yes,NEEDS_EXTERNAL_VERIFICATION,"공식기관(정부·지자체·법령) 확인 후 수정 또는 ""관련 기준 변경 가능 — 공식기관 최신 내용 확인 권장"" 안내 추가",정부기관·법령 원문·지자체,,
74,2026-08-01-housing-auto-ace922,https://honsamnote.co.kr/blog/2026-08-01-housing-auto-ace922/,"혼자 사는 직장인, 살던 집 주인이 바뀌었다고 연락 왔을 때? 내 보증금 지키고 계약 유지하는 똑똑한 대처법",P1,이런 상황에서 임차인의 권리가 보호되는 핵심적인 근거는 바로 「주택임대차보호법」입니다.,법률,임차인의 권리,yes,NEEDS_EXTERNAL_VERIFICATION,"공식기관(정부·지자체·법령) 확인 후 수정 또는 ""관련 기준 변경 가능 — 공식기관 최신 내용 확인 권장"" 안내 추가",정부기관·법령 원문·지자체,,
80,2026-08-01-housing-auto-c039f6,https://honsamnote.co.kr/blog/2026-08-01-housing-auto-c039f6/,전월세 계약 갱신 방법｜묵시적 갱신,P1,주택임대차보호법에 따라 임대인(집주인)은 계약 만료 6개월 전부터 2개월 전까지， 임차인(세입자)은 계약 만료 2개월 전까지 상대방에게 계약 해지 또는 조건 변경 통지를 하지 않으면 기존과 동일한 조건으로 다시 계약한 것으로 봅니다.,법률,주택임대차보호법,yes,NEEDS_EXTERNAL_VERIFICATION,"공식기관(정부·지자체·법령) 확인 후 수정 또는 ""관련 기준 변경 가능 — 공식기관 최신 내용 확인 권장"" 안내 추가",정부기관·법령 원문·지자체,,
81,2026-08-01-housing-auto-c039f6,https://honsamnote.co.kr/blog/2026-08-01-housing-auto-c039f6/,전월세 계약 갱신 방법｜묵시적 갱신,P1,기존 계약에 대한 확정일자의 효력은 유지되지만， 증액된 부분은 새로운 확정일자 부여 시점부터 보호를 받기 때문입니다.,법률,확정일자 부여 시점부터 보호,yes,NEEDS_EXTERNAL_VERIFICATION,"공식기관(정부·지자체·법령) 확인 후 수정 또는 ""관련 기준 변경 가능 — 공식기관 최신 내용 확인 권장"" 안내 추가",정부기관·법령 원문·지자체,,
82,2026-08-01-housing-auto-c039f6,https://honsamnote.co.kr/blog/2026-08-01-housing-auto-c039f6/,전월세 계약 갱신 방법｜묵시적 갱신,P1,이렇게 하면 오히려 악화됩니다 '자동 연장 되겠지' 하고 아무 조치도 취하지 않는 것: 묵시적 갱신은 임차인 보호를 위한 제도이기도 하지만， 임차인에게도 해지 통보 후 3개월의 의무가 생기므로 갑작스러운 상황 변화에 유연하게 대처하기 어려워집니다.,법률,임차인 보호,yes,NEEDS_EXTERNAL_VERIFICATION,"공식기관(정부·지자체·법령) 확인 후 수정 또는 ""관련 기준 변경 가능 — 공식기관 최신 내용 확인 권장"" 안내 추가",정부기관·법령 원문·지자체,,
83,2026-08-01-housing-auto-c039f6,https://honsamnote.co.kr/blog/2026-08-01-housing-auto-c039f6/,전월세 계약 갱신 방법｜묵시적 갱신,P1,변경된 보증금에 대해 확정일자를 다시 받는 경우， 주민센터에서 소정의 수수료(약 600원)가 발생할 수 있습니다.,가격,600원),yes,NEEDS_EXTERNAL_VERIFICATION,"공식기관(정부·지자체·법령) 확인 후 수정 또는 ""관련 기준 변경 가능 — 공식기관 최신 내용 확인 권장"" 안내 추가",정부기관·법령 원문·지자체,,
84,2026-08-01-housing-auto-c039f6,https://honsamnote.co.kr/blog/2026-08-01-housing-auto-c039f6/,전월세 계약 갱신 방법｜묵시적 갱신,P1,임대인에게 계약 만료 6개월 전부터 2개월 전까지 권리 행사 의사를 통보하면， 임대인은 정당한 사유 없이는 거절할 수 없으며， 이때 보증금 및 월세 인상률은 최대 5%로 제한됩니다.,통계,5%,yes,NEEDS_EXTERNAL_VERIFICATION,"공식기관(정부·지자체·법령) 확인 후 수정 또는 ""관련 기준 변경 가능 — 공식기관 최신 내용 확인 권장"" 안내 추가",정부기관·법령 원문·지자체,,
85,2026-08-01-housing-auto-c039f6,https://honsamnote.co.kr/blog/2026-08-01-housing-auto-c039f6/,전월세 계약 갱신 방법｜묵시적 갱신,P1,변경된 보증금에 대해 확정일자를 다시 받는 경우， 주민센터에서 소정의 수수료(약 600원)가 발생할 수 있습니다.,가격,수수료(약 600,yes,NEEDS_EXTERNAL_VERIFICATION,"공식기관(정부·지자체·법령) 확인 후 수정 또는 ""관련 기준 변경 가능 — 공식기관 최신 내용 확인 권장"" 안내 추가",정부기관·법령 원문·지자체,,
86,2026-08-01-housing-auto-c039f6,https://honsamnote.co.kr/blog/2026-08-01-housing-auto-c039f6/,전월세 계약 갱신 방법｜묵시적 갱신,P1,만약 5%를 초과하는 인상을 요구한다면 계약 갱신 청구권 사용을 고려한다고 명확히 밝힐 수 있습니다.,통계,약 5,yes,NEEDS_EXTERNAL_VERIFICATION,"공식기관(정부·지자체·법령) 확인 후 수정 또는 ""관련 기준 변경 가능 — 공식기관 최신 내용 확인 권장"" 안내 추가",정부기관·법령 원문·지자체,,
87,2026-08-01-housing-auto-c039f6,https://honsamnote.co.kr/blog/2026-08-01-housing-auto-c039f6/,전월세 계약 갱신 방법｜묵시적 갱신,P1,변경된 보증금에 대해 확정일자를 다시 받는 경우， 주민센터에서 소정의 수수료(약 600원)가 발생할 수 있습니다.,통계,약 600,yes,NEEDS_EXTERNAL_VERIFICATION,"공식기관(정부·지자체·법령) 확인 후 수정 또는 ""관련 기준 변경 가능 — 공식기관 최신 내용 확인 권장"" 안내 추가",정부기관·법령 원문·지자체,,
93,2026-08-01-housing-auto-ecfb76,https://honsamnote.co.kr/blog/2026-08-01-housing-auto-ecfb76/,"혼자 사는 직장인, 갑자기 이사 가야 할 때? 전월세 계약 중도 해지, 손해 최소화하는 현명한 대처법",P1,4단계: 보증금 반환 및 최종 정산 새로운 계약 성사: 새로운 임차인과의 계약이 체결되면， 임대인은 그 임차인으로부터 보증금을 받아 현 임차인에게 보증금을 돌려주는 것이 일반적입니다.,법률,보증금 반환,yes,NEEDS_EXTERNAL_VERIFICATION,"공식기관(정부·지자체·법령) 확인 후 수정 또는 ""관련 기준 변경 가능 — 공식기관 최신 내용 확인 권장"" 안내 추가",정부기관·법령 원문·지자체,,
94,2026-08-01-housing-auto-ecfb76,https://honsamnote.co.kr/blog/2026-08-01-housing-auto-ecfb76/,"혼자 사는 직장인, 갑자기 이사 가야 할 때? 전월세 계약 중도 해지, 손해 최소화하는 현명한 대처법",P1,(예: 보증금 5，000만 원， 월세 50만 원의 경우， 보증금 5，000만 + (월세 50만 100) = 1억 원으로 계산하여 수수료를 산정하는 경우가 많습니다.,가격,"5,000만 원",yes,NEEDS_EXTERNAL_VERIFICATION,"공식기관(정부·지자체·법령) 확인 후 수정 또는 ""관련 기준 변경 가능 — 공식기관 최신 내용 확인 권장"" 안내 추가",정부기관·법령 원문·지자체,,
95,2026-08-01-housing-auto-ecfb76,https://honsamnote.co.kr/blog/2026-08-01-housing-auto-ecfb76/,"혼자 사는 직장인, 갑자기 이사 가야 할 때? 전월세 계약 중도 해지, 손해 최소화하는 현명한 대처법",P1,(예: 보증금 5，000만 원， 월세 50만 원의 경우， 보증금 5，000만 + (월세 50만 100) = 1억 원으로 계산하여 수수료를 산정하는 경우가 많습니다.,가격,50만 원,yes,NEEDS_EXTERNAL_VERIFICATION,"공식기관(정부·지자체·법령) 확인 후 수정 또는 ""관련 기준 변경 가능 — 공식기관 최신 내용 확인 권장"" 안내 추가",정부기관·법령 원문·지자체,,
96,2026-08-01-housing-auto-ecfb76,https://honsamnote.co.kr/blog/2026-08-01-housing-auto-ecfb76/,"혼자 사는 직장인, 갑자기 이사 가야 할 때? 전월세 계약 중도 해지, 손해 최소화하는 현명한 대처법",P1,이러한 점을 고려하여 법원에서는 관행적으로 '임차인이 새로운 임차인을 구해 임대차 관계를 승계시키고， 그에 따른 합리적인 비용(주로 중개 수수료)을 부담한다면 계약 해지가 가능하다'는 판례를 보여주고 있습니다.,가격,수수료)을 부담한다면 계약,yes,NEEDS_EXTERNAL_VERIFICATION,"공식기관(정부·지자체·법령) 확인 후 수정 또는 ""관련 기준 변경 가능 — 공식기관 최신 내용 확인 권장"" 안내 추가",정부기관·법령 원문·지자체,,
97,2026-08-01-safety-auto-0e6262,https://honsamnote.co.kr/blog/2026-08-01-safety-auto-0e6262/,일산화탄소 중독 해결 방법｜보일러 이상,P1,119 신고 및 도움 요청: 대피 후， 지체 없이 119에 전화하여 일산화탄소 중독이 의심된다고 알립니다.,안전,119 신고,yes,NEEDS_EXTERNAL_VERIFICATION,"공식기관(정부·지자체·법령) 확인 후 수정 또는 ""관련 기준 변경 가능 — 공식기관 최신 내용 확인 권장"" 안내 추가",정부기관·법령 원문·지자체,,
98,2026-08-01-safety-auto-0e6262,https://honsamnote.co.kr/blog/2026-08-01-safety-auto-0e6262/,일산화탄소 중독 해결 방법｜보일러 이상,P1,먼저 확인할 결론 집에서 원인 모를 두통， 메스꺼움， 어지럼증， 무기력감 등 감기와 비슷한 증상이 나타나고， 보일러 가동 중이라면 즉시 일산화탄소 중독을 의심해야 합니다.,가스,일산화탄소 중독,yes,NEEDS_EXTERNAL_VERIFICATION,"공식기관(정부·지자체·법령) 확인 후 수정 또는 ""관련 기준 변경 가능 — 공식기관 최신 내용 확인 권장"" 안내 추가",정부기관·법령 원문·지자체,,
99,2026-08-01-safety-auto-0e6262,https://honsamnote.co.kr/blog/2026-08-01-safety-auto-0e6262/,일산화탄소 중독 해결 방법｜보일러 이상,P1,비용·시간·주의사항 비용: 일산화탄소 경보기: 2만원대부터 5만원대까지 다양합니다.,가격,2만원,yes,NEEDS_EXTERNAL_VERIFICATION,"공식기관(정부·지자체·법령) 확인 후 수정 또는 ""관련 기준 변경 가능 — 공식기관 최신 내용 확인 권장"" 안내 추가",정부기관·법령 원문·지자체,,
100,2026-08-01-safety-auto-0e6262,https://honsamnote.co.kr/blog/2026-08-01-safety-auto-0e6262/,일산화탄소 중독 해결 방법｜보일러 이상,P1,비용·시간·주의사항 비용: 일산화탄소 경보기: 2만원대부터 5만원대까지 다양합니다.,가격,5만원,yes,NEEDS_EXTERNAL_VERIFICATION,"공식기관(정부·지자체·법령) 확인 후 수정 또는 ""관련 기준 변경 가능 — 공식기관 최신 내용 확인 권장"" 안내 추가",정부기관·법령 원문·지자체,,
101,2026-08-01-safety-auto-0e6262,https://honsamnote.co.kr/blog/2026-08-01-safety-auto-0e6262/,일산화탄소 중독 해결 방법｜보일러 이상,P1,만약 경보기가 울린다면 100% 일산화탄소 누출이므로 즉시 대처해야 합니다.,통계,100%,yes,NEEDS_EXTERNAL_VERIFICATION,"공식기관(정부·지자체·법령) 확인 후 수정 또는 ""관련 기준 변경 가능 — 공식기관 최신 내용 확인 권장"" 안내 추가",정부기관·법령 원문·지자체,,
102,2026-08-01-safety-auto-4f0708,https://honsamnote.co.kr/blog/2026-08-01-safety-auto-4f0708/,"혼자 사는 당신, 늦은 밤 갑자기 정전될 때? 당황하지 않고 안전하게 대처하는 현실적인 방법",P1,비용·시간·주의사항 초기 투자 비용: 비상용품(충전식 랜턴， 보조배터리， 비상 라디오， 비상 식수/간편식) 마련에 약 3만 원 ~ 5만 원 정도의 예산을 투자하는 것을 권장합니다.,가격,3만 원,yes,NEEDS_EXTERNAL_VERIFICATION,"공식기관(정부·지자체·법령) 확인 후 수정 또는 ""관련 기준 변경 가능 — 공식기관 최신 내용 확인 권장"" 안내 추가",정부기관·법령 원문·지자체,,
103,2026-08-01-safety-auto-4f0708,https://honsamnote.co.kr/blog/2026-08-01-safety-auto-4f0708/,"혼자 사는 당신, 늦은 밤 갑자기 정전될 때? 당황하지 않고 안전하게 대처하는 현실적인 방법",P1,비용·시간·주의사항 초기 투자 비용: 비상용품(충전식 랜턴， 보조배터리， 비상 라디오， 비상 식수/간편식) 마련에 약 3만 원 ~ 5만 원 정도의 예산을 투자하는 것을 권장합니다.,가격,5만 원,yes,NEEDS_EXTERNAL_VERIFICATION,"공식기관(정부·지자체·법령) 확인 후 수정 또는 ""관련 기준 변경 가능 — 공식기관 최신 내용 확인 권장"" 안내 추가",정부기관·법령 원문·지자체,,
104,2026-08-01-safety-auto-4f0708,https://honsamnote.co.kr/blog/2026-08-01-safety-auto-4f0708/,"혼자 사는 당신, 늦은 밤 갑자기 정전될 때? 당황하지 않고 안전하게 대처하는 현실적인 방법",P1,[ ] 스마트폰은 항상 50% 이상 충전 상태를 유지하고 있나요?,통계,50%,yes,NEEDS_EXTERNAL_VERIFICATION,"공식기관(정부·지자체·법령) 확인 후 수정 또는 ""관련 기준 변경 가능 — 공식기관 최신 내용 확인 권장"" 안내 추가",정부기관·법령 원문·지자체,,
105,2026-08-01-safety-auto-4f0708,https://honsamnote.co.kr/blog/2026-08-01-safety-auto-4f0708/,"혼자 사는 당신, 늦은 밤 갑자기 정전될 때? 당황하지 않고 안전하게 대처하는 현실적인 방법",P1,비용·시간·주의사항 초기 투자 비용: 비상용품(충전식 랜턴， 보조배터리， 비상 라디오， 비상 식수/간편식) 마련에 약 3만 원 ~ 5만 원 정도의 예산을 투자하는 것을 권장합니다.,통계,약 3,yes,NEEDS_EXTERNAL_VERIFICATION,"공식기관(정부·지자체·법령) 확인 후 수정 또는 ""관련 기준 변경 가능 — 공식기관 최신 내용 확인 권장"" 안내 추가",정부기관·법령 원문·지자체,,
106,2026-08-03-housing-auto-5b4f05,https://honsamnote.co.kr/blog/2026-08-03-housing-auto-5b4f05/,"혼자 사는 직장인, 이사 당일 보증금 못 받을 위기? 당황 말고 내 돈 지키는 3단계 대처법",P1,그런데 아침부터 집주인에게 연락했더니， 새로운 세입자의 잔금이 들어오지 않았다거나， 하자가 있다며 보증금 반환을 미루기 시작합니다.,법률,보증금 반환,yes,NEEDS_EXTERNAL_VERIFICATION,"공식기관(정부·지자체·법령) 확인 후 수정 또는 ""관련 기준 변경 가능 — 공식기관 최신 내용 확인 권장"" 안내 추가",정부기관·법령 원문·지자체,,
107,2026-08-03-housing-auto-5b4f05,https://honsamnote.co.kr/blog/2026-08-03-housing-auto-5b4f05/,"혼자 사는 직장인, 이사 당일 보증금 못 받을 위기? 당황 말고 내 돈 지키는 3단계 대처법",P1,"보증금 반환 요청: ""OO년 OO월 OO일부로 계약이 만료되었으므로， 보증금 OO원을 즉시 반환해 주시기 바랍니다."" 또는 ""OO년 OO월 OO일까지 보증금 전액을 반환해 주십시오."" 와 같이 구체적인 반환 요청일자를 포함해 명확히 요구합니다.",법률,보증금 OO원을 즉시 반환,yes,NEEDS_EXTERNAL_VERIFICATION,"공식기관(정부·지자체·법령) 확인 후 수정 또는 ""관련 기준 변경 가능 — 공식기관 최신 내용 확인 권장"" 안내 추가",정부기관·법령 원문·지자체,,
108,2026-08-03-housing-auto-5b4f05,https://honsamnote.co.kr/blog/2026-08-03-housing-auto-5b4f05/,"혼자 사는 직장인, 이사 당일 보증금 못 받을 위기? 당황 말고 내 돈 지키는 3단계 대처법",P1,"보증금 반환 요청: ""OO년 OO월 OO일부로 계약이 만료되었으므로， 보증금 OO원을 즉시 반환해 주시기 바랍니다."" 또는 ""OO년 OO월 OO일까지 보증금 전액을 반환해 주십시오."" 와 같이 구체적인 반환 요청일자를 포함해 명확히 요구합니다.",법률,보증금 전액을 반환,yes,NEEDS_EXTERNAL_VERIFICATION,"공식기관(정부·지자체·법령) 확인 후 수정 또는 ""관련 기준 변경 가능 — 공식기관 최신 내용 확인 권장"" 안내 추가",정부기관·법령 원문·지자체,,
109,2026-08-03-housing-auto-5b4f05,https://honsamnote.co.kr/blog/2026-08-03-housing-auto-5b4f05/,"혼자 사는 직장인, 이사 당일 보증금 못 받을 위기? 당황 말고 내 돈 지키는 3단계 대처법",P1,"법적 조치 예고: ""기한 내에 보증금 반환이 이루어지지 않을 경우， 임차권등기명령 신청， 보증금반환청구소송 등 법적 절차를 진행할 수 있음을 알려드립니다."" 라고 명시하여 집주인에게 심리적 압박을 가합니다.",법률,보증금반환,yes,NEEDS_EXTERNAL_VERIFICATION,"공식기관(정부·지자체·법령) 확인 후 수정 또는 ""관련 기준 변경 가능 — 공식기관 최신 내용 확인 권장"" 안내 추가",정부기관·법령 원문·지자체,,
110,2026-08-03-housing-auto-5b4f05,https://honsamnote.co.kr/blog/2026-08-03-housing-auto-5b4f05/,"혼자 사는 직장인, 이사 당일 보증금 못 받을 위기? 당황 말고 내 돈 지키는 3단계 대처법",P1,2단계: 이사가 급하다면 ‘임차권등기명령’ 신청 (대항력 및 우선변제권 유지) 내용증명 발송 후에도 보증금이 반환되지 않고， 다음 집으로 이사해야 하는 상황이라면 반드시 이 절차를 거쳐야 합니다.,법률,보증금이 반환,yes,NEEDS_EXTERNAL_VERIFICATION,"공식기관(정부·지자체·법령) 확인 후 수정 또는 ""관련 기준 변경 가능 — 공식기관 최신 내용 확인 권장"" 안내 추가",정부기관·법령 원문·지자체,,
111,2026-08-03-housing-auto-5b4f05,https://honsamnote.co.kr/blog/2026-08-03-housing-auto-5b4f05/,"혼자 사는 직장인, 이사 당일 보증금 못 받을 위기? 당황 말고 내 돈 지키는 3단계 대처법",P1,신청 조건: 임대차 계약이 종료되었음에도 불구하고 보증금을 반환받지 못한 경우에 신청할 수 있습니다.,법률,보증금을 반환,yes,NEEDS_EXTERNAL_VERIFICATION,"공식기관(정부·지자체·법령) 확인 후 수정 또는 ""관련 기준 변경 가능 — 공식기관 최신 내용 확인 권장"" 안내 추가",정부기관·법령 원문·지자체,,
112,2026-08-03-housing-auto-5b4f05,https://honsamnote.co.kr/blog/2026-08-03-housing-auto-5b4f05/,"혼자 사는 직장인, 이사 당일 보증금 못 받을 위기? 당황 말고 내 돈 지키는 3단계 대처법",P1,신청서와 함께 임대차 계약서， 주민등록표 초본， 부동산 등기부 등본， 보증금 미반환 증빙 서류(내용증명 등)를 첨부해야 합니다.,법률,보증금 미반환,yes,NEEDS_EXTERNAL_VERIFICATION,"공식기관(정부·지자체·법령) 확인 후 수정 또는 ""관련 기준 변경 가능 — 공식기관 최신 내용 확인 권장"" 안내 추가",정부기관·법령 원문·지자체,,
113,2026-08-03-housing-auto-5b4f05,https://honsamnote.co.kr/blog/2026-08-03-housing-auto-5b4f05/,"혼자 사는 직장인, 이사 당일 보증금 못 받을 위기? 당황 말고 내 돈 지키는 3단계 대처법",P1,보증금액에 따라 변동.,법률,보증금액에 따라 변동. 보증금반환,yes,NEEDS_EXTERNAL_VERIFICATION,"공식기관(정부·지자체·법령) 확인 후 수정 또는 ""관련 기준 변경 가능 — 공식기관 최신 내용 확인 권장"" 안내 추가",정부기관·법령 원문·지자체,,
125,2026-08-03-housing-auto-e4e5c4,https://honsamnote.co.kr/blog/2026-08-03-housing-auto-e4e5c4/,"혼자 사는 직장인, 이사 전 빈집 점검 소홀하면 보증금 날릴 수도! 꼼꼼하게 현장 확인하는 순서",P1,(패턴 미매칭 — 수동 검토 필요),기타수치,,yes,NEEDS_EXTERNAL_VERIFICATION,수동 본문 검토 후 판단,공식기관,,
126,2026-08-03-housing-auto-f53851,https://honsamnote.co.kr/blog/2026-08-03-housing-auto-f53851/,"혼자 사는 직장인, 빈집 vs 풀옵션 원룸/오피스텔, 뭘 골라야 현명할까? 시간과 돈 아끼는 최적의 선택 가이드",P1,단점: 월세가 비쌈: 일반적으로 빈집에 비해 월세가 5~10만원 정도 더 비싼 경우가 많습니다.,가격,10만원,yes,NEEDS_EXTERNAL_VERIFICATION,"공식기관(정부·지자체·법령) 확인 후 수정 또는 ""관련 기준 변경 가능 — 공식기관 최신 내용 확인 권장"" 안내 추가",정부기관·법령 원문·지자체,,
127,2026-08-03-housing-auto-f53851,https://honsamnote.co.kr/blog/2026-08-03-housing-auto-f53851/,"혼자 사는 직장인, 빈집 vs 풀옵션 원룸/오피스텔, 뭘 골라야 현명할까? 시간과 돈 아끼는 최적의 선택 가이드",P1,비용·시간·주의사항 비용 월세 차이: 풀옵션은 빈집 대비 월 5만 원에서 10만 원 이상 비쌀 수 있습니다.,가격,5만 원,yes,NEEDS_EXTERNAL_VERIFICATION,"공식기관(정부·지자체·법령) 확인 후 수정 또는 ""관련 기준 변경 가능 — 공식기관 최신 내용 확인 권장"" 안내 추가",정부기관·법령 원문·지자체,,
128,2026-08-03-housing-auto-f53851,https://honsamnote.co.kr/blog/2026-08-03-housing-auto-f53851/,"혼자 사는 직장인, 빈집 vs 풀옵션 원룸/오피스텔, 뭘 골라야 현명할까? 시간과 돈 아끼는 최적의 선택 가이드",P1,비용·시간·주의사항 비용 월세 차이: 풀옵션은 빈집 대비 월 5만 원에서 10만 원 이상 비쌀 수 있습니다.,가격,10만 원,yes,NEEDS_EXTERNAL_VERIFICATION,"공식기관(정부·지자체·법령) 확인 후 수정 또는 ""관련 기준 변경 가능 — 공식기관 최신 내용 확인 권장"" 안내 추가",정부기관·법령 원문·지자체,,
129,2026-08-03-housing-auto-f53851,https://honsamnote.co.kr/blog/2026-08-03-housing-auto-f53851/,"혼자 사는 직장인, 빈집 vs 풀옵션 원룸/오피스텔, 뭘 골라야 현명할까? 시간과 돈 아끼는 최적의 선택 가이드",P1,2년 계약 시 연간 60만 원에서 120만 원 이상 추가 지출이 발생할 수 있습니다.,가격,60만 원,yes,NEEDS_EXTERNAL_VERIFICATION,"공식기관(정부·지자체·법령) 확인 후 수정 또는 ""관련 기준 변경 가능 — 공식기관 최신 내용 확인 권장"" 안내 추가",정부기관·법령 원문·지자체,,
130,2026-08-03-housing-auto-f53851,https://honsamnote.co.kr/blog/2026-08-03-housing-auto-f53851/,"혼자 사는 직장인, 빈집 vs 풀옵션 원룸/오피스텔, 뭘 골라야 현명할까? 시간과 돈 아끼는 최적의 선택 가이드",P1,2년 계약 시 연간 60만 원에서 120만 원 이상 추가 지출이 발생할 수 있습니다.,가격,120만 원,yes,NEEDS_EXTERNAL_VERIFICATION,"공식기관(정부·지자체·법령) 확인 후 수정 또는 ""관련 기준 변경 가능 — 공식기관 최신 내용 확인 권장"" 안내 추가",정부기관·법령 원문·지자체,,
131,2026-08-03-housing-auto-f53851,https://honsamnote.co.kr/blog/2026-08-03-housing-auto-f53851/,"혼자 사는 직장인, 빈집 vs 풀옵션 원룸/오피스텔, 뭘 골라야 현명할까? 시간과 돈 아끼는 최적의 선택 가이드",P1,가전/가구 구매 비용 (빈집 선택 시): 필수 가전(냉장고， 세탁기， 에어컨)과 가구(침대， 책상， 옷장)만 해도 최소 150만 원에서 300만 원 이상 들 수 있습니다.,가격,150만 원,yes,NEEDS_EXTERNAL_VERIFICATION,"공식기관(정부·지자체·법령) 확인 후 수정 또는 ""관련 기준 변경 가능 — 공식기관 최신 내용 확인 권장"" 안내 추가",정부기관·법령 원문·지자체,,
132,2026-08-03-housing-auto-f53851,https://honsamnote.co.kr/blog/2026-08-03-housing-auto-f53851/,"혼자 사는 직장인, 빈집 vs 풀옵션 원룸/오피스텔, 뭘 골라야 현명할까? 시간과 돈 아끼는 최적의 선택 가이드",P1,가전/가구 구매 비용 (빈집 선택 시): 필수 가전(냉장고， 세탁기， 에어컨)과 가구(침대， 책상， 옷장)만 해도 최소 150만 원에서 300만 원 이상 들 수 있습니다.,가격,300만 원,yes,NEEDS_EXTERNAL_VERIFICATION,"공식기관(정부·지자체·법령) 확인 후 수정 또는 ""관련 기준 변경 가능 — 공식기관 최신 내용 확인 권장"" 안내 추가",정부기관·법령 원문·지자체,,
133,2026-08-03-housing-auto-f53851,https://honsamnote.co.kr/blog/2026-08-03-housing-auto-f53851/,"혼자 사는 직장인, 빈집 vs 풀옵션 원룸/오피스텔, 뭘 골라야 현명할까? 시간과 돈 아끼는 최적의 선택 가이드",P1,(예: 빈집 고려) [ ] 가전/가구 구매를 위한 초기 목돈(최소 150만원 이상)을 지출할 여유가 있나요?,가격,150만원,yes,NEEDS_EXTERNAL_VERIFICATION,"공식기관(정부·지자체·법령) 확인 후 수정 또는 ""관련 기준 변경 가능 — 공식기관 최신 내용 확인 권장"" 안내 추가",정부기관·법령 원문·지자체,,
134,2026-08-03-safety-auto-7bde55,https://honsamnote.co.kr/blog/2026-08-03-safety-auto-7bde55/,"혼자 사는 당신, 주방 화재 발생 시? 소화기 vs. 소방 담요, 나에게 더 효과적인 것은?",P1,✅ 119 신고 방법을 숙지하고 있는가?,안전,119 신고,yes,NEEDS_EXTERNAL_VERIFICATION,"공식기관(정부·지자체·법령) 확인 후 수정 또는 ""관련 기준 변경 가능 — 공식기관 최신 내용 확인 권장"" 안내 추가",정부기관·법령 원문·지자체,,
140,2026-08-04-housing-auto-cbaa3c,https://honsamnote.co.kr/blog/2026-08-04-housing-auto-cbaa3c/,"혼자 사는 직장인, 첫 집 계약 전세 vs 월세? 내 돈 아끼는 현명한 선택 가이드",P1,보증금 미반환 위험: 집주인이 파산하거나 새로운 세입자를 구하지 못하면 보증금을 돌려받지 못할 위험이 있습니다.,법률,보증금 미반환,yes,NEEDS_EXTERNAL_VERIFICATION,"공식기관(정부·지자체·법령) 확인 후 수정 또는 ""관련 기준 변경 가능 — 공식기관 최신 내용 확인 권장"" 안내 추가",정부기관·법령 원문·지자체,,
141,2026-08-04-housing-auto-cbaa3c,https://honsamnote.co.kr/blog/2026-08-04-housing-auto-cbaa3c/,"혼자 사는 직장인, 첫 집 계약 전세 vs 월세? 내 돈 아끼는 현명한 선택 가이드",P1,보증금 회수 위험 상대적으로 낮음: 전세에 비해 보증금 액수가 작아 미반환 위험 부담이 덜합니다.,법률,보증금 액수가 작아 미반환,yes,NEEDS_EXTERNAL_VERIFICATION,"공식기관(정부·지자체·법령) 확인 후 수정 또는 ""관련 기준 변경 가능 — 공식기관 최신 내용 확인 권장"" 안내 추가",정부기관·법령 원문·지자체,,
147,2026-08-05-housing-auto-580e50,https://honsamnote.co.kr/blog/2026-08-05-housing-auto-580e50/,"혼자 사는 직장인, 반려동물 키우고 싶은데 계약 위반 걱정? 집주인과 현명하게 합의하는 3단계",P1,(패턴 미매칭 — 수동 검토 필요),기타수치,,yes,NEEDS_EXTERNAL_VERIFICATION,수동 본문 검토 후 판단,공식기관,,
148,2026-08-05-housing-auto-f0090f,https://honsamnote.co.kr/blog/2026-08-05-housing-auto-f0090f/,"혼자 사는 직장인, 다음 집 어디로 갈까? 퇴근 후 짬 내서 내게 맞는 전월세집 똑똑하게 찾는 순서",P1,(비용 700원) 계약 조건 최종 조율: 특약 사항(예: 퇴실 청소비용， 옵션 파손 시 수리 책임 등)을 명확히 하고， 중개사에게 궁금한 점을 모두 물어보세요.,가격,700원),yes,NEEDS_EXTERNAL_VERIFICATION,"공식기관(정부·지자체·법령) 확인 후 수정 또는 ""관련 기준 변경 가능 — 공식기관 최신 내용 확인 권장"" 안내 추가",정부기관·법령 원문·지자체,,
149,2026-08-05-housing-auto-f0090f,https://honsamnote.co.kr/blog/2026-08-05-housing-auto-f0090f/,"혼자 사는 직장인, 다음 집 어디로 갈까? 퇴근 후 짬 내서 내게 맞는 전월세집 똑똑하게 찾는 순서",P1,월급의 25~30%를 넘지 않는 선에서 주거비용을 잡는 것이 좋습니다.,통계,30%,yes,NEEDS_EXTERNAL_VERIFICATION,"공식기관(정부·지자체·법령) 확인 후 수정 또는 ""관련 기준 변경 가능 — 공식기관 최신 내용 확인 권장"" 안내 추가",정부기관·법령 원문·지자체,,
150,2026-08-05-safety-auto-d98bca,https://honsamnote.co.kr/blog/2026-08-05-safety-auto-d98bca/,"혼자 사는 당신, 늦은 밤 갑자기 두꺼비집이 내려가거나 콘센트에서 스파크가 튈 때: 당황하지 않고 안전하게 확인하고 대처하는 법",P1,(있다면 즉시 119 신고) ✅ 모든 가전제품의 플러그를 뽑고 메인 차단기를 다시 올렸는가?,안전,119 신고,yes,NEEDS_EXTERNAL_VERIFICATION,"공식기관(정부·지자체·법령) 확인 후 수정 또는 ""관련 기준 변경 가능 — 공식기관 최신 내용 확인 권장"" 안내 추가",정부기관·법령 원문·지자체,,
151,2026-08-05-safety-auto-d98bca,https://honsamnote.co.kr/blog/2026-08-05-safety-auto-d98bca/,"혼자 사는 당신, 늦은 밤 갑자기 두꺼비집이 내려가거나 콘센트에서 스파크가 튈 때: 당황하지 않고 안전하게 확인하고 대처하는 법",P1,전체 전원이 차단되어 추가적인 감전 위험을 방지할 수 있습니다.,전기,감전 위험,yes,NEEDS_EXTERNAL_VERIFICATION,"공식기관(정부·지자체·법령) 확인 후 수정 또는 ""관련 기준 변경 가능 — 공식기관 최신 내용 확인 권장"" 안내 추가",정부기관·법령 원문·지자체,,
152,2026-08-05-safety-auto-d98bca,https://honsamnote.co.kr/blog/2026-08-05-safety-auto-d98bca/,"혼자 사는 당신, 늦은 밤 갑자기 두꺼비집이 내려가거나 콘센트에서 스파크가 튈 때: 당황하지 않고 안전하게 확인하고 대처하는 법",P1,특히 누전은 잠재적인 화재 위험을 안고 있으니 반드시 전문가의 진단을 받으세요.,전기,누전은 잠재적인 화재,yes,NEEDS_EXTERNAL_VERIFICATION,"공식기관(정부·지자체·법령) 확인 후 수정 또는 ""관련 기준 변경 가능 — 공식기관 최신 내용 확인 권장"" 안내 추가",정부기관·법령 원문·지자체,,
153,2026-08-05-safety-auto-d98bca,https://honsamnote.co.kr/blog/2026-08-05-safety-auto-d98bca/,"혼자 사는 당신, 늦은 밤 갑자기 두꺼비집이 내려가거나 콘센트에서 스파크가 튈 때: 당황하지 않고 안전하게 확인하고 대처하는 법",P1,젖은 손이나 맨손으로 전기 기기를 만지거나 수리하려 드는 행위: 감전 사고의 위험이 매우 높습니다.,전기,감전 사고의 위험,yes,NEEDS_EXTERNAL_VERIFICATION,"공식기관(정부·지자체·법령) 확인 후 수정 또는 ""관련 기준 변경 가능 — 공식기관 최신 내용 확인 권장"" 안내 추가",정부기관·법령 원문·지자체,,
154,2026-08-05-safety-auto-d98bca,https://honsamnote.co.kr/blog/2026-08-05-safety-auto-d98bca/,"혼자 사는 당신, 늦은 밤 갑자기 두꺼비집이 내려가거나 콘센트에서 스파크가 튈 때: 당황하지 않고 안전하게 확인하고 대처하는 법",P1,잘못된 배선은 누전이나 화재의 직접적인 원인이 되며， 심각한 인명 피해로 이어질 수 있습니다.,전기,누전이나 화재,yes,NEEDS_EXTERNAL_VERIFICATION,"공식기관(정부·지자체·법령) 확인 후 수정 또는 ""관련 기준 변경 가능 — 공식기관 최신 내용 확인 권장"" 안내 추가",정부기관·법령 원문·지자체,,
155,2026-08-05-safety-auto-d98bca,https://honsamnote.co.kr/blog/2026-08-05-safety-auto-d98bca/,"혼자 사는 당신, 늦은 밤 갑자기 두꺼비집이 내려가거나 콘센트에서 스파크가 튈 때: 당황하지 않고 안전하게 확인하고 대처하는 법",P1,콘센트 교체 (경미한 손상): 부품비 5천원~1만원 내외， 출장비 및 인건비 포함 시 3~7만원 이상 발생할 수 있습니다.,가격,1만원,yes,NEEDS_EXTERNAL_VERIFICATION,"공식기관(정부·지자체·법령) 확인 후 수정 또는 ""관련 기준 변경 가능 — 공식기관 최신 내용 확인 권장"" 안내 추가",정부기관·법령 원문·지자체,,
156,2026-08-05-safety-auto-d98bca,https://honsamnote.co.kr/blog/2026-08-05-safety-auto-d98bca/,"혼자 사는 당신, 늦은 밤 갑자기 두꺼비집이 내려가거나 콘센트에서 스파크가 튈 때: 당황하지 않고 안전하게 확인하고 대처하는 법",P1,콘센트 교체 (경미한 손상): 부품비 5천원~1만원 내외， 출장비 및 인건비 포함 시 3~7만원 이상 발생할 수 있습니다.,가격,7만원,yes,NEEDS_EXTERNAL_VERIFICATION,"공식기관(정부·지자체·법령) 확인 후 수정 또는 ""관련 기준 변경 가능 — 공식기관 최신 내용 확인 권장"" 안내 추가",정부기관·법령 원문·지자체,,
157,2026-08-05-safety-auto-d98bca,https://honsamnote.co.kr/blog/2026-08-05-safety-auto-d98bca/,"혼자 사는 당신, 늦은 밤 갑자기 두꺼비집이 내려가거나 콘센트에서 스파크가 튈 때: 당황하지 않고 안전하게 확인하고 대처하는 법",P1,(부품 종류 및 난이도에 따라 다름) 전문가 출장 및 수리 (누전， 전선 교체 등): 출장비 포함 기본 5~10만원부터 시작하며， 누전 원인 파악과 전선 교체 등 작업 난이도에 따라 수십만 원까지 발생할 수 있습니다.,가격,10만원,yes,NEEDS_EXTERNAL_VERIFICATION,"공식기관(정부·지자체·법령) 확인 후 수정 또는 ""관련 기준 변경 가능 — 공식기관 최신 내용 확인 권장"" 안내 추가",정부기관·법령 원문·지자체,,
158,2026-08-05-safety-auto-d98bca,https://honsamnote.co.kr/blog/2026-08-05-safety-auto-d98bca/,"혼자 사는 당신, 늦은 밤 갑자기 두꺼비집이 내려가거나 콘센트에서 스파크가 튈 때: 당황하지 않고 안전하게 확인하고 대처하는 법",P1,비용·시간·주의사항 비용: 자가 해결 (과부하 조절): 0원.,가격,0원.,yes,NEEDS_EXTERNAL_VERIFICATION,"공식기관(정부·지자체·법령) 확인 후 수정 또는 ""관련 기준 변경 가능 — 공식기관 최신 내용 확인 권장"" 안내 추가",정부기관·법령 원문·지자체,,
159,2026-08-06-housing-auto-36b1cd,https://honsamnote.co.kr/blog/2026-08-06-housing-auto-36b1cd/,"혼자 사는 직장인, 이사 나갈 때 보증금 깎일까 걱정? 원상회복 범위 알고 당당하게 돌려받는 법",P1,원상회복 의무는 민법 제615조에 명시된 임차인의 의무입니다.,법률,법 제615조,yes,NEEDS_EXTERNAL_VERIFICATION,"공식기관(정부·지자체·법령) 확인 후 수정 또는 ""관련 기준 변경 가능 — 공식기관 최신 내용 확인 권장"" 안내 추가",정부기관·법령 원문·지자체,,
160,2026-08-06-housing-auto-36b1cd,https://honsamnote.co.kr/blog/2026-08-06-housing-auto-36b1cd/,"혼자 사는 직장인, 이사 나갈 때 보증금 깎일까 걱정? 원상회복 범위 알고 당당하게 돌려받는 법",P1,선제적 접근: 집주인이 먼저 연락하기를 기다리기보다， 퇴거 2~3주 전 먼저 연락하여 원상회복 및 보증금 반환에 대한 논의를 시작하는 것이 유리합니다.,법률,보증금 반환,yes,NEEDS_EXTERNAL_VERIFICATION,"공식기관(정부·지자체·법령) 확인 후 수정 또는 ""관련 기준 변경 가능 — 공식기관 최신 내용 확인 권장"" 안내 추가",정부기관·법령 원문·지자체,,
161,2026-08-06-housing-auto-5c27e6,https://honsamnote.co.kr/blog/2026-08-06-housing-auto-5c27e6/,"혼자 사는 직장인, 해외 파견/장기 출장 갈 때? 내 원룸 현명하게 단기 임대주고 돈 버는 법",P1,오피스텔이나 원룸을 에어비앤비 같은 형태로 운영하는 것은 주택임대차보호법 위반뿐 아니라 공중위생관리법 등 다른 법률에도 저촉될 수 있습니다.,법률,주택임대차보호법,yes,NEEDS_EXTERNAL_VERIFICATION,"공식기관(정부·지자체·법령) 확인 후 수정 또는 ""관련 기준 변경 가능 — 공식기관 최신 내용 확인 권장"" 안내 추가",정부기관·법령 원문·지자체,,
162,2026-08-06-housing-auto-5c27e6,https://honsamnote.co.kr/blog/2026-08-06-housing-auto-5c27e6/,"혼자 사는 직장인, 해외 파견/장기 출장 갈 때? 내 원룸 현명하게 단기 임대주고 돈 버는 법",P1,정확한 정보 없이 불법 숙박업으로 운영하기: 주거용 오피스텔이나 원룸을 영리 목적으로 숙박업으로 운영하는 것은 법률 위반이며， 이에 따른 벌금이나 처벌을 받을 수 있습니다.,법률,벌금,yes,NEEDS_EXTERNAL_VERIFICATION,"공식기관(정부·지자체·법령) 확인 후 수정 또는 ""관련 기준 변경 가능 — 공식기관 최신 내용 확인 권장"" 안내 추가",정부기관·법령 원문·지자체,,
163,2026-08-06-housing-auto-5c27e6,https://honsamnote.co.kr/blog/2026-08-06-housing-auto-5c27e6/,"혼자 사는 직장인, 해외 파견/장기 출장 갈 때? 내 원룸 현명하게 단기 임대주고 돈 버는 법",P1,정확한 정보 없이 불법 숙박업으로 운영하기: 주거용 오피스텔이나 원룸을 영리 목적으로 숙박업으로 운영하는 것은 법률 위반이며， 이에 따른 벌금이나 처벌을 받을 수 있습니다.,법률,처벌,yes,NEEDS_EXTERNAL_VERIFICATION,"공식기관(정부·지자체·법령) 확인 후 수정 또는 ""관련 기준 변경 가능 — 공식기관 최신 내용 확인 권장"" 안내 추가",정부기관·법령 원문·지자체,,
164,2026-08-06-housing-auto-5c27e6,https://honsamnote.co.kr/blog/2026-08-06-housing-auto-5c27e6/,"혼자 사는 직장인, 해외 파견/장기 출장 갈 때? 내 원룸 현명하게 단기 임대주고 돈 버는 법",P1,주택임대차보호법 미적용 위험: 당신이 새로운 임차인과 맺는 전대차 계약은 주택임대차보호법의 보호를 받지 못할 가능성이 높습니다.,법률,임차인과 맺는 전대차 계약은 주택임대차보호,yes,NEEDS_EXTERNAL_VERIFICATION,"공식기관(정부·지자체·법령) 확인 후 수정 또는 ""관련 기준 변경 가능 — 공식기관 최신 내용 확인 권장"" 안내 추가",정부기관·법령 원문·지자체,,
165,2026-08-06-housing-auto-5c27e6,https://honsamnote.co.kr/blog/2026-08-06-housing-auto-5c27e6/,"혼자 사는 직장인, 해외 파견/장기 출장 갈 때? 내 원룸 현명하게 단기 임대주고 돈 버는 법",P1,개인 물품 보관 비용: 짐 보관 서비스(미니창고 등) 이용 시 월 5만~10만원 이상 발생합니다.,가격,10만원,yes,NEEDS_EXTERNAL_VERIFICATION,"공식기관(정부·지자체·법령) 확인 후 수정 또는 ""관련 기준 변경 가능 — 공식기관 최신 내용 확인 권장"" 안내 추가",정부기관·법령 원문·지자체,,
166,2026-08-06-housing-auto-5c27e6,https://honsamnote.co.kr/blog/2026-08-06-housing-auto-5c27e6/,"혼자 사는 직장인, 해외 파견/장기 출장 갈 때? 내 원룸 현명하게 단기 임대주고 돈 버는 법",P1,청소 비용: 단기 임차인 퇴실 후 집 상태에 따라 전문 청소 업체를 이용해야 할 수 있으며， 10만~20만원 가량 소요됩니다.,가격,20만원,yes,NEEDS_EXTERNAL_VERIFICATION,"공식기관(정부·지자체·법령) 확인 후 수정 또는 ""관련 기준 변경 가능 — 공식기관 최신 내용 확인 권장"" 안내 추가",정부기관·법령 원문·지자체,,
167,2026-08-06-housing-auto-5c27e6,https://honsamnote.co.kr/blog/2026-08-06-housing-auto-5c27e6/,"혼자 사는 직장인, 해외 파견/장기 출장 갈 때? 내 원룸 현명하게 단기 임대주고 돈 버는 법",P1,"(거의 100% 명시되어 있을 것입니다.)집주인과의 관계는 어떠한가?",통계,100%,yes,NEEDS_EXTERNAL_VERIFICATION,"공식기관(정부·지자체·법령) 확인 후 수정 또는 ""관련 기준 변경 가능 — 공식기관 최신 내용 확인 권장"" 안내 추가",정부기관·법령 원문·지자체,,
168,2026-08-06-housing-auto-778093,https://honsamnote.co.kr/blog/2026-08-06-housing-auto-778093/,"혼자 사는 직장인, 우리 집 안전 지킴이! 디지털 도어락 vs 보조키, 내게 맞는 현명한 선택은?",P1,"이렇게 하면 오히려 악화됩니다집주인 동의 없이 무단으로 설치하는 행위: ""잠금장치 바꾸는 게 뭐 대수야?""라고 생각하며 집주인에게 알리지 않고 몰래 설치하면， 나중에 이사 나갈 때 원상복구 문제로 보증금 반환에 차질이 생기거나 심각한 분쟁으로 이어질 수 있습니다.",법률,보증금 반환,yes,NEEDS_EXTERNAL_VERIFICATION,"공식기관(정부·지자체·법령) 확인 후 수정 또는 ""관련 기준 변경 가능 — 공식기관 최신 내용 확인 권장"" 안내 추가",정부기관·법령 원문·지자체,,
169,2026-08-06-housing-auto-778093,https://honsamnote.co.kr/blog/2026-08-06-housing-auto-778093/,"혼자 사는 직장인, 우리 집 안전 지킴이! 디지털 도어락 vs 보조키, 내게 맞는 현명한 선택은?",P1,비용·시간·주의사항 비용 디지털 도어락: 제품 가격: 보급형 10만원대 중반 ~ 고급형 30만원대 후반.,가격,10만원,yes,NEEDS_EXTERNAL_VERIFICATION,"공식기관(정부·지자체·법령) 확인 후 수정 또는 ""관련 기준 변경 가능 — 공식기관 최신 내용 확인 권장"" 안내 추가",정부기관·법령 원문·지자체,,
170,2026-08-06-housing-auto-778093,https://honsamnote.co.kr/blog/2026-08-06-housing-auto-778093/,"혼자 사는 직장인, 우리 집 안전 지킴이! 디지털 도어락 vs 보조키, 내게 맞는 현명한 선택은?",P1,비용·시간·주의사항 비용 디지털 도어락: 제품 가격: 보급형 10만원대 중반 ~ 고급형 30만원대 후반.,가격,30만원,yes,NEEDS_EXTERNAL_VERIFICATION,"공식기관(정부·지자체·법령) 확인 후 수정 또는 ""관련 기준 변경 가능 — 공식기관 최신 내용 확인 권장"" 안내 추가",정부기관·법령 원문·지자체,,
171,2026-08-06-housing-auto-778093,https://honsamnote.co.kr/blog/2026-08-06-housing-auto-778093/,"혼자 사는 직장인, 우리 집 안전 지킴이! 디지털 도어락 vs 보조키, 내게 맞는 현명한 선택은?",P1,설치비: 3만원 ~ 5만원 선 (제품 구매 시 무료 설치 포함인 경우도 많음).,가격,3만원,yes,NEEDS_EXTERNAL_VERIFICATION,"공식기관(정부·지자체·법령) 확인 후 수정 또는 ""관련 기준 변경 가능 — 공식기관 최신 내용 확인 권장"" 안내 추가",정부기관·법령 원문·지자체,,
172,2026-08-06-housing-auto-778093,https://honsamnote.co.kr/blog/2026-08-06-housing-auto-778093/,"혼자 사는 직장인, 우리 집 안전 지킴이! 디지털 도어락 vs 보조키, 내게 맞는 현명한 선택은?",P1,설치비: 3만원 ~ 5만원 선 (제품 구매 시 무료 설치 포함인 경우도 많음).,가격,5만원,yes,NEEDS_EXTERNAL_VERIFICATION,"공식기관(정부·지자체·법령) 확인 후 수정 또는 ""관련 기준 변경 가능 — 공식기관 최신 내용 확인 권장"" 안내 추가",정부기관·법령 원문·지자체,,
173,2026-08-06-housing-auto-778093,https://honsamnote.co.kr/blog/2026-08-06-housing-auto-778093/,"혼자 사는 직장인, 우리 집 안전 지킴이! 디지털 도어락 vs 보조키, 내게 맞는 현명한 선택은?",P1,(연 1만 원 내외) 보조키: 제품 가격: 일반형 3만원대 ~ 특수형 10만원대.,가격,1만 원,yes,NEEDS_EXTERNAL_VERIFICATION,"공식기관(정부·지자체·법령) 확인 후 수정 또는 ""관련 기준 변경 가능 — 공식기관 최신 내용 확인 권장"" 안내 추가",정부기관·법령 원문·지자체,,
174,2026-08-06-housing-auto-778093,https://honsamnote.co.kr/blog/2026-08-06-housing-auto-778093/,"혼자 사는 직장인, 우리 집 안전 지킴이! 디지털 도어락 vs 보조키, 내게 맞는 현명한 선택은?",P1,설치비: 2만원 ~ 4만원 선 (자가 설치 시 절감 가능).,가격,2만원,yes,NEEDS_EXTERNAL_VERIFICATION,"공식기관(정부·지자체·법령) 확인 후 수정 또는 ""관련 기준 변경 가능 — 공식기관 최신 내용 확인 권장"" 안내 추가",정부기관·법령 원문·지자체,,
175,2026-08-06-housing-auto-778093,https://honsamnote.co.kr/blog/2026-08-06-housing-auto-778093/,"혼자 사는 직장인, 우리 집 안전 지킴이! 디지털 도어락 vs 보조키, 내게 맞는 현명한 선택은?",P1,설치비: 2만원 ~ 4만원 선 (자가 설치 시 절감 가능).,가격,4만원,yes,NEEDS_EXTERNAL_VERIFICATION,"공식기관(정부·지자체·법령) 확인 후 수정 또는 ""관련 기준 변경 가능 — 공식기관 최신 내용 확인 권장"" 안내 추가",정부기관·법령 원문·지자체,,
176,2026-08-06-housing-auto-9d6fe3,https://honsamnote.co.kr/blog/2026-08-06-housing-auto-9d6fe3/,"혼자 사는 직장인, 전월세 계약 만료로 이사 가려는데? 집주인에게 현명하게 통보하고 보증금 지키는 법",P1,우리나라 주택임대차보호법에 따르면， 임대인(집주인)은 임대차 기간이 끝나기 6개월 전부터 2개월 전까지， 임차인(세입자)은 임대차 기간이 끝나기 2개월 전까지 계약 갱신 거절 또는 해지 통보를 해야 합니다.,법률,주택임대차보호법,yes,NEEDS_EXTERNAL_VERIFICATION,"공식기관(정부·지자체·법령) 확인 후 수정 또는 ""관련 기준 변경 가능 — 공식기관 최신 내용 확인 권장"" 안내 추가",정부기관·법령 원문·지자체,,
177,2026-08-06-housing-auto-9d6fe3,https://honsamnote.co.kr/blog/2026-08-06-housing-auto-9d6fe3/,"혼자 사는 직장인, 전월세 계약 만료로 이사 가려는데? 집주인에게 현명하게 통보하고 보증금 지키는 법",P1,내용증명에는 계약 만료일， 퇴거 의사， 보증금 반환 요청 등을 기재합니다.,법률,보증금 반환,yes,NEEDS_EXTERNAL_VERIFICATION,"공식기관(정부·지자체·법령) 확인 후 수정 또는 ""관련 기준 변경 가능 — 공식기관 최신 내용 확인 권장"" 안내 추가",정부기관·법령 원문·지자체,,
178,2026-08-06-housing-auto-9d6fe3,https://honsamnote.co.kr/blog/2026-08-06-housing-auto-9d6fe3/,"혼자 사는 직장인, 전월세 계약 만료로 이사 가려는데? 집주인에게 현명하게 통보하고 보증금 지키는 법",P1,이는 잘못된 주장이며， 계약 만료 시 보증금은 집주인이 반환해야 할 의무가 있습니다.,법률,보증금은 집주인이 반환,yes,NEEDS_EXTERNAL_VERIFICATION,"공식기관(정부·지자체·법령) 확인 후 수정 또는 ""관련 기준 변경 가능 — 공식기관 최신 내용 확인 권장"" 안내 추가",정부기관·법령 원문·지자체,,
179,2026-08-06-safety-auto-0b96ff,https://honsamnote.co.kr/blog/2026-08-06-safety-auto-0b96ff/,일산화탄소 경보기 비교｜경보기 오작동,P1,"해결 순서 1단계: 신체 증상 및 경보음 패턴 확인 (가장 중요!)나의 몸 상태 확인: 두통， 어지러움， 메스꺼움， 무기력감 등 일산화탄소 중독 증상이 있는지 즉시 확인합니다.",가스,일산화탄소 중독,yes,NEEDS_EXTERNAL_VERIFICATION,"공식기관(정부·지자체·법령) 확인 후 수정 또는 ""관련 기준 변경 가능 — 공식기관 최신 내용 확인 권장"" 안내 추가",정부기관·법령 원문·지자체,,
189,2026-08-06-safety-auto-a5c266,https://honsamnote.co.kr/blog/2026-08-06-safety-auto-a5c266/,"혼자 사는 당신, 외출 중 갑자기 가스·누수 사고 걱정될 때? 스마트 가스 감지기 vs. 스마트 누수 센서, 나에게 맞는 원격 모니터링은?",P1,✔️ 사야 하는 사람 도시가스 또는 LPG 가스를 주방/난방에 적극적으로 사용하는 사람: 인덕션만 쓰지 않고 가스레인지나 가스보일러를 주로 사용한다면， 누출 위험에 항상 노출되어 있습니다.,가스,"가스보일러를 주로 사용한다면, 누출 위험",yes,NEEDS_EXTERNAL_VERIFICATION,"공식기관(정부·지자체·법령) 확인 후 수정 또는 ""관련 기준 변경 가능 — 공식기관 최신 내용 확인 권장"" 안내 추가",정부기관·법령 원문·지자체,,
190,2026-08-06-safety-auto-a5c266,https://honsamnote.co.kr/blog/2026-08-06-safety-auto-a5c266/,"혼자 사는 당신, 외출 중 갑자기 가스·누수 사고 걱정될 때? 스마트 가스 감지기 vs. 스마트 누수 센서, 나에게 맞는 원격 모니터링은?",P1,장기 출장/여행 등으로 집을 자주 비우는 사람: 집을 비운 사이 가스 누출은 자칫 폭발 사고로 이어질 수 있어 특히 위험합니다.,가스,가스 누출은 자칫 폭발,yes,NEEDS_EXTERNAL_VERIFICATION,"공식기관(정부·지자체·법령) 확인 후 수정 또는 ""관련 기준 변경 가능 — 공식기관 최신 내용 확인 권장"" 안내 추가",정부기관·법령 원문·지자체,,
191,2026-08-06-safety-auto-a5c266,https://honsamnote.co.kr/blog/2026-08-06-safety-auto-a5c266/,"혼자 사는 당신, 외출 중 갑자기 가스·누수 사고 걱정될 때? 스마트 가스 감지기 vs. 스마트 누수 센서, 나에게 맞는 원격 모니터링은?",P1,❌ 사지 않아도 되는 경우 인덕션 등 전기 조리 기구만 사용하고 가스 보일러가 없는 100% 비가스 주택 거주자: 가스 누출 위험 자체가 없습니다.,가스,가스 주택 거주자: 가스 누출 위험,yes,NEEDS_EXTERNAL_VERIFICATION,"공식기관(정부·지자체·법령) 확인 후 수정 또는 ""관련 기준 변경 가능 — 공식기관 최신 내용 확인 권장"" 안내 추가",정부기관·법령 원문·지자체,,
192,2026-08-06-safety-auto-a5c266,https://honsamnote.co.kr/blog/2026-08-06-safety-auto-a5c266/,"혼자 사는 당신, 외출 중 갑자기 가스·누수 사고 걱정될 때? 스마트 가스 감지기 vs. 스마트 누수 센서, 나에게 맞는 원격 모니터링은?",P1,비용 스마트 가스 감지기: 3만 원대부터 10만 원대까지 다양합니다.,가격,3만 원,yes,NEEDS_EXTERNAL_VERIFICATION,"공식기관(정부·지자체·법령) 확인 후 수정 또는 ""관련 기준 변경 가능 — 공식기관 최신 내용 확인 권장"" 안내 추가",정부기관·법령 원문·지자체,,
193,2026-08-06-safety-auto-a5c266,https://honsamnote.co.kr/blog/2026-08-06-safety-auto-a5c266/,"혼자 사는 당신, 외출 중 갑자기 가스·누수 사고 걱정될 때? 스마트 가스 감지기 vs. 스마트 누수 센서, 나에게 맞는 원격 모니터링은?",P1,비용 스마트 가스 감지기: 3만 원대부터 10만 원대까지 다양합니다.,가격,10만 원,yes,NEEDS_EXTERNAL_VERIFICATION,"공식기관(정부·지자체·법령) 확인 후 수정 또는 ""관련 기준 변경 가능 — 공식기관 최신 내용 확인 권장"" 안내 추가",정부기관·법령 원문·지자체,,
194,2026-08-06-safety-auto-a5c266,https://honsamnote.co.kr/blog/2026-08-06-safety-auto-a5c266/,"혼자 사는 당신, 외출 중 갑자기 가스·누수 사고 걱정될 때? 스마트 가스 감지기 vs. 스마트 누수 센서, 나에게 맞는 원격 모니터링은?",P1,스마트 누수 센서: 2만 원대부터 7만 원대까지 형성되어 있습니다.,가격,2만 원,yes,NEEDS_EXTERNAL_VERIFICATION,"공식기관(정부·지자체·법령) 확인 후 수정 또는 ""관련 기준 변경 가능 — 공식기관 최신 내용 확인 권장"" 안내 추가",정부기관·법령 원문·지자체,,
195,2026-08-06-safety-auto-a5c266,https://honsamnote.co.kr/blog/2026-08-06-safety-auto-a5c266/,"혼자 사는 당신, 외출 중 갑자기 가스·누수 사고 걱정될 때? 스마트 가스 감지기 vs. 스마트 누수 센서, 나에게 맞는 원격 모니터링은?",P1,스마트 누수 센서: 2만 원대부터 7만 원대까지 형성되어 있습니다.,가격,7만 원,yes,NEEDS_EXTERNAL_VERIFICATION,"공식기관(정부·지자체·법령) 확인 후 수정 또는 ""관련 기준 변경 가능 — 공식기관 최신 내용 확인 권장"" 안내 추가",정부기관·법령 원문·지자체,,
196,2026-08-06-safety-auto-a5c266,https://honsamnote.co.kr/blog/2026-08-06-safety-auto-a5c266/,"혼자 사는 당신, 외출 중 갑자기 가스·누수 사고 걱정될 때? 스마트 가스 감지기 vs. 스마트 누수 센서, 나에게 맞는 원격 모니터링은?",P1,설치 비용: 대부분 자가 설치가 가능하며， 전문가 설치가 필요한 경우 3~5만 원 정도의 출장비가 발생할 수 있습니다.,가격,5만 원,yes,NEEDS_EXTERNAL_VERIFICATION,"공식기관(정부·지자체·법령) 확인 후 수정 또는 ""관련 기준 변경 가능 — 공식기관 최신 내용 확인 권장"" 안내 추가",정부기관·법령 원문·지자체,,
197,2026-08-06-safety-auto-a5c266,https://honsamnote.co.kr/blog/2026-08-06-safety-auto-a5c266/,"혼자 사는 당신, 외출 중 갑자기 가스·누수 사고 걱정될 때? 스마트 가스 감지기 vs. 스마트 누수 센서, 나에게 맞는 원격 모니터링은?",P1,❌ 사지 않아도 되는 경우 인덕션 등 전기 조리 기구만 사용하고 가스 보일러가 없는 100% 비가스 주택 거주자: 가스 누출 위험 자체가 없습니다.,통계,100%,yes,NEEDS_EXTERNAL_VERIFICATION,"공식기관(정부·지자체·법령) 확인 후 수정 또는 ""관련 기준 변경 가능 — 공식기관 최신 내용 확인 권장"" 안내 추가",정부기관·법령 원문·지자체,,
198,2026-08-07-housing-auto-5dd703,https://honsamnote.co.kr/blog/2026-08-07-housing-auto-5dd703/,"혼자 사는 직장인, 갑자기 이사 가야 하는데 다음 세입자 직접 구하라니? 계약 중도 해지 부담 줄이는 현실적인 방법",P1,보증금 반환은 새로운 세입자의 잔금일과 맞물리는 경우가 많으므로 이사 일정을 잘 조율해야 합니다.,법률,보증금 반환,yes,NEEDS_EXTERNAL_VERIFICATION,"공식기관(정부·지자체·법령) 확인 후 수정 또는 ""관련 기준 변경 가능 — 공식기관 최신 내용 확인 권장"" 안내 추가",정부기관·법령 원문·지자체,,
204,2026-08-07-housing-auto-eb35f1,https://honsamnote.co.kr/blog/2026-08-07-housing-auto-eb35f1/,"혼자 사는 직장인, 우리 집 소소한 고장! 매번 사람 부를까, 직접 고쳐볼까? DIY vs. 출장 수리, 내 돈 아끼는 현명한 선택 가이드",P1,임대차 계약서나 주택임대차보호법에 따라 집의 주요 설비나 구조적 결함은 집주인이 수리 의무를 가집니다.,법률,주택임대차보호법,yes,NEEDS_EXTERNAL_VERIFICATION,"공식기관(정부·지자체·법령) 확인 후 수정 또는 ""관련 기준 변경 가능 — 공식기관 최신 내용 확인 권장"" 안내 추가",정부기관·법령 원문·지자체,,
205,2026-08-07-housing-auto-eb35f1,https://honsamnote.co.kr/blog/2026-08-07-housing-auto-eb35f1/,"혼자 사는 직장인, 우리 집 소소한 고장! 매번 사람 부를까, 직접 고쳐볼까? DIY vs. 출장 수리, 내 돈 아끼는 현명한 선택 가이드",P1,잘못된 DIY는 오히려 더 큰 손상을 야기하여 보증금 반환 시 문제가 될 수 있습니다.,법률,보증금 반환,yes,NEEDS_EXTERNAL_VERIFICATION,"공식기관(정부·지자체·법령) 확인 후 수정 또는 ""관련 기준 변경 가능 — 공식기관 최신 내용 확인 권장"" 안내 추가",정부기관·법령 원문·지자체,,
206,2026-08-07-housing-auto-eb35f1,https://honsamnote.co.kr/blog/2026-08-07-housing-auto-eb35f1/,"혼자 사는 직장인, 우리 집 소소한 고장! 매번 사람 부를까, 직접 고쳐볼까? DIY vs. 출장 수리, 내 돈 아끼는 현명한 선택 가이드",P1,(예: 배수구에 거름망 설치， 물 사용 후 건조 등) 비용·시간·주의사항 DIY (자가 수리) 비용: 공구 구매: 간단한 드라이버 세트는 1~2만 원， 만능 렌치나 공구 세트는 3~10만 원대.,가격,2만 원,yes,NEEDS_EXTERNAL_VERIFICATION,"공식기관(정부·지자체·법령) 확인 후 수정 또는 ""관련 기준 변경 가능 — 공식기관 최신 내용 확인 권장"" 안내 추가",정부기관·법령 원문·지자체,,
207,2026-08-07-housing-auto-eb35f1,https://honsamnote.co.kr/blog/2026-08-07-housing-auto-eb35f1/,"혼자 사는 직장인, 우리 집 소소한 고장! 매번 사람 부를까, 직접 고쳐볼까? DIY vs. 출장 수리, 내 돈 아끼는 현명한 선택 가이드",P1,(예: 배수구에 거름망 설치， 물 사용 후 건조 등) 비용·시간·주의사항 DIY (자가 수리) 비용: 공구 구매: 간단한 드라이버 세트는 1~2만 원， 만능 렌치나 공구 세트는 3~10만 원대.,가격,10만 원,yes,NEEDS_EXTERNAL_VERIFICATION,"공식기관(정부·지자체·법령) 확인 후 수정 또는 ""관련 기준 변경 가능 — 공식기관 최신 내용 확인 권장"" 안내 추가",정부기관·법령 원문·지자체,,
208,2026-08-07-housing-auto-eb35f1,https://honsamnote.co.kr/blog/2026-08-07-housing-auto-eb35f1/,"혼자 사는 직장인, 우리 집 소소한 고장! 매번 사람 부를까, 직접 고쳐볼까? DIY vs. 출장 수리, 내 돈 아끼는 현명한 선택 가이드",P1,재료비: 실리콘， 테이프， 나사， 소모품 등은 몇천 원~1만원 내외.,가격,1만원,yes,NEEDS_EXTERNAL_VERIFICATION,"공식기관(정부·지자체·법령) 확인 후 수정 또는 ""관련 기준 변경 가능 — 공식기관 최신 내용 확인 권장"" 안내 추가",정부기관·법령 원문·지자체,,
209,2026-08-07-housing-auto-eb35f1,https://honsamnote.co.kr/blog/2026-08-07-housing-auto-eb35f1/,"혼자 사는 직장인, 우리 집 소소한 고장! 매번 사람 부를까, 직접 고쳐볼까? DIY vs. 출장 수리, 내 돈 아끼는 현명한 선택 가이드",P1,총비용: 건당 최소 몇천 원에서 최대 2~3만원 내외.,가격,3만원,yes,NEEDS_EXTERNAL_VERIFICATION,"공식기관(정부·지자체·법령) 확인 후 수정 또는 ""관련 기준 변경 가능 — 공식기관 최신 내용 확인 권장"" 안내 추가",정부기관·법령 원문·지자체,,
210,2026-08-07-housing-auto-eb35f1,https://honsamnote.co.kr/blog/2026-08-07-housing-auto-eb35f1/,"혼자 사는 직장인, 우리 집 소소한 고장! 매번 사람 부를까, 직접 고쳐볼까? DIY vs. 출장 수리, 내 돈 아끼는 현명한 선택 가이드",P1,출장 수리 서비스 비용: 기본 출장비: 일반적으로 2~5만 원 (지역， 시간대， 업체에 따라 상이).,가격,5만 원,yes,NEEDS_EXTERNAL_VERIFICATION,"공식기관(정부·지자체·법령) 확인 후 수정 또는 ""관련 기준 변경 가능 — 공식기관 최신 내용 확인 권장"" 안내 추가",정부기관·법령 원문·지자체,,
211,2026-08-07-housing-auto-eb35f1,https://honsamnote.co.kr/blog/2026-08-07-housing-auto-eb35f1/,"혼자 사는 직장인, 우리 집 소소한 고장! 매번 사람 부를까, 직접 고쳐볼까? DIY vs. 출장 수리, 내 돈 아끼는 현명한 선택 가이드",P1,수리비: 고장 유형과 난이도에 따라 3만 원~10만 원 이상.,가격,3만 원,yes,NEEDS_EXTERNAL_VERIFICATION,"공식기관(정부·지자체·법령) 확인 후 수정 또는 ""관련 기준 변경 가능 — 공식기관 최신 내용 확인 권장"" 안내 추가",정부기관·법령 원문·지자체,,
212,2026-08-07-housing-auto-eb35f1,https://honsamnote.co.kr/blog/2026-08-07-housing-auto-eb35f1/,"혼자 사는 직장인, 우리 집 소소한 고장! 매번 사람 부를까, 직접 고쳐볼까? DIY vs. 출장 수리, 내 돈 아끼는 현명한 선택 가이드",P1,총비용: 간단한 수리도 보통 5만원 이상， 복잡한 경우 10만원 이상 발생할 수 있습니다.,가격,5만원,yes,NEEDS_EXTERNAL_VERIFICATION,"공식기관(정부·지자체·법령) 확인 후 수정 또는 ""관련 기준 변경 가능 — 공식기관 최신 내용 확인 권장"" 안내 추가",정부기관·법령 원문·지자체,,
213,2026-08-07-housing-auto-eb35f1,https://honsamnote.co.kr/blog/2026-08-07-housing-auto-eb35f1/,"혼자 사는 직장인, 우리 집 소소한 고장! 매번 사람 부를까, 직접 고쳐볼까? DIY vs. 출장 수리, 내 돈 아끼는 현명한 선택 가이드",P1,총비용: 간단한 수리도 보통 5만원 이상， 복잡한 경우 10만원 이상 발생할 수 있습니다.,가격,10만원,yes,NEEDS_EXTERNAL_VERIFICATION,"공식기관(정부·지자체·법령) 확인 후 수정 또는 ""관련 기준 변경 가능 — 공식기관 최신 내용 확인 권장"" 안내 추가",정부기관·법령 원문·지자체,,
214,2026-08-07-safety-auto-5a549d,https://honsamnote.co.kr/blog/2026-08-07-safety-auto-5a549d/,"혼자 사는 당신, 중요한 서류나 귀중품을 안전하게 보관할 때: 방화/방수 금고 vs. 보안 서류함, 나에게 맞는 선택은?",P1,비용·시간·주의사항 비용: 방화/방수 금고: 소형 가정용은 대략 20만원대부터 시작하여 크기， 내화/방수 등급， 잠금장치 종류에 따라 수백만원까지 다양합니다.,가격,20만원,yes,NEEDS_EXTERNAL_VERIFICATION,"공식기관(정부·지자체·법령) 확인 후 수정 또는 ""관련 기준 변경 가능 — 공식기관 최신 내용 확인 권장"" 안내 추가",정부기관·법령 원문·지자체,,
215,2026-08-07-safety-auto-5a549d,https://honsamnote.co.kr/blog/2026-08-07-safety-auto-5a549d/,"혼자 사는 당신, 중요한 서류나 귀중품을 안전하게 보관할 때: 방화/방수 금고 vs. 보안 서류함, 나에게 맞는 선택은?",P1,가정용 보안 서류함/스마트 보관함: 5만원대부터 20만원대까지 폭넓게 형성되어 있습니다.,가격,5만원,yes,NEEDS_EXTERNAL_VERIFICATION,"공식기관(정부·지자체·법령) 확인 후 수정 또는 ""관련 기준 변경 가능 — 공식기관 최신 내용 확인 권장"" 안내 추가",정부기관·법령 원문·지자체,,
216,2026-08-07-safety-auto-5a549d,https://honsamnote.co.kr/blog/2026-08-07-safety-auto-5a549d/,"혼자 사는 당신, 중요한 서류나 귀중품을 안전하게 보관할 때: 방화/방수 금고 vs. 보안 서류함, 나에게 맞는 선택은?",P1,100%는 없다: 어떤 보관 솔루션도 100% 안전을 보장하지 않습니다.,통계,100%,yes,NEEDS_EXTERNAL_VERIFICATION,"공식기관(정부·지자체·법령) 확인 후 수정 또는 ""관련 기준 변경 가능 — 공식기관 최신 내용 확인 권장"" 안내 추가",정부기관·법령 원문·지자체,,
217,2026-08-07-safety-auto-6b24c5,https://honsamnote.co.kr/blog/2026-08-07-safety-auto-6b24c5/,"혼자 사는 당신, 새 집 이사 직후 '이것' 안 하면 위험! 도어락 비밀번호와 열쇠 관리 안전 가이드",P1,집주인과 상의 없이 임의 변경: 임대인의 동의 없이 현관 잠금장치를 임의로 변경하면， 퇴거 시 원상복구 문제， 보증금 미반환 등 법적 분쟁으로 이어질 수 있습니다.,법률,보증금 미반환,yes,NEEDS_EXTERNAL_VERIFICATION,"공식기관(정부·지자체·법령) 확인 후 수정 또는 ""관련 기준 변경 가능 — 공식기관 최신 내용 확인 권장"" 안내 추가",정부기관·법령 원문·지자체,,
218,2026-08-07-safety-auto-6b24c5,https://honsamnote.co.kr/blog/2026-08-07-safety-auto-6b24c5/,"혼자 사는 당신, 새 집 이사 직후 '이것' 안 하면 위험! 도어락 비밀번호와 열쇠 관리 안전 가이드",P1,비용: 도어락 비밀번호 변경: 0원 (자가) 물리 열쇠 실린더 교체 (DIY 부품): 2만 원 ~ 10만 원 (제품 및 난이도에 따라 상이) 물리 열쇠 실린더 교체 (전문가 출장): 5만 원 ~ 15만 원 (출장비， 실린더 종류， 야간 할증 등에 따라 상이) 보조키/안전고리 설치: 1만 원 ~ 5만 원 (제품 및 자가 설치 여부에 따라 상이) 시간: 비밀번,가격,2만 원,yes,NEEDS_EXTERNAL_VERIFICATION,"공식기관(정부·지자체·법령) 확인 후 수정 또는 ""관련 기준 변경 가능 — 공식기관 최신 내용 확인 권장"" 안내 추가",정부기관·법령 원문·지자체,,
219,2026-08-07-safety-auto-6b24c5,https://honsamnote.co.kr/blog/2026-08-07-safety-auto-6b24c5/,"혼자 사는 당신, 새 집 이사 직후 '이것' 안 하면 위험! 도어락 비밀번호와 열쇠 관리 안전 가이드",P1,비용: 도어락 비밀번호 변경: 0원 (자가) 물리 열쇠 실린더 교체 (DIY 부품): 2만 원 ~ 10만 원 (제품 및 난이도에 따라 상이) 물리 열쇠 실린더 교체 (전문가 출장): 5만 원 ~ 15만 원 (출장비， 실린더 종류， 야간 할증 등에 따라 상이) 보조키/안전고리 설치: 1만 원 ~ 5만 원 (제품 및 자가 설치 여부에 따라 상이) 시간: 비밀번,가격,10만 원,yes,NEEDS_EXTERNAL_VERIFICATION,"공식기관(정부·지자체·법령) 확인 후 수정 또는 ""관련 기준 변경 가능 — 공식기관 최신 내용 확인 권장"" 안내 추가",정부기관·법령 원문·지자체,,
220,2026-08-07-safety-auto-6b24c5,https://honsamnote.co.kr/blog/2026-08-07-safety-auto-6b24c5/,"혼자 사는 당신, 새 집 이사 직후 '이것' 안 하면 위험! 도어락 비밀번호와 열쇠 관리 안전 가이드",P1,비용: 도어락 비밀번호 변경: 0원 (자가) 물리 열쇠 실린더 교체 (DIY 부품): 2만 원 ~ 10만 원 (제품 및 난이도에 따라 상이) 물리 열쇠 실린더 교체 (전문가 출장): 5만 원 ~ 15만 원 (출장비， 실린더 종류， 야간 할증 등에 따라 상이) 보조키/안전고리 설치: 1만 원 ~ 5만 원 (제품 및 자가 설치 여부에 따라 상이) 시간: 비밀번,가격,5만 원,yes,NEEDS_EXTERNAL_VERIFICATION,"공식기관(정부·지자체·법령) 확인 후 수정 또는 ""관련 기준 변경 가능 — 공식기관 최신 내용 확인 권장"" 안내 추가",정부기관·법령 원문·지자체,,
221,2026-08-07-safety-auto-6b24c5,https://honsamnote.co.kr/blog/2026-08-07-safety-auto-6b24c5/,"혼자 사는 당신, 새 집 이사 직후 '이것' 안 하면 위험! 도어락 비밀번호와 열쇠 관리 안전 가이드",P1,비용: 도어락 비밀번호 변경: 0원 (자가) 물리 열쇠 실린더 교체 (DIY 부품): 2만 원 ~ 10만 원 (제품 및 난이도에 따라 상이) 물리 열쇠 실린더 교체 (전문가 출장): 5만 원 ~ 15만 원 (출장비， 실린더 종류， 야간 할증 등에 따라 상이) 보조키/안전고리 설치: 1만 원 ~ 5만 원 (제품 및 자가 설치 여부에 따라 상이) 시간: 비밀번,가격,15만 원,yes,NEEDS_EXTERNAL_VERIFICATION,"공식기관(정부·지자체·법령) 확인 후 수정 또는 ""관련 기준 변경 가능 — 공식기관 최신 내용 확인 권장"" 안내 추가",정부기관·법령 원문·지자체,,
222,2026-08-07-safety-auto-6b24c5,https://honsamnote.co.kr/blog/2026-08-07-safety-auto-6b24c5/,"혼자 사는 당신, 새 집 이사 직후 '이것' 안 하면 위험! 도어락 비밀번호와 열쇠 관리 안전 가이드",P1,비용: 도어락 비밀번호 변경: 0원 (자가) 물리 열쇠 실린더 교체 (DIY 부품): 2만 원 ~ 10만 원 (제품 및 난이도에 따라 상이) 물리 열쇠 실린더 교체 (전문가 출장): 5만 원 ~ 15만 원 (출장비， 실린더 종류， 야간 할증 등에 따라 상이) 보조키/안전고리 설치: 1만 원 ~ 5만 원 (제품 및 자가 설치 여부에 따라 상이) 시간: 비밀번,가격,1만 원,yes,NEEDS_EXTERNAL_VERIFICATION,"공식기관(정부·지자체·법령) 확인 후 수정 또는 ""관련 기준 변경 가능 — 공식기관 최신 내용 확인 권장"" 안내 추가",정부기관·법령 원문·지자체,,
223,2026-08-07-safety-auto-6b24c5,https://honsamnote.co.kr/blog/2026-08-07-safety-auto-6b24c5/,"혼자 사는 당신, 새 집 이사 직후 '이것' 안 하면 위험! 도어락 비밀번호와 열쇠 관리 안전 가이드",P1,비용: 도어락 비밀번호 변경: 0원 (자가) 물리 열쇠 실린더 교체 (DIY 부품): 2만 원 ~ 10만 원 (제품 및 난이도에 따라 상이) 물리 열쇠 실린더 교체 (전문가 출장): 5만 원 ~ 15만 원 (출장비， 실린더 종류， 야간 할증 등에 따라 상이) 보조키/안전고리 설치: 1만 원 ~ 5만 원 (제품 및 자가 설치 여부에 따라 상이) 시간: 비밀번,가격,0원 ,yes,NEEDS_EXTERNAL_VERIFICATION,"공식기관(정부·지자체·법령) 확인 후 수정 또는 ""관련 기준 변경 가능 — 공식기관 최신 내용 확인 권장"" 안내 추가",정부기관·법령 원문·지자체,,
224,2026-08-08-housing-auto-4e32dc,https://honsamnote.co.kr/blog/2026-08-08-housing-auto-4e32dc/,"혼자 사는 직장인, 새집 입주 후 예상 못한 숨은 하자 발견! 내 권리 지키며 계약 조정하는 현실 가이드",P1,법적 책임 기간: 민법상 하자 발견 시점으로부터 6개월 이내 (매수인 기준) 또는 임차인의 경우 임대차보호법 및 계약 특약에 따라 임대인의 수선의무와 연결됩니다.,법률,임대차보호법,yes,NEEDS_EXTERNAL_VERIFICATION,"공식기관(정부·지자체·법령) 확인 후 수정 또는 ""관련 기준 변경 가능 — 공식기관 최신 내용 확인 권장"" 안내 추가",정부기관·법령 원문·지자체,,
225,2026-08-08-housing-auto-4e32dc,https://honsamnote.co.kr/blog/2026-08-08-housing-auto-4e32dc/,"혼자 사는 직장인, 새집 입주 후 예상 못한 숨은 하자 발견! 내 권리 지키며 계약 조정하는 현실 가이드",P1,법적 책임 기간: 민법상 하자 발견 시점으로부터 6개월 이내 (매수인 기준) 또는 임차인의 경우 임대차보호법 및 계약 특약에 따라 임대인의 수선의무와 연결됩니다.,법률,임차인의 경우 임대차보호,yes,NEEDS_EXTERNAL_VERIFICATION,"공식기관(정부·지자체·법령) 확인 후 수정 또는 ""관련 기준 변경 가능 — 공식기관 최신 내용 확인 권장"" 안내 추가",정부기관·법령 원문·지자체,,
226,2026-08-08-housing-auto-8b0461,https://honsamnote.co.kr/blog/2026-08-08-housing-auto-8b0461/,"혼자 사는 직장인, 새집 입주 후 당황스러운 전기·가스·수도 명의 변경! 순서대로 해결하고 요금 폭탄 피하는 법",P1,보증금 분쟁: 이사 나갈 때 공과금 정산 문제가 명확하지 않으면 보증금 반환에도 문제가 생길 수 있습니다.,법률,보증금 반환,yes,NEEDS_EXTERNAL_VERIFICATION,"공식기관(정부·지자체·법령) 확인 후 수정 또는 ""관련 기준 변경 가능 — 공식기관 최신 내용 확인 권장"" 안내 추가",정부기관·법령 원문·지자체,,
227,2026-08-08-housing-auto-8b0461,https://honsamnote.co.kr/blog/2026-08-08-housing-auto-8b0461/,"혼자 사는 직장인, 새집 입주 후 당황스러운 전기·가스·수도 명의 변경! 순서대로 해결하고 요금 폭탄 피하는 법",P1,도시가스 연결/해지: 출장비가 발생할 수 있습니다 (보통 1~2만 원대).,가격,2만 원,yes,NEEDS_EXTERNAL_VERIFICATION,"공식기관(정부·지자체·법령) 확인 후 수정 또는 ""관련 기준 변경 가능 — 공식기관 최신 내용 확인 권장"" 안내 추가",정부기관·법령 원문·지자체,,
228,2026-08-08-housing-auto-d2c1ed,https://honsamnote.co.kr/blog/2026-08-08-housing-auto-d2c1ed/,"혼자 사는 직장인, 이사 갈 때 퇴실 청소? 셀프 vs 전문 업체, 보증금 지키는 현명한 선택 가이드",P1,비용·시간·주의사항 셀프 청소 비용: 청소 도구 및 세제 구입 비용 약 2만원 ~ 5만원.,가격,2만원,yes,NEEDS_EXTERNAL_VERIFICATION,"공식기관(정부·지자체·법령) 확인 후 수정 또는 ""관련 기준 변경 가능 — 공식기관 최신 내용 확인 권장"" 안내 추가",정부기관·법령 원문·지자체,,
229,2026-08-08-housing-auto-d2c1ed,https://honsamnote.co.kr/blog/2026-08-08-housing-auto-d2c1ed/,"혼자 사는 직장인, 이사 갈 때 퇴실 청소? 셀프 vs 전문 업체, 보증금 지키는 현명한 선택 가이드",P1,비용·시간·주의사항 셀프 청소 비용: 청소 도구 및 세제 구입 비용 약 2만원 ~ 5만원.,가격,5만원,yes,NEEDS_EXTERNAL_VERIFICATION,"공식기관(정부·지자체·법령) 확인 후 수정 또는 ""관련 기준 변경 가능 — 공식기관 최신 내용 확인 권장"" 안내 추가",정부기관·법령 원문·지자체,,
230,2026-08-08-housing-auto-d2c1ed,https://honsamnote.co.kr/blog/2026-08-08-housing-auto-d2c1ed/,"혼자 사는 직장인, 이사 갈 때 퇴실 청소? 셀프 vs 전문 업체, 보증금 지키는 현명한 선택 가이드",P1,전문 청소 업체 비용: 원룸/오피스텔 기준 10만원 ~ 25만원.,가격,10만원,yes,NEEDS_EXTERNAL_VERIFICATION,"공식기관(정부·지자체·법령) 확인 후 수정 또는 ""관련 기준 변경 가능 — 공식기관 최신 내용 확인 권장"" 안내 추가",정부기관·법령 원문·지자체,,
231,2026-08-08-housing-auto-d2c1ed,https://honsamnote.co.kr/blog/2026-08-08-housing-auto-d2c1ed/,"혼자 사는 직장인, 이사 갈 때 퇴실 청소? 셀프 vs 전문 업체, 보증금 지키는 현명한 선택 가이드",P1,전문 청소 업체 비용: 원룸/오피스텔 기준 10만원 ~ 25만원.,가격,25만원,yes,NEEDS_EXTERNAL_VERIFICATION,"공식기관(정부·지자체·법령) 확인 후 수정 또는 ""관련 기준 변경 가능 — 공식기관 최신 내용 확인 권장"" 안내 추가",정부기관·법령 원문·지자체,,
232,2026-08-08-housing-auto-d2c1ed,https://honsamnote.co.kr/blog/2026-08-08-housing-auto-d2c1ed/,"혼자 사는 직장인, 이사 갈 때 퇴실 청소? 셀프 vs 전문 업체, 보증금 지키는 현명한 선택 가이드",P1,(기존 보유 시 0원) 시간: 원룸/오피스텔 기준 4시간 ~ 10시간 이상 (집의 오염도， 평수， 개인의 청소 속도에 따라 천차만별).,가격,0원),yes,NEEDS_EXTERNAL_VERIFICATION,"공식기관(정부·지자체·법령) 확인 후 수정 또는 ""관련 기준 변경 가능 — 공식기관 최신 내용 확인 권장"" 안내 추가",정부기관·법령 원문·지자체,,
233,2026-08-08-housing-auto-d2c1ed,https://honsamnote.co.kr/blog/2026-08-08-housing-auto-d2c1ed/,"혼자 사는 직장인, 이사 갈 때 퇴실 청소? 셀프 vs 전문 업체, 보증금 지키는 현명한 선택 가이드",P1,비용·시간·주의사항 셀프 청소 비용: 청소 도구 및 세제 구입 비용 약 2만원 ~ 5만원.,통계,약 2,yes,NEEDS_EXTERNAL_VERIFICATION,"공식기관(정부·지자체·법령) 확인 후 수정 또는 ""관련 기준 변경 가능 — 공식기관 최신 내용 확인 권장"" 안내 추가",정부기관·법령 원문·지자체,,
234,2026-08-08-safety-auto-2186aa,https://honsamnote.co.kr/blog/2026-08-08-safety-auto-2186aa/,"혼자 사는 당신, 응급상황 시 내 몸이 말 못 할 때? 비상 의료 정보 카드 vs. 스마트폰 응급 ID, 어떤 대비가 나에게 맞을까?",P1,응급 구조대원은 현장에서 환자의 상태를 파악하는 동시에， 기본적인 의료 정보(혈액형， 지병， 알레르기， 복용 약물 등)를 알면 더 신속하고 정확한 응급처치를 제공할 수 있습니다.,의료,응급처치,yes,NEEDS_EXTERNAL_VERIFICATION,"공식기관(정부·지자체·법령) 확인 후 수정 또는 ""관련 기준 변경 가능 — 공식기관 최신 내용 확인 권장"" 안내 추가",정부기관·법령 원문·지자체,,
235,2026-08-08-safety-auto-2186aa,https://honsamnote.co.kr/blog/2026-08-08-safety-auto-2186aa/,"혼자 사는 당신, 응급상황 시 내 몸이 말 못 할 때? 비상 의료 정보 카드 vs. 스마트폰 응급 ID, 어떤 대비가 나에게 맞을까?",P1,응급 처치에 필수적인 정보 위주로 작성하고， 개인 정보 유출 위험을 최소화해야 합니다.,의료,응급 처치,yes,NEEDS_EXTERNAL_VERIFICATION,"공식기관(정부·지자체·법령) 확인 후 수정 또는 ""관련 기준 변경 가능 — 공식기관 최신 내용 확인 권장"" 안내 추가",정부기관·법령 원문·지자체,,
236,2026-08-08-safety-auto-2186aa,https://honsamnote.co.kr/blog/2026-08-08-safety-auto-2186aa/,"혼자 사는 당신, 응급상황 시 내 몸이 말 못 할 때? 비상 의료 정보 카드 vs. 스마트폰 응급 ID, 어떤 대비가 나에게 맞을까?",P1,전문 업체에 제작을 맡기면 5천 원 ~ 2만 원 수준입니다.,가격,2만 원,yes,NEEDS_EXTERNAL_VERIFICATION,"공식기관(정부·지자체·법령) 확인 후 수정 또는 ""관련 기준 변경 가능 — 공식기관 최신 내용 확인 권장"" 안내 추가",정부기관·법령 원문·지자체,,
237,2026-08-08-safety-auto-2186aa,https://honsamnote.co.kr/blog/2026-08-08-safety-auto-2186aa/,"혼자 사는 당신, 응급상황 시 내 몸이 말 못 할 때? 비상 의료 정보 카드 vs. 스마트폰 응급 ID, 어떤 대비가 나에게 맞을까?",P1,의료 정보 각인 팔찌/목걸이: 재질과 디자인에 따라 1만 원 ~ 5만 원 이상입니다.,가격,1만 원,yes,NEEDS_EXTERNAL_VERIFICATION,"공식기관(정부·지자체·법령) 확인 후 수정 또는 ""관련 기준 변경 가능 — 공식기관 최신 내용 확인 권장"" 안내 추가",정부기관·법령 원문·지자체,,
238,2026-08-08-safety-auto-2186aa,https://honsamnote.co.kr/blog/2026-08-08-safety-auto-2186aa/,"혼자 사는 당신, 응급상황 시 내 몸이 말 못 할 때? 비상 의료 정보 카드 vs. 스마트폰 응급 ID, 어떤 대비가 나에게 맞을까?",P1,의료 정보 각인 팔찌/목걸이: 재질과 디자인에 따라 1만 원 ~ 5만 원 이상입니다.,가격,5만 원,yes,NEEDS_EXTERNAL_VERIFICATION,"공식기관(정부·지자체·법령) 확인 후 수정 또는 ""관련 기준 변경 가능 — 공식기관 최신 내용 확인 권장"" 안내 추가",정부기관·법령 원문·지자체,,
239,2026-08-08-safety-auto-2186aa,https://honsamnote.co.kr/blog/2026-08-08-safety-auto-2186aa/,"혼자 사는 당신, 응급상황 시 내 몸이 말 못 할 때? 비상 의료 정보 카드 vs. 스마트폰 응급 ID, 어떤 대비가 나에게 맞을까?",P1,스마트폰 응급 ID: 별도의 비용 없이 스마트폰 기능을 활용하는 것이므로 0원입니다.,가격,0원입,yes,NEEDS_EXTERNAL_VERIFICATION,"공식기관(정부·지자체·법령) 확인 후 수정 또는 ""관련 기준 변경 가능 — 공식기관 최신 내용 확인 권장"" 안내 추가",정부기관·법령 원문·지자체,,
240,2026-08-09-housing-auto-da13ec,https://honsamnote.co.kr/blog/2026-08-09-housing-auto-da13ec/,나 홀로 이사 체크리스트｜이사 당일,P1,이는 당신의 보증금을 보호하는 가장 중요한 절차입니다.,법률,보증금을 보호,yes,NEEDS_EXTERNAL_VERIFICATION,"공식기관(정부·지자체·법령) 확인 후 수정 또는 ""관련 기준 변경 가능 — 공식기관 최신 내용 확인 권장"" 안내 추가",정부기관·법령 원문·지자체,,
241,2026-08-09-housing-auto-da13ec,https://honsamnote.co.kr/blog/2026-08-09-housing-auto-da13ec/,나 홀로 이사 체크리스트｜이사 당일,P1,또한， 우편물 주소 변경이나 전입신고， 확정일자를 미루면 보증금을 보호받기 어렵거나 중요한 서신을 놓칠 수 있습니다.,법률,확정일자를 미루면 보증금을 보호,yes,NEEDS_EXTERNAL_VERIFICATION,"공식기관(정부·지자체·법령) 확인 후 수정 또는 ""관련 기준 변경 가능 — 공식기관 최신 내용 확인 권장"" 안내 추가",정부기관·법령 원문·지자체,,
242,2026-08-10-housing-auto-4bca9b,https://honsamnote.co.kr/blog/2026-08-10-housing-auto-4bca9b/,"혼자 사는 직장인, 집주인이 내가 사는 집을 팔겠다고? 잦은 방문 요청에도 사생활 지키며 현명하게 대처하는 법",P1,합리적인 협조: 너무 비협조적이면 집주인과의 관계가 틀어질 수 있고， 퇴거 시 보증금 반환 지연 등 불이익을 받을 수도 있습니다.,법률,보증금 반환,yes,NEEDS_EXTERNAL_VERIFICATION,"공식기관(정부·지자체·법령) 확인 후 수정 또는 ""관련 기준 변경 가능 — 공식기관 최신 내용 확인 권장"" 안내 추가",정부기관·법령 원문·지자체,,
243,2026-08-11-housing-auto-a2f088,https://honsamnote.co.kr/blog/2026-08-11-housing-auto-a2f088/,문제성 집 체크리스트｜전월세 계약,P1,"""임대인은 임차인의 전세 보증금 반환을 위해 해당 주택에 설정된 근저당권을 말소하고 잔금 지급일까지 보증금보다 선순위 채권이 없도록 한다."" (전세 시) ""도배， 장판 등 기본적인 시설물 보수는 임대인이 책임진다."" (노후 주택의 경우) ""누수， 보일러 고장 등 중요 시설물의 하자가 발생할 경우， 임대인이 즉시 수리하고 비용을 부담한다."" 비용·시간·주의사",법률,보증금 반환,yes,NEEDS_EXTERNAL_VERIFICATION,"공식기관(정부·지자체·법령) 확인 후 수정 또는 ""관련 기준 변경 가능 — 공식기관 최신 내용 확인 권장"" 안내 추가",정부기관·법령 원문·지자체,,
244,2026-08-11-housing-auto-a2f088,https://honsamnote.co.kr/blog/2026-08-11-housing-auto-a2f088/,문제성 집 체크리스트｜전월세 계약,P1,"체크리스트집 현장 점검 (물리적 하자/생활 편의성): [ ] 냄새 (하수구， 곰팡이) 및 습도 [ ] 수압 및 배수 (싱크대， 세면대， 변기) [ ] 창문 및 현관문 (개폐， 잠금장치， 외풍) [ ] 벽면， 천장 (누수， 곰팡이， 벽지 상태) [ ] 소음 (외부， 이웃) [ ] 주변 환경 (교통， 편의시설， 치안， 유해 시설 유무)부동산 공적 장부 확인",법률,보증금 보호,yes,NEEDS_EXTERNAL_VERIFICATION,"공식기관(정부·지자체·법령) 확인 후 수정 또는 ""관련 기준 변경 가능 — 공식기관 최신 내용 확인 권장"" 안내 추가",정부기관·법령 원문·지자체,,
245,2026-08-11-housing-auto-a2f088,https://honsamnote.co.kr/blog/2026-08-11-housing-auto-a2f088/,문제성 집 체크리스트｜전월세 계약,P1,특히 전세라면 '선순위 임차인'으로서 보호받을 수 있는지 꼼꼼히 따져봐야 합니다.,법률,임차인'으로서 보호,yes,NEEDS_EXTERNAL_VERIFICATION,"공식기관(정부·지자체·법령) 확인 후 수정 또는 ""관련 기준 변경 가능 — 공식기관 최신 내용 확인 권장"" 안내 추가",정부기관·법령 원문·지자체,,
249,2026-08-11-safety-auto-197473,https://honsamnote.co.kr/blog/2026-08-11-safety-auto-197473/,"혼자 사는 당신, 집에서 넘어져 움직일 수 없을까 걱정될 때: 웨어러블 낙상 감지기 vs. 공간형 비접촉 센서, 나에게 맞는 안전 선택은?",P1,비용·시간·주의사항 비용: 웨어러블 낙상 감지기: 스마트워치(20만~80만원대)， 전용 낙상 감지 펜던트(10만~30만원대).,가격,80만원,yes,NEEDS_EXTERNAL_VERIFICATION,"공식기관(정부·지자체·법령) 확인 후 수정 또는 ""관련 기준 변경 가능 — 공식기관 최신 내용 확인 권장"" 안내 추가",정부기관·법령 원문·지자체,,
250,2026-08-11-safety-auto-197473,https://honsamnote.co.kr/blog/2026-08-11-safety-auto-197473/,"혼자 사는 당신, 집에서 넘어져 움직일 수 없을까 걱정될 때: 웨어러블 낙상 감지기 vs. 공간형 비접촉 센서, 나에게 맞는 안전 선택은?",P1,비용·시간·주의사항 비용: 웨어러블 낙상 감지기: 스마트워치(20만~80만원대)， 전용 낙상 감지 펜던트(10만~30만원대).,가격,30만원,yes,NEEDS_EXTERNAL_VERIFICATION,"공식기관(정부·지자체·법령) 확인 후 수정 또는 ""관련 기준 변경 가능 — 공식기관 최신 내용 확인 권장"" 안내 추가",정부기관·법령 원문·지자체,,
251,2026-08-11-safety-auto-197473,https://honsamnote.co.kr/blog/2026-08-11-safety-auto-197473/,"혼자 사는 당신, 집에서 넘어져 움직일 수 없을까 걱정될 때: 웨어러블 낙상 감지기 vs. 공간형 비접촉 센서, 나에게 맞는 안전 선택은?",P1,일부 제품은 GPS 추적이나 24시간 모니터링 서비스 가입 시 월 구독료(1만~3만원대)가 발생할 수 있습니다.,가격,3만원,yes,NEEDS_EXTERNAL_VERIFICATION,"공식기관(정부·지자체·법령) 확인 후 수정 또는 ""관련 기준 변경 가능 — 공식기관 최신 내용 확인 권장"" 안내 추가",정부기관·법령 원문·지자체,,
252,2026-08-11-safety-auto-197473,https://honsamnote.co.kr/blog/2026-08-11-safety-auto-197473/,"혼자 사는 당신, 집에서 넘어져 움직일 수 없을까 걱정될 때: 웨어러블 낙상 감지기 vs. 공간형 비접촉 센서, 나에게 맞는 안전 선택은?",P1,공간형 비접촉 센서: 레이더 센서 기반 감지기(10만~50만원대)， 스마트홈 연동형 모션 센서(3만~10만원대).,가격,50만원,yes,NEEDS_EXTERNAL_VERIFICATION,"공식기관(정부·지자체·법령) 확인 후 수정 또는 ""관련 기준 변경 가능 — 공식기관 최신 내용 확인 권장"" 안내 추가",정부기관·법령 원문·지자체,,
253,2026-08-11-safety-auto-197473,https://honsamnote.co.kr/blog/2026-08-11-safety-auto-197473/,"혼자 사는 당신, 집에서 넘어져 움직일 수 없을까 걱정될 때: 웨어러블 낙상 감지기 vs. 공간형 비접촉 센서, 나에게 맞는 안전 선택은?",P1,공간형 비접촉 센서: 레이더 센서 기반 감지기(10만~50만원대)， 스마트홈 연동형 모션 센서(3만~10만원대).,가격,10만원,yes,NEEDS_EXTERNAL_VERIFICATION,"공식기관(정부·지자체·법령) 확인 후 수정 또는 ""관련 기준 변경 가능 — 공식기관 최신 내용 확인 권장"" 안내 추가",정부기관·법령 원문·지자체,,
254,2026-08-11-safety-auto-197473,https://honsamnote.co.kr/blog/2026-08-11-safety-auto-197473/,"혼자 사는 당신, 집에서 넘어져 움직일 수 없을까 걱정될 때: 웨어러블 낙상 감지기 vs. 공간형 비접촉 센서, 나에게 맞는 안전 선택은?",P1,중요한 것은 어떤 시스템이든 100% 완벽하지 않다는 점을 인지하고， 본인의 활동성， 프라이버시 민감도， 예산 등을 종합적으로 고려하여 결정해야 합니다.,통계,100%,yes,NEEDS_EXTERNAL_VERIFICATION,"공식기관(정부·지자체·법령) 확인 후 수정 또는 ""관련 기준 변경 가능 — 공식기관 최신 내용 확인 권장"" 안내 추가",정부기관·법령 원문·지자체,,
255,2026-08-12-housing-auto-f420ec,https://honsamnote.co.kr/blog/2026-08-12-housing-auto-f420ec/,"혼자 사는 직장인, 집주인이 몰래 문 따고 들어왔다면? 내 사생활과 보증금 지키는 똑똑한 대처법",P1,주택임대차보호법상 임차인의 주거권은 매우 중요하게 다루어집니다.,법률,주택임대차보호법,yes,NEEDS_EXTERNAL_VERIFICATION,"공식기관(정부·지자체·법령) 확인 후 수정 또는 ""관련 기준 변경 가능 — 공식기관 최신 내용 확인 권장"" 안내 추가",정부기관·법령 원문·지자체,,
256,2026-08-12-housing-auto-f420ec,https://honsamnote.co.kr/blog/2026-08-12-housing-auto-f420ec/,"혼자 사는 직장인, 집주인이 몰래 문 따고 들어왔다면? 내 사생활과 보증금 지키는 똑똑한 대처법",P1,임대차 계약 해지: 집주인의 무단 침입은 임대차 계약의 중대한 위반 사유가 되므로， 계약 해지를 요구하고 보증금 반환을 청구할 수 있습니다.,법률,보증금 반환,yes,NEEDS_EXTERNAL_VERIFICATION,"공식기관(정부·지자체·법령) 확인 후 수정 또는 ""관련 기준 변경 가능 — 공식기관 최신 내용 확인 권장"" 안내 추가",정부기관·법령 원문·지자체,,
257,2026-08-12-housing-auto-f420ec,https://honsamnote.co.kr/blog/2026-08-12-housing-auto-f420ec/,"혼자 사는 직장인, 집주인이 몰래 문 따고 들어왔다면? 내 사생활과 보증금 지키는 똑똑한 대처법",P1,주거침입죄는 3년 이하의 징역 또는 500만원 이하의 벌금에 처해질 수 있는 범죄입니다.,법률,벌금,yes,NEEDS_EXTERNAL_VERIFICATION,"공식기관(정부·지자체·법령) 확인 후 수정 또는 ""관련 기준 변경 가능 — 공식기관 최신 내용 확인 권장"" 안내 추가",정부기관·법령 원문·지자체,,
260,2026-08-13-housing-auto-0fa740,https://honsamnote.co.kr/blog/2026-08-13-housing-auto-0fa740/,"혼자 사는 직장인, 보증금 떼일까 불안하다면? 전월세 보증보험 vs 셀프 대비, 내 돈 지키는 현명한 선택 가이드",P1,"1단계: 전월세 보증보험 가입 (가장 확실한 방법)보증보험 종류 파악: 전세 보증금 반환 보증: 전세 계약자를 위한 상품으로， 주택도시보증공사(HUG)， 한국주택금융공사(HF)， 서울보증보험(SGI) 등에서 취급합니다.",법률,보증금 반환,yes,NEEDS_EXTERNAL_VERIFICATION,"공식기관(정부·지자체·법령) 확인 후 수정 또는 ""관련 기준 변경 가능 — 공식기관 최신 내용 확인 권장"" 안내 추가",정부기관·법령 원문·지자체,,
261,2026-08-13-housing-auto-0fa740,https://honsamnote.co.kr/blog/2026-08-13-housing-auto-0fa740/,"혼자 사는 직장인, 보증금 떼일까 불안하다면? 전월세 보증보험 vs 셀프 대비, 내 돈 지키는 현명한 선택 가이드",P1,"이렇게 하면 오히려 악화됩니다 '설마' 하는 안일한 생각: ""설마 나한테 그런 일이 생기겠어?""라고 생각하며 보증금 보호를 위한 아무런 조치도 취하지 않는다면， 실제 문제가 발생했을 때 속수무책일 수 있습니다.",법률,보증금 보호,yes,NEEDS_EXTERNAL_VERIFICATION,"공식기관(정부·지자체·법령) 확인 후 수정 또는 ""관련 기준 변경 가능 — 공식기관 최신 내용 확인 권장"" 안내 추가",정부기관·법령 원문·지자체,,
262,2026-08-13-housing-auto-0fa740,https://honsamnote.co.kr/blog/2026-08-13-housing-auto-0fa740/,"혼자 사는 직장인, 보증금 떼일까 불안하다면? 전월세 보증보험 vs 셀프 대비, 내 돈 지키는 현명한 선택 가이드",P1,전입신고， 확정일자 늦장 처리: 이사는 힘들고 바쁘다는 핑계로 전입신고와 확정일자를 늦게 받으면， 그 사이에 집주인에게 다른 채무가 발생할 경우 보증금을 보호받기 어려워질 수 있습니다.,법률,보증금을 보호,yes,NEEDS_EXTERNAL_VERIFICATION,"공식기관(정부·지자체·법령) 확인 후 수정 또는 ""관련 기준 변경 가능 — 공식기관 최신 내용 확인 권장"" 안내 추가",정부기관·법령 원문·지자체,,
263,2026-08-13-housing-auto-0fa740,https://honsamnote.co.kr/blog/2026-08-13-housing-auto-0fa740/,"혼자 사는 직장인, 보증금 떼일까 불안하다면? 전월세 보증보험 vs 셀프 대비, 내 돈 지키는 현명한 선택 가이드",P1,전입신고， 확정일자 늦장 처리: 이사는 힘들고 바쁘다는 핑계로 전입신고와 확정일자를 늦게 받으면， 그 사이에 집주인에게 다른 채무가 발생할 경우 보증금을 보호받기 어려워질 수 있습니다.,법률,확정일자를 늦게 받으면,yes,NEEDS_EXTERNAL_VERIFICATION,"공식기관(정부·지자체·법령) 확인 후 수정 또는 ""관련 기준 변경 가능 — 공식기관 최신 내용 확인 권장"" 안내 추가",정부기관·법령 원문·지자체,,
264,2026-08-13-housing-auto-0fa740,https://honsamnote.co.kr/blog/2026-08-13-housing-auto-0fa740/,"혼자 사는 직장인, 보증금 떼일까 불안하다면? 전월세 보증보험 vs 셀프 대비, 내 돈 지키는 현명한 선택 가이드",P1,[ ] 보증보험 가입이 어렵거나 불가한 경우， 소액 임차인 최우선 변제권 등 다른 법적 보호장치에 대해 충분히 숙지했는가?,법률,임차인 최우선 변제권 등 다른 법적 보호,yes,NEEDS_EXTERNAL_VERIFICATION,"공식기관(정부·지자체·법령) 확인 후 수정 또는 ""관련 기준 변경 가능 — 공식기관 최신 내용 확인 권장"" 안내 추가",정부기관·법령 원문·지자체,,
275,2026-08-14-housing-auto-189ec3,https://honsamnote.co.kr/blog/2026-08-14-housing-auto-189ec3/,"혼자 사는 직장인, 이사/대청소 앞둔 대형 폐기물 처리! 비용 아끼고 깔끔하게 끝내는 현실 가이드",P1,잘못 버렸다간 과태료가 나올까 불안하고， 폐기물 처리 업체에 맡기자니 비용이 만만치 않아 선뜻 엄두가 나지 않습니다.,법률,과태료,yes,NEEDS_EXTERNAL_VERIFICATION,"공식기관(정부·지자체·법령) 확인 후 수정 또는 ""관련 기준 변경 가능 — 공식기관 최신 내용 확인 권장"" 안내 추가",정부기관·법령 원문·지자체,,
281,2026-08-14-safety-auto-f47696,https://honsamnote.co.kr/blog/2026-08-14-safety-auto-f47696/,"혼자 사는 당신, 집 열쇠를 잃어버렸을 때: 빈집털이 걱정 없이 안전하게 대처하고 우리 집 지키는 법",P1,비용: 스마트 도어락 비밀번호 변경: 0원 (자가 조치) 물리 열쇠 실린더 교체: 약 5만 원 ~ 15만 원 (출장비 포함， 열쇠 종류 및 업체에 따라 상이) 스마트 도어락 전체 교체: 약 10만 원 ~ 30만 원 이상 (제품 종류 및 설치비 포함) 보조 잠금장치 (문 걸쇠 등): 약 1만 원 ~ 3만 원 (셀프 설치 시) 야간/주말 출장 서비스는 추가 할,가격,5만 원,yes,NEEDS_EXTERNAL_VERIFICATION,"공식기관(정부·지자체·법령) 확인 후 수정 또는 ""관련 기준 변경 가능 — 공식기관 최신 내용 확인 권장"" 안내 추가",정부기관·법령 원문·지자체,,
282,2026-08-14-safety-auto-f47696,https://honsamnote.co.kr/blog/2026-08-14-safety-auto-f47696/,"혼자 사는 당신, 집 열쇠를 잃어버렸을 때: 빈집털이 걱정 없이 안전하게 대처하고 우리 집 지키는 법",P1,비용: 스마트 도어락 비밀번호 변경: 0원 (자가 조치) 물리 열쇠 실린더 교체: 약 5만 원 ~ 15만 원 (출장비 포함， 열쇠 종류 및 업체에 따라 상이) 스마트 도어락 전체 교체: 약 10만 원 ~ 30만 원 이상 (제품 종류 및 설치비 포함) 보조 잠금장치 (문 걸쇠 등): 약 1만 원 ~ 3만 원 (셀프 설치 시) 야간/주말 출장 서비스는 추가 할,가격,15만 원,yes,NEEDS_EXTERNAL_VERIFICATION,"공식기관(정부·지자체·법령) 확인 후 수정 또는 ""관련 기준 변경 가능 — 공식기관 최신 내용 확인 권장"" 안내 추가",정부기관·법령 원문·지자체,,
283,2026-08-14-safety-auto-f47696,https://honsamnote.co.kr/blog/2026-08-14-safety-auto-f47696/,"혼자 사는 당신, 집 열쇠를 잃어버렸을 때: 빈집털이 걱정 없이 안전하게 대처하고 우리 집 지키는 법",P1,비용: 스마트 도어락 비밀번호 변경: 0원 (자가 조치) 물리 열쇠 실린더 교체: 약 5만 원 ~ 15만 원 (출장비 포함， 열쇠 종류 및 업체에 따라 상이) 스마트 도어락 전체 교체: 약 10만 원 ~ 30만 원 이상 (제품 종류 및 설치비 포함) 보조 잠금장치 (문 걸쇠 등): 약 1만 원 ~ 3만 원 (셀프 설치 시) 야간/주말 출장 서비스는 추가 할,가격,10만 원,yes,NEEDS_EXTERNAL_VERIFICATION,"공식기관(정부·지자체·법령) 확인 후 수정 또는 ""관련 기준 변경 가능 — 공식기관 최신 내용 확인 권장"" 안내 추가",정부기관·법령 원문·지자체,,
284,2026-08-14-safety-auto-f47696,https://honsamnote.co.kr/blog/2026-08-14-safety-auto-f47696/,"혼자 사는 당신, 집 열쇠를 잃어버렸을 때: 빈집털이 걱정 없이 안전하게 대처하고 우리 집 지키는 법",P1,비용: 스마트 도어락 비밀번호 변경: 0원 (자가 조치) 물리 열쇠 실린더 교체: 약 5만 원 ~ 15만 원 (출장비 포함， 열쇠 종류 및 업체에 따라 상이) 스마트 도어락 전체 교체: 약 10만 원 ~ 30만 원 이상 (제품 종류 및 설치비 포함) 보조 잠금장치 (문 걸쇠 등): 약 1만 원 ~ 3만 원 (셀프 설치 시) 야간/주말 출장 서비스는 추가 할,가격,30만 원,yes,NEEDS_EXTERNAL_VERIFICATION,"공식기관(정부·지자체·법령) 확인 후 수정 또는 ""관련 기준 변경 가능 — 공식기관 최신 내용 확인 권장"" 안내 추가",정부기관·법령 원문·지자체,,
285,2026-08-14-safety-auto-f47696,https://honsamnote.co.kr/blog/2026-08-14-safety-auto-f47696/,"혼자 사는 당신, 집 열쇠를 잃어버렸을 때: 빈집털이 걱정 없이 안전하게 대처하고 우리 집 지키는 법",P1,비용: 스마트 도어락 비밀번호 변경: 0원 (자가 조치) 물리 열쇠 실린더 교체: 약 5만 원 ~ 15만 원 (출장비 포함， 열쇠 종류 및 업체에 따라 상이) 스마트 도어락 전체 교체: 약 10만 원 ~ 30만 원 이상 (제품 종류 및 설치비 포함) 보조 잠금장치 (문 걸쇠 등): 약 1만 원 ~ 3만 원 (셀프 설치 시) 야간/주말 출장 서비스는 추가 할,가격,1만 원,yes,NEEDS_EXTERNAL_VERIFICATION,"공식기관(정부·지자체·법령) 확인 후 수정 또는 ""관련 기준 변경 가능 — 공식기관 최신 내용 확인 권장"" 안내 추가",정부기관·법령 원문·지자체,,
286,2026-08-14-safety-auto-f47696,https://honsamnote.co.kr/blog/2026-08-14-safety-auto-f47696/,"혼자 사는 당신, 집 열쇠를 잃어버렸을 때: 빈집털이 걱정 없이 안전하게 대처하고 우리 집 지키는 법",P1,비용: 스마트 도어락 비밀번호 변경: 0원 (자가 조치) 물리 열쇠 실린더 교체: 약 5만 원 ~ 15만 원 (출장비 포함， 열쇠 종류 및 업체에 따라 상이) 스마트 도어락 전체 교체: 약 10만 원 ~ 30만 원 이상 (제품 종류 및 설치비 포함) 보조 잠금장치 (문 걸쇠 등): 약 1만 원 ~ 3만 원 (셀프 설치 시) 야간/주말 출장 서비스는 추가 할,가격,3만 원,yes,NEEDS_EXTERNAL_VERIFICATION,"공식기관(정부·지자체·법령) 확인 후 수정 또는 ""관련 기준 변경 가능 — 공식기관 최신 내용 확인 권장"" 안내 추가",정부기관·법령 원문·지자체,,
287,2026-08-14-safety-auto-f47696,https://honsamnote.co.kr/blog/2026-08-14-safety-auto-f47696/,"혼자 사는 당신, 집 열쇠를 잃어버렸을 때: 빈집털이 걱정 없이 안전하게 대처하고 우리 집 지키는 법",P1,비용: 스마트 도어락 비밀번호 변경: 0원 (자가 조치) 물리 열쇠 실린더 교체: 약 5만 원 ~ 15만 원 (출장비 포함， 열쇠 종류 및 업체에 따라 상이) 스마트 도어락 전체 교체: 약 10만 원 ~ 30만 원 이상 (제품 종류 및 설치비 포함) 보조 잠금장치 (문 걸쇠 등): 약 1만 원 ~ 3만 원 (셀프 설치 시) 야간/주말 출장 서비스는 추가 할,가격,0원 ,yes,NEEDS_EXTERNAL_VERIFICATION,"공식기관(정부·지자체·법령) 확인 후 수정 또는 ""관련 기준 변경 가능 — 공식기관 최신 내용 확인 권장"" 안내 추가",정부기관·법령 원문·지자체,,
288,2026-08-14-safety-auto-f47696,https://honsamnote.co.kr/blog/2026-08-14-safety-auto-f47696/,"혼자 사는 당신, 집 열쇠를 잃어버렸을 때: 빈집털이 걱정 없이 안전하게 대처하고 우리 집 지키는 법",P1,비용: 스마트 도어락 비밀번호 변경: 0원 (자가 조치) 물리 열쇠 실린더 교체: 약 5만 원 ~ 15만 원 (출장비 포함， 열쇠 종류 및 업체에 따라 상이) 스마트 도어락 전체 교체: 약 10만 원 ~ 30만 원 이상 (제품 종류 및 설치비 포함) 보조 잠금장치 (문 걸쇠 등): 약 1만 원 ~ 3만 원 (셀프 설치 시) 야간/주말 출장 서비스는 추가 할,통계,약 5,yes,NEEDS_EXTERNAL_VERIFICATION,"공식기관(정부·지자체·법령) 확인 후 수정 또는 ""관련 기준 변경 가능 — 공식기관 최신 내용 확인 권장"" 안내 추가",정부기관·법령 원문·지자체,,
289,2026-08-14-safety-auto-f47696,https://honsamnote.co.kr/blog/2026-08-14-safety-auto-f47696/,"혼자 사는 당신, 집 열쇠를 잃어버렸을 때: 빈집털이 걱정 없이 안전하게 대처하고 우리 집 지키는 법",P1,비용: 스마트 도어락 비밀번호 변경: 0원 (자가 조치) 물리 열쇠 실린더 교체: 약 5만 원 ~ 15만 원 (출장비 포함， 열쇠 종류 및 업체에 따라 상이) 스마트 도어락 전체 교체: 약 10만 원 ~ 30만 원 이상 (제품 종류 및 설치비 포함) 보조 잠금장치 (문 걸쇠 등): 약 1만 원 ~ 3만 원 (셀프 설치 시) 야간/주말 출장 서비스는 추가 할,통계,약 10,yes,NEEDS_EXTERNAL_VERIFICATION,"공식기관(정부·지자체·법령) 확인 후 수정 또는 ""관련 기준 변경 가능 — 공식기관 최신 내용 확인 권장"" 안내 추가",정부기관·법령 원문·지자체,,
290,2026-08-14-safety-auto-f47696,https://honsamnote.co.kr/blog/2026-08-14-safety-auto-f47696/,"혼자 사는 당신, 집 열쇠를 잃어버렸을 때: 빈집털이 걱정 없이 안전하게 대처하고 우리 집 지키는 법",P1,비용: 스마트 도어락 비밀번호 변경: 0원 (자가 조치) 물리 열쇠 실린더 교체: 약 5만 원 ~ 15만 원 (출장비 포함， 열쇠 종류 및 업체에 따라 상이) 스마트 도어락 전체 교체: 약 10만 원 ~ 30만 원 이상 (제품 종류 및 설치비 포함) 보조 잠금장치 (문 걸쇠 등): 약 1만 원 ~ 3만 원 (셀프 설치 시) 야간/주말 출장 서비스는 추가 할,통계,약 1,yes,NEEDS_EXTERNAL_VERIFICATION,"공식기관(정부·지자체·법령) 확인 후 수정 또는 ""관련 기준 변경 가능 — 공식기관 최신 내용 확인 권장"" 안내 추가",정부기관·법령 원문·지자체,,
370,2026-08-03-cost-auto-4d199c,https://honsamnote.co.kr/blog/2026-08-03-cost-auto-4d199c/,교통비 비교｜대중교통,P1,과태료: 주차 위반， 속도 위반 등 교통 법규 위반 시 과태료는 이용자 부담입니다.,법률,과태료,yes,NEEDS_EXTERNAL_VERIFICATION,"공식기관(정부·지자체·법령) 확인 후 수정 또는 ""관련 기준 변경 가능 — 공식기관 최신 내용 확인 권장"" 안내 추가",정부기관·법령 원문·지자체,,
401,2026-08-05-cost-auto-e4ec33,https://honsamnote.co.kr/blog/2026-08-05-cost-auto-e4ec33/,"혼자 사는 직장인, 매달 쓰레기 봉투값도 아깝다면? 생활 폐기물 비용 줄이고 버리는 스트레스 없애는 법",P1,위반 시 과태료가 부과될 수 있습니다.,법률,과태료,yes,NEEDS_EXTERNAL_VERIFICATION,"공식기관(정부·지자체·법령) 확인 후 수정 또는 ""관련 기준 변경 가능 — 공식기관 최신 내용 확인 권장"" 안내 추가",정부기관·법령 원문·지자체,,
469,2026-08-06-cost-auto-f652a0,https://honsamnote.co.kr/blog/2026-08-06-cost-auto-f652a0/,"혼자 사는 직장인, 안 쓰는 물건 쌓여만 간다면? 중고거래 vs 나눔, 후회 없이 처분하고 용돈 버는 법",P1,대충 버리기: 분리수거 원칙을 무시하고 일반 쓰레기에 마구 버리면 환경 오염은 물론， 과태료를 물게 될 수도 있습니다.,법률,과태료,yes,NEEDS_EXTERNAL_VERIFICATION,"공식기관(정부·지자체·법령) 확인 후 수정 또는 ""관련 기준 변경 가능 — 공식기관 최신 내용 확인 권장"" 안내 추가",정부기관·법령 원문·지자체,,
503,2026-08-07-cost-auto-7256ba,https://honsamnote.co.kr/blog/2026-08-07-cost-auto-7256ba/,"혼자 사는 직장인, 안 쓰는 대형 가구/가전 버리려니 막막하다면? 무료 수거 vs 유료 폐기, 돈 아끼는 현명한 처분 전략",P1,혼자 옮기기에는 너무 무겁고， 그렇다고 무작정 버렸다가는 벌금을 물 수도 있다는 불안감에 시작부터 진이 빠지죠.,법률,벌금,yes,NEEDS_EXTERNAL_VERIFICATION,"공식기관(정부·지자체·법령) 확인 후 수정 또는 ""관련 기준 변경 가능 — 공식기관 최신 내용 확인 권장"" 안내 추가",정부기관·법령 원문·지자체,,
504,2026-08-07-cost-auto-7256ba,https://honsamnote.co.kr/blog/2026-08-07-cost-auto-7256ba/,"혼자 사는 직장인, 안 쓰는 대형 가구/가전 버리려니 막막하다면? 무료 수거 vs 유료 폐기, 돈 아끼는 현명한 처분 전략",P1,무단 투기로 오해받아 과태료가 부과될 수 있습니다.,법률,과태료,yes,NEEDS_EXTERNAL_VERIFICATION,"공식기관(정부·지자체·법령) 확인 후 수정 또는 ""관련 기준 변경 가능 — 공식기관 최신 내용 확인 권장"" 안내 추가",정부기관·법령 원문·지자체,,
514,2026-08-07-cost-auto-846842,https://honsamnote.co.kr/blog/2026-08-07-cost-auto-846842/,"혼자 사는 직장인, 예상치 못한 사고에 내 물건 다 날아갈까 봐 불안하다면? 1인 가구 주택화재보험(세입자 보험), 과연 돈 값 할까?",P1,전세보증금 보장 아님: 이 보험은 내 동산(살림살이)과 배상 책임을 위한 것이지， 전세보증금 반환보증과는 다릅니다.,법률,보증금 반환,yes,NEEDS_EXTERNAL_VERIFICATION,"공식기관(정부·지자체·법령) 확인 후 수정 또는 ""관련 기준 변경 가능 — 공식기관 최신 내용 확인 권장"" 안내 추가",정부기관·법령 원문·지자체,,
556,2026-08-08-cost-auto-bbb3d7,https://honsamnote.co.kr/blog/2026-08-08-cost-auto-bbb3d7/,"혼자 사는 직장인, 매달 아파트/오피스텔 관리비 폭탄 막고 지출 최적화하는 3단계 전략",P1,보통 전세보증금 반환 시 또는 월세 마지막 달에 정산하는 경우가 많습니다.,법률,보증금 반환,yes,NEEDS_EXTERNAL_VERIFICATION,"공식기관(정부·지자체·법령) 확인 후 수정 또는 ""관련 기준 변경 가능 — 공식기관 최신 내용 확인 권장"" 안내 추가",정부기관·법령 원문·지자체,,
557,2026-08-08-cost-auto-bbb3d7,https://honsamnote.co.kr/blog/2026-08-08-cost-auto-bbb3d7/,"혼자 사는 직장인, 매달 아파트/오피스텔 관리비 폭탄 막고 지출 최적화하는 3단계 전략",P1,이는 형사 처벌의 대상이 될 수 있습니다.,법률,처벌,yes,NEEDS_EXTERNAL_VERIFICATION,"공식기관(정부·지자체·법령) 확인 후 수정 또는 ""관련 기준 변경 가능 — 공식기관 최신 내용 확인 권장"" 안내 추가",정부기관·법령 원문·지자체,,
38,2026-07-30-housing-46,https://honsamnote.co.kr/blog/2026-07-30-housing-46/,"이사 나가는 1인 가구, 복비·공과금 덤터기 없이 보증금 100% 안전하게 돌려받는 준비",P2,청소 비용: 10~20평 원룸/오피스텔 기준 10만원대 중반에서 20만원대 초반의 비용이 발생합니다.,가격,10만원,yes,NEEDS_EXTERNAL_VERIFICATION,"수치·가격 변동 여부 확인. 확인 불가 시 ""이용 전 최신 정보 확인 필요"" 안내 추가",공공기관·제조사·서비스 공식 페이지,,
39,2026-07-30-housing-46,https://honsamnote.co.kr/blog/2026-07-30-housing-46/,"이사 나가는 1인 가구, 복비·공과금 덤터기 없이 보증금 100% 안전하게 돌려받는 준비",P2,청소 비용: 10~20평 원룸/오피스텔 기준 10만원대 중반에서 20만원대 초반의 비용이 발생합니다.,가격,20만원,yes,NEEDS_EXTERNAL_VERIFICATION,"수치·가격 변동 여부 확인. 확인 불가 시 ""이용 전 최신 정보 확인 필요"" 안내 추가",공공기관·제조사·서비스 공식 페이지,,
40,2026-07-30-housing-46,https://honsamnote.co.kr/blog/2026-07-30-housing-46/,"이사 나가는 1인 가구, 복비·공과금 덤터기 없이 보증금 100% 안전하게 돌려받는 준비",P2,중개 수수료 부담: 계약서에 명시되지 않은 상황에서 누가 다음 세입자를 위한 중개 수수료를 부담할 것인지에 대한 다툼이 발생하기도 합니다.,가격,수수료 부담: 계약,yes,NEEDS_EXTERNAL_VERIFICATION,"수치·가격 변동 여부 확인. 확인 불가 시 ""이용 전 최신 정보 확인 필요"" 안내 추가",공공기관·제조사·서비스 공식 페이지,,
41,2026-07-30-housing-46,https://honsamnote.co.kr/blog/2026-07-30-housing-46/,"이사 나가는 1인 가구, 복비·공과금 덤터기 없이 보증금 100% 안전하게 돌려받는 준비",P2,비용·시간·주의사항 중개 수수료: 계약 만료 시에는 임대인이 중개 수수료를 부담하는 것이 원칙입니다.,가격,수수료: 계약,yes,NEEDS_EXTERNAL_VERIFICATION,"수치·가격 변동 여부 확인. 확인 불가 시 ""이용 전 최신 정보 확인 필요"" 안내 추가",공공기관·제조사·서비스 공식 페이지,,
52,2026-07-31-safety-72,https://honsamnote.co.kr/blog/2026-07-31-safety-72/,"장기 출장/휴가, 혼자 사는 집을 비울 때 빈집털이, 고지서 폭탄 걱정 없이 안전하게 떠나는 법",P2,이 3가지만 제대로 해도 화재， 누수， 과전력으로 인한 위험의 80% 이상은 예방할 수 있습니다.,통계,80%,yes,NEEDS_EXTERNAL_VERIFICATION,"수치·가격 변동 여부 확인. 확인 불가 시 ""이용 전 최신 정보 확인 필요"" 안내 추가",공공기관·제조사·서비스 공식 페이지,,
54,2026-08-01-housing-auto-18e480,https://honsamnote.co.kr/blog/2026-08-01-housing-auto-18e480/,"혼자 사는 직장인, 우리 집 화재·누수 걱정 끝! 내 보증금·물건 지키는 전월세 보험 똑똑하게 가입하기",P2,월 1만 원 안팎의 적은 비용으로 예기치 못한 사고 시 수천만 원의 손실을 막고， 당신의 소중한 보증금과 가재도구， 그리고 혹시 모를 배상 책임까지 든든하게 보호할 수 있는 가장 현실적이고 효율적인 대비책입니다.,가격,1만 원,yes,NEEDS_EXTERNAL_VERIFICATION,"수치·가격 변동 여부 확인. 확인 불가 시 ""이용 전 최신 정보 확인 필요"" 안내 추가",공공기관·제조사·서비스 공식 페이지,,
56,2026-08-01-housing-auto-1c1518,https://honsamnote.co.kr/blog/2026-08-01-housing-auto-1c1518/,"혼자 사는 직장인, 이사 갈 때 대형 폐기물 처리? 시간과 돈 아끼는 3가지 선택 비교",P2,비용·시간·주의사항 방법 1: 지자체 대형 폐기물 신고 비용: 품목당 수수료 (예: 작은 의자 1，000원~3，000원， 침대 1만원~2만원， 냉장고 1만원~3만원).,가격,1만원,yes,NEEDS_EXTERNAL_VERIFICATION,"수치·가격 변동 여부 확인. 확인 불가 시 ""이용 전 최신 정보 확인 필요"" 안내 추가",공공기관·제조사·서비스 공식 페이지,,
57,2026-08-01-housing-auto-1c1518,https://honsamnote.co.kr/blog/2026-08-01-housing-auto-1c1518/,"혼자 사는 직장인, 이사 갈 때 대형 폐기물 처리? 시간과 돈 아끼는 3가지 선택 비교",P2,비용·시간·주의사항 방법 1: 지자체 대형 폐기물 신고 비용: 품목당 수수료 (예: 작은 의자 1，000원~3，000원， 침대 1만원~2만원， 냉장고 1만원~3만원).,가격,2만원,yes,NEEDS_EXTERNAL_VERIFICATION,"수치·가격 변동 여부 확인. 확인 불가 시 ""이용 전 최신 정보 확인 필요"" 안내 추가",공공기관·제조사·서비스 공식 페이지,,
58,2026-08-01-housing-auto-1c1518,https://honsamnote.co.kr/blog/2026-08-01-housing-auto-1c1518/,"혼자 사는 직장인, 이사 갈 때 대형 폐기물 처리? 시간과 돈 아끼는 3가지 선택 비교",P2,비용·시간·주의사항 방법 1: 지자체 대형 폐기물 신고 비용: 품목당 수수료 (예: 작은 의자 1，000원~3，000원， 침대 1만원~2만원， 냉장고 1만원~3만원).,가격,3만원,yes,NEEDS_EXTERNAL_VERIFICATION,"수치·가격 변동 여부 확인. 확인 불가 시 ""이용 전 최신 정보 확인 필요"" 안내 추가",공공기관·제조사·서비스 공식 페이지,,
59,2026-08-01-housing-auto-1c1518,https://honsamnote.co.kr/blog/2026-08-01-housing-auto-1c1518/,"혼자 사는 직장인, 이사 갈 때 대형 폐기물 처리? 시간과 돈 아끼는 3가지 선택 비교",P2,비용·시간·주의사항 방법 1: 지자체 대형 폐기물 신고 비용: 품목당 수수료 (예: 작은 의자 1，000원~3，000원， 침대 1만원~2만원， 냉장고 1만원~3만원).,가격,"1,000원~",yes,NEEDS_EXTERNAL_VERIFICATION,"수치·가격 변동 여부 확인. 확인 불가 시 ""이용 전 최신 정보 확인 필요"" 안내 추가",공공기관·제조사·서비스 공식 페이지,,
60,2026-08-01-housing-auto-1c1518,https://honsamnote.co.kr/blog/2026-08-01-housing-auto-1c1518/,"혼자 사는 직장인, 이사 갈 때 대형 폐기물 처리? 시간과 돈 아끼는 3가지 선택 비교",P2,비용·시간·주의사항 방법 1: 지자체 대형 폐기물 신고 비용: 품목당 수수료 (예: 작은 의자 1，000원~3，000원， 침대 1만원~2만원， 냉장고 1만원~3만원).,가격,"3,000원,",yes,NEEDS_EXTERNAL_VERIFICATION,"수치·가격 변동 여부 확인. 확인 불가 시 ""이용 전 최신 정보 확인 필요"" 안내 추가",공공기관·제조사·서비스 공식 페이지,,
61,2026-08-01-housing-auto-1c1518,https://honsamnote.co.kr/blog/2026-08-01-housing-auto-1c1518/,"혼자 사는 직장인, 이사 갈 때 대형 폐기물 처리? 시간과 돈 아끼는 3가지 선택 비교",P2,비용·시간·주의사항 방법 1: 지자체 대형 폐기물 신고 비용: 품목당 수수료 (예: 작은 의자 1，000원~3，000원， 침대 1만원~2만원， 냉장고 1만원~3만원).,가격,"수수료 (예: 작은 의자 1,000",yes,NEEDS_EXTERNAL_VERIFICATION,"수치·가격 변동 여부 확인. 확인 불가 시 ""이용 전 최신 정보 확인 필요"" 안내 추가",공공기관·제조사·서비스 공식 페이지,,
69,2026-08-01-housing-auto-abec0f,https://honsamnote.co.kr/blog/2026-08-01-housing-auto-abec0f/,"내 첫 전월세 계약 만료, 집주인 무리한 요구에 당황? 계약갱신청구권으로 당당하게 대처하는 법",P2,"""이번에 보증금/월세 15% 올리든지， 아니면 이번 달까지만 살고 나가주세요."" 갑작스러운 통보에 혼자 사는 당신은 당황스럽기만 합니다.",통계,15%,yes,NEEDS_EXTERNAL_VERIFICATION,"수치·가격 변동 여부 확인. 확인 불가 시 ""이용 전 최신 정보 확인 필요"" 안내 추가",공공기관·제조사·서비스 공식 페이지,,
70,2026-08-01-housing-auto-abec0f,https://honsamnote.co.kr/blog/2026-08-01-housing-auto-abec0f/,"내 첫 전월세 계약 만료, 집주인 무리한 요구에 당황? 계약갱신청구권으로 당당하게 대처하는 법",P2,이때 가장 중요한 포인트는 임대료(보증금 또는 월세) 인상률이 최대 5%로 제한된다는 사실입니다.,통계,5%,yes,NEEDS_EXTERNAL_VERIFICATION,"수치·가격 변동 여부 확인. 확인 불가 시 ""이용 전 최신 정보 확인 필요"" 안내 추가",공공기관·제조사·서비스 공식 페이지,,
75,2026-08-01-housing-auto-ace922,https://honsamnote.co.kr/blog/2026-08-01-housing-auto-ace922/,"혼자 사는 직장인, 살던 집 주인이 바뀌었다고 연락 왔을 때? 내 보증금 지키고 계약 유지하는 똑똑한 대처법",P2,확인 방법: 인터넷등기소(대법원) 홈페이지에서 공인인증서로 열람 가능하며， 수수료는 약 700원입니다.,가격,700원입,yes,NEEDS_EXTERNAL_VERIFICATION,"수치·가격 변동 여부 확인. 확인 불가 시 ""이용 전 최신 정보 확인 필요"" 안내 추가",공공기관·제조사·서비스 공식 페이지,,
76,2026-08-01-housing-auto-ace922,https://honsamnote.co.kr/blog/2026-08-01-housing-auto-ace922/,"혼자 사는 직장인, 살던 집 주인이 바뀌었다고 연락 왔을 때? 내 보증금 지키고 계약 유지하는 똑똑한 대처법",P2,비용·시간·주의사항 비용: 등기부등본 열람 수수료 (온라인 700원).,가격,700원),yes,NEEDS_EXTERNAL_VERIFICATION,"수치·가격 변동 여부 확인. 확인 불가 시 ""이용 전 최신 정보 확인 필요"" 안내 추가",공공기관·제조사·서비스 공식 페이지,,
77,2026-08-01-housing-auto-ace922,https://honsamnote.co.kr/blog/2026-08-01-housing-auto-ace922/,"혼자 사는 직장인, 살던 집 주인이 바뀌었다고 연락 왔을 때? 내 보증금 지키고 계약 유지하는 똑똑한 대처법",P2,확인 방법: 인터넷등기소(대법원) 홈페이지에서 공인인증서로 열람 가능하며， 수수료는 약 700원입니다.,가격,수수료는 약 700,yes,NEEDS_EXTERNAL_VERIFICATION,"수치·가격 변동 여부 확인. 확인 불가 시 ""이용 전 최신 정보 확인 필요"" 안내 추가",공공기관·제조사·서비스 공식 페이지,,
78,2026-08-01-housing-auto-ace922,https://honsamnote.co.kr/blog/2026-08-01-housing-auto-ace922/,"혼자 사는 직장인, 살던 집 주인이 바뀌었다고 연락 왔을 때? 내 보증금 지키고 계약 유지하는 똑똑한 대처법",P2,비용·시간·주의사항 비용: 등기부등본 열람 수수료 (온라인 700원).,가격,수수료 (온라인 700,yes,NEEDS_EXTERNAL_VERIFICATION,"수치·가격 변동 여부 확인. 확인 불가 시 ""이용 전 최신 정보 확인 필요"" 안내 추가",공공기관·제조사·서비스 공식 페이지,,
88,2026-08-01-housing-auto-e6f8ea,https://honsamnote.co.kr/blog/2026-08-01-housing-auto-e6f8ea/,"혼자 사는 직장인, 이사 갈 때 포장·반포장·용달 이사 중 뭘 고를까? 내 상황에 맞는 최적의 선택 가이드",P2,포장이사 비용: 1인 가구 기준 50만원 ~ 100만원 이상.,가격,50만원,yes,NEEDS_EXTERNAL_VERIFICATION,"수치·가격 변동 여부 확인. 확인 불가 시 ""이용 전 최신 정보 확인 필요"" 안내 추가",공공기관·제조사·서비스 공식 페이지,,
89,2026-08-01-housing-auto-e6f8ea,https://honsamnote.co.kr/blog/2026-08-01-housing-auto-e6f8ea/,"혼자 사는 직장인, 이사 갈 때 포장·반포장·용달 이사 중 뭘 고를까? 내 상황에 맞는 최적의 선택 가이드",P2,포장이사 비용: 1인 가구 기준 50만원 ~ 100만원 이상.,가격,100만원,yes,NEEDS_EXTERNAL_VERIFICATION,"수치·가격 변동 여부 확인. 확인 불가 시 ""이용 전 최신 정보 확인 필요"" 안내 추가",공공기관·제조사·서비스 공식 페이지,,
90,2026-08-01-housing-auto-e6f8ea,https://honsamnote.co.kr/blog/2026-08-01-housing-auto-e6f8ea/,"혼자 사는 직장인, 이사 갈 때 포장·반포장·용달 이사 중 뭘 고를까? 내 상황에 맞는 최적의 선택 가이드",P2,반포장이사 비용: 1인 가구 기준 40만원 ~ 80만원 이상.,가격,40만원,yes,NEEDS_EXTERNAL_VERIFICATION,"수치·가격 변동 여부 확인. 확인 불가 시 ""이용 전 최신 정보 확인 필요"" 안내 추가",공공기관·제조사·서비스 공식 페이지,,
91,2026-08-01-housing-auto-e6f8ea,https://honsamnote.co.kr/blog/2026-08-01-housing-auto-e6f8ea/,"혼자 사는 직장인, 이사 갈 때 포장·반포장·용달 이사 중 뭘 고를까? 내 상황에 맞는 최적의 선택 가이드",P2,반포장이사 비용: 1인 가구 기준 40만원 ~ 80만원 이상.,가격,80만원,yes,NEEDS_EXTERNAL_VERIFICATION,"수치·가격 변동 여부 확인. 확인 불가 시 ""이용 전 최신 정보 확인 필요"" 안내 추가",공공기관·제조사·서비스 공식 페이지,,
92,2026-08-01-housing-auto-e6f8ea,https://honsamnote.co.kr/blog/2026-08-01-housing-auto-e6f8ea/,"혼자 사는 직장인, 이사 갈 때 포장·반포장·용달 이사 중 뭘 고를까? 내 상황에 맞는 최적의 선택 가이드",P2,용달이사 비용: 1인 가구 기준 10만원 ~ 40만원 이상.,가격,10만원,yes,NEEDS_EXTERNAL_VERIFICATION,"수치·가격 변동 여부 확인. 확인 불가 시 ""이용 전 최신 정보 확인 필요"" 안내 추가",공공기관·제조사·서비스 공식 페이지,,
114,2026-08-03-housing-auto-5b4f05,https://honsamnote.co.kr/blog/2026-08-03-housing-auto-5b4f05/,"혼자 사는 직장인, 이사 당일 보증금 못 받을 위기? 당황 말고 내 돈 지키는 3단계 대처법",P2,(총 5만원 내외) 지급명령: 인지대 (소송가액의 0.5%)， 송달료 (약 30，000원 내외).,가격,5만원,yes,NEEDS_EXTERNAL_VERIFICATION,"수치·가격 변동 여부 확인. 확인 불가 시 ""이용 전 최신 정보 확인 필요"" 안내 추가",공공기관·제조사·서비스 공식 페이지,,
115,2026-08-03-housing-auto-5b4f05,https://honsamnote.co.kr/blog/2026-08-03-housing-auto-5b4f05/,"혼자 사는 직장인, 이사 당일 보증금 못 받을 위기? 당황 말고 내 돈 지키는 3단계 대처법",P2,비용·시간·주의사항 💰 비용 내용증명: 우편료 약 3，000~5，000원 선.,가격,"5,000원 ",yes,NEEDS_EXTERNAL_VERIFICATION,"수치·가격 변동 여부 확인. 확인 불가 시 ""이용 전 최신 정보 확인 필요"" 안내 추가",공공기관·제조사·서비스 공식 페이지,,
116,2026-08-03-housing-auto-5b4f05,https://honsamnote.co.kr/blog/2026-08-03-housing-auto-5b4f05/,"혼자 사는 직장인, 이사 당일 보증금 못 받을 위기? 당황 말고 내 돈 지키는 3단계 대처법",P2,(페이지 수에 따라 변동) 임차권등기명령: 인지대 약 5，000원， 송달료 약 30，000원 내외， 등록면허세/지방교육세 약 10，000원 내외.,가격,"5,000원,",yes,NEEDS_EXTERNAL_VERIFICATION,"수치·가격 변동 여부 확인. 확인 불가 시 ""이용 전 최신 정보 확인 필요"" 안내 추가",공공기관·제조사·서비스 공식 페이지,,
117,2026-08-03-housing-auto-5b4f05,https://honsamnote.co.kr/blog/2026-08-03-housing-auto-5b4f05/,"혼자 사는 직장인, 이사 당일 보증금 못 받을 위기? 당황 말고 내 돈 지키는 3단계 대처법",P2,(페이지 수에 따라 변동) 임차권등기명령: 인지대 약 5，000원， 송달료 약 30，000원 내외， 등록면허세/지방교육세 약 10，000원 내외.,가격,"30,000원 ",yes,NEEDS_EXTERNAL_VERIFICATION,"수치·가격 변동 여부 확인. 확인 불가 시 ""이용 전 최신 정보 확인 필요"" 안내 추가",공공기관·제조사·서비스 공식 페이지,,
118,2026-08-03-housing-auto-5b4f05,https://honsamnote.co.kr/blog/2026-08-03-housing-auto-5b4f05/,"혼자 사는 직장인, 이사 당일 보증금 못 받을 위기? 당황 말고 내 돈 지키는 3단계 대처법",P2,(페이지 수에 따라 변동) 임차권등기명령: 인지대 약 5，000원， 송달료 약 30，000원 내외， 등록면허세/지방교육세 약 10，000원 내외.,가격,"10,000원 ",yes,NEEDS_EXTERNAL_VERIFICATION,"수치·가격 변동 여부 확인. 확인 불가 시 ""이용 전 최신 정보 확인 필요"" 안내 추가",공공기관·제조사·서비스 공식 페이지,,
119,2026-08-03-housing-auto-5b4f05,https://honsamnote.co.kr/blog/2026-08-03-housing-auto-5b4f05/,"혼자 사는 직장인, 이사 당일 보증금 못 받을 위기? 당황 말고 내 돈 지키는 3단계 대처법",P2,(총 5만원 내외) 지급명령: 인지대 (소송가액의 0.5%)， 송달료 (약 30，000원 내외).,통계,0.5%,yes,NEEDS_EXTERNAL_VERIFICATION,"수치·가격 변동 여부 확인. 확인 불가 시 ""이용 전 최신 정보 확인 필요"" 안내 추가",공공기관·제조사·서비스 공식 페이지,,
120,2026-08-03-housing-auto-5b4f05,https://honsamnote.co.kr/blog/2026-08-03-housing-auto-5b4f05/,"혼자 사는 직장인, 이사 당일 보증금 못 받을 위기? 당황 말고 내 돈 지키는 3단계 대처법",P2,보증금반환청구소송: 인지대 (소송가액의 1% 이내)， 송달료 (약 30，000원 내외)， 변호사 선임 시 수백만 원 추가.,통계,1%,yes,NEEDS_EXTERNAL_VERIFICATION,"수치·가격 변동 여부 확인. 확인 불가 시 ""이용 전 최신 정보 확인 필요"" 안내 추가",공공기관·제조사·서비스 공식 페이지,,
135,2026-08-03-safety-auto-7bde55,https://honsamnote.co.kr/blog/2026-08-03-safety-auto-7bde55/,"혼자 사는 당신, 주방 화재 발생 시? 소화기 vs. 소방 담요, 나에게 더 효과적인 것은?",P2,소화기와 소방 담요의 특징 비교 | 구분 | 분말 소화기 (ABC급) | 소방 담요 (K급 / 초기 A， B급) | | :--- | :--- | :--- | | 주요 진압 대상 | 일반(종이， 나무)， 유류(휘발유， 알코올)， 전기(가전제품) 화재 | 식용유 등 주방 유류 화재， 초기 일반 화재 | | 진압 방식 | 분말 약제를 분사하여 산소 차단 및 냉각,가격,5만원,yes,NEEDS_EXTERNAL_VERIFICATION,"수치·가격 변동 여부 확인. 확인 불가 시 ""이용 전 최신 정보 확인 필요"" 안내 추가",공공기관·제조사·서비스 공식 페이지,,
136,2026-08-03-safety-auto-7bde55,https://honsamnote.co.kr/blog/2026-08-03-safety-auto-7bde55/,"혼자 사는 당신, 주방 화재 발생 시? 소화기 vs. 소방 담요, 나에게 더 효과적인 것은?",P2,소화기와 소방 담요의 특징 비교 | 구분 | 분말 소화기 (ABC급) | 소방 담요 (K급 / 초기 A， B급) | | :--- | :--- | :--- | | 주요 진압 대상 | 일반(종이， 나무)， 유류(휘발유， 알코올)， 전기(가전제품) 화재 | 식용유 등 주방 유류 화재， 초기 일반 화재 | | 진압 방식 | 분말 약제를 분사하여 산소 차단 및 냉각,가격,4만원,yes,NEEDS_EXTERNAL_VERIFICATION,"수치·가격 변동 여부 확인. 확인 불가 시 ""이용 전 최신 정보 확인 필요"" 안내 추가",공공기관·제조사·서비스 공식 페이지,,
137,2026-08-03-safety-auto-7bde55,https://honsamnote.co.kr/blog/2026-08-03-safety-auto-7bde55/,"혼자 사는 당신, 주방 화재 발생 시? 소화기 vs. 소방 담요, 나에게 더 효과적인 것은?",P2,비용·시간·주의사항 💰 비용 소방 담요: 20，000원 ~ 40，000원대 (보관 케이스 포함) 소화기 (3.3kg 가정용): 20，000원 ~ 50，000원대 (배송비 별도) ⏰ 시간 구매 및 설치: 온라인 구매 시 2~3일 소요.,가격,"20,000원 ",yes,NEEDS_EXTERNAL_VERIFICATION,"수치·가격 변동 여부 확인. 확인 불가 시 ""이용 전 최신 정보 확인 필요"" 안내 추가",공공기관·제조사·서비스 공식 페이지,,
138,2026-08-03-safety-auto-7bde55,https://honsamnote.co.kr/blog/2026-08-03-safety-auto-7bde55/,"혼자 사는 당신, 주방 화재 발생 시? 소화기 vs. 소방 담요, 나에게 더 효과적인 것은?",P2,비용·시간·주의사항 💰 비용 소방 담요: 20，000원 ~ 40，000원대 (보관 케이스 포함) 소화기 (3.3kg 가정용): 20，000원 ~ 50，000원대 (배송비 별도) ⏰ 시간 구매 및 설치: 온라인 구매 시 2~3일 소요.,가격,"40,000원대",yes,NEEDS_EXTERNAL_VERIFICATION,"수치·가격 변동 여부 확인. 확인 불가 시 ""이용 전 최신 정보 확인 필요"" 안내 추가",공공기관·제조사·서비스 공식 페이지,,
139,2026-08-03-safety-auto-7bde55,https://honsamnote.co.kr/blog/2026-08-03-safety-auto-7bde55/,"혼자 사는 당신, 주방 화재 발생 시? 소화기 vs. 소방 담요, 나에게 더 효과적인 것은?",P2,비용·시간·주의사항 💰 비용 소방 담요: 20，000원 ~ 40，000원대 (보관 케이스 포함) 소화기 (3.3kg 가정용): 20，000원 ~ 50，000원대 (배송비 별도) ⏰ 시간 구매 및 설치: 온라인 구매 시 2~3일 소요.,가격,"50,000원대",yes,NEEDS_EXTERNAL_VERIFICATION,"수치·가격 변동 여부 확인. 확인 불가 시 ""이용 전 최신 정보 확인 필요"" 안내 추가",공공기관·제조사·서비스 공식 페이지,,
142,2026-08-04-housing-auto-cbaa3c,https://honsamnote.co.kr/blog/2026-08-04-housing-auto-cbaa3c/,"혼자 사는 직장인, 첫 집 계약 전세 vs 월세? 내 돈 아끼는 현명한 선택 가이드",P2,예를 들어， 월세 50만 원이 매달 나간다면 2년간 총 1，200만 원입니다.,가격,50만 원,yes,NEEDS_EXTERNAL_VERIFICATION,"수치·가격 변동 여부 확인. 확인 불가 시 ""이용 전 최신 정보 확인 필요"" 안내 추가",공공기관·제조사·서비스 공식 페이지,,
143,2026-08-04-housing-auto-cbaa3c,https://honsamnote.co.kr/blog/2026-08-04-housing-auto-cbaa3c/,"혼자 사는 직장인, 첫 집 계약 전세 vs 월세? 내 돈 아끼는 현명한 선택 가이드",P2,예를 들어， 월세 50만 원이 매달 나간다면 2년간 총 1，200만 원입니다.,가격,"1,200만 원",yes,NEEDS_EXTERNAL_VERIFICATION,"수치·가격 변동 여부 확인. 확인 불가 시 ""이용 전 최신 정보 확인 필요"" 안내 추가",공공기관·제조사·서비스 공식 페이지,,
144,2026-08-04-housing-auto-cbaa3c,https://honsamnote.co.kr/blog/2026-08-04-housing-auto-cbaa3c/,"혼자 사는 직장인, 첫 집 계약 전세 vs 월세? 내 돈 아끼는 현명한 선택 가이드",P2,(예: 1억 원 전세 시 연 5만~12만원) 이사 비용: 이사 방식에 따라 수십만 원에서 1백만 원 이상.,가격,12만원,yes,NEEDS_EXTERNAL_VERIFICATION,"수치·가격 변동 여부 확인. 확인 불가 시 ""이용 전 최신 정보 확인 필요"" 안내 추가",공공기관·제조사·서비스 공식 페이지,,
145,2026-08-04-housing-auto-cbaa3c,https://honsamnote.co.kr/blog/2026-08-04-housing-auto-cbaa3c/,"혼자 사는 직장인, 첫 집 계약 전세 vs 월세? 내 돈 아끼는 현명한 선택 가이드",P2,(매매가의 0.3~0.5% 수준， 상한 요율 내에서 협의) 전세금 반환보증보험료: 보증금액에 따라 연간 0.05~0.12% 수준으로 발생합니다.,통계,0.5%,yes,NEEDS_EXTERNAL_VERIFICATION,"수치·가격 변동 여부 확인. 확인 불가 시 ""이용 전 최신 정보 확인 필요"" 안내 추가",공공기관·제조사·서비스 공식 페이지,,
146,2026-08-04-housing-auto-cbaa3c,https://honsamnote.co.kr/blog/2026-08-04-housing-auto-cbaa3c/,"혼자 사는 직장인, 첫 집 계약 전세 vs 월세? 내 돈 아끼는 현명한 선택 가이드",P2,(매매가의 0.3~0.5% 수준， 상한 요율 내에서 협의) 전세금 반환보증보험료: 보증금액에 따라 연간 0.05~0.12% 수준으로 발생합니다.,통계,0.12%,yes,NEEDS_EXTERNAL_VERIFICATION,"수치·가격 변동 여부 확인. 확인 불가 시 ""이용 전 최신 정보 확인 필요"" 안내 추가",공공기관·제조사·서비스 공식 페이지,,
180,2026-08-06-safety-auto-0b96ff,https://honsamnote.co.kr/blog/2026-08-06-safety-auto-0b96ff/,일산화탄소 경보기 비교｜경보기 오작동,P2,새 경보기 구매 비용: 일산화탄소 경보기는 2만 원대부터 10만 원대까지 다양합니다.,가격,2만 원,yes,NEEDS_EXTERNAL_VERIFICATION,"수치·가격 변동 여부 확인. 확인 불가 시 ""이용 전 최신 정보 확인 필요"" 안내 추가",공공기관·제조사·서비스 공식 페이지,,
181,2026-08-06-safety-auto-0b96ff,https://honsamnote.co.kr/blog/2026-08-06-safety-auto-0b96ff/,일산화탄소 경보기 비교｜경보기 오작동,P2,새 경보기 구매 비용: 일산화탄소 경보기는 2만 원대부터 10만 원대까지 다양합니다.,가격,10만 원,yes,NEEDS_EXTERNAL_VERIFICATION,"수치·가격 변동 여부 확인. 확인 불가 시 ""이용 전 최신 정보 확인 필요"" 안내 추가",공공기관·제조사·서비스 공식 페이지,,
182,2026-08-06-safety-auto-0b96ff,https://honsamnote.co.kr/blog/2026-08-06-safety-auto-0b96ff/,일산화탄소 경보기 비교｜경보기 오작동,P2,비용·시간·주의사항 배터리 교체 비용 및 시간: AA/AAA 건전지는 1개당 1，000~2，000원 내외이며， 교체는 1~2분이면 충분합니다.,가격,"2,000원 ",yes,NEEDS_EXTERNAL_VERIFICATION,"수치·가격 변동 여부 확인. 확인 불가 시 ""이용 전 최신 정보 확인 필요"" 안내 추가",공공기관·제조사·서비스 공식 페이지,,
184,2026-08-06-safety-auto-97b7d5,https://honsamnote.co.kr/blog/2026-08-06-safety-auto-97b7d5/,지갑 잃어버렸을 때 해결 방법｜신분증 분실,P2,주민등록증 재발급 수수료: 5，000원 정도 (사진 별도).,가격,"5,000원 ",yes,NEEDS_EXTERNAL_VERIFICATION,"수치·가격 변동 여부 확인. 확인 불가 시 ""이용 전 최신 정보 확인 필요"" 안내 추가",공공기관·제조사·서비스 공식 페이지,,
185,2026-08-06-safety-auto-97b7d5,https://honsamnote.co.kr/blog/2026-08-06-safety-auto-97b7d5/,지갑 잃어버렸을 때 해결 방법｜신분증 분실,P2,운전면허증 재발급 수수료: 8，000원 (국문)， 10，000원 (영문， 모바일 겸용).,가격,"8,000원 ",yes,NEEDS_EXTERNAL_VERIFICATION,"수치·가격 변동 여부 확인. 확인 불가 시 ""이용 전 최신 정보 확인 필요"" 안내 추가",공공기관·제조사·서비스 공식 페이지,,
186,2026-08-06-safety-auto-97b7d5,https://honsamnote.co.kr/blog/2026-08-06-safety-auto-97b7d5/,지갑 잃어버렸을 때 해결 방법｜신분증 분실,P2,운전면허증 재발급 수수료: 8，000원 (국문)， 10，000원 (영문， 모바일 겸용).,가격,"10,000원 ",yes,NEEDS_EXTERNAL_VERIFICATION,"수치·가격 변동 여부 확인. 확인 불가 시 ""이용 전 최신 정보 확인 필요"" 안내 추가",공공기관·제조사·서비스 공식 페이지,,
187,2026-08-06-safety-auto-97b7d5,https://honsamnote.co.kr/blog/2026-08-06-safety-auto-97b7d5/,지갑 잃어버렸을 때 해결 방법｜신분증 분실,P2,주민등록증 재발급 수수료: 5，000원 정도 (사진 별도).,가격,"수수료: 5,000",yes,NEEDS_EXTERNAL_VERIFICATION,"수치·가격 변동 여부 확인. 확인 불가 시 ""이용 전 최신 정보 확인 필요"" 안내 추가",공공기관·제조사·서비스 공식 페이지,,
188,2026-08-06-safety-auto-97b7d5,https://honsamnote.co.kr/blog/2026-08-06-safety-auto-97b7d5/,지갑 잃어버렸을 때 해결 방법｜신분증 분실,P2,운전면허증 재발급 수수료: 8，000원 (국문)， 10，000원 (영문， 모바일 겸용).,가격,"수수료: 8,000원 (국문), 10",yes,NEEDS_EXTERNAL_VERIFICATION,"수치·가격 변동 여부 확인. 확인 불가 시 ""이용 전 최신 정보 확인 필요"" 안내 추가",공공기관·제조사·서비스 공식 페이지,,
199,2026-08-07-housing-auto-baa8f0,https://honsamnote.co.kr/blog/2026-08-07-housing-auto-baa8f0/,"혼자 사는 직장인, 습한 내 방에 곰팡이가 피었다면? 덮어두지 말고 원인 찾아 건강 지키는 현실 해결책",P2,비용·시간·주의사항 DIY 곰팡이 제거: 비용: 시판 곰팡이 제거제 5천원~2만원， 락스 3천원 내외.,가격,2만원,yes,NEEDS_EXTERNAL_VERIFICATION,"수치·가격 변동 여부 확인. 확인 불가 시 ""이용 전 최신 정보 확인 필요"" 안내 추가",공공기관·제조사·서비스 공식 페이지,,
200,2026-08-07-housing-auto-baa8f0,https://honsamnote.co.kr/blog/2026-08-07-housing-auto-baa8f0/,"혼자 사는 직장인, 습한 내 방에 곰팡이가 피었다면? 덮어두지 말고 원인 찾아 건강 지키는 현실 해결책",P2,전문가 진단 및 수리 (건물 하자 시): 비용: 누수 탐지 10만~30만원， 단열 진단 20만~50만원， 곰팡이 전문 제거 업체 수십만 원 이상 (면적， 원인에 따라 크게 상이).,가격,30만원,yes,NEEDS_EXTERNAL_VERIFICATION,"수치·가격 변동 여부 확인. 확인 불가 시 ""이용 전 최신 정보 확인 필요"" 안내 추가",공공기관·제조사·서비스 공식 페이지,,
201,2026-08-07-housing-auto-baa8f0,https://honsamnote.co.kr/blog/2026-08-07-housing-auto-baa8f0/,"혼자 사는 직장인, 습한 내 방에 곰팡이가 피었다면? 덮어두지 말고 원인 찾아 건강 지키는 현실 해결책",P2,전문가 진단 및 수리 (건물 하자 시): 비용: 누수 탐지 10만~30만원， 단열 진단 20만~50만원， 곰팡이 전문 제거 업체 수십만 원 이상 (면적， 원인에 따라 크게 상이).,가격,50만원,yes,NEEDS_EXTERNAL_VERIFICATION,"수치·가격 변동 여부 확인. 확인 불가 시 ""이용 전 최신 정보 확인 필요"" 안내 추가",공공기관·제조사·서비스 공식 페이지,,
202,2026-08-07-housing-auto-baa8f0,https://honsamnote.co.kr/blog/2026-08-07-housing-auto-baa8f0/,"혼자 사는 직장인, 습한 내 방에 곰팡이가 피었다면? 덮어두지 말고 원인 찾아 건강 지키는 현실 해결책",P2,(벽지 손상 주의) 예방: 제습기 사용， 실내 적정 습도(50~60%) 유지， 꾸준한 환기(특히 요리/샤워 후)， 가구를 벽에서 5~10cm 띄우기， 곰팡이 방지 페인트/시트지 활용 등을 실천합니다.,통계,60%,yes,NEEDS_EXTERNAL_VERIFICATION,"수치·가격 변동 여부 확인. 확인 불가 시 ""이용 전 최신 정보 확인 필요"" 안내 추가",공공기관·제조사·서비스 공식 페이지,,
246,2026-08-11-housing-auto-a2f088,https://honsamnote.co.kr/blog/2026-08-11-housing-auto-a2f088/,문제성 집 체크리스트｜전월세 계약,P2,"""임대인은 임차인의 전세 보증금 반환을 위해 해당 주택에 설정된 근저당권을 말소하고 잔금 지급일까지 보증금보다 선순위 채권이 없도록 한다."" (전세 시) ""도배， 장판 등 기본적인 시설물 보수는 임대인이 책임진다."" (노후 주택의 경우) ""누수， 보일러 고장 등 중요 시설물의 하자가 발생할 경우， 임대인이 즉시 수리하고 비용을 부담한다."" 비용·시간·주의사",가격,"1,000원 ",yes,NEEDS_EXTERNAL_VERIFICATION,"수치·가격 변동 여부 확인. 확인 불가 시 ""이용 전 최신 정보 확인 필요"" 안내 추가",공공기관·제조사·서비스 공식 페이지,,
247,2026-08-11-housing-auto-a2f088,https://honsamnote.co.kr/blog/2026-08-11-housing-auto-a2f088/,문제성 집 체크리스트｜전월세 계약,P2,아무리 신뢰가 가는 중개사라도， 본인의 이익과 당신의 이익이 100% 일치하지 않을 수 있다는 점을 인지해야 합니다.,통계,100%,yes,NEEDS_EXTERNAL_VERIFICATION,"수치·가격 변동 여부 확인. 확인 불가 시 ""이용 전 최신 정보 확인 필요"" 안내 추가",공공기관·제조사·서비스 공식 페이지,,
258,2026-08-12-housing-auto-f420ec,https://honsamnote.co.kr/blog/2026-08-12-housing-auto-f420ec/,"혼자 사는 직장인, 집주인이 몰래 문 따고 들어왔다면? 내 사생활과 보증금 지키는 똑똑한 대처법",P2,주거침입죄는 3년 이하의 징역 또는 500만원 이하의 벌금에 처해질 수 있는 범죄입니다.,가격,500만원,yes,NEEDS_EXTERNAL_VERIFICATION,"수치·가격 변동 여부 확인. 확인 불가 시 ""이용 전 최신 정보 확인 필요"" 안내 추가",공공기관·제조사·서비스 공식 페이지,,
259,2026-08-12-housing-auto-f420ec,https://honsamnote.co.kr/blog/2026-08-12-housing-auto-f420ec/,"혼자 사는 직장인, 집주인이 몰래 문 따고 들어왔다면? 내 사생활과 보증금 지키는 똑똑한 대처법",P2,법률 자문: 주택임대차분쟁조정위원회 신청 수수료 (저렴)， 대한법률구조공단 무료 상담， 변호사 유료 상담 (시간당 10~20만원 이상).,가격,20만원,yes,NEEDS_EXTERNAL_VERIFICATION,"수치·가격 변동 여부 확인. 확인 불가 시 ""이용 전 최신 정보 확인 필요"" 안내 추가",공공기관·제조사·서비스 공식 페이지,,
265,2026-08-13-housing-auto-0fa740,https://honsamnote.co.kr/blog/2026-08-13-housing-auto-0fa740/,"혼자 사는 직장인, 보증금 떼일까 불안하다면? 전월세 보증보험 vs 셀프 대비, 내 돈 지키는 현명한 선택 가이드",P2,(예: 500만원 이하) 집주인의 재정 상태가 매우 건실하고 신뢰도가 높은 경우: 집주인이 법인이나 국가기관 등 공신력 있는 주체이며， 담보대출 등 위험 요소가 거의 없는 경우.,가격,500만원,yes,NEEDS_EXTERNAL_VERIFICATION,"수치·가격 변동 여부 확인. 확인 불가 시 ""이용 전 최신 정보 확인 필요"" 안내 추가",공공기관·제조사·서비스 공식 페이지,,
266,2026-08-13-housing-auto-0fa740,https://honsamnote.co.kr/blog/2026-08-13-housing-auto-0fa740/,"혼자 사는 직장인, 보증금 떼일까 불안하다면? 전월세 보증보험 vs 셀프 대비, 내 돈 지키는 현명한 선택 가이드",P2,예를 들어， 전세금 1억 원 기준 연 10만 원~20만 원 내외입니다.,가격,10만 원,yes,NEEDS_EXTERNAL_VERIFICATION,"수치·가격 변동 여부 확인. 확인 불가 시 ""이용 전 최신 정보 확인 필요"" 안내 추가",공공기관·제조사·서비스 공식 페이지,,
267,2026-08-13-housing-auto-0fa740,https://honsamnote.co.kr/blog/2026-08-13-housing-auto-0fa740/,"혼자 사는 직장인, 보증금 떼일까 불안하다면? 전월세 보증보험 vs 셀프 대비, 내 돈 지키는 현명한 선택 가이드",P2,예를 들어， 전세금 1억 원 기준 연 10만 원~20만 원 내외입니다.,가격,20만 원,yes,NEEDS_EXTERNAL_VERIFICATION,"수치·가격 변동 여부 확인. 확인 불가 시 ""이용 전 최신 정보 확인 필요"" 안내 추가",공공기관·제조사·서비스 공식 페이지,,
268,2026-08-13-housing-auto-0fa740,https://honsamnote.co.kr/blog/2026-08-13-housing-auto-0fa740/,"혼자 사는 직장인, 보증금 떼일까 불안하다면? 전월세 보증보험 vs 셀프 대비, 내 돈 지키는 현명한 선택 가이드",P2,서류 발급 비용: 등기부등본 발급(약 700원~1，000원)， 전입세대 열람(약 300원) 등 소소한 비용이 발생합니다.,가격,700원~,yes,NEEDS_EXTERNAL_VERIFICATION,"수치·가격 변동 여부 확인. 확인 불가 시 ""이용 전 최신 정보 확인 필요"" 안내 추가",공공기관·제조사·서비스 공식 페이지,,
269,2026-08-13-housing-auto-0fa740,https://honsamnote.co.kr/blog/2026-08-13-housing-auto-0fa740/,"혼자 사는 직장인, 보증금 떼일까 불안하다면? 전월세 보증보험 vs 셀프 대비, 내 돈 지키는 현명한 선택 가이드",P2,서류 발급 비용: 등기부등본 발급(약 700원~1，000원)， 전입세대 열람(약 300원) 등 소소한 비용이 발생합니다.,가격,"1,000원)",yes,NEEDS_EXTERNAL_VERIFICATION,"수치·가격 변동 여부 확인. 확인 불가 시 ""이용 전 최신 정보 확인 필요"" 안내 추가",공공기관·제조사·서비스 공식 페이지,,
270,2026-08-13-housing-auto-0fa740,https://honsamnote.co.kr/blog/2026-08-13-housing-auto-0fa740/,"혼자 사는 직장인, 보증금 떼일까 불안하다면? 전월세 보증보험 vs 셀프 대비, 내 돈 지키는 현명한 선택 가이드",P2,서류 발급 비용: 등기부등본 발급(약 700원~1，000원)， 전입세대 열람(약 300원) 등 소소한 비용이 발생합니다.,가격,300원),yes,NEEDS_EXTERNAL_VERIFICATION,"수치·가격 변동 여부 확인. 확인 불가 시 ""이용 전 최신 정보 확인 필요"" 안내 추가",공공기관·제조사·서비스 공식 페이지,,
271,2026-08-13-housing-auto-0fa740,https://honsamnote.co.kr/blog/2026-08-13-housing-auto-0fa740/,"혼자 사는 직장인, 보증금 떼일까 불안하다면? 전월세 보증보험 vs 셀프 대비, 내 돈 지키는 현명한 선택 가이드",P2,비용·시간·주의사항 💰 비용: 보증보험료: 보증금액의 연 0.1% ~ 0.2% 수준 (기관 및 보증금액， 주택 유형 등에 따라 다름).,통계,0.1%,yes,NEEDS_EXTERNAL_VERIFICATION,"수치·가격 변동 여부 확인. 확인 불가 시 ""이용 전 최신 정보 확인 필요"" 안내 추가",공공기관·제조사·서비스 공식 페이지,,
272,2026-08-13-housing-auto-0fa740,https://honsamnote.co.kr/blog/2026-08-13-housing-auto-0fa740/,"혼자 사는 직장인, 보증금 떼일까 불안하다면? 전월세 보증보험 vs 셀프 대비, 내 돈 지키는 현명한 선택 가이드",P2,비용·시간·주의사항 💰 비용: 보증보험료: 보증금액의 연 0.1% ~ 0.2% 수준 (기관 및 보증금액， 주택 유형 등에 따라 다름).,통계,0.2%,yes,NEEDS_EXTERNAL_VERIFICATION,"수치·가격 변동 여부 확인. 확인 불가 시 ""이용 전 최신 정보 확인 필요"" 안내 추가",공공기관·제조사·서비스 공식 페이지,,
276,2026-08-14-housing-auto-189ec3,https://honsamnote.co.kr/blog/2026-08-14-housing-auto-189ec3/,"혼자 사는 직장인, 이사/대청소 앞둔 대형 폐기물 처리! 비용 아끼고 깔끔하게 끝내는 현실 가이드",P2,폐기물 처리 전문 업체: 최소 5만원에서 부피와 종류에 따라 수십만원까지 발생할 수 있습니다.,가격,5만원,yes,NEEDS_EXTERNAL_VERIFICATION,"수치·가격 변동 여부 확인. 확인 불가 시 ""이용 전 최신 정보 확인 필요"" 안내 추가",공공기관·제조사·서비스 공식 페이지,,
277,2026-08-14-housing-auto-189ec3,https://honsamnote.co.kr/blog/2026-08-14-housing-auto-189ec3/,"혼자 사는 직장인, 이사/대청소 앞둔 대형 폐기물 처리! 비용 아끼고 깔끔하게 끝내는 현실 가이드",P2,무단 투기 시 폐기물관리법에 따라 최대 100만원 이하의 과태료가 부과될 수 있습니다.,가격,100만원,yes,NEEDS_EXTERNAL_VERIFICATION,"수치·가격 변동 여부 확인. 확인 불가 시 ""이용 전 최신 정보 확인 필요"" 안내 추가",공공기관·제조사·서비스 공식 페이지,,
278,2026-08-14-housing-auto-189ec3,https://honsamnote.co.kr/blog/2026-08-14-housing-auto-189ec3/,"혼자 사는 직장인, 이사/대청소 앞둔 대형 폐기물 처리! 비용 아끼고 깔끔하게 끝내는 현실 가이드",P2,비용·시간·주의사항 비용: 지자체 대형폐기물 스티커: 품목별로 상이하며， 일반적으로 1，000원(작은 의자)에서 20，000원(대형 침대， 소파) 수준입니다.,가격,"1,000원(",yes,NEEDS_EXTERNAL_VERIFICATION,"수치·가격 변동 여부 확인. 확인 불가 시 ""이용 전 최신 정보 확인 필요"" 안내 추가",공공기관·제조사·서비스 공식 페이지,,
279,2026-08-14-housing-auto-189ec3,https://honsamnote.co.kr/blog/2026-08-14-housing-auto-189ec3/,"혼자 사는 직장인, 이사/대청소 앞둔 대형 폐기물 처리! 비용 아끼고 깔끔하게 끝내는 현실 가이드",P2,비용·시간·주의사항 비용: 지자체 대형폐기물 스티커: 품목별로 상이하며， 일반적으로 1，000원(작은 의자)에서 20，000원(대형 침대， 소파) 수준입니다.,가격,"20,000원(",yes,NEEDS_EXTERNAL_VERIFICATION,"수치·가격 변동 여부 확인. 확인 불가 시 ""이용 전 최신 정보 확인 필요"" 안내 추가",공공기관·제조사·서비스 공식 페이지,,
280,2026-08-14-housing-auto-189ec3,https://honsamnote.co.kr/blog/2026-08-14-housing-auto-189ec3/,"혼자 사는 직장인, 이사/대청소 앞둔 대형 폐기물 처리! 비용 아끼고 깔끔하게 끝내는 현실 가이드",P2,폐가전 무상 방문 수거 서비스: 0원 (무료).,가격,0원 ,yes,NEEDS_EXTERNAL_VERIFICATION,"수치·가격 변동 여부 확인. 확인 불가 시 ""이용 전 최신 정보 확인 필요"" 안내 추가",공공기관·제조사·서비스 공식 페이지,,
291,2026-07-29-cost-1,https://honsamnote.co.kr/blog/2026-07-29-cost-1/,"월급날 한숨만? 1인 가구 직장인의 한 달 고정비, 이대로 따라 하면 무조건 줄어듭니다",P2,"남과 비교하며 무리하게 줄이는 방법: ""누구는 월세 30만 원으로 살던데"" 식의 비교는 금물입니다.",가격,30만 원,yes,NEEDS_EXTERNAL_VERIFICATION,"수치·가격 변동 여부 확인. 확인 불가 시 ""이용 전 최신 정보 확인 필요"" 안내 추가",공공기관·제조사·서비스 공식 페이지,,
292,2026-07-29-cost-1,https://honsamnote.co.kr/blog/2026-07-29-cost-1/,"월급날 한숨만? 1인 가구 직장인의 한 달 고정비, 이대로 따라 하면 무조건 줄어듭니다",P2,공공지원 주택 정보 확인: 청년/신혼부부 전세자금 대출， 행복주택， 청년주택 등 지자체나 LH에서 제공하는 주거 지원 사업을 확인하여 본인에게 맞는 혜택을 찾아보세요.,행정,지원 사업,yes,NEEDS_EXTERNAL_VERIFICATION,"수치·가격 변동 여부 확인. 확인 불가 시 ""이용 전 최신 정보 확인 필요"" 안내 추가",공공기관·제조사·서비스 공식 페이지,,
293,2026-07-29-cost-1,https://honsamnote.co.kr/blog/2026-07-29-cost-1/,"월급날 한숨만? 1인 가구 직장인의 한 달 고정비, 이대로 따라 하면 무조건 줄어듭니다",P2,시간: 초기 파악 및 정리: 모든 고정비를 파악하고 목록화하는 데 약 1~2시간 정도 소요됩니다.,통계,약 1,yes,NEEDS_EXTERNAL_VERIFICATION,"수치·가격 변동 여부 확인. 확인 불가 시 ""이용 전 최신 정보 확인 필요"" 안내 추가",공공기관·제조사·서비스 공식 페이지,,
294,2026-07-30-cost-3,https://honsamnote.co.kr/blog/2026-07-30-cost-3/,"혼자 사는 직장인, 통신비 월 2만원 아끼는 알뜰폰+인터넷 vs 3사 결합, 현명한 선택 가이드",P2,TV/IPTV: TV를 거의 보지 않거나 스마트 TV의 OTT 앱으로 충분하다면 IPTV는 과감히 제외하여 월 1~2만원의 비용을 절감할 수 있습니다.,가격,2만원,yes,NEEDS_EXTERNAL_VERIFICATION,"수치·가격 변동 여부 확인. 확인 불가 시 ""이용 전 최신 정보 확인 필요"" 안내 추가",공공기관·제조사·서비스 공식 페이지,,
295,2026-07-30-cost-3,https://honsamnote.co.kr/blog/2026-07-30-cost-3/,"혼자 사는 직장인, 통신비 월 2만원 아끼는 알뜰폰+인터넷 vs 3사 결합, 현명한 선택 가이드",P2,"비용·시간·주의사항예상 비용 절감 및 소요 시간 예상 비용 절감: 개인의 사용량과 현재 요금제에 따라 다르지만， 월 1만 원에서 3만 원 이상을 절약할 수 있습니다.",가격,1만 원,yes,NEEDS_EXTERNAL_VERIFICATION,"수치·가격 변동 여부 확인. 확인 불가 시 ""이용 전 최신 정보 확인 필요"" 안내 추가",공공기관·제조사·서비스 공식 페이지,,
296,2026-07-30-cost-3,https://honsamnote.co.kr/blog/2026-07-30-cost-3/,"혼자 사는 직장인, 통신비 월 2만원 아끼는 알뜰폰+인터넷 vs 3사 결합, 현명한 선택 가이드",P2,"비용·시간·주의사항예상 비용 절감 및 소요 시간 예상 비용 절감: 개인의 사용량과 현재 요금제에 따라 다르지만， 월 1만 원에서 3만 원 이상을 절약할 수 있습니다.",가격,3만 원,yes,NEEDS_EXTERNAL_VERIFICATION,"수치·가격 변동 여부 확인. 확인 불가 시 ""이용 전 최신 정보 확인 필요"" 안내 추가",공공기관·제조사·서비스 공식 페이지,,
297,2026-07-30-cost-3,https://honsamnote.co.kr/blog/2026-07-30-cost-3/,"혼자 사는 직장인, 통신비 월 2만원 아끼는 알뜰폰+인터넷 vs 3사 결합, 현명한 선택 가이드",P2,연간으로 따지면 12만 원에서 36만 원 이상， 3년 약정 기준으로는 36만 원에서 100만 원 이상을 아낄 수 있는 셈입니다.,가격,12만 원,yes,NEEDS_EXTERNAL_VERIFICATION,"수치·가격 변동 여부 확인. 확인 불가 시 ""이용 전 최신 정보 확인 필요"" 안내 추가",공공기관·제조사·서비스 공식 페이지,,
298,2026-07-30-cost-3,https://honsamnote.co.kr/blog/2026-07-30-cost-3/,"혼자 사는 직장인, 통신비 월 2만원 아끼는 알뜰폰+인터넷 vs 3사 결합, 현명한 선택 가이드",P2,연간으로 따지면 12만 원에서 36만 원 이상， 3년 약정 기준으로는 36만 원에서 100만 원 이상을 아낄 수 있는 셈입니다.,가격,36만 원,yes,NEEDS_EXTERNAL_VERIFICATION,"수치·가격 변동 여부 확인. 확인 불가 시 ""이용 전 최신 정보 확인 필요"" 안내 추가",공공기관·제조사·서비스 공식 페이지,,
299,2026-07-30-cost-3,https://honsamnote.co.kr/blog/2026-07-30-cost-3/,"혼자 사는 직장인, 통신비 월 2만원 아끼는 알뜰폰+인터넷 vs 3사 결합, 현명한 선택 가이드",P2,연간으로 따지면 12만 원에서 36만 원 이상， 3년 약정 기준으로는 36만 원에서 100만 원 이상을 아낄 수 있는 셈입니다.,가격,100만 원,yes,NEEDS_EXTERNAL_VERIFICATION,"수치·가격 변동 여부 확인. 확인 불가 시 ""이용 전 최신 정보 확인 필요"" 안내 추가",공공기관·제조사·서비스 공식 페이지,,
300,2026-07-30-cost-3,https://honsamnote.co.kr/blog/2026-07-30-cost-3/,"혼자 사는 직장인, 통신비 월 2만원 아끼는 알뜰폰+인터넷 vs 3사 결합, 현명한 선택 가이드",P2,(월 5，000원 할인처럼 큰 혜택이라면 유지하는 것도 고려) 6단계: 최종 시뮬레이션 및 현명한 선택 이제 3~5단계에서 모은 정보를 바탕으로 최종 비교 시뮬레이션을 진행합니다.,가격,"5,000원 ",yes,NEEDS_EXTERNAL_VERIFICATION,"수치·가격 변동 여부 확인. 확인 불가 시 ""이용 전 최신 정보 확인 필요"" 안내 추가",공공기관·제조사·서비스 공식 페이지,,
301,2026-07-30-cost-3,https://honsamnote.co.kr/blog/2026-07-30-cost-3/,"혼자 사는 직장인, 통신비 월 2만원 아끼는 알뜰폰+인터넷 vs 3사 결합, 현명한 선택 가이드",P2,인터넷: 현재 인터넷 속도(100Mbps， 500Mbps， 1Gbps)， 월 요금， 약정 만료일， 해지 시 위약금을 확인합니다.,비용,월 요금,yes,NEEDS_EXTERNAL_VERIFICATION,"수치·가격 변동 여부 확인. 확인 불가 시 ""이용 전 최신 정보 확인 필요"" 안내 추가",공공기관·제조사·서비스 공식 페이지,,
304,2026-07-30-cost-4,https://honsamnote.co.kr/blog/2026-07-30-cost-4/,"퇴근 후 지친 혼밥러, 매달 20만원 아끼는 배달비·식비 줄이는 생활 습관",P2,'매달 20만원 절약'이라는 목표는 결코 허황된 것이 아닙니다.,가격,20만원,yes,NEEDS_EXTERNAL_VERIFICATION,"수치·가격 변동 여부 확인. 확인 불가 시 ""이용 전 최신 정보 확인 필요"" 안내 추가",공공기관·제조사·서비스 공식 페이지,,
305,2026-07-30-cost-4,https://honsamnote.co.kr/blog/2026-07-30-cost-4/,"퇴근 후 지친 혼밥러, 매달 20만원 아끼는 배달비·식비 줄이는 생활 습관",P2,현실적인 목표 설정: '한 달 식비 30만원'， '배달은 주 1회'처럼 구체적이고 달성 가능한 목표를 세웁니다.,가격,30만원,yes,NEEDS_EXTERNAL_VERIFICATION,"수치·가격 변동 여부 확인. 확인 불가 시 ""이용 전 최신 정보 확인 필요"" 안내 추가",공공기관·제조사·서비스 공식 페이지,,
306,2026-07-30-cost-4,https://honsamnote.co.kr/blog/2026-07-30-cost-4/,"퇴근 후 지친 혼밥러, 매달 20만원 아끼는 배달비·식비 줄이는 생활 습관",P2,비용·시간·주의사항 절약 가능 비용: 이 루틴을 꾸준히 실천하면 월 10만원에서 많게는 20만원 이상까지 식비와 배달비를 절약할 수 있습니다.,가격,10만원,yes,NEEDS_EXTERNAL_VERIFICATION,"수치·가격 변동 여부 확인. 확인 불가 시 ""이용 전 최신 정보 확인 필요"" 안내 추가",공공기관·제조사·서비스 공식 페이지,,
307,2026-07-30-cost-4,https://honsamnote.co.kr/blog/2026-07-30-cost-4/,"퇴근 후 지친 혼밥러, 매달 20만원 아끼는 배달비·식비 줄이는 생활 습관",P2,(예: 월급의 20% 이상이라면 과도할 가능성이 높습니다.) 배달/외식 빈도: 일주일에 몇 번이나 배달 음식을 시키거나 외식을 하시나요?,통계,20%,yes,NEEDS_EXTERNAL_VERIFICATION,"수치·가격 변동 여부 확인. 확인 불가 시 ""이용 전 최신 정보 확인 필요"" 안내 추가",공공기관·제조사·서비스 공식 페이지,,
308,2026-07-30-cost-5,https://honsamnote.co.kr/blog/2026-07-30-cost-5/,"바쁜 1인 가구 직장인, 매달 새는 돈 막으려면? 잠든 구독 서비스 깨끗하게 정리하는 3단계",P2,월 5，000원짜리 구독 서비스 3개를 해지하면 연간 18만 원을 아낄 수 있습니다.,가격,18만 원,yes,NEEDS_EXTERNAL_VERIFICATION,"수치·가격 변동 여부 확인. 확인 불가 시 ""이용 전 최신 정보 확인 필요"" 안내 추가",공공기관·제조사·서비스 공식 페이지,,
309,2026-07-30-cost-5,https://honsamnote.co.kr/blog/2026-07-30-cost-5/,"바쁜 1인 가구 직장인, 매달 새는 돈 막으려면? 잠든 구독 서비스 깨끗하게 정리하는 3단계",P2,'이거 하나쯤이야'라는 안일한 생각: 5천 원， 1만 원짜리 서비스가 몇 개 모이면 순식간에 큰돈이 됩니다.,가격,1만 원,yes,NEEDS_EXTERNAL_VERIFICATION,"수치·가격 변동 여부 확인. 확인 불가 시 ""이용 전 최신 정보 확인 필요"" 안내 추가",공공기관·제조사·서비스 공식 페이지,,
310,2026-07-30-cost-8,https://honsamnote.co.kr/blog/2026-07-30-cost-8/,"혼자 사는 직장인, 월급은 통장을 스쳐갈 뿐? 나만의 적정 생활비 기준 세우고 지출 최적화하는 3단계",P2,목표는 월급의 20~30% 이상을 권장하지만， 본인의 상황에 맞춰 조정합니다.,통계,30%,yes,NEEDS_EXTERNAL_VERIFICATION,"수치·가격 변동 여부 확인. 확인 불가 시 ""이용 전 최신 정보 확인 필요"" 안내 추가",공공기관·제조사·서비스 공식 페이지,,
312,2026-08-01-cost-auto-0d71f8,https://honsamnote.co.kr/blog/2026-08-01-cost-auto-0d71f8/,"혼자 사는 직장인, 배달 앱 유료 멤버십, 나에게 진짜 이득일까? 손익분기점 계산해 후회 없이 결정하는 법",P2,배달의민족 '배민클럽' (또는 유사 서비스): 월정액(예: 4，900원)을 내면 특정 횟수만큼 배달비를 할인해주거나 무료로 제공하는 방식입니다.,가격,"4,900원)",yes,NEEDS_EXTERNAL_VERIFICATION,"수치·가격 변동 여부 확인. 확인 불가 시 ""이용 전 최신 정보 확인 필요"" 안내 추가",공공기관·제조사·서비스 공식 페이지,,
313,2026-08-01-cost-auto-0d71f8,https://honsamnote.co.kr/blog/2026-08-01-cost-auto-0d71f8/,"혼자 사는 직장인, 배달 앱 유료 멤버십, 나에게 진짜 이득일까? 손익분기점 계산해 후회 없이 결정하는 법",P2,(예: 12，000원 이상 주문 시) 횟수 제한: 한 달에 혜택을 받을 수 있는 주문 횟수에 제한이 있는가?,가격,"12,000원 ",yes,NEEDS_EXTERNAL_VERIFICATION,"수치·가격 변동 여부 확인. 확인 불가 시 ""이용 전 최신 정보 확인 필요"" 안내 추가",공공기관·제조사·서비스 공식 페이지,,
314,2026-08-01-cost-auto-0d71f8,https://honsamnote.co.kr/blog/2026-08-01-cost-auto-0d71f8/,"혼자 사는 직장인, 배달 앱 유료 멤버십, 나에게 진짜 이득일까? 손익분기점 계산해 후회 없이 결정하는 법",P2,(예: 기존 2，500원 배달비가 무료 또는 500원 등으로 절감된다면 2，000원 절약).,가격,"2,500원 ",yes,NEEDS_EXTERNAL_VERIFICATION,"수치·가격 변동 여부 확인. 확인 불가 시 ""이용 전 최신 정보 확인 필요"" 안내 추가",공공기관·제조사·서비스 공식 페이지,,
315,2026-08-01-cost-auto-0d71f8,https://honsamnote.co.kr/blog/2026-08-01-cost-auto-0d71f8/,"혼자 사는 직장인, 배달 앱 유료 멤버십, 나에게 진짜 이득일까? 손익분기점 계산해 후회 없이 결정하는 법",P2,(예: 기존 2，500원 배달비가 무료 또는 500원 등으로 절감된다면 2，000원 절약).,가격,500원 ,yes,NEEDS_EXTERNAL_VERIFICATION,"수치·가격 변동 여부 확인. 확인 불가 시 ""이용 전 최신 정보 확인 필요"" 안내 추가",공공기관·제조사·서비스 공식 페이지,,
316,2026-08-01-cost-auto-0d71f8,https://honsamnote.co.kr/blog/2026-08-01-cost-auto-0d71f8/,"혼자 사는 직장인, 배달 앱 유료 멤버십, 나에게 진짜 이득일까? 손익분기점 계산해 후회 없이 결정하는 법",P2,(예: 기존 2，500원 배달비가 무료 또는 500원 등으로 절감된다면 2，000원 절약).,가격,"2,000원 ",yes,NEEDS_EXTERNAL_VERIFICATION,"수치·가격 변동 여부 확인. 확인 불가 시 ""이용 전 최신 정보 확인 필요"" 안내 추가",공공기관·제조사·서비스 공식 페이지,,
317,2026-08-01-cost-auto-0d71f8,https://honsamnote.co.kr/blog/2026-08-01-cost-auto-0d71f8/,"혼자 사는 직장인, 배달 앱 유료 멤버십, 나에게 진짜 이득일까? 손익분기점 계산해 후회 없이 결정하는 법",P2,손익분기점 계산: 예를 들어， 월 4，900원짜리 멤버십에 가입하고 한 번 주문할 때마다 평균 2，000원의 배달비를 절약할 수 있다면， 입니다.,가격,"2,000원의",yes,NEEDS_EXTERNAL_VERIFICATION,"수치·가격 변동 여부 확인. 확인 불가 시 ""이용 전 최신 정보 확인 필요"" 안내 추가",공공기관·제조사·서비스 공식 페이지,,
318,2026-08-01-cost-auto-0d71f8,https://honsamnote.co.kr/blog/2026-08-01-cost-auto-0d71f8/,"혼자 사는 직장인, 배달 앱 유료 멤버십, 나에게 진짜 이득일까? 손익분기점 계산해 후회 없이 결정하는 법",P2,비용·시간·주의사항 비용: 유료 멤버십 월정액은 앱별로 차이가 있지만， 대략 4，900원~9，900원 선에서 형성되어 있습니다.,가격,"4,900원~",yes,NEEDS_EXTERNAL_VERIFICATION,"수치·가격 변동 여부 확인. 확인 불가 시 ""이용 전 최신 정보 확인 필요"" 안내 추가",공공기관·제조사·서비스 공식 페이지,,
319,2026-08-01-cost-auto-0d71f8,https://honsamnote.co.kr/blog/2026-08-01-cost-auto-0d71f8/,"혼자 사는 직장인, 배달 앱 유료 멤버십, 나에게 진짜 이득일까? 손익분기점 계산해 후회 없이 결정하는 법",P2,비용·시간·주의사항 비용: 유료 멤버십 월정액은 앱별로 차이가 있지만， 대략 4，900원~9，900원 선에서 형성되어 있습니다.,가격,"9,900원 ",yes,NEEDS_EXTERNAL_VERIFICATION,"수치·가격 변동 여부 확인. 확인 불가 시 ""이용 전 최신 정보 확인 필요"" 안내 추가",공공기관·제조사·서비스 공식 페이지,,
320,2026-08-01-cost-auto-0d71f8,https://honsamnote.co.kr/blog/2026-08-01-cost-auto-0d71f8/,"혼자 사는 직장인, 배달 앱 유료 멤버십, 나에게 진짜 이득일까? 손익분기점 계산해 후회 없이 결정하는 법",P2,(와우 멤버십 월정액 내에 포함) 비교 시 핵심 체크사항: 월 멤버십 비용: 정확한 월 요금은 얼마인가?,비용,월 요금,yes,NEEDS_EXTERNAL_VERIFICATION,"수치·가격 변동 여부 확인. 확인 불가 시 ""이용 전 최신 정보 확인 필요"" 안내 추가",공공기관·제조사·서비스 공식 페이지,,
323,2026-08-01-cost-auto-44803f,https://honsamnote.co.kr/blog/2026-08-01-cost-auto-44803f/,"혼자 사는 직장인, 매년 놓치는 연말정산 환급금! 내 돈 최대로 돌려받는 실전 가이드",P2,② 월세 세액공제 (가장 중요!): 무주택 세대주인 1인 가구 중， 총급여 7천만원 이하(종합소득금액 6천만원 이하)는 월세액의 15% 또는 17%(총급여 5천5백만원 이하 또는 종합소득금액 4천5백만원 이하)를 최대 750만원 한도 내에서 공제받을 수 있습니다.,가격,750만원,yes,NEEDS_EXTERNAL_VERIFICATION,"수치·가격 변동 여부 확인. 확인 불가 시 ""이용 전 최신 정보 확인 필요"" 안내 추가",공공기관·제조사·서비스 공식 페이지,,
324,2026-08-01-cost-auto-44803f,https://honsamnote.co.kr/blog/2026-08-01-cost-auto-44803f/,"혼자 사는 직장인, 매년 놓치는 연말정산 환급금! 내 돈 최대로 돌려받는 실전 가이드",P2,③ 주택청약저축 소득공제: 총급여 7천만원 이하의 무주택 세대주라면 연간 납입액의 40%를 240만원 한도 내에서 소득공제받을 수 있습니다.,가격,240만원,yes,NEEDS_EXTERNAL_VERIFICATION,"수치·가격 변동 여부 확인. 확인 불가 시 ""이용 전 최신 정보 확인 필요"" 안내 추가",공공기관·제조사·서비스 공식 페이지,,
325,2026-08-01-cost-auto-44803f,https://honsamnote.co.kr/blog/2026-08-01-cost-auto-44803f/,"혼자 사는 직장인, 매년 놓치는 연말정산 환급금! 내 돈 최대로 돌려받는 실전 가이드",P2,납입액에 따라 최대 900만원 한도(연금저축 600만원， IRP 300만원) 내에서 13.2% 또는 16.5% 세액공제를 받을 수 있습니다.,가격,900만원,yes,NEEDS_EXTERNAL_VERIFICATION,"수치·가격 변동 여부 확인. 확인 불가 시 ""이용 전 최신 정보 확인 필요"" 안내 추가",공공기관·제조사·서비스 공식 페이지,,
326,2026-08-01-cost-auto-44803f,https://honsamnote.co.kr/blog/2026-08-01-cost-auto-44803f/,"혼자 사는 직장인, 매년 놓치는 연말정산 환급금! 내 돈 최대로 돌려받는 실전 가이드",P2,납입액에 따라 최대 900만원 한도(연금저축 600만원， IRP 300만원) 내에서 13.2% 또는 16.5% 세액공제를 받을 수 있습니다.,가격,600만원,yes,NEEDS_EXTERNAL_VERIFICATION,"수치·가격 변동 여부 확인. 확인 불가 시 ""이용 전 최신 정보 확인 필요"" 안내 추가",공공기관·제조사·서비스 공식 페이지,,
327,2026-08-01-cost-auto-44803f,https://honsamnote.co.kr/blog/2026-08-01-cost-auto-44803f/,"혼자 사는 직장인, 매년 놓치는 연말정산 환급금! 내 돈 최대로 돌려받는 실전 가이드",P2,납입액에 따라 최대 900만원 한도(연금저축 600만원， IRP 300만원) 내에서 13.2% 또는 16.5% 세액공제를 받을 수 있습니다.,가격,300만원,yes,NEEDS_EXTERNAL_VERIFICATION,"수치·가격 변동 여부 확인. 확인 불가 시 ""이용 전 최신 정보 확인 필요"" 안내 추가",공공기관·제조사·서비스 공식 페이지,,
328,2026-08-01-cost-auto-44803f,https://honsamnote.co.kr/blog/2026-08-01-cost-auto-44803f/,"혼자 사는 직장인, 매년 놓치는 연말정산 환급금! 내 돈 최대로 돌려받는 실전 가이드",P2,⑤ 보장성 보험료 세액공제: 대부분의 직장인이 가입한 보장성 보험(생명보험， 손해보험 등)은 연간 100만원 한도로 12% 세액공제됩니다.,가격,100만원,yes,NEEDS_EXTERNAL_VERIFICATION,"수치·가격 변동 여부 확인. 확인 불가 시 ""이용 전 최신 정보 확인 필요"" 안내 추가",공공기관·제조사·서비스 공식 페이지,,
329,2026-08-01-cost-auto-44803f,https://honsamnote.co.kr/blog/2026-08-01-cost-auto-44803f/,"혼자 사는 직장인, 매년 놓치는 연말정산 환급금! 내 돈 최대로 돌려받는 실전 가이드",P2,2단계: 1인 가구에게 유리한 핵심 공제 항목 미리미리 챙기기 (연중 내내) ① 신용카드/체크카드/현금영수증 사용 비율 최적화: 총급여액의 25% 초과분에 대해 공제됩니다.,통계,25%,yes,NEEDS_EXTERNAL_VERIFICATION,"수치·가격 변동 여부 확인. 확인 불가 시 ""이용 전 최신 정보 확인 필요"" 안내 추가",공공기관·제조사·서비스 공식 페이지,,
330,2026-08-01-cost-auto-44803f,https://honsamnote.co.kr/blog/2026-08-01-cost-auto-44803f/,"혼자 사는 직장인, 매년 놓치는 연말정산 환급금! 내 돈 최대로 돌려받는 실전 가이드",P2,총급여의 25%까지는 신용카드로 포인트 혜택을 챙기고， 그 이후부터는 체크카드나 현금영수증(공제율 30%) 사용을 늘리는 것이 유리합니다.,통계,30%,yes,NEEDS_EXTERNAL_VERIFICATION,"수치·가격 변동 여부 확인. 확인 불가 시 ""이용 전 최신 정보 확인 필요"" 안내 추가",공공기관·제조사·서비스 공식 페이지,,
331,2026-08-01-cost-auto-44803f,https://honsamnote.co.kr/blog/2026-08-01-cost-auto-44803f/,"혼자 사는 직장인, 매년 놓치는 연말정산 환급금! 내 돈 최대로 돌려받는 실전 가이드",P2,② 월세 세액공제 (가장 중요!): 무주택 세대주인 1인 가구 중， 총급여 7천만원 이하(종합소득금액 6천만원 이하)는 월세액의 15% 또는 17%(총급여 5천5백만원 이하 또는 종합소득금액 4천5백만원 이하)를 최대 750만원 한도 내에서 공제받을 수 있습니다.,통계,15%,yes,NEEDS_EXTERNAL_VERIFICATION,"수치·가격 변동 여부 확인. 확인 불가 시 ""이용 전 최신 정보 확인 필요"" 안내 추가",공공기관·제조사·서비스 공식 페이지,,
332,2026-08-01-cost-auto-44803f,https://honsamnote.co.kr/blog/2026-08-01-cost-auto-44803f/,"혼자 사는 직장인, 매년 놓치는 연말정산 환급금! 내 돈 최대로 돌려받는 실전 가이드",P2,② 월세 세액공제 (가장 중요!): 무주택 세대주인 1인 가구 중， 총급여 7천만원 이하(종합소득금액 6천만원 이하)는 월세액의 15% 또는 17%(총급여 5천5백만원 이하 또는 종합소득금액 4천5백만원 이하)를 최대 750만원 한도 내에서 공제받을 수 있습니다.,통계,17%,yes,NEEDS_EXTERNAL_VERIFICATION,"수치·가격 변동 여부 확인. 확인 불가 시 ""이용 전 최신 정보 확인 필요"" 안내 추가",공공기관·제조사·서비스 공식 페이지,,
333,2026-08-01-cost-auto-44803f,https://honsamnote.co.kr/blog/2026-08-01-cost-auto-44803f/,"혼자 사는 직장인, 매년 놓치는 연말정산 환급금! 내 돈 최대로 돌려받는 실전 가이드",P2,③ 주택청약저축 소득공제: 총급여 7천만원 이하의 무주택 세대주라면 연간 납입액의 40%를 240만원 한도 내에서 소득공제받을 수 있습니다.,통계,40%,yes,NEEDS_EXTERNAL_VERIFICATION,"수치·가격 변동 여부 확인. 확인 불가 시 ""이용 전 최신 정보 확인 필요"" 안내 추가",공공기관·제조사·서비스 공식 페이지,,
334,2026-08-01-cost-auto-44803f,https://honsamnote.co.kr/blog/2026-08-01-cost-auto-44803f/,"혼자 사는 직장인, 매년 놓치는 연말정산 환급금! 내 돈 최대로 돌려받는 실전 가이드",P2,납입액에 따라 최대 900만원 한도(연금저축 600만원， IRP 300만원) 내에서 13.2% 또는 16.5% 세액공제를 받을 수 있습니다.,통계,13.2%,yes,NEEDS_EXTERNAL_VERIFICATION,"수치·가격 변동 여부 확인. 확인 불가 시 ""이용 전 최신 정보 확인 필요"" 안내 추가",공공기관·제조사·서비스 공식 페이지,,
335,2026-08-01-cost-auto-44803f,https://honsamnote.co.kr/blog/2026-08-01-cost-auto-44803f/,"혼자 사는 직장인, 매년 놓치는 연말정산 환급금! 내 돈 최대로 돌려받는 실전 가이드",P2,납입액에 따라 최대 900만원 한도(연금저축 600만원， IRP 300만원) 내에서 13.2% 또는 16.5% 세액공제를 받을 수 있습니다.,통계,16.5%,yes,NEEDS_EXTERNAL_VERIFICATION,"수치·가격 변동 여부 확인. 확인 불가 시 ""이용 전 최신 정보 확인 필요"" 안내 추가",공공기관·제조사·서비스 공식 페이지,,
336,2026-08-01-cost-auto-44803f,https://honsamnote.co.kr/blog/2026-08-01-cost-auto-44803f/,"혼자 사는 직장인, 매년 놓치는 연말정산 환급금! 내 돈 최대로 돌려받는 실전 가이드",P2,⑤ 보장성 보험료 세액공제: 대부분의 직장인이 가입한 보장성 보험(생명보험， 손해보험 등)은 연간 100만원 한도로 12% 세액공제됩니다.,통계,12%,yes,NEEDS_EXTERNAL_VERIFICATION,"수치·가격 변동 여부 확인. 확인 불가 시 ""이용 전 최신 정보 확인 필요"" 안내 추가",공공기관·제조사·서비스 공식 페이지,,
337,2026-08-01-cost-auto-44803f,https://honsamnote.co.kr/blog/2026-08-01-cost-auto-44803f/,"혼자 사는 직장인, 매년 놓치는 연말정산 환급금! 내 돈 최대로 돌려받는 실전 가이드",P2,⑥ 의료비/교육비/기부금 세액공제: 의료비: 총급여액의 3% 초과분에 대해 공제됩니다.,통계,3%,yes,NEEDS_EXTERNAL_VERIFICATION,"수치·가격 변동 여부 확인. 확인 불가 시 ""이용 전 최신 정보 확인 필요"" 안내 추가",공공기관·제조사·서비스 공식 페이지,,
338,2026-08-01-cost-auto-4a41b3,https://honsamnote.co.kr/blog/2026-08-01-cost-auto-4a41b3/,"혼자 사는 직장인, 빨래 쌓일 때마다 한숨 나온다면? 코인 세탁방 vs. 미니 세탁기, 후회 없는 선택 가이드",P2,단점: 초기 구매 비용 및 설치: 20만원대부터 50만원대까지 다양한 가격대가 형성되어 있으며， 설치 공간 및 배수 시설이 필수적입니다.,가격,20만원,yes,NEEDS_EXTERNAL_VERIFICATION,"수치·가격 변동 여부 확인. 확인 불가 시 ""이용 전 최신 정보 확인 필요"" 안내 추가",공공기관·제조사·서비스 공식 페이지,,
339,2026-08-01-cost-auto-4a41b3,https://honsamnote.co.kr/blog/2026-08-01-cost-auto-4a41b3/,"혼자 사는 직장인, 빨래 쌓일 때마다 한숨 나온다면? 코인 세탁방 vs. 미니 세탁기, 후회 없는 선택 가이드",P2,단점: 초기 구매 비용 및 설치: 20만원대부터 50만원대까지 다양한 가격대가 형성되어 있으며， 설치 공간 및 배수 시설이 필수적입니다.,가격,50만원,yes,NEEDS_EXTERNAL_VERIFICATION,"수치·가격 변동 여부 확인. 확인 불가 시 ""이용 전 최신 정보 확인 필요"" 안내 추가",공공기관·제조사·서비스 공식 페이지,,
340,2026-08-01-cost-auto-4a41b3,https://honsamnote.co.kr/blog/2026-08-01-cost-auto-4a41b3/,"혼자 사는 직장인, 빨래 쌓일 때마다 한숨 나온다면? 코인 세탁방 vs. 미니 세탁기, 후회 없는 선택 가이드",P2,예시: 30만원짜리 세탁기 구매， 한 달에 4번 사용 시， 초기 비용을 1년(12개월)으로 나눠보면 월 약 25，000원에 기본 전기/수도 요금 추가.,가격,30만원,yes,NEEDS_EXTERNAL_VERIFICATION,"수치·가격 변동 여부 확인. 확인 불가 시 ""이용 전 최신 정보 확인 필요"" 안내 추가",공공기관·제조사·서비스 공식 페이지,,
341,2026-08-01-cost-auto-4a41b3,https://honsamnote.co.kr/blog/2026-08-01-cost-auto-4a41b3/,"혼자 사는 직장인, 빨래 쌓일 때마다 한숨 나온다면? 코인 세탁방 vs. 미니 세탁기, 후회 없는 선택 가이드",P2,미니 세탁기: 비용: 제품 가격 20만 원대 초반~50만 원대.,가격,20만 원,yes,NEEDS_EXTERNAL_VERIFICATION,"수치·가격 변동 여부 확인. 확인 불가 시 ""이용 전 최신 정보 확인 필요"" 안내 추가",공공기관·제조사·서비스 공식 페이지,,
342,2026-08-01-cost-auto-4a41b3,https://honsamnote.co.kr/blog/2026-08-01-cost-auto-4a41b3/,"혼자 사는 직장인, 빨래 쌓일 때마다 한숨 나온다면? 코인 세탁방 vs. 미니 세탁기, 후회 없는 선택 가이드",P2,미니 세탁기: 비용: 제품 가격 20만 원대 초반~50만 원대.,가격,50만 원,yes,NEEDS_EXTERNAL_VERIFICATION,"수치·가격 변동 여부 확인. 확인 불가 시 ""이용 전 최신 정보 확인 필요"" 안내 추가",공공기관·제조사·서비스 공식 페이지,,
343,2026-08-01-cost-auto-4a41b3,https://honsamnote.co.kr/blog/2026-08-01-cost-auto-4a41b3/,"혼자 사는 직장인, 빨래 쌓일 때마다 한숨 나온다면? 코인 세탁방 vs. 미니 세탁기, 후회 없는 선택 가이드",P2,코인 세탁방， 이런 분께 추천합니다 장점: 초기 비용 0원: 세탁기 구매 비용이나 설치 부담이 전혀 없습니다.,가격,0원:,yes,NEEDS_EXTERNAL_VERIFICATION,"수치·가격 변동 여부 확인. 확인 불가 시 ""이용 전 최신 정보 확인 필요"" 안내 추가",공공기관·제조사·서비스 공식 페이지,,
344,2026-08-01-cost-auto-4a41b3,https://honsamnote.co.kr/blog/2026-08-01-cost-auto-4a41b3/,"혼자 사는 직장인, 빨래 쌓일 때마다 한숨 나온다면? 코인 세탁방 vs. 미니 세탁기, 후회 없는 선택 가이드",P2,예상 비용 꼼꼼히 계산하기: 코인 세탁방 이용 시: 월 예상 이용 횟수 x (세탁 비용 + 건조 비용) + 왕복 교통비 (도보 시 0원).,가격,0원),yes,NEEDS_EXTERNAL_VERIFICATION,"수치·가격 변동 여부 확인. 확인 불가 시 ""이용 전 최신 정보 확인 필요"" 안내 추가",공공기관·제조사·서비스 공식 페이지,,
345,2026-08-01-cost-auto-4a41b3,https://honsamnote.co.kr/blog/2026-08-01-cost-auto-4a41b3/,"혼자 사는 직장인, 빨래 쌓일 때마다 한숨 나온다면? 코인 세탁방 vs. 미니 세탁기, 후회 없는 선택 가이드",P2,예시: 주 1회 이용， 회당 8，000원 (세탁 4천원， 건조 4천원) → 월 32，000원 미니 세탁기 구매 시: 초기 구매 비용 + 설치 비용 (없을 수도 있음) + 월별 전기/수도 요금 증가분 (크지 않음) + 유지 보수 및 고장 수리 비용.,가격,"8,000원 ",yes,NEEDS_EXTERNAL_VERIFICATION,"수치·가격 변동 여부 확인. 확인 불가 시 ""이용 전 최신 정보 확인 필요"" 안내 추가",공공기관·제조사·서비스 공식 페이지,,
346,2026-08-01-cost-auto-4a41b3,https://honsamnote.co.kr/blog/2026-08-01-cost-auto-4a41b3/,"혼자 사는 직장인, 빨래 쌓일 때마다 한숨 나온다면? 코인 세탁방 vs. 미니 세탁기, 후회 없는 선택 가이드",P2,예시: 주 1회 이용， 회당 8，000원 (세탁 4천원， 건조 4천원) → 월 32，000원 미니 세탁기 구매 시: 초기 구매 비용 + 설치 비용 (없을 수도 있음) + 월별 전기/수도 요금 증가분 (크지 않음) + 유지 보수 및 고장 수리 비용.,가격,"32,000원 ",yes,NEEDS_EXTERNAL_VERIFICATION,"수치·가격 변동 여부 확인. 확인 불가 시 ""이용 전 최신 정보 확인 필요"" 안내 추가",공공기관·제조사·서비스 공식 페이지,,
347,2026-08-01-cost-auto-4a41b3,https://honsamnote.co.kr/blog/2026-08-01-cost-auto-4a41b3/,"혼자 사는 직장인, 빨래 쌓일 때마다 한숨 나온다면? 코인 세탁방 vs. 미니 세탁기, 후회 없는 선택 가이드",P2,예시: 30만원짜리 세탁기 구매， 한 달에 4번 사용 시， 초기 비용을 1년(12개월)으로 나눠보면 월 약 25，000원에 기본 전기/수도 요금 추가.,가격,"25,000원에",yes,NEEDS_EXTERNAL_VERIFICATION,"수치·가격 변동 여부 확인. 확인 불가 시 ""이용 전 최신 정보 확인 필요"" 안내 추가",공공기관·제조사·서비스 공식 페이지,,
348,2026-08-01-cost-auto-4a41b3,https://honsamnote.co.kr/blog/2026-08-01-cost-auto-4a41b3/,"혼자 사는 직장인, 빨래 쌓일 때마다 한숨 나온다면? 코인 세탁방 vs. 미니 세탁기, 후회 없는 선택 가이드",P2,비용·시간·주의사항 코인 세탁방: 비용: 세탁 3，000~6，000원， 건조 3，000~5，000원 (회당 총 6，000~11，000원 수준).,가격,"6,000원,",yes,NEEDS_EXTERNAL_VERIFICATION,"수치·가격 변동 여부 확인. 확인 불가 시 ""이용 전 최신 정보 확인 필요"" 안내 추가",공공기관·제조사·서비스 공식 페이지,,
349,2026-08-01-cost-auto-4a41b3,https://honsamnote.co.kr/blog/2026-08-01-cost-auto-4a41b3/,"혼자 사는 직장인, 빨래 쌓일 때마다 한숨 나온다면? 코인 세탁방 vs. 미니 세탁기, 후회 없는 선택 가이드",P2,비용·시간·주의사항 코인 세탁방: 비용: 세탁 3，000~6，000원， 건조 3，000~5，000원 (회당 총 6，000~11，000원 수준).,가격,"5,000원 ",yes,NEEDS_EXTERNAL_VERIFICATION,"수치·가격 변동 여부 확인. 확인 불가 시 ""이용 전 최신 정보 확인 필요"" 안내 추가",공공기관·제조사·서비스 공식 페이지,,
350,2026-08-01-cost-auto-4a41b3,https://honsamnote.co.kr/blog/2026-08-01-cost-auto-4a41b3/,"혼자 사는 직장인, 빨래 쌓일 때마다 한숨 나온다면? 코인 세탁방 vs. 미니 세탁기, 후회 없는 선택 가이드",P2,비용·시간·주의사항 코인 세탁방: 비용: 세탁 3，000~6，000원， 건조 3，000~5，000원 (회당 총 6，000~11，000원 수준).,가격,"11,000원 ",yes,NEEDS_EXTERNAL_VERIFICATION,"수치·가격 변동 여부 확인. 확인 불가 시 ""이용 전 최신 정보 확인 필요"" 안내 추가",공공기관·제조사·서비스 공식 페이지,,
351,2026-08-01-cost-auto-4a41b3,https://honsamnote.co.kr/blog/2026-08-01-cost-auto-4a41b3/,"혼자 사는 직장인, 빨래 쌓일 때마다 한숨 나온다면? 코인 세탁방 vs. 미니 세탁기, 후회 없는 선택 가이드",P2,예시: 30만원짜리 세탁기 구매， 한 달에 4번 사용 시， 초기 비용을 1년(12개월)으로 나눠보면 월 약 25，000원에 기본 전기/수도 요금 추가.,통계,약 25,yes,NEEDS_EXTERNAL_VERIFICATION,"수치·가격 변동 여부 확인. 확인 불가 시 ""이용 전 최신 정보 확인 필요"" 안내 추가",공공기관·제조사·서비스 공식 페이지,,
352,2026-08-01-cost-auto-8e14b1,https://honsamnote.co.kr/blog/2026-08-01-cost-auto-8e14b1/,"혼자 사는 직장인, 대용량 생필품/식료품, 사야 할까? 말아야 할까? 내게 맞는 구매 기준 3단계",P2,비용·시간·주의사항 비용: 대용량 구매는 품목에 따라 단위 가격을 최대 20~30%까지 절약할 수 있습니다.,통계,30%,yes,NEEDS_EXTERNAL_VERIFICATION,"수치·가격 변동 여부 확인. 확인 불가 시 ""이용 전 최신 정보 확인 필요"" 안내 추가",공공기관·제조사·서비스 공식 페이지,,
353,2026-08-01-cost-auto-8e14b1,https://honsamnote.co.kr/blog/2026-08-01-cost-auto-8e14b1/,"혼자 사는 직장인, 대용량 생필품/식료품, 사야 할까? 말아야 할까? 내게 맞는 구매 기준 3단계",P2,몇 번 쓰지도 않았는데 유통기한이 임박하거나， 냉장고나 수납장 한 칸을 통째로 차지해 다른 물건 놓을 공간이 없어 당황합니다.,식품,유통기한,yes,NEEDS_EXTERNAL_VERIFICATION,"수치·가격 변동 여부 확인. 확인 불가 시 ""이용 전 최신 정보 확인 필요"" 안내 추가",공공기관·제조사·서비스 공식 페이지,,
354,2026-08-01-cost-auto-8e14b1,https://honsamnote.co.kr/blog/2026-08-01-cost-auto-8e14b1/,"혼자 사는 직장인, 대용량 생필품/식료품, 사야 할까? 말아야 할까? 내게 맞는 구매 기준 3단계",P2,유통기한/소비기한: 제품 포장지의 유통기한 또는 소비기한을 확인하고， 내 소비 속도와 비교해 유통기한 내에 모두 소진할 수 있는지 판단하세요.,식품,소비기한,yes,NEEDS_EXTERNAL_VERIFICATION,"수치·가격 변동 여부 확인. 확인 불가 시 ""이용 전 최신 정보 확인 필요"" 안내 추가",공공기관·제조사·서비스 공식 페이지,,
355,2026-08-01-cost-auto-aa6f9d,https://honsamnote.co.kr/blog/2026-08-01-cost-auto-aa6f9d/,"혼자 사는 직장인, 큰돈 드는 가전·가구! 새것 vs 중고 vs 렌탈, 내게 맞는 선택 기준 3가지",P2,예를 들어， '냉장고는 최대 50만원， 세탁기는 최대 30만원' 식으로요.,가격,50만원,yes,NEEDS_EXTERNAL_VERIFICATION,"수치·가격 변동 여부 확인. 확인 불가 시 ""이용 전 최신 정보 확인 필요"" 안내 추가",공공기관·제조사·서비스 공식 페이지,,
356,2026-08-01-cost-auto-aa6f9d,https://honsamnote.co.kr/blog/2026-08-01-cost-auto-aa6f9d/,"혼자 사는 직장인, 큰돈 드는 가전·가구! 새것 vs 중고 vs 렌탈, 내게 맞는 선택 기준 3가지",P2,예를 들어， '냉장고는 최대 50만원， 세탁기는 최대 30만원' 식으로요.,가격,30만원,yes,NEEDS_EXTERNAL_VERIFICATION,"수치·가격 변동 여부 확인. 확인 불가 시 ""이용 전 최신 정보 확인 필요"" 안내 추가",공공기관·제조사·서비스 공식 페이지,,
357,2026-08-01-cost-auto-aa6f9d,https://honsamnote.co.kr/blog/2026-08-01-cost-auto-aa6f9d/,"혼자 사는 직장인, 큰돈 드는 가전·가구! 새것 vs 중고 vs 렌탈, 내게 맞는 선택 기준 3가지",P2,다만， 운반 및 설치 비용(5~15만원 이상)은 별도로 고려해야 합니다.,가격,15만원,yes,NEEDS_EXTERNAL_VERIFICATION,"수치·가격 변동 여부 확인. 확인 불가 시 ""이용 전 최신 정보 확인 필요"" 안내 추가",공공기관·제조사·서비스 공식 페이지,,
358,2026-08-01-cost-auto-aa6f9d,https://honsamnote.co.kr/blog/2026-08-01-cost-auto-aa6f9d/,"혼자 사는 직장인, 큰돈 드는 가전·가구! 새것 vs 중고 vs 렌탈, 내게 맞는 선택 기준 3가지",P2,렌탈 서비스: 월 1만원부터 수십만 원까지 다양하며， 약정 기간(보통 3~5년) 동안 총 지불액이 새 제품 구매 비용을 초과할 수도 있습니다.,가격,1만원,yes,NEEDS_EXTERNAL_VERIFICATION,"수치·가격 변동 여부 확인. 확인 불가 시 ""이용 전 최신 정보 확인 필요"" 안내 추가",공공기관·제조사·서비스 공식 페이지,,
359,2026-08-01-cost-auto-aa6f9d,https://honsamnote.co.kr/blog/2026-08-01-cost-auto-aa6f9d/,"혼자 사는 직장인, 큰돈 드는 가전·가구! 새것 vs 중고 vs 렌탈, 내게 맞는 선택 기준 3가지",P2,(할인율에 따라 10~30% 절약 가능).,통계,30%,yes,NEEDS_EXTERNAL_VERIFICATION,"수치·가격 변동 여부 확인. 확인 불가 시 ""이용 전 최신 정보 확인 필요"" 안내 추가",공공기관·제조사·서비스 공식 페이지,,
360,2026-08-01-cost-auto-aa6f9d,https://honsamnote.co.kr/blog/2026-08-01-cost-auto-aa6f9d/,"혼자 사는 직장인, 큰돈 드는 가전·가구! 새것 vs 중고 vs 렌탈, 내게 맞는 선택 기준 3가지",P2,중고 제품: 새 제품 가격의 30~70% 수준.,통계,70%,yes,NEEDS_EXTERNAL_VERIFICATION,"수치·가격 변동 여부 확인. 확인 불가 시 ""이용 전 최신 정보 확인 필요"" 안내 추가",공공기관·제조사·서비스 공식 페이지,,
361,2026-08-01-cost-auto-e9d2d3,https://honsamnote.co.kr/blog/2026-08-01-cost-auto-e9d2d3/,"혼자 사는 직장인, 새집 꾸밀 가전·가구, 사야 할까? 빌려야 할까? 후회 없는 결정 가이드",P2,(예: 50만원짜리 세탁기를 5년 사용한다고 가정하면， 월 약 8，300원 + 기타 비용) 렌탈 시: 월 렌탈료 × 의무 사용 기간 + 보증금(있다면) + 추가 비용(초기 설치비 등)을 계산합니다.,가격,50만원,yes,NEEDS_EXTERNAL_VERIFICATION,"수치·가격 변동 여부 확인. 확인 불가 시 ""이용 전 최신 정보 확인 필요"" 안내 추가",공공기관·제조사·서비스 공식 페이지,,
362,2026-08-01-cost-auto-e9d2d3,https://honsamnote.co.kr/blog/2026-08-01-cost-auto-e9d2d3/,"혼자 사는 직장인, 새집 꾸밀 가전·가구, 사야 할까? 빌려야 할까? 후회 없는 결정 가이드",P2,(예: 50만원짜리 세탁기를 5년 사용한다고 가정하면， 월 약 8，300원 + 기타 비용) 렌탈 시: 월 렌탈료 × 의무 사용 기간 + 보증금(있다면) + 추가 비용(초기 설치비 등)을 계산합니다.,가격,"8,300원 ",yes,NEEDS_EXTERNAL_VERIFICATION,"수치·가격 변동 여부 확인. 확인 불가 시 ""이용 전 최신 정보 확인 필요"" 안내 추가",공공기관·제조사·서비스 공식 페이지,,
363,2026-08-01-cost-auto-e9d2d3,https://honsamnote.co.kr/blog/2026-08-01-cost-auto-e9d2d3/,"혼자 사는 직장인, 새집 꾸밀 가전·가구, 사야 할까? 빌려야 할까? 후회 없는 결정 가이드",P2,주의사항: 렌탈 계약의 덫: '초기 비용 0원'이라는 문구에 현혹되기보다， 총 렌탈료와 의무 사용 기간， 중도 해지 위약금을 반드시 확인하세요.,가격,0원',yes,NEEDS_EXTERNAL_VERIFICATION,"수치·가격 변동 여부 확인. 확인 불가 시 ""이용 전 최신 정보 확인 필요"" 안내 추가",공공기관·제조사·서비스 공식 페이지,,
365,2026-08-01-housing-auto-e11fd3,https://honsamnote.co.kr/blog/2026-08-01-housing-auto-e11fd3/,"혼자 사는 직장인, 빈집 입주 가전·가구, 새것 vs 중고 vs 렌탈! 내 생활에 맞는 똑똑한 선택 가이드",P2,비용·시간·주의사항 새 제품 구매: 비용: 냉장고 50~150만원， 세탁기 40~100만원， 침대 30~100만원 이상 등 초기 목돈이 크게 필요합니다.,가격,150만원,yes,NEEDS_EXTERNAL_VERIFICATION,"수치·가격 변동 여부 확인. 확인 불가 시 ""이용 전 최신 정보 확인 필요"" 안내 추가",공공기관·제조사·서비스 공식 페이지,,
366,2026-08-01-housing-auto-e11fd3,https://honsamnote.co.kr/blog/2026-08-01-housing-auto-e11fd3/,"혼자 사는 직장인, 빈집 입주 가전·가구, 새것 vs 중고 vs 렌탈! 내 생활에 맞는 똑똑한 선택 가이드",P2,비용·시간·주의사항 새 제품 구매: 비용: 냉장고 50~150만원， 세탁기 40~100만원， 침대 30~100만원 이상 등 초기 목돈이 크게 필요합니다.,가격,100만원,yes,NEEDS_EXTERNAL_VERIFICATION,"수치·가격 변동 여부 확인. 확인 불가 시 ""이용 전 최신 정보 확인 필요"" 안내 추가",공공기관·제조사·서비스 공식 페이지,,
367,2026-08-01-housing-auto-e11fd3,https://honsamnote.co.kr/blog/2026-08-01-housing-auto-e11fd3/,"혼자 사는 직장인, 빈집 입주 가전·가구, 새것 vs 중고 vs 렌탈! 내 생활에 맞는 똑똑한 선택 가이드",P2,렌탈 서비스 이용: 비용: 월 렌탈료는 품목과 기간에 따라 다르지만， 냉장고 월 2~5만원， 세탁기 월 1.5~4만원 수준입니다.,가격,5만원,yes,NEEDS_EXTERNAL_VERIFICATION,"수치·가격 변동 여부 확인. 확인 불가 시 ""이용 전 최신 정보 확인 필요"" 안내 추가",공공기관·제조사·서비스 공식 페이지,,
368,2026-08-01-housing-auto-e11fd3,https://honsamnote.co.kr/blog/2026-08-01-housing-auto-e11fd3/,"혼자 사는 직장인, 빈집 입주 가전·가구, 새것 vs 중고 vs 렌탈! 내 생활에 맞는 똑똑한 선택 가이드",P2,렌탈 서비스 이용: 비용: 월 렌탈료는 품목과 기간에 따라 다르지만， 냉장고 월 2~5만원， 세탁기 월 1.5~4만원 수준입니다.,가격,4만원,yes,NEEDS_EXTERNAL_VERIFICATION,"수치·가격 변동 여부 확인. 확인 불가 시 ""이용 전 최신 정보 확인 필요"" 안내 추가",공공기관·제조사·서비스 공식 페이지,,
369,2026-08-01-housing-auto-e11fd3,https://honsamnote.co.kr/blog/2026-08-01-housing-auto-e11fd3/,"혼자 사는 직장인, 빈집 입주 가전·가구, 새것 vs 중고 vs 렌탈! 내 생활에 맞는 똑똑한 선택 가이드",P2,중고 제품 구매: 비용: 새 제품의 20~50% 수준으로 매우 저렴합니다.,통계,50%,yes,NEEDS_EXTERNAL_VERIFICATION,"수치·가격 변동 여부 확인. 확인 불가 시 ""이용 전 최신 정보 확인 필요"" 안내 추가",공공기관·제조사·서비스 공식 페이지,,
371,2026-08-03-cost-auto-4d199c,https://honsamnote.co.kr/blog/2026-08-03-cost-auto-4d199c/,교통비 비교｜대중교통,P2,꾸준히 사용하면 월 1~2만원 이상 절약 효과를 볼 수 있습니다.,가격,2만원,yes,NEEDS_EXTERNAL_VERIFICATION,"수치·가격 변동 여부 확인. 확인 불가 시 ""이용 전 최신 정보 확인 필요"" 안내 추가",공공기관·제조사·서비스 공식 페이지,,
372,2026-08-03-cost-auto-4d199c,https://honsamnote.co.kr/blog/2026-08-03-cost-auto-4d199c/,교통비 비교｜대중교통,P2,지자체/정부 지원 사업: 특정 지역 거주자나 특정 연령대에 대중교통 할인 혜택을 제공하는 경우가 있습니다.,행정,지원 사업,yes,NEEDS_EXTERNAL_VERIFICATION,"수치·가격 변동 여부 확인. 확인 불가 시 ""이용 전 최신 정보 확인 필요"" 안내 추가",공공기관·제조사·서비스 공식 페이지,,
373,2026-08-04-cost-auto-7e7d88,https://honsamnote.co.kr/blog/2026-08-04-cost-auto-7e7d88/,"혼자 사는 직장인, 난방비 폭탄 걱정될 때! 우리 집 겨울, 후회 없이 따뜻하고 저렴하게 나는 법",P2,비용: 단열 개선 용품: 문풍지， 뽁뽁이 등은 5천 원 ~ 2만 원 이내로 저렴하게 구매 가능합니다.,가격,2만 원,yes,NEEDS_EXTERNAL_VERIFICATION,"수치·가격 변동 여부 확인. 확인 불가 시 ""이용 전 최신 정보 확인 필요"" 안내 추가",공공기관·제조사·서비스 공식 페이지,,
374,2026-08-04-cost-auto-7e7d88,https://honsamnote.co.kr/blog/2026-08-04-cost-auto-7e7d88/,"혼자 사는 직장인, 난방비 폭탄 걱정될 때! 우리 집 겨울, 후회 없이 따뜻하고 저렴하게 나는 법",P2,전기장판/온수매트: 3만 원 ~ 15만 원(제품 품질 및 기능에 따라 상이).,가격,3만 원,yes,NEEDS_EXTERNAL_VERIFICATION,"수치·가격 변동 여부 확인. 확인 불가 시 ""이용 전 최신 정보 확인 필요"" 안내 추가",공공기관·제조사·서비스 공식 페이지,,
375,2026-08-04-cost-auto-7e7d88,https://honsamnote.co.kr/blog/2026-08-04-cost-auto-7e7d88/,"혼자 사는 직장인, 난방비 폭탄 걱정될 때! 우리 집 겨울, 후회 없이 따뜻하고 저렴하게 나는 법",P2,전기장판/온수매트: 3만 원 ~ 15만 원(제품 품질 및 기능에 따라 상이).,가격,15만 원,yes,NEEDS_EXTERNAL_VERIFICATION,"수치·가격 변동 여부 확인. 확인 불가 시 ""이용 전 최신 정보 확인 필요"" 안내 추가",공공기관·제조사·서비스 공식 페이지,,
376,2026-08-04-cost-auto-7e7d88,https://honsamnote.co.kr/blog/2026-08-04-cost-auto-7e7d88/,"혼자 사는 직장인, 난방비 폭탄 걱정될 때! 우리 집 겨울, 후회 없이 따뜻하고 저렴하게 나는 법",P2,전기 요금은 하루 8시간 사용 시 월 1만원 내외(누진세 영향 고려).,가격,1만원,yes,NEEDS_EXTERNAL_VERIFICATION,"수치·가격 변동 여부 확인. 확인 불가 시 ""이용 전 최신 정보 확인 필요"" 안내 추가",공공기관·제조사·서비스 공식 페이지,,
377,2026-08-04-cost-auto-7e7d88,https://honsamnote.co.kr/blog/2026-08-04-cost-auto-7e7d88/,"혼자 사는 직장인, 난방비 폭탄 걱정될 때! 우리 집 겨울, 후회 없이 따뜻하고 저렴하게 나는 법",P2,소형 전기히터/라디에이터: 5만 원 ~ 20만 원.,가격,5만 원,yes,NEEDS_EXTERNAL_VERIFICATION,"수치·가격 변동 여부 확인. 확인 불가 시 ""이용 전 최신 정보 확인 필요"" 안내 추가",공공기관·제조사·서비스 공식 페이지,,
378,2026-08-04-cost-auto-7e7d88,https://honsamnote.co.kr/blog/2026-08-04-cost-auto-7e7d88/,"혼자 사는 직장인, 난방비 폭탄 걱정될 때! 우리 집 겨울, 후회 없이 따뜻하고 저렴하게 나는 법",P2,소형 전기히터/라디에이터: 5만 원 ~ 20만 원.,가격,20만 원,yes,NEEDS_EXTERNAL_VERIFICATION,"수치·가격 변동 여부 확인. 확인 불가 시 ""이용 전 최신 정보 확인 필요"" 안내 추가",공공기관·제조사·서비스 공식 페이지,,
379,2026-08-04-cost-auto-7e7d88,https://honsamnote.co.kr/blog/2026-08-04-cost-auto-7e7d88/,"혼자 사는 직장인, 난방비 폭탄 걱정될 때! 우리 집 겨울, 후회 없이 따뜻하고 저렴하게 나는 법",P2,일반적으로 한겨울에 적정 온도로 사용 시 월 3만 원 ~ 10만 원 이상 나올 수 있습니다.,가격,10만 원,yes,NEEDS_EXTERNAL_VERIFICATION,"수치·가격 변동 여부 확인. 확인 불가 시 ""이용 전 최신 정보 확인 필요"" 안내 추가",공공기관·제조사·서비스 공식 페이지,,
380,2026-08-04-cost-auto-7e7d88,https://honsamnote.co.kr/blog/2026-08-04-cost-auto-7e7d88/,"혼자 사는 직장인, 난방비 폭탄 걱정될 때! 우리 집 겨울, 후회 없이 따뜻하고 저렴하게 나는 법",P2,실내 습도 유지: 가습기를 틀거나 젖은 빨래를 널어 실내 습도를 40~60%로 유지하면 체감 온도를 높여 난방 온도를 낮출 수 있습니다.,통계,60%,yes,NEEDS_EXTERNAL_VERIFICATION,"수치·가격 변동 여부 확인. 확인 불가 시 ""이용 전 최신 정보 확인 필요"" 안내 추가",공공기관·제조사·서비스 공식 페이지,,
381,2026-08-04-cost-auto-dac7b3,https://honsamnote.co.kr/blog/2026-08-04-cost-auto-dac7b3/,"혼자 사는 직장인, 건강 관리 돈 아끼려면? 헬스장 vs 홈트 vs 야외 운동, 내게 맞는 선택 기준 3가지",P2,(예: 0원， 3만원 이하， 5만원 이하， 10만원 이상 등) 초기 비용 vs.,가격,3만원,yes,NEEDS_EXTERNAL_VERIFICATION,"수치·가격 변동 여부 확인. 확인 불가 시 ""이용 전 최신 정보 확인 필요"" 안내 추가",공공기관·제조사·서비스 공식 페이지,,
382,2026-08-04-cost-auto-dac7b3,https://honsamnote.co.kr/blog/2026-08-04-cost-auto-dac7b3/,"혼자 사는 직장인, 건강 관리 돈 아끼려면? 헬스장 vs 홈트 vs 야외 운동, 내게 맞는 선택 기준 3가지",P2,(예: 0원， 3만원 이하， 5만원 이하， 10만원 이상 등) 초기 비용 vs.,가격,5만원,yes,NEEDS_EXTERNAL_VERIFICATION,"수치·가격 변동 여부 확인. 확인 불가 시 ""이용 전 최신 정보 확인 필요"" 안내 추가",공공기관·제조사·서비스 공식 페이지,,
383,2026-08-04-cost-auto-dac7b3,https://honsamnote.co.kr/blog/2026-08-04-cost-auto-dac7b3/,"혼자 사는 직장인, 건강 관리 돈 아끼려면? 헬스장 vs 홈트 vs 야외 운동, 내게 맞는 선택 기준 3가지",P2,(예: 0원， 3만원 이하， 5만원 이하， 10만원 이상 등) 초기 비용 vs.,가격,10만원,yes,NEEDS_EXTERNAL_VERIFICATION,"수치·가격 변동 여부 확인. 확인 불가 시 ""이용 전 최신 정보 확인 필요"" 안내 추가",공공기관·제조사·서비스 공식 페이지,,
384,2026-08-04-cost-auto-dac7b3,https://honsamnote.co.kr/blog/2026-08-04-cost-auto-dac7b3/,"혼자 사는 직장인, 건강 관리 돈 아끼려면? 헬스장 vs 홈트 vs 야외 운동, 내게 맞는 선택 기준 3가지",P2,예시 1 (목표: 근력 강화， 예산: 월 7만원， 패턴: 퇴근 후 이동 감수): 헬스장 등록 후 주 3회 방문 (PT는 일단 보류).,가격,7만원,yes,NEEDS_EXTERNAL_VERIFICATION,"수치·가격 변동 여부 확인. 확인 불가 시 ""이용 전 최신 정보 확인 필요"" 안내 추가",공공기관·제조사·서비스 공식 페이지,,
385,2026-08-04-cost-auto-dac7b3,https://honsamnote.co.kr/blog/2026-08-04-cost-auto-dac7b3/,"혼자 사는 직장인, 건강 관리 돈 아끼려면? 헬스장 vs 홈트 vs 야외 운동, 내게 맞는 선택 기준 3가지",P2,헬스장: 비용: 월 5만 원 ~ 10만 원 (서울 주요 지역 기준， 3개월 이상 장기 계약 시 할인율 높음).,가격,5만 원,yes,NEEDS_EXTERNAL_VERIFICATION,"수치·가격 변동 여부 확인. 확인 불가 시 ""이용 전 최신 정보 확인 필요"" 안내 추가",공공기관·제조사·서비스 공식 페이지,,
386,2026-08-04-cost-auto-dac7b3,https://honsamnote.co.kr/blog/2026-08-04-cost-auto-dac7b3/,"혼자 사는 직장인, 건강 관리 돈 아끼려면? 헬스장 vs 홈트 vs 야외 운동, 내게 맞는 선택 기준 3가지",P2,헬스장: 비용: 월 5만 원 ~ 10만 원 (서울 주요 지역 기준， 3개월 이상 장기 계약 시 할인율 높음).,가격,10만 원,yes,NEEDS_EXTERNAL_VERIFICATION,"수치·가격 변동 여부 확인. 확인 불가 시 ""이용 전 최신 정보 확인 필요"" 안내 추가",공공기관·제조사·서비스 공식 페이지,,
387,2026-08-04-cost-auto-dac7b3,https://honsamnote.co.kr/blog/2026-08-04-cost-auto-dac7b3/,"혼자 사는 직장인, 건강 관리 돈 아끼려면? 헬스장 vs 홈트 vs 야외 운동, 내게 맞는 선택 기준 3가지",P2,홈트레이닝: 비용: 초기 장비 비용 0원 (맨몸) ~ 20만 원 (요가 매트， 덤벨， 폼롤러 등 필수 장비 구매 시).,가격,20만 원,yes,NEEDS_EXTERNAL_VERIFICATION,"수치·가격 변동 여부 확인. 확인 불가 시 ""이용 전 최신 정보 확인 필요"" 안내 추가",공공기관·제조사·서비스 공식 페이지,,
388,2026-08-04-cost-auto-dac7b3,https://honsamnote.co.kr/blog/2026-08-04-cost-auto-dac7b3/,"혼자 사는 직장인, 건강 관리 돈 아끼려면? 헬스장 vs 홈트 vs 야외 운동, 내게 맞는 선택 기준 3가지",P2,(예: 0원， 3만원 이하， 5만원 이하， 10만원 이상 등) 초기 비용 vs.,가격,"0원,",yes,NEEDS_EXTERNAL_VERIFICATION,"수치·가격 변동 여부 확인. 확인 불가 시 ""이용 전 최신 정보 확인 필요"" 안내 추가",공공기관·제조사·서비스 공식 페이지,,
389,2026-08-04-cost-auto-dac7b3,https://honsamnote.co.kr/blog/2026-08-04-cost-auto-dac7b3/,"혼자 사는 직장인, 건강 관리 돈 아끼려면? 헬스장 vs 홈트 vs 야외 운동, 내게 맞는 선택 기준 3가지",P2,운동에 0원에 가까운 비용을 쓰고 싶은 사람.,가격,0원에,yes,NEEDS_EXTERNAL_VERIFICATION,"수치·가격 변동 여부 확인. 확인 불가 시 ""이용 전 최신 정보 확인 필요"" 안내 추가",공공기관·제조사·서비스 공식 페이지,,
390,2026-08-04-cost-auto-dac7b3,https://honsamnote.co.kr/blog/2026-08-04-cost-auto-dac7b3/,"혼자 사는 직장인, 건강 관리 돈 아끼려면? 헬스장 vs 홈트 vs 야외 운동, 내게 맞는 선택 기준 3가지",P2,홈트레이닝: 비용: 초기 장비 비용 0원 (맨몸) ~ 20만 원 (요가 매트， 덤벨， 폼롤러 등 필수 장비 구매 시).,가격,0원 ,yes,NEEDS_EXTERNAL_VERIFICATION,"수치·가격 변동 여부 확인. 확인 불가 시 ""이용 전 최신 정보 확인 필요"" 안내 추가",공공기관·제조사·서비스 공식 페이지,,
391,2026-08-04-cost-auto-dac7b3,https://honsamnote.co.kr/blog/2026-08-04-cost-auto-dac7b3/,"혼자 사는 직장인, 건강 관리 돈 아끼려면? 헬스장 vs 홈트 vs 야외 운동, 내게 맞는 선택 기준 3가지",P2,(0원부터 ~) [ ] 나의 현실적인 생활 패턴 (운동 빈도， 이동 가능 시간)과 자기 동기 부여 의지력을 파악했나요?,가격,0원부,yes,NEEDS_EXTERNAL_VERIFICATION,"수치·가격 변동 여부 확인. 확인 불가 시 ""이용 전 최신 정보 확인 필요"" 안내 추가",공공기관·제조사·서비스 공식 페이지,,
393,2026-08-05-cost-auto-9715f2,https://honsamnote.co.kr/blog/2026-08-05-cost-auto-9715f2/,"혼자 사는 직장인, 물값 매달 낭비 말고! 생수 vs. 정수기 vs. 필터, 내게 맞는 최적의 선택은?",P2,사지 않아도 되는 경우 (다른 대안을 고려할 사람): 물 소비량이 많아 생수 구매 비용이 월 2만원 이상 지출되는 사람.,가격,2만원,yes,NEEDS_EXTERNAL_VERIFICATION,"수치·가격 변동 여부 확인. 확인 불가 시 ""이용 전 최신 정보 확인 필요"" 안내 추가",공공기관·제조사·서비스 공식 페이지,,
394,2026-08-05-cost-auto-9715f2,https://honsamnote.co.kr/blog/2026-08-05-cost-auto-9715f2/,"혼자 사는 직장인, 물값 매달 낭비 말고! 생수 vs. 정수기 vs. 필터, 내게 맞는 최적의 선택은?",P2,사지 않아도 되는 경우 (다른 대안을 고려할 사람): 월 2만 원 이상의 고정 지출이 부담스러운 사람.,가격,2만 원,yes,NEEDS_EXTERNAL_VERIFICATION,"수치·가격 변동 여부 확인. 확인 불가 시 ""이용 전 최신 정보 확인 필요"" 안내 추가",공공기관·제조사·서비스 공식 페이지,,
395,2026-08-05-cost-auto-9715f2,https://honsamnote.co.kr/blog/2026-08-05-cost-auto-9715f2/,"혼자 사는 직장인, 물값 매달 낭비 말고! 생수 vs. 정수기 vs. 필터, 내게 맞는 최적의 선택은?",P2,유지 비용 따져보기 초기 비용: 생수는 거의 0원， 필터 피처는 3~5만원대， 수도꼭지 필터는 1~3만원대， 소형 정수기는 구매 시 20~50만원대이며 렌탈 시 설치비 및 보증금이 발생할 수 있습니다.,가격,5만원,yes,NEEDS_EXTERNAL_VERIFICATION,"수치·가격 변동 여부 확인. 확인 불가 시 ""이용 전 최신 정보 확인 필요"" 안내 추가",공공기관·제조사·서비스 공식 페이지,,
396,2026-08-05-cost-auto-9715f2,https://honsamnote.co.kr/blog/2026-08-05-cost-auto-9715f2/,"혼자 사는 직장인, 물값 매달 낭비 말고! 생수 vs. 정수기 vs. 필터, 내게 맞는 최적의 선택은?",P2,유지 비용 따져보기 초기 비용: 생수는 거의 0원， 필터 피처는 3~5만원대， 수도꼭지 필터는 1~3만원대， 소형 정수기는 구매 시 20~50만원대이며 렌탈 시 설치비 및 보증금이 발생할 수 있습니다.,가격,3만원,yes,NEEDS_EXTERNAL_VERIFICATION,"수치·가격 변동 여부 확인. 확인 불가 시 ""이용 전 최신 정보 확인 필요"" 안내 추가",공공기관·제조사·서비스 공식 페이지,,
397,2026-08-05-cost-auto-9715f2,https://honsamnote.co.kr/blog/2026-08-05-cost-auto-9715f2/,"혼자 사는 직장인, 물값 매달 낭비 말고! 생수 vs. 정수기 vs. 필터, 내게 맞는 최적의 선택은?",P2,유지 비용 따져보기 초기 비용: 생수는 거의 0원， 필터 피처는 3~5만원대， 수도꼭지 필터는 1~3만원대， 소형 정수기는 구매 시 20~50만원대이며 렌탈 시 설치비 및 보증금이 발생할 수 있습니다.,가격,50만원,yes,NEEDS_EXTERNAL_VERIFICATION,"수치·가격 변동 여부 확인. 확인 불가 시 ""이용 전 최신 정보 확인 필요"" 안내 추가",공공기관·제조사·서비스 공식 페이지,,
398,2026-08-05-cost-auto-9715f2,https://honsamnote.co.kr/blog/2026-08-05-cost-auto-9715f2/,"혼자 사는 직장인, 물값 매달 낭비 말고! 생수 vs. 정수기 vs. 필터, 내게 맞는 최적의 선택은?",P2,유지 비용: 생수는 매달 구매 비용， 필터는 2~4개월마다 필터 교체 비용(1~3만원)， 소형 정수기는 월 렌탈료(1~3만원대) 또는 구매 시 주기적인 필터 교체 비용(연 5~10만원)이 발생합니다.,가격,10만원,yes,NEEDS_EXTERNAL_VERIFICATION,"수치·가격 변동 여부 확인. 확인 불가 시 ""이용 전 최신 정보 확인 필요"" 안내 추가",공공기관·제조사·서비스 공식 페이지,,
399,2026-08-05-cost-auto-9715f2,https://honsamnote.co.kr/blog/2026-08-05-cost-auto-9715f2/,"혼자 사는 직장인, 물값 매달 낭비 말고! 생수 vs. 정수기 vs. 필터, 내게 맞는 최적의 선택은?",P2,월 1만원 ~ 3만원 (소비량에 따라 변동).,가격,1만원,yes,NEEDS_EXTERNAL_VERIFICATION,"수치·가격 변동 여부 확인. 확인 불가 시 ""이용 전 최신 정보 확인 필요"" 안내 추가",공공기관·제조사·서비스 공식 페이지,,
400,2026-08-05-cost-auto-9715f2,https://honsamnote.co.kr/blog/2026-08-05-cost-auto-9715f2/,"혼자 사는 직장인, 물값 매달 낭비 말고! 생수 vs. 정수기 vs. 필터, 내게 맞는 최적의 선택은?",P2,유지 비용 따져보기 초기 비용: 생수는 거의 0원， 필터 피처는 3~5만원대， 수도꼭지 필터는 1~3만원대， 소형 정수기는 구매 시 20~50만원대이며 렌탈 시 설치비 및 보증금이 발생할 수 있습니다.,가격,"0원,",yes,NEEDS_EXTERNAL_VERIFICATION,"수치·가격 변동 여부 확인. 확인 불가 시 ""이용 전 최신 정보 확인 필요"" 안내 추가",공공기관·제조사·서비스 공식 페이지,,
402,2026-08-05-cost-auto-e4ec33,https://honsamnote.co.kr/blog/2026-08-05-cost-auto-e4ec33/,"혼자 사는 직장인, 매달 쓰레기 봉투값도 아깝다면? 생활 폐기물 비용 줄이고 버리는 스트레스 없애는 법",P2,비용·시간·주의사항 비용: 쓰레기 봉투: 지역마다 10L 기준 250원~500원 수준으로 다양합니다.,가격,250원~,yes,NEEDS_EXTERNAL_VERIFICATION,"수치·가격 변동 여부 확인. 확인 불가 시 ""이용 전 최신 정보 확인 필요"" 안내 추가",공공기관·제조사·서비스 공식 페이지,,
403,2026-08-05-cost-auto-e4ec33,https://honsamnote.co.kr/blog/2026-08-05-cost-auto-e4ec33/,"혼자 사는 직장인, 매달 쓰레기 봉투값도 아깝다면? 생활 폐기물 비용 줄이고 버리는 스트레스 없애는 법",P2,비용·시간·주의사항 비용: 쓰레기 봉투: 지역마다 10L 기준 250원~500원 수준으로 다양합니다.,가격,500원 ,yes,NEEDS_EXTERNAL_VERIFICATION,"수치·가격 변동 여부 확인. 확인 불가 시 ""이용 전 최신 정보 확인 필요"" 안내 추가",공공기관·제조사·서비스 공식 페이지,,
404,2026-08-05-cost-auto-e4ec33,https://honsamnote.co.kr/blog/2026-08-05-cost-auto-e4ec33/,"혼자 사는 직장인, 매달 쓰레기 봉투값도 아깝다면? 생활 폐기물 비용 줄이고 버리는 스트레스 없애는 법",P2,음식물 쓰레기: 1L 봉투는 약 100원~200원대입니다.,가격,100원~,yes,NEEDS_EXTERNAL_VERIFICATION,"수치·가격 변동 여부 확인. 확인 불가 시 ""이용 전 최신 정보 확인 필요"" 안내 추가",공공기관·제조사·서비스 공식 페이지,,
405,2026-08-05-cost-auto-e4ec33,https://honsamnote.co.kr/blog/2026-08-05-cost-auto-e4ec33/,"혼자 사는 직장인, 매달 쓰레기 봉투값도 아깝다면? 생활 폐기물 비용 줄이고 버리는 스트레스 없애는 법",P2,음식물 쓰레기: 1L 봉투는 약 100원~200원대입니다.,가격,200원대,yes,NEEDS_EXTERNAL_VERIFICATION,"수치·가격 변동 여부 확인. 확인 불가 시 ""이용 전 최신 정보 확인 필요"" 안내 추가",공공기관·제조사·서비스 공식 페이지,,
406,2026-08-05-cost-auto-e4ec33,https://honsamnote.co.kr/blog/2026-08-05-cost-auto-e4ec33/,"혼자 사는 직장인, 매달 쓰레기 봉투값도 아깝다면? 생활 폐기물 비용 줄이고 버리는 스트레스 없애는 법",P2,RFID(무게 측정) 방식의 경우， 1kg당 50~100원 수준의 수수료가 부과됩니다.,가격,100원 ,yes,NEEDS_EXTERNAL_VERIFICATION,"수치·가격 변동 여부 확인. 확인 불가 시 ""이용 전 최신 정보 확인 필요"" 안내 추가",공공기관·제조사·서비스 공식 페이지,,
407,2026-08-05-cost-auto-e4ec33,https://honsamnote.co.kr/blog/2026-08-05-cost-auto-e4ec33/,"혼자 사는 직장인, 매달 쓰레기 봉투값도 아깝다면? 생활 폐기물 비용 줄이고 버리는 스트레스 없애는 법",P2,음식물 쓰레기: 1L 봉투는 약 100원~200원대입니다.,통계,약 100,yes,NEEDS_EXTERNAL_VERIFICATION,"수치·가격 변동 여부 확인. 확인 불가 시 ""이용 전 최신 정보 확인 필요"" 안내 추가",공공기관·제조사·서비스 공식 페이지,,
408,2026-08-06-cost-auto-515c77,https://honsamnote.co.kr/blog/2026-08-06-cost-auto-515c77/,"혼자 사는 직장인, 매년 이사 갈 때마다 막막하다면? 직접 vs 전문 이사 서비스, 후회 없는 결정 가이드",P2,비용·시간·주의사항 예상 비용 (원룸/1.5룸 기준， 변동폭 큼) 직접 이사: 용달차 렌트비: 5만 원 ~ 10만 원 (거리， 시간에 따라 변동) 포장재(박스， 에어캡 등): 3만 원 ~ 5만 원 (지인 도움 시) 식사 및 답례: 5만 원 ~ 10만 원 총 예상 비용: 10만 원 ~ 25만 원 일반이사: 20만 원 ~ 40만 원 반포장이사: 30만 원 ~ ,가격,5만 원,yes,NEEDS_EXTERNAL_VERIFICATION,"수치·가격 변동 여부 확인. 확인 불가 시 ""이용 전 최신 정보 확인 필요"" 안내 추가",공공기관·제조사·서비스 공식 페이지,,
409,2026-08-06-cost-auto-515c77,https://honsamnote.co.kr/blog/2026-08-06-cost-auto-515c77/,"혼자 사는 직장인, 매년 이사 갈 때마다 막막하다면? 직접 vs 전문 이사 서비스, 후회 없는 결정 가이드",P2,비용·시간·주의사항 예상 비용 (원룸/1.5룸 기준， 변동폭 큼) 직접 이사: 용달차 렌트비: 5만 원 ~ 10만 원 (거리， 시간에 따라 변동) 포장재(박스， 에어캡 등): 3만 원 ~ 5만 원 (지인 도움 시) 식사 및 답례: 5만 원 ~ 10만 원 총 예상 비용: 10만 원 ~ 25만 원 일반이사: 20만 원 ~ 40만 원 반포장이사: 30만 원 ~ ,가격,10만 원,yes,NEEDS_EXTERNAL_VERIFICATION,"수치·가격 변동 여부 확인. 확인 불가 시 ""이용 전 최신 정보 확인 필요"" 안내 추가",공공기관·제조사·서비스 공식 페이지,,
410,2026-08-06-cost-auto-515c77,https://honsamnote.co.kr/blog/2026-08-06-cost-auto-515c77/,"혼자 사는 직장인, 매년 이사 갈 때마다 막막하다면? 직접 vs 전문 이사 서비스, 후회 없는 결정 가이드",P2,비용·시간·주의사항 예상 비용 (원룸/1.5룸 기준， 변동폭 큼) 직접 이사: 용달차 렌트비: 5만 원 ~ 10만 원 (거리， 시간에 따라 변동) 포장재(박스， 에어캡 등): 3만 원 ~ 5만 원 (지인 도움 시) 식사 및 답례: 5만 원 ~ 10만 원 총 예상 비용: 10만 원 ~ 25만 원 일반이사: 20만 원 ~ 40만 원 반포장이사: 30만 원 ~ ,가격,3만 원,yes,NEEDS_EXTERNAL_VERIFICATION,"수치·가격 변동 여부 확인. 확인 불가 시 ""이용 전 최신 정보 확인 필요"" 안내 추가",공공기관·제조사·서비스 공식 페이지,,
411,2026-08-06-cost-auto-515c77,https://honsamnote.co.kr/blog/2026-08-06-cost-auto-515c77/,"혼자 사는 직장인, 매년 이사 갈 때마다 막막하다면? 직접 vs 전문 이사 서비스, 후회 없는 결정 가이드",P2,비용·시간·주의사항 예상 비용 (원룸/1.5룸 기준， 변동폭 큼) 직접 이사: 용달차 렌트비: 5만 원 ~ 10만 원 (거리， 시간에 따라 변동) 포장재(박스， 에어캡 등): 3만 원 ~ 5만 원 (지인 도움 시) 식사 및 답례: 5만 원 ~ 10만 원 총 예상 비용: 10만 원 ~ 25만 원 일반이사: 20만 원 ~ 40만 원 반포장이사: 30만 원 ~ ,가격,25만 원,yes,NEEDS_EXTERNAL_VERIFICATION,"수치·가격 변동 여부 확인. 확인 불가 시 ""이용 전 최신 정보 확인 필요"" 안내 추가",공공기관·제조사·서비스 공식 페이지,,
412,2026-08-06-cost-auto-515c77,https://honsamnote.co.kr/blog/2026-08-06-cost-auto-515c77/,"혼자 사는 직장인, 매년 이사 갈 때마다 막막하다면? 직접 vs 전문 이사 서비스, 후회 없는 결정 가이드",P2,비용·시간·주의사항 예상 비용 (원룸/1.5룸 기준， 변동폭 큼) 직접 이사: 용달차 렌트비: 5만 원 ~ 10만 원 (거리， 시간에 따라 변동) 포장재(박스， 에어캡 등): 3만 원 ~ 5만 원 (지인 도움 시) 식사 및 답례: 5만 원 ~ 10만 원 총 예상 비용: 10만 원 ~ 25만 원 일반이사: 20만 원 ~ 40만 원 반포장이사: 30만 원 ~ ,가격,20만 원,yes,NEEDS_EXTERNAL_VERIFICATION,"수치·가격 변동 여부 확인. 확인 불가 시 ""이용 전 최신 정보 확인 필요"" 안내 추가",공공기관·제조사·서비스 공식 페이지,,
413,2026-08-06-cost-auto-515c77,https://honsamnote.co.kr/blog/2026-08-06-cost-auto-515c77/,"혼자 사는 직장인, 매년 이사 갈 때마다 막막하다면? 직접 vs 전문 이사 서비스, 후회 없는 결정 가이드",P2,비용·시간·주의사항 예상 비용 (원룸/1.5룸 기준， 변동폭 큼) 직접 이사: 용달차 렌트비: 5만 원 ~ 10만 원 (거리， 시간에 따라 변동) 포장재(박스， 에어캡 등): 3만 원 ~ 5만 원 (지인 도움 시) 식사 및 답례: 5만 원 ~ 10만 원 총 예상 비용: 10만 원 ~ 25만 원 일반이사: 20만 원 ~ 40만 원 반포장이사: 30만 원 ~ ,가격,40만 원,yes,NEEDS_EXTERNAL_VERIFICATION,"수치·가격 변동 여부 확인. 확인 불가 시 ""이용 전 최신 정보 확인 필요"" 안내 추가",공공기관·제조사·서비스 공식 페이지,,
414,2026-08-06-cost-auto-515c77,https://honsamnote.co.kr/blog/2026-08-06-cost-auto-515c77/,"혼자 사는 직장인, 매년 이사 갈 때마다 막막하다면? 직접 vs 전문 이사 서비스, 후회 없는 결정 가이드",P2,비용·시간·주의사항 예상 비용 (원룸/1.5룸 기준， 변동폭 큼) 직접 이사: 용달차 렌트비: 5만 원 ~ 10만 원 (거리， 시간에 따라 변동) 포장재(박스， 에어캡 등): 3만 원 ~ 5만 원 (지인 도움 시) 식사 및 답례: 5만 원 ~ 10만 원 총 예상 비용: 10만 원 ~ 25만 원 일반이사: 20만 원 ~ 40만 원 반포장이사: 30만 원 ~ ,가격,30만 원,yes,NEEDS_EXTERNAL_VERIFICATION,"수치·가격 변동 여부 확인. 확인 불가 시 ""이용 전 최신 정보 확인 필요"" 안내 추가",공공기관·제조사·서비스 공식 페이지,,
415,2026-08-06-cost-auto-515c77,https://honsamnote.co.kr/blog/2026-08-06-cost-auto-515c77/,"혼자 사는 직장인, 매년 이사 갈 때마다 막막하다면? 직접 vs 전문 이사 서비스, 후회 없는 결정 가이드",P2,비용·시간·주의사항 예상 비용 (원룸/1.5룸 기준， 변동폭 큼) 직접 이사: 용달차 렌트비: 5만 원 ~ 10만 원 (거리， 시간에 따라 변동) 포장재(박스， 에어캡 등): 3만 원 ~ 5만 원 (지인 도움 시) 식사 및 답례: 5만 원 ~ 10만 원 총 예상 비용: 10만 원 ~ 25만 원 일반이사: 20만 원 ~ 40만 원 반포장이사: 30만 원 ~ ,가격,60만 원,yes,NEEDS_EXTERNAL_VERIFICATION,"수치·가격 변동 여부 확인. 확인 불가 시 ""이용 전 최신 정보 확인 필요"" 안내 추가",공공기관·제조사·서비스 공식 페이지,,
416,2026-08-06-cost-auto-515c77,https://honsamnote.co.kr/blog/2026-08-06-cost-auto-515c77/,"혼자 사는 직장인, 매년 이사 갈 때마다 막막하다면? 직접 vs 전문 이사 서비스, 후회 없는 결정 가이드",P2,비용·시간·주의사항 예상 비용 (원룸/1.5룸 기준， 변동폭 큼) 직접 이사: 용달차 렌트비: 5만 원 ~ 10만 원 (거리， 시간에 따라 변동) 포장재(박스， 에어캡 등): 3만 원 ~ 5만 원 (지인 도움 시) 식사 및 답례: 5만 원 ~ 10만 원 총 예상 비용: 10만 원 ~ 25만 원 일반이사: 20만 원 ~ 40만 원 반포장이사: 30만 원 ~ ,가격,80만 원,yes,NEEDS_EXTERNAL_VERIFICATION,"수치·가격 변동 여부 확인. 확인 불가 시 ""이용 전 최신 정보 확인 필요"" 안내 추가",공공기관·제조사·서비스 공식 페이지,,
417,2026-08-06-cost-auto-b32a96,https://honsamnote.co.kr/blog/2026-08-06-cost-auto-b32a96/,온라인 쇼핑 배송비 기준｜배송비 아끼는 법,P2,"필요한 건 딱 두세 가지인데， 막상 장바구니에 담고 나니 ""5만원 이상 무료배송""이라는 문구가 눈에 밟힙니다.",가격,5만원,yes,NEEDS_EXTERNAL_VERIFICATION,"수치·가격 변동 여부 확인. 확인 불가 시 ""이용 전 최신 정보 확인 필요"" 안내 추가",공공기관·제조사·서비스 공식 페이지,,
418,2026-08-06-cost-auto-b32a96,https://honsamnote.co.kr/blog/2026-08-06-cost-auto-b32a96/,온라인 쇼핑 배송비 기준｜배송비 아끼는 법,P2,이런 식으로 한 달에 두세 번만 주문해도 배송비만 1만원 가까이 나가거나， 충동적으로 담은 물건들로 지출이 걷잡을 수 없이 늘어나는 악순환을 경험하고 있지는 않으신가요?,가격,1만원,yes,NEEDS_EXTERNAL_VERIFICATION,"수치·가격 변동 여부 확인. 확인 불가 시 ""이용 전 최신 정보 확인 필요"" 안내 추가",공공기관·제조사·서비스 공식 페이지,,
419,2026-08-06-cost-auto-b32a96,https://honsamnote.co.kr/blog/2026-08-06-cost-auto-b32a96/,온라인 쇼핑 배송비 기준｜배송비 아끼는 법,P2,무료배송 기준인 3만원， 5만원을 채우려면 당장 필요 없는 물건을 추가해야 하는 경우가 많죠.,가격,3만원,yes,NEEDS_EXTERNAL_VERIFICATION,"수치·가격 변동 여부 확인. 확인 불가 시 ""이용 전 최신 정보 확인 필요"" 안내 추가",공공기관·제조사·서비스 공식 페이지,,
420,2026-08-06-cost-auto-b32a96,https://honsamnote.co.kr/blog/2026-08-06-cost-auto-b32a96/,온라인 쇼핑 배송비 기준｜배송비 아끼는 법,P2,시간/수고 비용: 배송비 3，000원을 아끼기 위해 내가 직접 마트까지 왕복하는 데 드는 시간 (예: 1시간)， 교통비 (예: 버스비 2，500원)， 그리고 체력 소모를 돈으로 환산해 보세요.,가격,"3,000원을",yes,NEEDS_EXTERNAL_VERIFICATION,"수치·가격 변동 여부 확인. 확인 불가 시 ""이용 전 최신 정보 확인 필요"" 안내 추가",공공기관·제조사·서비스 공식 페이지,,
421,2026-08-06-cost-auto-b32a96,https://honsamnote.co.kr/blog/2026-08-06-cost-auto-b32a96/,온라인 쇼핑 배송비 기준｜배송비 아끼는 법,P2,시간/수고 비용: 배송비 3，000원을 아끼기 위해 내가 직접 마트까지 왕복하는 데 드는 시간 (예: 1시간)， 교통비 (예: 버스비 2，500원)， 그리고 체력 소모를 돈으로 환산해 보세요.,가격,"2,500원)",yes,NEEDS_EXTERNAL_VERIFICATION,"수치·가격 변동 여부 확인. 확인 불가 시 ""이용 전 최신 정보 확인 필요"" 안내 추가",공공기관·제조사·서비스 공식 페이지,,
422,2026-08-06-cost-auto-b32a96,https://honsamnote.co.kr/blog/2026-08-06-cost-auto-b32a96/,온라인 쇼핑 배송비 기준｜배송비 아끼는 법,P2,비용·시간·주의사항 비용: 일반 배송비: 보통 2，500원 ~ 5，000원 선 (플랫폼 및 배송 방식에 따라 상이).,가격,"2,500원 ",yes,NEEDS_EXTERNAL_VERIFICATION,"수치·가격 변동 여부 확인. 확인 불가 시 ""이용 전 최신 정보 확인 필요"" 안내 추가",공공기관·제조사·서비스 공식 페이지,,
423,2026-08-06-cost-auto-b32a96,https://honsamnote.co.kr/blog/2026-08-06-cost-auto-b32a96/,온라인 쇼핑 배송비 기준｜배송비 아끼는 법,P2,비용·시간·주의사항 비용: 일반 배송비: 보통 2，500원 ~ 5，000원 선 (플랫폼 및 배송 방식에 따라 상이).,가격,"5,000원 ",yes,NEEDS_EXTERNAL_VERIFICATION,"수치·가격 변동 여부 확인. 확인 불가 시 ""이용 전 최신 정보 확인 필요"" 안내 추가",공공기관·제조사·서비스 공식 페이지,,
424,2026-08-06-cost-auto-b32a96,https://honsamnote.co.kr/blog/2026-08-06-cost-auto-b32a96/,온라인 쇼핑 배송비 기준｜배송비 아끼는 법,P2,유료 멤버십: 월 2，900원 ~ 4，900원， 또는 연 3~5만원 선 (플랫폼별 상이).,가격,"2,900원 ",yes,NEEDS_EXTERNAL_VERIFICATION,"수치·가격 변동 여부 확인. 확인 불가 시 ""이용 전 최신 정보 확인 필요"" 안내 추가",공공기관·제조사·서비스 공식 페이지,,
425,2026-08-06-cost-auto-b32a96,https://honsamnote.co.kr/blog/2026-08-06-cost-auto-b32a96/,온라인 쇼핑 배송비 기준｜배송비 아끼는 법,P2,유료 멤버십: 월 2，900원 ~ 4，900원， 또는 연 3~5만원 선 (플랫폼별 상이).,가격,"4,900원,",yes,NEEDS_EXTERNAL_VERIFICATION,"수치·가격 변동 여부 확인. 확인 불가 시 ""이용 전 최신 정보 확인 필요"" 안내 추가",공공기관·제조사·서비스 공식 페이지,,
428,2026-08-06-cost-auto-c59747,https://honsamnote.co.kr/blog/2026-08-06-cost-auto-c59747/,"혼자 사는 직장인, 밤마다 OTT 유목민이라면? 나에게 딱 맞는 구독 전략으로 매달 만원 아끼는 법",P2,넷플릭스， 티빙， 디즈니플러스… 이것저것 끌리는 대로 구독하다 보니， 어느새 통장에서 매달 3만원， 5만원씩 자동으로 빠져나가고 있습니다.,가격,3만원,yes,NEEDS_EXTERNAL_VERIFICATION,"수치·가격 변동 여부 확인. 확인 불가 시 ""이용 전 최신 정보 확인 필요"" 안내 추가",공공기관·제조사·서비스 공식 페이지,,
429,2026-08-06-cost-auto-c59747,https://honsamnote.co.kr/blog/2026-08-06-cost-auto-c59747/,"혼자 사는 직장인, 밤마다 OTT 유목민이라면? 나에게 딱 맞는 구독 전략으로 매달 만원 아끼는 법",P2,넷플릭스， 티빙， 디즈니플러스… 이것저것 끌리는 대로 구독하다 보니， 어느새 통장에서 매달 3만원， 5만원씩 자동으로 빠져나가고 있습니다.,가격,5만원,yes,NEEDS_EXTERNAL_VERIFICATION,"수치·가격 변동 여부 확인. 확인 불가 시 ""이용 전 최신 정보 확인 필요"" 안내 추가",공공기관·제조사·서비스 공식 페이지,,
430,2026-08-06-cost-auto-c59747,https://honsamnote.co.kr/blog/2026-08-06-cost-auto-c59747/,"혼자 사는 직장인, 밤마다 OTT 유목민이라면? 나에게 딱 맞는 구독 전략으로 매달 만원 아끼는 법",P2,월 1~2만원만 현명하게 투자해도 충분히 풍성한 엔터테인먼트를 즐길 수 있습니다.,가격,2만원,yes,NEEDS_EXTERNAL_VERIFICATION,"수치·가격 변동 여부 확인. 확인 불가 시 ""이용 전 최신 정보 확인 필요"" 안내 추가",공공기관·제조사·서비스 공식 페이지,,
431,2026-08-06-cost-auto-c59747,https://honsamnote.co.kr/blog/2026-08-06-cost-auto-c59747/,"혼자 사는 직장인, 밤마다 OTT 유목민이라면? 나에게 딱 맞는 구독 전략으로 매달 만원 아끼는 법",P2,비용·시간·주의사항 비용 절감 효과 월 1~2개 OTT를 집중 구독하고 계정 공유를 활용하면， 매달 최소 1만원 이상의 구독료를 절약할 수 있습니다.,가격,1만원,yes,NEEDS_EXTERNAL_VERIFICATION,"수치·가격 변동 여부 확인. 확인 불가 시 ""이용 전 최신 정보 확인 필요"" 안내 추가",공공기관·제조사·서비스 공식 페이지,,
432,2026-08-06-cost-auto-c59747,https://honsamnote.co.kr/blog/2026-08-06-cost-auto-c59747/,"혼자 사는 직장인, 밤마다 OTT 유목민이라면? 나에게 딱 맞는 구독 전략으로 매달 만원 아끼는 법",P2,예시: 넷플릭스 프리미엄(17，000원) + 티빙 프리미엄(13，000원) = 30，000원 -넷플릭스 스탠다드(13，500원)만 구독， 또는 넷플릭스 프리미엄 4인 파티(17，000원/4 = 4，250원)로 변경 시 최대 25，000원 이상 절약 가능.,가격,"17,000원)",yes,NEEDS_EXTERNAL_VERIFICATION,"수치·가격 변동 여부 확인. 확인 불가 시 ""이용 전 최신 정보 확인 필요"" 안내 추가",공공기관·제조사·서비스 공식 페이지,,
433,2026-08-06-cost-auto-c59747,https://honsamnote.co.kr/blog/2026-08-06-cost-auto-c59747/,"혼자 사는 직장인, 밤마다 OTT 유목민이라면? 나에게 딱 맞는 구독 전략으로 매달 만원 아끼는 법",P2,예시: 넷플릭스 프리미엄(17，000원) + 티빙 프리미엄(13，000원) = 30，000원 -넷플릭스 스탠다드(13，500원)만 구독， 또는 넷플릭스 프리미엄 4인 파티(17，000원/4 = 4，250원)로 변경 시 최대 25，000원 이상 절약 가능.,가격,"13,000원)",yes,NEEDS_EXTERNAL_VERIFICATION,"수치·가격 변동 여부 확인. 확인 불가 시 ""이용 전 최신 정보 확인 필요"" 안내 추가",공공기관·제조사·서비스 공식 페이지,,
434,2026-08-06-cost-auto-c59747,https://honsamnote.co.kr/blog/2026-08-06-cost-auto-c59747/,"혼자 사는 직장인, 밤마다 OTT 유목민이라면? 나에게 딱 맞는 구독 전략으로 매달 만원 아끼는 법",P2,예시: 넷플릭스 프리미엄(17，000원) + 티빙 프리미엄(13，000원) = 30，000원 -넷플릭스 스탠다드(13，500원)만 구독， 또는 넷플릭스 프리미엄 4인 파티(17，000원/4 = 4，250원)로 변경 시 최대 25，000원 이상 절약 가능.,가격,"30,000원 ",yes,NEEDS_EXTERNAL_VERIFICATION,"수치·가격 변동 여부 확인. 확인 불가 시 ""이용 전 최신 정보 확인 필요"" 안내 추가",공공기관·제조사·서비스 공식 페이지,,
435,2026-08-06-cost-auto-c59747,https://honsamnote.co.kr/blog/2026-08-06-cost-auto-c59747/,"혼자 사는 직장인, 밤마다 OTT 유목민이라면? 나에게 딱 맞는 구독 전략으로 매달 만원 아끼는 법",P2,예시: 넷플릭스 프리미엄(17，000원) + 티빙 프리미엄(13，000원) = 30，000원 -넷플릭스 스탠다드(13，500원)만 구독， 또는 넷플릭스 프리미엄 4인 파티(17，000원/4 = 4，250원)로 변경 시 최대 25，000원 이상 절약 가능.,가격,"13,500원)",yes,NEEDS_EXTERNAL_VERIFICATION,"수치·가격 변동 여부 확인. 확인 불가 시 ""이용 전 최신 정보 확인 필요"" 안내 추가",공공기관·제조사·서비스 공식 페이지,,
436,2026-08-06-cost-auto-c59747,https://honsamnote.co.kr/blog/2026-08-06-cost-auto-c59747/,"혼자 사는 직장인, 밤마다 OTT 유목민이라면? 나에게 딱 맞는 구독 전략으로 매달 만원 아끼는 법",P2,예시: 넷플릭스 프리미엄(17，000원) + 티빙 프리미엄(13，000원) = 30，000원 -넷플릭스 스탠다드(13，500원)만 구독， 또는 넷플릭스 프리미엄 4인 파티(17，000원/4 = 4，250원)로 변경 시 최대 25，000원 이상 절약 가능.,가격,"17,000원/",yes,NEEDS_EXTERNAL_VERIFICATION,"수치·가격 변동 여부 확인. 확인 불가 시 ""이용 전 최신 정보 확인 필요"" 안내 추가",공공기관·제조사·서비스 공식 페이지,,
437,2026-08-06-cost-auto-c59747,https://honsamnote.co.kr/blog/2026-08-06-cost-auto-c59747/,"혼자 사는 직장인, 밤마다 OTT 유목민이라면? 나에게 딱 맞는 구독 전략으로 매달 만원 아끼는 법",P2,예시: 넷플릭스 프리미엄(17，000원) + 티빙 프리미엄(13，000원) = 30，000원 -넷플릭스 스탠다드(13，500원)만 구독， 또는 넷플릭스 프리미엄 4인 파티(17，000원/4 = 4，250원)로 변경 시 최대 25，000원 이상 절약 가능.,가격,"4,250원)",yes,NEEDS_EXTERNAL_VERIFICATION,"수치·가격 변동 여부 확인. 확인 불가 시 ""이용 전 최신 정보 확인 필요"" 안내 추가",공공기관·제조사·서비스 공식 페이지,,
438,2026-08-06-cost-auto-c59747,https://honsamnote.co.kr/blog/2026-08-06-cost-auto-c59747/,"혼자 사는 직장인, 밤마다 OTT 유목민이라면? 나에게 딱 맞는 구독 전략으로 매달 만원 아끼는 법",P2,예시: 넷플릭스 프리미엄(17，000원) + 티빙 프리미엄(13，000원) = 30，000원 -넷플릭스 스탠다드(13，500원)만 구독， 또는 넷플릭스 프리미엄 4인 파티(17，000원/4 = 4，250원)로 변경 시 최대 25，000원 이상 절약 가능.,가격,"25,000원 ",yes,NEEDS_EXTERNAL_VERIFICATION,"수치·가격 변동 여부 확인. 확인 불가 시 ""이용 전 최신 정보 확인 필요"" 안내 추가",공공기관·제조사·서비스 공식 페이지,,
440,2026-08-06-cost-auto-cfda8d,https://honsamnote.co.kr/blog/2026-08-06-cost-auto-cfda8d/,"혼자 사는 직장인, 매일 마시는 커피값에 지갑이 텅 빈다면? 홈 카페 vs 외부 구매, 내게 맞는 경제적인 선택은?",P2,(예: 캡슐 머신 10만원， 월 캡슐 2만원 = 첫 달 12만원， 이후 월 2만원) 외부 구매를 유지할 경우: 현재 지출액과 비교하여 홈 카페 전환 시 절약할 수 있는 금액을 계산해봅니다.,가격,10만원,yes,NEEDS_EXTERNAL_VERIFICATION,"수치·가격 변동 여부 확인. 확인 불가 시 ""이용 전 최신 정보 확인 필요"" 안내 추가",공공기관·제조사·서비스 공식 페이지,,
441,2026-08-06-cost-auto-cfda8d,https://honsamnote.co.kr/blog/2026-08-06-cost-auto-cfda8d/,"혼자 사는 직장인, 매일 마시는 커피값에 지갑이 텅 빈다면? 홈 카페 vs 외부 구매, 내게 맞는 경제적인 선택은?",P2,(예: 캡슐 머신 10만원， 월 캡슐 2만원 = 첫 달 12만원， 이후 월 2만원) 외부 구매를 유지할 경우: 현재 지출액과 비교하여 홈 카페 전환 시 절약할 수 있는 금액을 계산해봅니다.,가격,2만원,yes,NEEDS_EXTERNAL_VERIFICATION,"수치·가격 변동 여부 확인. 확인 불가 시 ""이용 전 최신 정보 확인 필요"" 안내 추가",공공기관·제조사·서비스 공식 페이지,,
442,2026-08-06-cost-auto-cfda8d,https://honsamnote.co.kr/blog/2026-08-06-cost-auto-cfda8d/,"혼자 사는 직장인, 매일 마시는 커피값에 지갑이 텅 빈다면? 홈 카페 vs 외부 구매, 내게 맞는 경제적인 선택은?",P2,(예: 캡슐 머신 10만원， 월 캡슐 2만원 = 첫 달 12만원， 이후 월 2만원) 외부 구매를 유지할 경우: 현재 지출액과 비교하여 홈 카페 전환 시 절약할 수 있는 금액을 계산해봅니다.,가격,12만원,yes,NEEDS_EXTERNAL_VERIFICATION,"수치·가격 변동 여부 확인. 확인 불가 시 ""이용 전 최신 정보 확인 필요"" 안내 추가",공공기관·제조사·서비스 공식 페이지,,
443,2026-08-06-cost-auto-cfda8d,https://honsamnote.co.kr/blog/2026-08-06-cost-auto-cfda8d/,"혼자 사는 직장인, 매일 마시는 커피값에 지갑이 텅 빈다면? 홈 카페 vs 외부 구매, 내게 맞는 경제적인 선택은?",P2,(예: 월 10만원 지출 → 홈 카페 월 2만원 = 월 8만원 절약) 몇 개월 후에 초기 투자 비용을 회수할 수 있는지 계산해보면 합리적인 판단에 도움이 됩니다.,가격,8만원,yes,NEEDS_EXTERNAL_VERIFICATION,"수치·가격 변동 여부 확인. 확인 불가 시 ""이용 전 최신 정보 확인 필요"" 안내 추가",공공기관·제조사·서비스 공식 페이지,,
444,2026-08-06-cost-auto-cfda8d,https://honsamnote.co.kr/blog/2026-08-06-cost-auto-cfda8d/,"혼자 사는 직장인, 매일 마시는 커피값에 지갑이 텅 빈다면? 홈 카페 vs 외부 구매, 내게 맞는 경제적인 선택은?",P2,비용·시간·주의사항 ◎ 외부 구매 (카페， 편의점) 비용: 프랜차이즈 카페 아메리카노: 4，000~5，000원대 (할인/적립 활용 시 절약 가능) 개인 카페 아메리카노: 4，000~6，000원대 편의점 커피/RTD: 1，500~3，000원대 (가장 저렴한 외부 옵션) 월 평균: 매일 1잔 기준 약 8만 원~12만 원 이상 시간: 구매에 5~10분 내외 소요,가격,8만 원,yes,NEEDS_EXTERNAL_VERIFICATION,"수치·가격 변동 여부 확인. 확인 불가 시 ""이용 전 최신 정보 확인 필요"" 안내 추가",공공기관·제조사·서비스 공식 페이지,,
445,2026-08-06-cost-auto-cfda8d,https://honsamnote.co.kr/blog/2026-08-06-cost-auto-cfda8d/,"혼자 사는 직장인, 매일 마시는 커피값에 지갑이 텅 빈다면? 홈 카페 vs 외부 구매, 내게 맞는 경제적인 선택은?",P2,비용·시간·주의사항 ◎ 외부 구매 (카페， 편의점) 비용: 프랜차이즈 카페 아메리카노: 4，000~5，000원대 (할인/적립 활용 시 절약 가능) 개인 카페 아메리카노: 4，000~6，000원대 편의점 커피/RTD: 1，500~3，000원대 (가장 저렴한 외부 옵션) 월 평균: 매일 1잔 기준 약 8만 원~12만 원 이상 시간: 구매에 5~10분 내외 소요,가격,12만 원,yes,NEEDS_EXTERNAL_VERIFICATION,"수치·가격 변동 여부 확인. 확인 불가 시 ""이용 전 최신 정보 확인 필요"" 안내 추가",공공기관·제조사·서비스 공식 페이지,,
446,2026-08-06-cost-auto-cfda8d,https://honsamnote.co.kr/blog/2026-08-06-cost-auto-cfda8d/,"혼자 사는 직장인, 매일 마시는 커피값에 지갑이 텅 빈다면? 홈 카페 vs 외부 구매, 내게 맞는 경제적인 선택은?",P2,월 평균 6천 원~2만 원.,가격,2만 원,yes,NEEDS_EXTERNAL_VERIFICATION,"수치·가격 변동 여부 확인. 확인 불가 시 ""이용 전 최신 정보 확인 필요"" 안내 추가",공공기관·제조사·서비스 공식 페이지,,
447,2026-08-06-cost-auto-cfda8d,https://honsamnote.co.kr/blog/2026-08-06-cost-auto-cfda8d/,"혼자 사는 직장인, 매일 마시는 커피값에 지갑이 텅 빈다면? 홈 카페 vs 외부 구매, 내게 맞는 경제적인 선택은?",P2,캡슐 커피 머신: 비용: 머신 초기 투자 5만 원~20만 원.,가격,5만 원,yes,NEEDS_EXTERNAL_VERIFICATION,"수치·가격 변동 여부 확인. 확인 불가 시 ""이용 전 최신 정보 확인 필요"" 안내 추가",공공기관·제조사·서비스 공식 페이지,,
448,2026-08-06-cost-auto-cfda8d,https://honsamnote.co.kr/blog/2026-08-06-cost-auto-cfda8d/,"혼자 사는 직장인, 매일 마시는 커피값에 지갑이 텅 빈다면? 홈 카페 vs 외부 구매, 내게 맞는 경제적인 선택은?",P2,캡슐 커피 머신: 비용: 머신 초기 투자 5만 원~20만 원.,가격,20만 원,yes,NEEDS_EXTERNAL_VERIFICATION,"수치·가격 변동 여부 확인. 확인 불가 시 ""이용 전 최신 정보 확인 필요"" 안내 추가",공공기관·제조사·서비스 공식 페이지,,
449,2026-08-06-cost-auto-cfda8d,https://honsamnote.co.kr/blog/2026-08-06-cost-auto-cfda8d/,"혼자 사는 직장인, 매일 마시는 커피값에 지갑이 텅 빈다면? 홈 카페 vs 외부 구매, 내게 맞는 경제적인 선택은?",P2,월 평균 1만 원~2만 원 + 머신 값.,가격,1만 원,yes,NEEDS_EXTERNAL_VERIFICATION,"수치·가격 변동 여부 확인. 확인 불가 시 ""이용 전 최신 정보 확인 필요"" 안내 추가",공공기관·제조사·서비스 공식 페이지,,
450,2026-08-06-cost-auto-cfda8d,https://honsamnote.co.kr/blog/2026-08-06-cost-auto-cfda8d/,"혼자 사는 직장인, 매일 마시는 커피값에 지갑이 텅 빈다면? 홈 카페 vs 외부 구매, 내게 맞는 경제적인 선택은?",P2,드립 커피 (핸드드립/커피 메이커): 비용: 도구 초기 투자 3만 원~10만 원.,가격,3만 원,yes,NEEDS_EXTERNAL_VERIFICATION,"수치·가격 변동 여부 확인. 확인 불가 시 ""이용 전 최신 정보 확인 필요"" 안내 추가",공공기관·제조사·서비스 공식 페이지,,
451,2026-08-06-cost-auto-cfda8d,https://honsamnote.co.kr/blog/2026-08-06-cost-auto-cfda8d/,"혼자 사는 직장인, 매일 마시는 커피값에 지갑이 텅 빈다면? 홈 카페 vs 외부 구매, 내게 맞는 경제적인 선택은?",P2,드립 커피 (핸드드립/커피 메이커): 비용: 도구 초기 투자 3만 원~10만 원.,가격,10만 원,yes,NEEDS_EXTERNAL_VERIFICATION,"수치·가격 변동 여부 확인. 확인 불가 시 ""이용 전 최신 정보 확인 필요"" 안내 추가",공공기관·제조사·서비스 공식 페이지,,
452,2026-08-06-cost-auto-cfda8d,https://honsamnote.co.kr/blog/2026-08-06-cost-auto-cfda8d/,"혼자 사는 직장인, 매일 마시는 커피값에 지갑이 텅 빈다면? 홈 카페 vs 외부 구매, 내게 맞는 경제적인 선택은?",P2,반자동 에스프레소 머신: 비용: 머신 초기 투자 20만 원~50만 원 이상.,가격,50만 원,yes,NEEDS_EXTERNAL_VERIFICATION,"수치·가격 변동 여부 확인. 확인 불가 시 ""이용 전 최신 정보 확인 필요"" 안내 추가",공공기관·제조사·서비스 공식 페이지,,
453,2026-08-06-cost-auto-cfda8d,https://honsamnote.co.kr/blog/2026-08-06-cost-auto-cfda8d/,"혼자 사는 직장인, 매일 마시는 커피값에 지갑이 텅 빈다면? 홈 카페 vs 외부 구매, 내게 맞는 경제적인 선택은?",P2,(예: 주 5회 5，000원 = 25，000원 → 월 100，000원) Tip: 매일 아침 커피를 마신다면， 출근길 카페를 지나치며 '내가 이 돈을 아낀다면 한 달에 얼마를 모을 수 있을까?' 상상해보세요.,가격,"5,000원 ",yes,NEEDS_EXTERNAL_VERIFICATION,"수치·가격 변동 여부 확인. 확인 불가 시 ""이용 전 최신 정보 확인 필요"" 안내 추가",공공기관·제조사·서비스 공식 페이지,,
454,2026-08-06-cost-auto-cfda8d,https://honsamnote.co.kr/blog/2026-08-06-cost-auto-cfda8d/,"혼자 사는 직장인, 매일 마시는 커피값에 지갑이 텅 빈다면? 홈 카페 vs 외부 구매, 내게 맞는 경제적인 선택은?",P2,(예: 주 5회 5，000원 = 25，000원 → 월 100，000원) Tip: 매일 아침 커피를 마신다면， 출근길 카페를 지나치며 '내가 이 돈을 아낀다면 한 달에 얼마를 모을 수 있을까?' 상상해보세요.,가격,"25,000원 ",yes,NEEDS_EXTERNAL_VERIFICATION,"수치·가격 변동 여부 확인. 확인 불가 시 ""이용 전 최신 정보 확인 필요"" 안내 추가",공공기관·제조사·서비스 공식 페이지,,
455,2026-08-06-cost-auto-cfda8d,https://honsamnote.co.kr/blog/2026-08-06-cost-auto-cfda8d/,"혼자 사는 직장인, 매일 마시는 커피값에 지갑이 텅 빈다면? 홈 카페 vs 외부 구매, 내게 맞는 경제적인 선택은?",P2,(예: 주 5회 5，000원 = 25，000원 → 월 100，000원) Tip: 매일 아침 커피를 마신다면， 출근길 카페를 지나치며 '내가 이 돈을 아낀다면 한 달에 얼마를 모을 수 있을까?' 상상해보세요.,가격,"100,000원)",yes,NEEDS_EXTERNAL_VERIFICATION,"수치·가격 변동 여부 확인. 확인 불가 시 ""이용 전 최신 정보 확인 필요"" 안내 추가",공공기관·제조사·서비스 공식 페이지,,
456,2026-08-06-cost-auto-cfda8d,https://honsamnote.co.kr/blog/2026-08-06-cost-auto-cfda8d/,"혼자 사는 직장인, 매일 마시는 커피값에 지갑이 텅 빈다면? 홈 카페 vs 외부 구매, 내게 맞는 경제적인 선택은?",P2,비용·시간·주의사항 ◎ 외부 구매 (카페， 편의점) 비용: 프랜차이즈 카페 아메리카노: 4，000~5，000원대 (할인/적립 활용 시 절약 가능) 개인 카페 아메리카노: 4，000~6，000원대 편의점 커피/RTD: 1，500~3，000원대 (가장 저렴한 외부 옵션) 월 평균: 매일 1잔 기준 약 8만 원~12만 원 이상 시간: 구매에 5~10분 내외 소요,가격,"5,000원대",yes,NEEDS_EXTERNAL_VERIFICATION,"수치·가격 변동 여부 확인. 확인 불가 시 ""이용 전 최신 정보 확인 필요"" 안내 추가",공공기관·제조사·서비스 공식 페이지,,
457,2026-08-06-cost-auto-cfda8d,https://honsamnote.co.kr/blog/2026-08-06-cost-auto-cfda8d/,"혼자 사는 직장인, 매일 마시는 커피값에 지갑이 텅 빈다면? 홈 카페 vs 외부 구매, 내게 맞는 경제적인 선택은?",P2,비용·시간·주의사항 ◎ 외부 구매 (카페， 편의점) 비용: 프랜차이즈 카페 아메리카노: 4，000~5，000원대 (할인/적립 활용 시 절약 가능) 개인 카페 아메리카노: 4，000~6，000원대 편의점 커피/RTD: 1，500~3，000원대 (가장 저렴한 외부 옵션) 월 평균: 매일 1잔 기준 약 8만 원~12만 원 이상 시간: 구매에 5~10분 내외 소요,가격,"6,000원대",yes,NEEDS_EXTERNAL_VERIFICATION,"수치·가격 변동 여부 확인. 확인 불가 시 ""이용 전 최신 정보 확인 필요"" 안내 추가",공공기관·제조사·서비스 공식 페이지,,
458,2026-08-06-cost-auto-cfda8d,https://honsamnote.co.kr/blog/2026-08-06-cost-auto-cfda8d/,"혼자 사는 직장인, 매일 마시는 커피값에 지갑이 텅 빈다면? 홈 카페 vs 외부 구매, 내게 맞는 경제적인 선택은?",P2,비용·시간·주의사항 ◎ 외부 구매 (카페， 편의점) 비용: 프랜차이즈 카페 아메리카노: 4，000~5，000원대 (할인/적립 활용 시 절약 가능) 개인 카페 아메리카노: 4，000~6，000원대 편의점 커피/RTD: 1，500~3，000원대 (가장 저렴한 외부 옵션) 월 평균: 매일 1잔 기준 약 8만 원~12만 원 이상 시간: 구매에 5~10분 내외 소요,가격,"3,000원대",yes,NEEDS_EXTERNAL_VERIFICATION,"수치·가격 변동 여부 확인. 확인 불가 시 ""이용 전 최신 정보 확인 필요"" 안내 추가",공공기관·제조사·서비스 공식 페이지,,
459,2026-08-06-cost-auto-cfda8d,https://honsamnote.co.kr/blog/2026-08-06-cost-auto-cfda8d/,"혼자 사는 직장인, 매일 마시는 커피값에 지갑이 텅 빈다면? 홈 카페 vs 외부 구매, 내게 맞는 경제적인 선택은?",P2,◎ 홈 카페 (기기별 예상) 인스턴트커피/드립백: 비용: 한 잔당 약 300~1，000원.,가격,"1,000원.",yes,NEEDS_EXTERNAL_VERIFICATION,"수치·가격 변동 여부 확인. 확인 불가 시 ""이용 전 최신 정보 확인 필요"" 안내 추가",공공기관·제조사·서비스 공식 페이지,,
460,2026-08-06-cost-auto-cfda8d,https://honsamnote.co.kr/blog/2026-08-06-cost-auto-cfda8d/,"혼자 사는 직장인, 매일 마시는 커피값에 지갑이 텅 빈다면? 홈 카페 vs 외부 구매, 내게 맞는 경제적인 선택은?",P2,캡슐 한 개당 500원~1，000원.,가격,500원~,yes,NEEDS_EXTERNAL_VERIFICATION,"수치·가격 변동 여부 확인. 확인 불가 시 ""이용 전 최신 정보 확인 필요"" 안내 추가",공공기관·제조사·서비스 공식 페이지,,
461,2026-08-06-cost-auto-cfda8d,https://honsamnote.co.kr/blog/2026-08-06-cost-auto-cfda8d/,"혼자 사는 직장인, 매일 마시는 커피값에 지갑이 텅 빈다면? 홈 카페 vs 외부 구매, 내게 맞는 경제적인 선택은?",P2,원두 한 잔당 약 200원~500원.,가격,200원~,yes,NEEDS_EXTERNAL_VERIFICATION,"수치·가격 변동 여부 확인. 확인 불가 시 ""이용 전 최신 정보 확인 필요"" 안내 추가",공공기관·제조사·서비스 공식 페이지,,
462,2026-08-06-cost-auto-cfda8d,https://honsamnote.co.kr/blog/2026-08-06-cost-auto-cfda8d/,"혼자 사는 직장인, 매일 마시는 커피값에 지갑이 텅 빈다면? 홈 카페 vs 외부 구매, 내게 맞는 경제적인 선택은?",P2,원두 한 잔당 약 200원~500원.,가격,500원.,yes,NEEDS_EXTERNAL_VERIFICATION,"수치·가격 변동 여부 확인. 확인 불가 시 ""이용 전 최신 정보 확인 필요"" 안내 추가",공공기관·제조사·서비스 공식 페이지,,
470,2026-08-06-cost-auto-f652a0,https://honsamnote.co.kr/blog/2026-08-06-cost-auto-f652a0/,"혼자 사는 직장인, 안 쓰는 물건 쌓여만 간다면? 중고거래 vs 나눔, 후회 없이 처분하고 용돈 버는 법",P2,(예: 작은 가구류 2，000원~5，000원， 대형 가전/가구 10，000원 이상) 시간: 물건 분류 및 사진 촬영: 물건 양에 따라 최소 1~2시간에서 반나절 이상 소요될 수 있습니다.,가격,"2,000원~",yes,NEEDS_EXTERNAL_VERIFICATION,"수치·가격 변동 여부 확인. 확인 불가 시 ""이용 전 최신 정보 확인 필요"" 안내 추가",공공기관·제조사·서비스 공식 페이지,,
471,2026-08-06-cost-auto-f652a0,https://honsamnote.co.kr/blog/2026-08-06-cost-auto-f652a0/,"혼자 사는 직장인, 안 쓰는 물건 쌓여만 간다면? 중고거래 vs 나눔, 후회 없이 처분하고 용돈 버는 법",P2,(예: 작은 가구류 2，000원~5，000원， 대형 가전/가구 10，000원 이상) 시간: 물건 분류 및 사진 촬영: 물건 양에 따라 최소 1~2시간에서 반나절 이상 소요될 수 있습니다.,가격,"5,000원,",yes,NEEDS_EXTERNAL_VERIFICATION,"수치·가격 변동 여부 확인. 확인 불가 시 ""이용 전 최신 정보 확인 필요"" 안내 추가",공공기관·제조사·서비스 공식 페이지,,
472,2026-08-06-cost-auto-f652a0,https://honsamnote.co.kr/blog/2026-08-06-cost-auto-f652a0/,"혼자 사는 직장인, 안 쓰는 물건 쌓여만 간다면? 중고거래 vs 나눔, 후회 없이 처분하고 용돈 버는 법",P2,(예: 작은 가구류 2，000원~5，000원， 대형 가전/가구 10，000원 이상) 시간: 물건 분류 및 사진 촬영: 물건 양에 따라 최소 1~2시간에서 반나절 이상 소요될 수 있습니다.,가격,"10,000원 ",yes,NEEDS_EXTERNAL_VERIFICATION,"수치·가격 변동 여부 확인. 확인 불가 시 ""이용 전 최신 정보 확인 필요"" 안내 추가",공공기관·제조사·서비스 공식 페이지,,
473,2026-08-06-cost-auto-f652a0,https://honsamnote.co.kr/blog/2026-08-06-cost-auto-f652a0/,"혼자 사는 직장인, 안 쓰는 물건 쌓여만 간다면? 중고거래 vs 나눔, 후회 없이 처분하고 용돈 버는 법",P2,합리적인 가격 설정: 새 제품 가격의 50~70% 선에서 시작하되， 중고거래 플랫폼에서 비슷한 제품의 시세를 반드시 확인하세요.,통계,70%,yes,NEEDS_EXTERNAL_VERIFICATION,"수치·가격 변동 여부 확인. 확인 불가 시 ""이용 전 최신 정보 확인 필요"" 안내 추가",공공기관·제조사·서비스 공식 페이지,,
474,2026-08-06-housing-auto-1a9827,https://honsamnote.co.kr/blog/2026-08-06-housing-auto-1a9827/,"혼자 사는 직장인, 급하게 작은 짐 옮길 때? 카셰어링 탑차 vs 용달 서비스, 내 돈 아끼는 현명한 선택은?",P2,"비용·시간·주의사항카셰어링 탑차 이용 시 예상 비용: 대여료: 시간당 5천원 ~ 1만원대 (차량 종류 및 서비스사마다 상이) 주행 요금: 1km당 150원 ~ 200원대 (유류비 포함 개념) 보험료: 선택한 자기부담금 수준에 따라 상이 (3천원 ~ 1만원대) 총 비용: 2~3시간 대여， 30km 주행 기준으로 약 3만원 ~ 7만원 내외 예상 시간: 차량 ",가격,1만원,yes,NEEDS_EXTERNAL_VERIFICATION,"수치·가격 변동 여부 확인. 확인 불가 시 ""이용 전 최신 정보 확인 필요"" 안내 추가",공공기관·제조사·서비스 공식 페이지,,
475,2026-08-06-housing-auto-1a9827,https://honsamnote.co.kr/blog/2026-08-06-housing-auto-1a9827/,"혼자 사는 직장인, 급하게 작은 짐 옮길 때? 카셰어링 탑차 vs 용달 서비스, 내 돈 아끼는 현명한 선택은?",P2,"비용·시간·주의사항카셰어링 탑차 이용 시 예상 비용: 대여료: 시간당 5천원 ~ 1만원대 (차량 종류 및 서비스사마다 상이) 주행 요금: 1km당 150원 ~ 200원대 (유류비 포함 개념) 보험료: 선택한 자기부담금 수준에 따라 상이 (3천원 ~ 1만원대) 총 비용: 2~3시간 대여， 30km 주행 기준으로 약 3만원 ~ 7만원 내외 예상 시간: 차량 ",가격,3만원,yes,NEEDS_EXTERNAL_VERIFICATION,"수치·가격 변동 여부 확인. 확인 불가 시 ""이용 전 최신 정보 확인 필요"" 안내 추가",공공기관·제조사·서비스 공식 페이지,,
476,2026-08-06-housing-auto-1a9827,https://honsamnote.co.kr/blog/2026-08-06-housing-auto-1a9827/,"혼자 사는 직장인, 급하게 작은 짐 옮길 때? 카셰어링 탑차 vs 용달 서비스, 내 돈 아끼는 현명한 선택은?",P2,"비용·시간·주의사항카셰어링 탑차 이용 시 예상 비용: 대여료: 시간당 5천원 ~ 1만원대 (차량 종류 및 서비스사마다 상이) 주행 요금: 1km당 150원 ~ 200원대 (유류비 포함 개념) 보험료: 선택한 자기부담금 수준에 따라 상이 (3천원 ~ 1만원대) 총 비용: 2~3시간 대여， 30km 주행 기준으로 약 3만원 ~ 7만원 내외 예상 시간: 차량 ",가격,7만원,yes,NEEDS_EXTERNAL_VERIFICATION,"수치·가격 변동 여부 확인. 확인 불가 시 ""이용 전 최신 정보 확인 필요"" 안내 추가",공공기관·제조사·서비스 공식 페이지,,
477,2026-08-06-housing-auto-1a9827,https://honsamnote.co.kr/blog/2026-08-06-housing-auto-1a9827/,"혼자 사는 직장인, 급하게 작은 짐 옮길 때? 카셰어링 탑차 vs 용달 서비스, 내 돈 아끼는 현명한 선택은?",P2,용달 서비스 이용 시 예상 비용: 기본 운임: 3만원 ~ 5만원대 (차량 종류， 최저 운임 기준) 거리 할증: 이동 거리에 따라 추가 요금 발생 층수 할증: 엘리베이터 유무 및 층수에 따라 추가 요금 (계단 이용 시) 상하차 도움: 기사님 도움 요청 시 인건비 추가 (2만원 ~ 5만원 내외) 총 비용: 30km 주행， 상하차 도움 1인 기준 약 5만원 ~ ,가격,5만원,yes,NEEDS_EXTERNAL_VERIFICATION,"수치·가격 변동 여부 확인. 확인 불가 시 ""이용 전 최신 정보 확인 필요"" 안내 추가",공공기관·제조사·서비스 공식 페이지,,
478,2026-08-06-housing-auto-1a9827,https://honsamnote.co.kr/blog/2026-08-06-housing-auto-1a9827/,"혼자 사는 직장인, 급하게 작은 짐 옮길 때? 카셰어링 탑차 vs 용달 서비스, 내 돈 아끼는 현명한 선택은?",P2,용달 서비스 이용 시 예상 비용: 기본 운임: 3만원 ~ 5만원대 (차량 종류， 최저 운임 기준) 거리 할증: 이동 거리에 따라 추가 요금 발생 층수 할증: 엘리베이터 유무 및 층수에 따라 추가 요금 (계단 이용 시) 상하차 도움: 기사님 도움 요청 시 인건비 추가 (2만원 ~ 5만원 내외) 총 비용: 30km 주행， 상하차 도움 1인 기준 약 5만원 ~ ,가격,2만원,yes,NEEDS_EXTERNAL_VERIFICATION,"수치·가격 변동 여부 확인. 확인 불가 시 ""이용 전 최신 정보 확인 필요"" 안내 추가",공공기관·제조사·서비스 공식 페이지,,
479,2026-08-06-housing-auto-1a9827,https://honsamnote.co.kr/blog/2026-08-06-housing-auto-1a9827/,"혼자 사는 직장인, 급하게 작은 짐 옮길 때? 카셰어링 탑차 vs 용달 서비스, 내 돈 아끼는 현명한 선택은?",P2,용달 서비스 이용 시 예상 비용: 기본 운임: 3만원 ~ 5만원대 (차량 종류， 최저 운임 기준) 거리 할증: 이동 거리에 따라 추가 요금 발생 층수 할증: 엘리베이터 유무 및 층수에 따라 추가 요금 (계단 이용 시) 상하차 도움: 기사님 도움 요청 시 인건비 추가 (2만원 ~ 5만원 내외) 총 비용: 30km 주행， 상하차 도움 1인 기준 약 5만원 ~ ,가격,10만원,yes,NEEDS_EXTERNAL_VERIFICATION,"수치·가격 변동 여부 확인. 확인 불가 시 ""이용 전 최신 정보 확인 필요"" 안내 추가",공공기관·제조사·서비스 공식 페이지,,
480,2026-08-06-housing-auto-1a9827,https://honsamnote.co.kr/blog/2026-08-06-housing-auto-1a9827/,"혼자 사는 직장인, 급하게 작은 짐 옮길 때? 카셰어링 탑차 vs 용달 서비스, 내 돈 아끼는 현명한 선택은?",P2,"비용·시간·주의사항카셰어링 탑차 이용 시 예상 비용: 대여료: 시간당 5천원 ~ 1만원대 (차량 종류 및 서비스사마다 상이) 주행 요금: 1km당 150원 ~ 200원대 (유류비 포함 개념) 보험료: 선택한 자기부담금 수준에 따라 상이 (3천원 ~ 1만원대) 총 비용: 2~3시간 대여， 30km 주행 기준으로 약 3만원 ~ 7만원 내외 예상 시간: 차량 ",가격,150원 ,yes,NEEDS_EXTERNAL_VERIFICATION,"수치·가격 변동 여부 확인. 확인 불가 시 ""이용 전 최신 정보 확인 필요"" 안내 추가",공공기관·제조사·서비스 공식 페이지,,
481,2026-08-06-housing-auto-1a9827,https://honsamnote.co.kr/blog/2026-08-06-housing-auto-1a9827/,"혼자 사는 직장인, 급하게 작은 짐 옮길 때? 카셰어링 탑차 vs 용달 서비스, 내 돈 아끼는 현명한 선택은?",P2,"비용·시간·주의사항카셰어링 탑차 이용 시 예상 비용: 대여료: 시간당 5천원 ~ 1만원대 (차량 종류 및 서비스사마다 상이) 주행 요금: 1km당 150원 ~ 200원대 (유류비 포함 개념) 보험료: 선택한 자기부담금 수준에 따라 상이 (3천원 ~ 1만원대) 총 비용: 2~3시간 대여， 30km 주행 기준으로 약 3만원 ~ 7만원 내외 예상 시간: 차량 ",가격,200원대,yes,NEEDS_EXTERNAL_VERIFICATION,"수치·가격 변동 여부 확인. 확인 불가 시 ""이용 전 최신 정보 확인 필요"" 안내 추가",공공기관·제조사·서비스 공식 페이지,,
482,2026-08-06-housing-auto-1a9827,https://honsamnote.co.kr/blog/2026-08-06-housing-auto-1a9827/,"혼자 사는 직장인, 급하게 작은 짐 옮길 때? 카셰어링 탑차 vs 용달 서비스, 내 돈 아끼는 현명한 선택은?",P2,"비용·시간·주의사항카셰어링 탑차 이용 시 예상 비용: 대여료: 시간당 5천원 ~ 1만원대 (차량 종류 및 서비스사마다 상이) 주행 요금: 1km당 150원 ~ 200원대 (유류비 포함 개념) 보험료: 선택한 자기부담금 수준에 따라 상이 (3천원 ~ 1만원대) 총 비용: 2~3시간 대여， 30km 주행 기준으로 약 3만원 ~ 7만원 내외 예상 시간: 차량 ",통계,약 3,yes,NEEDS_EXTERNAL_VERIFICATION,"수치·가격 변동 여부 확인. 확인 불가 시 ""이용 전 최신 정보 확인 필요"" 안내 추가",공공기관·제조사·서비스 공식 페이지,,
483,2026-08-06-housing-auto-1a9827,https://honsamnote.co.kr/blog/2026-08-06-housing-auto-1a9827/,"혼자 사는 직장인, 급하게 작은 짐 옮길 때? 카셰어링 탑차 vs 용달 서비스, 내 돈 아끼는 현명한 선택은?",P2,용달 서비스 이용 시 예상 비용: 기본 운임: 3만원 ~ 5만원대 (차량 종류， 최저 운임 기준) 거리 할증: 이동 거리에 따라 추가 요금 발생 층수 할증: 엘리베이터 유무 및 층수에 따라 추가 요금 (계단 이용 시) 상하차 도움: 기사님 도움 요청 시 인건비 추가 (2만원 ~ 5만원 내외) 총 비용: 30km 주행， 상하차 도움 1인 기준 약 5만원 ~ ,통계,약 5,yes,NEEDS_EXTERNAL_VERIFICATION,"수치·가격 변동 여부 확인. 확인 불가 시 ""이용 전 최신 정보 확인 필요"" 안내 추가",공공기관·제조사·서비스 공식 페이지,,
484,2026-08-07-cost-auto-0c25d9,https://honsamnote.co.kr/blog/2026-08-07-cost-auto-0c25d9/,"혼자 사는 직장인, 매달 알게 모르게 새는 퍼스널 케어 비용! 나에게 딱 맞는 '스마트 지출'로 피부도 지갑도 지키는 법",P2,예를 들어， 한 달 기초케어 비용이 5만원이라면 3만원으로， 바디/헤어케어 비용이 2만원이라면 1만원 선으로 줄일 수 있죠.,가격,5만원,yes,NEEDS_EXTERNAL_VERIFICATION,"수치·가격 변동 여부 확인. 확인 불가 시 ""이용 전 최신 정보 확인 필요"" 안내 추가",공공기관·제조사·서비스 공식 페이지,,
485,2026-08-07-cost-auto-0c25d9,https://honsamnote.co.kr/blog/2026-08-07-cost-auto-0c25d9/,"혼자 사는 직장인, 매달 알게 모르게 새는 퍼스널 케어 비용! 나에게 딱 맞는 '스마트 지출'로 피부도 지갑도 지키는 법",P2,예를 들어， 한 달 기초케어 비용이 5만원이라면 3만원으로， 바디/헤어케어 비용이 2만원이라면 1만원 선으로 줄일 수 있죠.,가격,3만원,yes,NEEDS_EXTERNAL_VERIFICATION,"수치·가격 변동 여부 확인. 확인 불가 시 ""이용 전 최신 정보 확인 필요"" 안내 추가",공공기관·제조사·서비스 공식 페이지,,
486,2026-08-07-cost-auto-0c25d9,https://honsamnote.co.kr/blog/2026-08-07-cost-auto-0c25d9/,"혼자 사는 직장인, 매달 알게 모르게 새는 퍼스널 케어 비용! 나에게 딱 맞는 '스마트 지출'로 피부도 지갑도 지키는 법",P2,예를 들어， 한 달 기초케어 비용이 5만원이라면 3만원으로， 바디/헤어케어 비용이 2만원이라면 1만원 선으로 줄일 수 있죠.,가격,2만원,yes,NEEDS_EXTERNAL_VERIFICATION,"수치·가격 변동 여부 확인. 확인 불가 시 ""이용 전 최신 정보 확인 필요"" 안내 추가",공공기관·제조사·서비스 공식 페이지,,
487,2026-08-07-cost-auto-0c25d9,https://honsamnote.co.kr/blog/2026-08-07-cost-auto-0c25d9/,"혼자 사는 직장인, 매달 알게 모르게 새는 퍼스널 케어 비용! 나에게 딱 맞는 '스마트 지출'로 피부도 지갑도 지키는 법",P2,예를 들어， 한 달 기초케어 비용이 5만원이라면 3만원으로， 바디/헤어케어 비용이 2만원이라면 1만원 선으로 줄일 수 있죠.,가격,1만원,yes,NEEDS_EXTERNAL_VERIFICATION,"수치·가격 변동 여부 확인. 확인 불가 시 ""이용 전 최신 정보 확인 필요"" 안내 추가",공공기관·제조사·서비스 공식 페이지,,
488,2026-08-07-cost-auto-0c25d9,https://honsamnote.co.kr/blog/2026-08-07-cost-auto-0c25d9/,"혼자 사는 직장인, 매달 알게 모르게 새는 퍼스널 케어 비용! 나에게 딱 맞는 '스마트 지출'로 피부도 지갑도 지키는 법",P2,예상되는 비용 및 절감 효과 초기에는 기존에 쌓여있던 제품을 비우는 비용이 들 수 있지만， 장기적으로는 월평균 20~40% 이상의 지출 절감 효과를 기대할 수 있습니다.,통계,40%,yes,NEEDS_EXTERNAL_VERIFICATION,"수치·가격 변동 여부 확인. 확인 불가 시 ""이용 전 최신 정보 확인 필요"" 안내 추가",공공기관·제조사·서비스 공식 페이지,,
489,2026-08-07-cost-auto-0c25d9,https://honsamnote.co.kr/blog/2026-08-07-cost-auto-0c25d9/,"혼자 사는 직장인, 매달 알게 모르게 새는 퍼스널 케어 비용! 나에게 딱 맞는 '스마트 지출'로 피부도 지갑도 지키는 법",P2,1인 가구의 특성: 대용량 제품이 경제적일 수는 있지만， 혼자서 유통기한 내에 다 쓰기 어려워 버리게 되는 경우가 잦습니다.,식품,유통기한,yes,NEEDS_EXTERNAL_VERIFICATION,"수치·가격 변동 여부 확인. 확인 불가 시 ""이용 전 최신 정보 확인 필요"" 안내 추가",공공기관·제조사·서비스 공식 페이지,,
490,2026-08-07-cost-auto-0c25d9,https://honsamnote.co.kr/blog/2026-08-07-cost-auto-0c25d9/,"혼자 사는 직장인, 매달 알게 모르게 새는 퍼스널 케어 비용! 나에게 딱 맞는 '스마트 지출'로 피부도 지갑도 지키는 법",P2,예상되는 비용 및 절감 효과 초기에는 기존에 쌓여있던 제품을 비우는 비용이 들 수 있지만， 장기적으로는 월평균 20~40% 이상의 지출 절감 효과를 기대할 수 있습니다.,통계,평균 20~40,yes,NEEDS_EXTERNAL_VERIFICATION,"수치·가격 변동 여부 확인. 확인 불가 시 ""이용 전 최신 정보 확인 필요"" 안내 추가",공공기관·제조사·서비스 공식 페이지,,
491,2026-08-07-cost-auto-0c25d9,https://honsamnote.co.kr/blog/2026-08-07-cost-auto-0c25d9/,"혼자 사는 직장인, 매달 알게 모르게 새는 퍼스널 케어 비용! 나에게 딱 맞는 '스마트 지출'로 피부도 지갑도 지키는 법",P2,필요한 시간 투자 초기 제품 정리 및 루틴 정립: 약 1~2시간 정도 소요됩니다.,통계,약 1,yes,NEEDS_EXTERNAL_VERIFICATION,"수치·가격 변동 여부 확인. 확인 불가 시 ""이용 전 최신 정보 확인 필요"" 안내 추가",공공기관·제조사·서비스 공식 페이지,,
492,2026-08-07-cost-auto-431981,https://honsamnote.co.kr/blog/2026-08-07-cost-auto-431981/,"혼자 사는 직장인, 덥고 추울 때마다 전기요금 폭탄 걱정된다면? 숨은 전력 도둑 잡고 요금 확 줄이는 3단계 전략",P2,비용·시간·주의사항 비용: 스마트 멀티탭: 1만 원 ~ 3만 원 내외 LED 전구: 개당 5천 원 ~ 1만 5천 원 (교체 개수에 따라 달라짐) 냉난방기 필터: 자가 청소 시 비용 없음， 교체 시 5천 원 ~ 2만 원 고효율 가전제품 교체: 수십만 원 ~ 수백만 원 (초기 비용은 크지만 장기적인 절약 효과 탁월， 정부/지자체 보조금 확인) 시간: 전기요금 ,가격,1만 원,yes,NEEDS_EXTERNAL_VERIFICATION,"수치·가격 변동 여부 확인. 확인 불가 시 ""이용 전 최신 정보 확인 필요"" 안내 추가",공공기관·제조사·서비스 공식 페이지,,
493,2026-08-07-cost-auto-431981,https://honsamnote.co.kr/blog/2026-08-07-cost-auto-431981/,"혼자 사는 직장인, 덥고 추울 때마다 전기요금 폭탄 걱정된다면? 숨은 전력 도둑 잡고 요금 확 줄이는 3단계 전략",P2,비용·시간·주의사항 비용: 스마트 멀티탭: 1만 원 ~ 3만 원 내외 LED 전구: 개당 5천 원 ~ 1만 5천 원 (교체 개수에 따라 달라짐) 냉난방기 필터: 자가 청소 시 비용 없음， 교체 시 5천 원 ~ 2만 원 고효율 가전제품 교체: 수십만 원 ~ 수백만 원 (초기 비용은 크지만 장기적인 절약 효과 탁월， 정부/지자체 보조금 확인) 시간: 전기요금 ,가격,3만 원,yes,NEEDS_EXTERNAL_VERIFICATION,"수치·가격 변동 여부 확인. 확인 불가 시 ""이용 전 최신 정보 확인 필요"" 안내 추가",공공기관·제조사·서비스 공식 페이지,,
494,2026-08-07-cost-auto-431981,https://honsamnote.co.kr/blog/2026-08-07-cost-auto-431981/,"혼자 사는 직장인, 덥고 추울 때마다 전기요금 폭탄 걱정된다면? 숨은 전력 도둑 잡고 요금 확 줄이는 3단계 전략",P2,비용·시간·주의사항 비용: 스마트 멀티탭: 1만 원 ~ 3만 원 내외 LED 전구: 개당 5천 원 ~ 1만 5천 원 (교체 개수에 따라 달라짐) 냉난방기 필터: 자가 청소 시 비용 없음， 교체 시 5천 원 ~ 2만 원 고효율 가전제품 교체: 수십만 원 ~ 수백만 원 (초기 비용은 크지만 장기적인 절약 효과 탁월， 정부/지자체 보조금 확인) 시간: 전기요금 ,가격,2만 원,yes,NEEDS_EXTERNAL_VERIFICATION,"수치·가격 변동 여부 확인. 확인 불가 시 ""이용 전 최신 정보 확인 필요"" 안내 추가",공공기관·제조사·서비스 공식 페이지,,
495,2026-08-07-cost-auto-431981,https://honsamnote.co.kr/blog/2026-08-07-cost-auto-431981/,"혼자 사는 직장인, 덥고 추울 때마다 전기요금 폭탄 걱정된다면? 숨은 전력 도둑 잡고 요금 확 줄이는 3단계 전략",P2,예를 들어， 특정 사용량까지는 kWh당 100원이었던 요금이 그 이상을 사용하면 200원， 300원으로 두 배， 세 배씩 뛰어버리는 식이죠.,가격,100원이,yes,NEEDS_EXTERNAL_VERIFICATION,"수치·가격 변동 여부 확인. 확인 불가 시 ""이용 전 최신 정보 확인 필요"" 안내 추가",공공기관·제조사·서비스 공식 페이지,,
496,2026-08-07-cost-auto-431981,https://honsamnote.co.kr/blog/2026-08-07-cost-auto-431981/,"혼자 사는 직장인, 덥고 추울 때마다 전기요금 폭탄 걱정된다면? 숨은 전력 도둑 잡고 요금 확 줄이는 3단계 전략",P2,예를 들어， 특정 사용량까지는 kWh당 100원이었던 요금이 그 이상을 사용하면 200원， 300원으로 두 배， 세 배씩 뛰어버리는 식이죠.,가격,"200원,",yes,NEEDS_EXTERNAL_VERIFICATION,"수치·가격 변동 여부 확인. 확인 불가 시 ""이용 전 최신 정보 확인 필요"" 안내 추가",공공기관·제조사·서비스 공식 페이지,,
497,2026-08-07-cost-auto-431981,https://honsamnote.co.kr/blog/2026-08-07-cost-auto-431981/,"혼자 사는 직장인, 덥고 추울 때마다 전기요금 폭탄 걱정된다면? 숨은 전력 도둑 잡고 요금 확 줄이는 3단계 전략",P2,예를 들어， 특정 사용량까지는 kWh당 100원이었던 요금이 그 이상을 사용하면 200원， 300원으로 두 배， 세 배씩 뛰어버리는 식이죠.,가격,300원으,yes,NEEDS_EXTERNAL_VERIFICATION,"수치·가격 변동 여부 확인. 확인 불가 시 ""이용 전 최신 정보 확인 필요"" 안내 추가",공공기관·제조사·서비스 공식 페이지,,
498,2026-08-07-cost-auto-431981,https://honsamnote.co.kr/blog/2026-08-07-cost-auto-431981/,"혼자 사는 직장인, 덥고 추울 때마다 전기요금 폭탄 걱정된다면? 숨은 전력 도둑 잡고 요금 확 줄이는 3단계 전략",P2,전기난방기: 실내 온도를 1℃ 낮출 때마다 약 7%의 에너지를 절약할 수 있습니다.,통계,7%,yes,NEEDS_EXTERNAL_VERIFICATION,"수치·가격 변동 여부 확인. 확인 불가 시 ""이용 전 최신 정보 확인 필요"" 안내 추가",공공기관·제조사·서비스 공식 페이지,,
499,2026-08-07-cost-auto-431981,https://honsamnote.co.kr/blog/2026-08-07-cost-auto-431981/,"혼자 사는 직장인, 덥고 추울 때마다 전기요금 폭탄 걱정된다면? 숨은 전력 도둑 잡고 요금 확 줄이는 3단계 전략",P2,냉장고 효율적 사용: 냉장고는 내용물을 60~70%만 채우는 것이 효율적입니다.,통계,70%,yes,NEEDS_EXTERNAL_VERIFICATION,"수치·가격 변동 여부 확인. 확인 불가 시 ""이용 전 최신 정보 확인 필요"" 안내 추가",공공기관·제조사·서비스 공식 페이지,,
500,2026-08-07-cost-auto-431981,https://honsamnote.co.kr/blog/2026-08-07-cost-auto-431981/,"혼자 사는 직장인, 덥고 추울 때마다 전기요금 폭탄 걱정된다면? 숨은 전력 도둑 잡고 요금 확 줄이는 3단계 전략",P2,일부 지자체에서는 고효율 가전 구매 시 보조금을 지급하는 정책도 있으니 확인해보세요.,행정,보조금,yes,NEEDS_EXTERNAL_VERIFICATION,"수치·가격 변동 여부 확인. 확인 불가 시 ""이용 전 최신 정보 확인 필요"" 안내 추가",공공기관·제조사·서비스 공식 페이지,,
501,2026-08-07-cost-auto-431981,https://honsamnote.co.kr/blog/2026-08-07-cost-auto-431981/,"혼자 사는 직장인, 덥고 추울 때마다 전기요금 폭탄 걱정된다면? 숨은 전력 도둑 잡고 요금 확 줄이는 3단계 전략",P2,전기난방기: 실내 온도를 1℃ 낮출 때마다 약 7%의 에너지를 절약할 수 있습니다.,통계,약 7,yes,NEEDS_EXTERNAL_VERIFICATION,"수치·가격 변동 여부 확인. 확인 불가 시 ""이용 전 최신 정보 확인 필요"" 안내 추가",공공기관·제조사·서비스 공식 페이지,,
502,2026-08-07-cost-auto-431981,https://honsamnote.co.kr/blog/2026-08-07-cost-auto-431981/,"혼자 사는 직장인, 덥고 추울 때마다 전기요금 폭탄 걱정된다면? 숨은 전력 도둑 잡고 요금 확 줄이는 3단계 전략",P2,비용·시간·주의사항 비용: 스마트 멀티탭: 1만 원 ~ 3만 원 내외 LED 전구: 개당 5천 원 ~ 1만 5천 원 (교체 개수에 따라 달라짐) 냉난방기 필터: 자가 청소 시 비용 없음， 교체 시 5천 원 ~ 2만 원 고효율 가전제품 교체: 수십만 원 ~ 수백만 원 (초기 비용은 크지만 장기적인 절약 효과 탁월， 정부/지자체 보조금 확인) 시간: 전기요금 ,통계,약 15,yes,NEEDS_EXTERNAL_VERIFICATION,"수치·가격 변동 여부 확인. 확인 불가 시 ""이용 전 최신 정보 확인 필요"" 안내 추가",공공기관·제조사·서비스 공식 페이지,,
505,2026-08-07-cost-auto-7256ba,https://honsamnote.co.kr/blog/2026-08-07-cost-auto-7256ba/,"혼자 사는 직장인, 안 쓰는 대형 가구/가전 버리려니 막막하다면? 무료 수거 vs 유료 폐기, 돈 아끼는 현명한 처분 전략",P2,(예: 의자 2천원， 소형 서랍장 5천원， 소파 1만원~2만원).,가격,1만원,yes,NEEDS_EXTERNAL_VERIFICATION,"수치·가격 변동 여부 확인. 확인 불가 시 ""이용 전 최신 정보 확인 필요"" 안내 추가",공공기관·제조사·서비스 공식 페이지,,
506,2026-08-07-cost-auto-7256ba,https://honsamnote.co.kr/blog/2026-08-07-cost-auto-7256ba/,"혼자 사는 직장인, 안 쓰는 대형 가구/가전 버리려니 막막하다면? 무료 수거 vs 유료 폐기, 돈 아끼는 현명한 처분 전략",P2,(예: 의자 2천원， 소형 서랍장 5천원， 소파 1만원~2만원).,가격,2만원,yes,NEEDS_EXTERNAL_VERIFICATION,"수치·가격 변동 여부 확인. 확인 불가 시 ""이용 전 최신 정보 확인 필요"" 안내 추가",공공기관·제조사·서비스 공식 페이지,,
507,2026-08-07-cost-auto-7256ba,https://honsamnote.co.kr/blog/2026-08-07-cost-auto-7256ba/,"혼자 사는 직장인, 안 쓰는 대형 가구/가전 버리려니 막막하다면? 무료 수거 vs 유료 폐기, 돈 아끼는 현명한 처분 전략",P2,전문 업체: 품목 및 상황에 따라 5만원 ~ 수십만원.,가격,5만원,yes,NEEDS_EXTERNAL_VERIFICATION,"수치·가격 변동 여부 확인. 확인 불가 시 ""이용 전 최신 정보 확인 필요"" 안내 추가",공공기관·제조사·서비스 공식 페이지,,
508,2026-08-07-cost-auto-7256ba,https://honsamnote.co.kr/blog/2026-08-07-cost-auto-7256ba/,"혼자 사는 직장인, 안 쓰는 대형 가구/가전 버리려니 막막하다면? 무료 수거 vs 유료 폐기, 돈 아끼는 현명한 처분 전략",P2,무단 투기 금지: 스티커 없이 무단으로 폐기물을 버리면 100만원 이하의 과태료가 부과될 수 있습니다.,가격,100만원,yes,NEEDS_EXTERNAL_VERIFICATION,"수치·가격 변동 여부 확인. 확인 불가 시 ""이용 전 최신 정보 확인 필요"" 안내 추가",공공기관·제조사·서비스 공식 페이지,,
509,2026-08-07-cost-auto-7256ba,https://honsamnote.co.kr/blog/2026-08-07-cost-auto-7256ba/,"혼자 사는 직장인, 안 쓰는 대형 가구/가전 버리려니 막막하다면? 무료 수거 vs 유료 폐기, 돈 아끼는 현명한 처분 전략",P2,최대한 0원에 해결하고 싶은지， 아니면 편리함에 어느 정도 지불할 의사가 있는지 판단해야 합니다.,가격,0원에,yes,NEEDS_EXTERNAL_VERIFICATION,"수치·가격 변동 여부 확인. 확인 불가 시 ""이용 전 최신 정보 확인 필요"" 안내 추가",공공기관·제조사·서비스 공식 페이지,,
510,2026-08-07-cost-auto-7256ba,https://honsamnote.co.kr/blog/2026-08-07-cost-auto-7256ba/,"혼자 사는 직장인, 안 쓰는 대형 가구/가전 버리려니 막막하다면? 무료 수거 vs 유료 폐기, 돈 아끼는 현명한 처분 전략",P2,(재고가 없을 수 있으니 방문 전 전화 확인 권장) 비용: 품목별， 크기별로 비용이 다르며， 2，000원에서 20，000원 대까지 다양합니다.,가격,"2,000원에",yes,NEEDS_EXTERNAL_VERIFICATION,"수치·가격 변동 여부 확인. 확인 불가 시 ""이용 전 최신 정보 확인 필요"" 안내 추가",공공기관·제조사·서비스 공식 페이지,,
511,2026-08-07-cost-auto-7256ba,https://honsamnote.co.kr/blog/2026-08-07-cost-auto-7256ba/,"혼자 사는 직장인, 안 쓰는 대형 가구/가전 버리려니 막막하다면? 무료 수거 vs 유료 폐기, 돈 아끼는 현명한 처분 전략",P2,(재고가 없을 수 있으니 방문 전 전화 확인 권장) 비용: 품목별， 크기별로 비용이 다르며， 2，000원에서 20，000원 대까지 다양합니다.,가격,"20,000원 ",yes,NEEDS_EXTERNAL_VERIFICATION,"수치·가격 변동 여부 확인. 확인 불가 시 ""이용 전 최신 정보 확인 필요"" 안내 추가",공공기관·제조사·서비스 공식 페이지,,
512,2026-08-07-cost-auto-7256ba,https://honsamnote.co.kr/blog/2026-08-07-cost-auto-7256ba/,"혼자 사는 직장인, 안 쓰는 대형 가구/가전 버리려니 막막하다면? 무료 수거 vs 유료 폐기, 돈 아끼는 현명한 처분 전략",P2,비용·시간·주의사항 비용: 폐가전 무상 방문 수거: 0원.,가격,0원.,yes,NEEDS_EXTERNAL_VERIFICATION,"수치·가격 변동 여부 확인. 확인 불가 시 ""이용 전 최신 정보 확인 필요"" 안내 추가",공공기관·제조사·서비스 공식 페이지,,
513,2026-08-07-cost-auto-7256ba,https://honsamnote.co.kr/blog/2026-08-07-cost-auto-7256ba/,"혼자 사는 직장인, 안 쓰는 대형 가구/가전 버리려니 막막하다면? 무료 수거 vs 유료 폐기, 돈 아끼는 현명한 처분 전략",P2,무료 나눔/중고 판매: 0원 (수익 발생 가능).,가격,0원 ,yes,NEEDS_EXTERNAL_VERIFICATION,"수치·가격 변동 여부 확인. 확인 불가 시 ""이용 전 최신 정보 확인 필요"" 안내 추가",공공기관·제조사·서비스 공식 페이지,,
515,2026-08-07-cost-auto-b1ff82,https://honsamnote.co.kr/blog/2026-08-07-cost-auto-b1ff82/,"혼자 사는 직장인, 매달 나가는 미용실 비용이 부담된다면? 저렴한 동네 미용실 vs 프랜차이즈 vs 셀프, 후회 없는 선택 가이드",P2,깔끔하게 정리하고 싶지만， 매번 5~7만원씩 하는 미용실 비용은 부담스럽습니다.,가격,7만원,yes,NEEDS_EXTERNAL_VERIFICATION,"수치·가격 변동 여부 확인. 확인 불가 시 ""이용 전 최신 정보 확인 필요"" 안내 추가",공공기관·제조사·서비스 공식 페이지,,
516,2026-08-07-cost-auto-b1ff82,https://honsamnote.co.kr/blog/2026-08-07-cost-auto-b1ff82/,"혼자 사는 직장인, 매달 나가는 미용실 비용이 부담된다면? 저렴한 동네 미용실 vs 프랜차이즈 vs 셀프, 후회 없는 선택 가이드",P2,2단계: 각 옵션별 장단점 비교 및 후보군 압축하기 옵션 1: 저렴한 동네 미용실 / 이발소 장점: 압도적으로 저렴한 비용 (1~2만원대)， 접근성， 예약 없이 방문 가능， 동네 특유의 정감 있는 분위기.,가격,2만원,yes,NEEDS_EXTERNAL_VERIFICATION,"수치·가격 변동 여부 확인. 확인 불가 시 ""이용 전 최신 정보 확인 필요"" 안내 추가",공공기관·제조사·서비스 공식 페이지,,
517,2026-08-07-cost-auto-b1ff82,https://honsamnote.co.kr/blog/2026-08-07-cost-auto-b1ff82/,"혼자 사는 직장인, 매달 나가는 미용실 비용이 부담된다면? 저렴한 동네 미용실 vs 프랜차이즈 vs 셀프, 후회 없는 선택 가이드",P2,옵션 2: 프랜차이즈 미용실 / 중소형 살롱 (가성비 지향) 장점: 합리적인 비용 (2~4만원대)， 어느 정도 표준화된 서비스， 깔끔한 인테리어， 예약 시스템， 다양한 프로모션.,가격,4만원,yes,NEEDS_EXTERNAL_VERIFICATION,"수치·가격 변동 여부 확인. 확인 불가 시 ""이용 전 최신 정보 확인 필요"" 안내 추가",공공기관·제조사·서비스 공식 페이지,,
518,2026-08-07-cost-auto-b1ff82,https://honsamnote.co.kr/blog/2026-08-07-cost-auto-b1ff82/,"혼자 사는 직장인, 매달 나가는 미용실 비용이 부담된다면? 저렴한 동네 미용실 vs 프랜차이즈 vs 셀프, 후회 없는 선택 가이드",P2,단점: 높은 비용 (5만원 이상)， 미리 예약 필수， 시술 시간 김.,가격,5만원,yes,NEEDS_EXTERNAL_VERIFICATION,"수치·가격 변동 여부 확인. 확인 불가 시 ""이용 전 최신 정보 확인 필요"" 안내 추가",공공기관·제조사·서비스 공식 페이지,,
519,2026-08-07-cost-auto-b1ff82,https://honsamnote.co.kr/blog/2026-08-07-cost-auto-b1ff82/,"혼자 사는 직장인, 매달 나가는 미용실 비용이 부담된다면? 저렴한 동네 미용실 vs 프랜차이즈 vs 셀프, 후회 없는 선택 가이드",P2,셀프 커트: 가위 구매 비용 (1~3만원)， 이후 0원에 가까움.,가격,3만원,yes,NEEDS_EXTERNAL_VERIFICATION,"수치·가격 변동 여부 확인. 확인 불가 시 ""이용 전 최신 정보 확인 필요"" 안내 추가",공공기관·제조사·서비스 공식 페이지,,
520,2026-08-07-cost-auto-b1ff82,https://honsamnote.co.kr/blog/2026-08-07-cost-auto-b1ff82/,"혼자 사는 직장인, 매달 나가는 미용실 비용이 부담된다면? 저렴한 동네 미용실 vs 프랜차이즈 vs 셀프, 후회 없는 선택 가이드",P2,옵션 4: 셀프 커트 (부분 커트) 장점: 비용 0원에 가까움， 시간 제약 없음， 언제든 원하는 대로 조절 가능.,가격,0원에,yes,NEEDS_EXTERNAL_VERIFICATION,"수치·가격 변동 여부 확인. 확인 불가 시 ""이용 전 최신 정보 확인 필요"" 안내 추가",공공기관·제조사·서비스 공식 페이지,,
521,2026-08-07-cost-auto-efcd2f,https://honsamnote.co.kr/blog/2026-08-07-cost-auto-efcd2f/,"혼자 사는 직장인, 사랑하는 반려동물 병원비 폭탄 걱정된다면? 펫보험 vs 예방 관리, 내게 맞는 최적의 선택은?",P2,비상금 통장 개설 결정 시: 매월 일정 금액(예: 월 5만~10만원)을 반려동물 전용 비상금 통장에 꾸준히 저축합니다.,가격,10만원,yes,NEEDS_EXTERNAL_VERIFICATION,"수치·가격 변동 여부 확인. 확인 불가 시 ""이용 전 최신 정보 확인 필요"" 안내 추가",공공기관·제조사·서비스 공식 페이지,,
522,2026-08-07-cost-auto-efcd2f,https://honsamnote.co.kr/blog/2026-08-07-cost-auto-efcd2f/,"혼자 사는 직장인, 사랑하는 반려동물 병원비 폭탄 걱정된다면? 펫보험 vs 예방 관리, 내게 맞는 최적의 선택은?",P2,비용·시간·주의사항 비용: 펫보험: 월 2만원에서 10만원 이상까지 다양합니다.,가격,2만원,yes,NEEDS_EXTERNAL_VERIFICATION,"수치·가격 변동 여부 확인. 확인 불가 시 ""이용 전 최신 정보 확인 필요"" 안내 추가",공공기관·제조사·서비스 공식 페이지,,
523,2026-08-07-cost-auto-efcd2f,https://honsamnote.co.kr/blog/2026-08-07-cost-auto-efcd2f/,"혼자 사는 직장인, 사랑하는 반려동물 병원비 폭탄 걱정된다면? 펫보험 vs 예방 관리, 내게 맞는 최적의 선택은?",P2,예방 관리: 연간 정기 검진(5만~10만원)， 예방 접종(1회당 2만~5만원)， 구충(월 1만~2만원)， 그리고 건강 사료 및 영양제 비용 등을 합하면 연간 최소 20만원에서 50만원 이상이 소요됩니다.,가격,5만원,yes,NEEDS_EXTERNAL_VERIFICATION,"수치·가격 변동 여부 확인. 확인 불가 시 ""이용 전 최신 정보 확인 필요"" 안내 추가",공공기관·제조사·서비스 공식 페이지,,
524,2026-08-07-cost-auto-efcd2f,https://honsamnote.co.kr/blog/2026-08-07-cost-auto-efcd2f/,"혼자 사는 직장인, 사랑하는 반려동물 병원비 폭탄 걱정된다면? 펫보험 vs 예방 관리, 내게 맞는 최적의 선택은?",P2,예방 관리: 연간 정기 검진(5만~10만원)， 예방 접종(1회당 2만~5만원)， 구충(월 1만~2만원)， 그리고 건강 사료 및 영양제 비용 등을 합하면 연간 최소 20만원에서 50만원 이상이 소요됩니다.,가격,20만원,yes,NEEDS_EXTERNAL_VERIFICATION,"수치·가격 변동 여부 확인. 확인 불가 시 ""이용 전 최신 정보 확인 필요"" 안내 추가",공공기관·제조사·서비스 공식 페이지,,
525,2026-08-07-cost-auto-efcd2f,https://honsamnote.co.kr/blog/2026-08-07-cost-auto-efcd2f/,"혼자 사는 직장인, 사랑하는 반려동물 병원비 폭탄 걱정된다면? 펫보험 vs 예방 관리, 내게 맞는 최적의 선택은?",P2,예방 관리: 연간 정기 검진(5만~10만원)， 예방 접종(1회당 2만~5만원)， 구충(월 1만~2만원)， 그리고 건강 사료 및 영양제 비용 등을 합하면 연간 최소 20만원에서 50만원 이상이 소요됩니다.,가격,50만원,yes,NEEDS_EXTERNAL_VERIFICATION,"수치·가격 변동 여부 확인. 확인 불가 시 ""이용 전 최신 정보 확인 필요"" 안내 추가",공공기관·제조사·서비스 공식 페이지,,
526,2026-08-07-cost-auto-efcd2f,https://honsamnote.co.kr/blog/2026-08-07-cost-auto-efcd2f/,"혼자 사는 직장인, 사랑하는 반려동물 병원비 폭탄 걱정된다면? 펫보험 vs 예방 관리, 내게 맞는 최적의 선택은?",P2,최소 100만~200만원 이상의 목돈을 목표로 합니다.,가격,200만원,yes,NEEDS_EXTERNAL_VERIFICATION,"수치·가격 변동 여부 확인. 확인 불가 시 ""이용 전 최신 정보 확인 필요"" 안내 추가",공공기관·제조사·서비스 공식 페이지,,
527,2026-08-07-cost-auto-efcd2f,https://honsamnote.co.kr/blog/2026-08-07-cost-auto-efcd2f/,"혼자 사는 직장인, 사랑하는 반려동물 병원비 폭탄 걱정된다면? 펫보험 vs 예방 관리, 내게 맞는 최적의 선택은?",P2,자기부담금 비율: 진료비 발생 시 내가 부담해야 하는 비율(예: 10%~50%)을 확인합니다.,통계,10%,yes,NEEDS_EXTERNAL_VERIFICATION,"수치·가격 변동 여부 확인. 확인 불가 시 ""이용 전 최신 정보 확인 필요"" 안내 추가",공공기관·제조사·서비스 공식 페이지,,
528,2026-08-07-cost-auto-efcd2f,https://honsamnote.co.kr/blog/2026-08-07-cost-auto-efcd2f/,"혼자 사는 직장인, 사랑하는 반려동물 병원비 폭탄 걱정된다면? 펫보험 vs 예방 관리, 내게 맞는 최적의 선택은?",P2,자기부담금 비율: 진료비 발생 시 내가 부담해야 하는 비율(예: 10%~50%)을 확인합니다.,통계,50%,yes,NEEDS_EXTERNAL_VERIFICATION,"수치·가격 변동 여부 확인. 확인 불가 시 ""이용 전 최신 정보 확인 필요"" 안내 추가",공공기관·제조사·서비스 공식 페이지,,
529,2026-08-07-cost-auto-efcd2f,https://honsamnote.co.kr/blog/2026-08-07-cost-auto-efcd2f/,"혼자 사는 직장인, 사랑하는 반려동물 병원비 폭탄 걱정된다면? 펫보험 vs 예방 관리, 내게 맞는 최적의 선택은?",P2,'보험료=만능'이라는 생각 금지: 펫보험은 보장 한도와 자기부담금이 존재하며， 모든 질병을 100% 보장해주지 않습니다.,통계,100%,yes,NEEDS_EXTERNAL_VERIFICATION,"수치·가격 변동 여부 확인. 확인 불가 시 ""이용 전 최신 정보 확인 필요"" 안내 추가",공공기관·제조사·서비스 공식 페이지,,
530,2026-08-07-housing-auto-0bc6a2,https://honsamnote.co.kr/blog/2026-08-07-housing-auto-0bc6a2/,"혼자 사는 직장인, 좁은 집 짐 처치 곤란? 셀프 스토리지 vs 비우기, 내 돈 아끼는 현명한 선택 가이드",P2,비용·시간·주의사항 ✔️ 셀프 스토리지(쉐어창고) 비용: 가장 작은 개인 박스형부터 소형 창고형(1평 미만)까지 월 3만원~10만원 대의 비용이 발생합니다.,가격,3만원,yes,NEEDS_EXTERNAL_VERIFICATION,"수치·가격 변동 여부 확인. 확인 불가 시 ""이용 전 최신 정보 확인 필요"" 안내 추가",공공기관·제조사·서비스 공식 페이지,,
531,2026-08-07-housing-auto-0bc6a2,https://honsamnote.co.kr/blog/2026-08-07-housing-auto-0bc6a2/,"혼자 사는 직장인, 좁은 집 짐 처치 곤란? 셀프 스토리지 vs 비우기, 내 돈 아끼는 현명한 선택 가이드",P2,비용·시간·주의사항 ✔️ 셀프 스토리지(쉐어창고) 비용: 가장 작은 개인 박스형부터 소형 창고형(1평 미만)까지 월 3만원~10만원 대의 비용이 발생합니다.,가격,10만원,yes,NEEDS_EXTERNAL_VERIFICATION,"수치·가격 변동 여부 확인. 확인 불가 시 ""이용 전 최신 정보 확인 필요"" 안내 추가",공공기관·제조사·서비스 공식 페이지,,
532,2026-08-07-housing-auto-0bc6a2,https://honsamnote.co.kr/blog/2026-08-07-housing-auto-0bc6a2/,"혼자 사는 직장인, 좁은 집 짐 처치 곤란? 셀프 스토리지 vs 비우기, 내 돈 아끼는 현명한 선택 가이드",P2,✔️ 비우고 정리하기(처분하기) 비용: 대형 폐기물: 가구， 가전 등 품목별로 1천원~1만원 정도의 수수료가 부과됩니다.,가격,1만원,yes,NEEDS_EXTERNAL_VERIFICATION,"수치·가격 변동 여부 확인. 확인 불가 시 ""이용 전 최신 정보 확인 필요"" 안내 추가",공공기관·제조사·서비스 공식 페이지,,
533,2026-08-07-housing-auto-0bc6a2,https://honsamnote.co.kr/blog/2026-08-07-housing-auto-0bc6a2/,"혼자 사는 직장인, 좁은 집 짐 처치 곤란? 셀프 스토리지 vs 비우기, 내 돈 아끼는 현명한 선택 가이드",P2,체크리스트 ✅ 나의 짐 상태 점검하기 1년 이상 사용하지 않은 물건이 전체 짐의 50% 이상인가?,통계,50%,yes,NEEDS_EXTERNAL_VERIFICATION,"수치·가격 변동 여부 확인. 확인 불가 시 ""이용 전 최신 정보 확인 필요"" 안내 추가",공공기관·제조사·서비스 공식 페이지,,
534,2026-08-08-cost-auto-65e819,https://honsamnote.co.kr/blog/2026-08-08-cost-auto-65e819/,"혼자 사는 직장인, 매일 점심값으로 새는 돈 아깝다면? 도시락 vs 배달 vs 구내식당/식당, 내게 맞는 최적의 점심 식사 전략",P2,"""오늘은 뭘 먹지?"" 이 사소한 고민이 스트레스가 되고， 매달 통장에서 20~30만원씩 빠져나가는 점심값은 월급을 스쳐 지나가는 주범 중 하나죠.",가격,30만원,yes,NEEDS_EXTERNAL_VERIFICATION,"수치·가격 변동 여부 확인. 확인 불가 시 ""이용 전 최신 정보 확인 필요"" 안내 추가",공공기관·제조사·서비스 공식 페이지,,
535,2026-08-08-cost-auto-65e819,https://honsamnote.co.kr/blog/2026-08-08-cost-auto-65e819/,"혼자 사는 직장인, 매일 점심값으로 새는 돈 아깝다면? 도시락 vs 배달 vs 구내식당/식당, 내게 맞는 최적의 점심 식사 전략",P2,비용·시간·주의사항 비용 (1끼 기준， 평균치) 집밥 도시락: 2，000원 ~ 5，000원 (대량 구매 및 알뜰한 식재료 선택 시 더욱 절감 가능) 구내식당/가성비 식당: 6，000원 ~ 9，000원 (구내식당은 이보다 저렴할 수 있습니다) 배달/외식: 10，000원 ~ 20，000원 (배달비 포함 시 더욱 상승) 월 예상 절감액: 현재 매일 1만원짜리 점,가격,1만원,yes,NEEDS_EXTERNAL_VERIFICATION,"수치·가격 변동 여부 확인. 확인 불가 시 ""이용 전 최신 정보 확인 필요"" 안내 추가",공공기관·제조사·서비스 공식 페이지,,
536,2026-08-08-cost-auto-65e819,https://honsamnote.co.kr/blog/2026-08-08-cost-auto-65e819/,"혼자 사는 직장인, 매일 점심값으로 새는 돈 아깝다면? 도시락 vs 배달 vs 구내식당/식당, 내게 맞는 최적의 점심 식사 전략",P2,비용·시간·주의사항 비용 (1끼 기준， 평균치) 집밥 도시락: 2，000원 ~ 5，000원 (대량 구매 및 알뜰한 식재료 선택 시 더욱 절감 가능) 구내식당/가성비 식당: 6，000원 ~ 9，000원 (구내식당은 이보다 저렴할 수 있습니다) 배달/외식: 10，000원 ~ 20，000원 (배달비 포함 시 더욱 상승) 월 예상 절감액: 현재 매일 1만원짜리 점,가격,6만원,yes,NEEDS_EXTERNAL_VERIFICATION,"수치·가격 변동 여부 확인. 확인 불가 시 ""이용 전 최신 정보 확인 필요"" 안내 추가",공공기관·제조사·서비스 공식 페이지,,
537,2026-08-08-cost-auto-65e819,https://honsamnote.co.kr/blog/2026-08-08-cost-auto-65e819/,"혼자 사는 직장인, 매일 점심값으로 새는 돈 아깝다면? 도시락 vs 배달 vs 구내식당/식당, 내게 맞는 최적의 점심 식사 전략",P2,(평균 2，000~5，000원) 가장 건강: 식재료 선택부터 조리법까지 직접 조절하여 건강하고 신선한 식사를 할 수 있습니다.,가격,"5,000원)",yes,NEEDS_EXTERNAL_VERIFICATION,"수치·가격 변동 여부 확인. 확인 불가 시 ""이용 전 최신 정보 확인 필요"" 안내 추가",공공기관·제조사·서비스 공식 페이지,,
538,2026-08-08-cost-auto-65e819,https://honsamnote.co.kr/blog/2026-08-08-cost-auto-65e819/,"혼자 사는 직장인, 매일 점심값으로 새는 돈 아깝다면? 도시락 vs 배달 vs 구내식당/식당, 내게 맞는 최적의 점심 식사 전략",P2,비용·시간·주의사항 비용 (1끼 기준， 평균치) 집밥 도시락: 2，000원 ~ 5，000원 (대량 구매 및 알뜰한 식재료 선택 시 더욱 절감 가능) 구내식당/가성비 식당: 6，000원 ~ 9，000원 (구내식당은 이보다 저렴할 수 있습니다) 배달/외식: 10，000원 ~ 20，000원 (배달비 포함 시 더욱 상승) 월 예상 절감액: 현재 매일 1만원짜리 점,가격,"2,000원 ",yes,NEEDS_EXTERNAL_VERIFICATION,"수치·가격 변동 여부 확인. 확인 불가 시 ""이용 전 최신 정보 확인 필요"" 안내 추가",공공기관·제조사·서비스 공식 페이지,,
539,2026-08-08-cost-auto-65e819,https://honsamnote.co.kr/blog/2026-08-08-cost-auto-65e819/,"혼자 사는 직장인, 매일 점심값으로 새는 돈 아깝다면? 도시락 vs 배달 vs 구내식당/식당, 내게 맞는 최적의 점심 식사 전략",P2,비용·시간·주의사항 비용 (1끼 기준， 평균치) 집밥 도시락: 2，000원 ~ 5，000원 (대량 구매 및 알뜰한 식재료 선택 시 더욱 절감 가능) 구내식당/가성비 식당: 6，000원 ~ 9，000원 (구내식당은 이보다 저렴할 수 있습니다) 배달/외식: 10，000원 ~ 20，000원 (배달비 포함 시 더욱 상승) 월 예상 절감액: 현재 매일 1만원짜리 점,가격,"5,000원 ",yes,NEEDS_EXTERNAL_VERIFICATION,"수치·가격 변동 여부 확인. 확인 불가 시 ""이용 전 최신 정보 확인 필요"" 안내 추가",공공기관·제조사·서비스 공식 페이지,,
540,2026-08-08-cost-auto-65e819,https://honsamnote.co.kr/blog/2026-08-08-cost-auto-65e819/,"혼자 사는 직장인, 매일 점심값으로 새는 돈 아깝다면? 도시락 vs 배달 vs 구내식당/식당, 내게 맞는 최적의 점심 식사 전략",P2,비용·시간·주의사항 비용 (1끼 기준， 평균치) 집밥 도시락: 2，000원 ~ 5，000원 (대량 구매 및 알뜰한 식재료 선택 시 더욱 절감 가능) 구내식당/가성비 식당: 6，000원 ~ 9，000원 (구내식당은 이보다 저렴할 수 있습니다) 배달/외식: 10，000원 ~ 20，000원 (배달비 포함 시 더욱 상승) 월 예상 절감액: 현재 매일 1만원짜리 점,가격,"6,000원 ",yes,NEEDS_EXTERNAL_VERIFICATION,"수치·가격 변동 여부 확인. 확인 불가 시 ""이용 전 최신 정보 확인 필요"" 안내 추가",공공기관·제조사·서비스 공식 페이지,,
541,2026-08-08-cost-auto-65e819,https://honsamnote.co.kr/blog/2026-08-08-cost-auto-65e819/,"혼자 사는 직장인, 매일 점심값으로 새는 돈 아깝다면? 도시락 vs 배달 vs 구내식당/식당, 내게 맞는 최적의 점심 식사 전략",P2,비용·시간·주의사항 비용 (1끼 기준， 평균치) 집밥 도시락: 2，000원 ~ 5，000원 (대량 구매 및 알뜰한 식재료 선택 시 더욱 절감 가능) 구내식당/가성비 식당: 6，000원 ~ 9，000원 (구내식당은 이보다 저렴할 수 있습니다) 배달/외식: 10，000원 ~ 20，000원 (배달비 포함 시 더욱 상승) 월 예상 절감액: 현재 매일 1만원짜리 점,가격,"9,000원 ",yes,NEEDS_EXTERNAL_VERIFICATION,"수치·가격 변동 여부 확인. 확인 불가 시 ""이용 전 최신 정보 확인 필요"" 안내 추가",공공기관·제조사·서비스 공식 페이지,,
542,2026-08-08-cost-auto-65e819,https://honsamnote.co.kr/blog/2026-08-08-cost-auto-65e819/,"혼자 사는 직장인, 매일 점심값으로 새는 돈 아깝다면? 도시락 vs 배달 vs 구내식당/식당, 내게 맞는 최적의 점심 식사 전략",P2,비용·시간·주의사항 비용 (1끼 기준， 평균치) 집밥 도시락: 2，000원 ~ 5，000원 (대량 구매 및 알뜰한 식재료 선택 시 더욱 절감 가능) 구내식당/가성비 식당: 6，000원 ~ 9，000원 (구내식당은 이보다 저렴할 수 있습니다) 배달/외식: 10，000원 ~ 20，000원 (배달비 포함 시 더욱 상승) 월 예상 절감액: 현재 매일 1만원짜리 점,가격,"10,000원 ",yes,NEEDS_EXTERNAL_VERIFICATION,"수치·가격 변동 여부 확인. 확인 불가 시 ""이용 전 최신 정보 확인 필요"" 안내 추가",공공기관·제조사·서비스 공식 페이지,,
543,2026-08-08-cost-auto-65e819,https://honsamnote.co.kr/blog/2026-08-08-cost-auto-65e819/,"혼자 사는 직장인, 매일 점심값으로 새는 돈 아깝다면? 도시락 vs 배달 vs 구내식당/식당, 내게 맞는 최적의 점심 식사 전략",P2,비용·시간·주의사항 비용 (1끼 기준， 평균치) 집밥 도시락: 2，000원 ~ 5，000원 (대량 구매 및 알뜰한 식재료 선택 시 더욱 절감 가능) 구내식당/가성비 식당: 6，000원 ~ 9，000원 (구내식당은 이보다 저렴할 수 있습니다) 배달/외식: 10，000원 ~ 20，000원 (배달비 포함 시 더욱 상승) 월 예상 절감액: 현재 매일 1만원짜리 점,가격,"20,000원 ",yes,NEEDS_EXTERNAL_VERIFICATION,"수치·가격 변동 여부 확인. 확인 불가 시 ""이용 전 최신 정보 확인 필요"" 안내 추가",공공기관·제조사·서비스 공식 페이지,,
546,2026-08-08-cost-auto-770f4a,https://honsamnote.co.kr/blog/2026-08-08-cost-auto-770f4a/,"혼자 사는 직장인, 답답한 실내 공기, 어떻게 관리해야 할까? 공기청정기 vs 제습기 vs 환기, 내게 맞는 최적의 선택은?",P2,"비용·시간·주의사항공기청정기 초기 비용: 10만 원대 초소형부터 50만 원 이상 중형까지 다양 (원룸은 20만~30만원대면 충분).",가격,10만 원,yes,NEEDS_EXTERNAL_VERIFICATION,"수치·가격 변동 여부 확인. 확인 불가 시 ""이용 전 최신 정보 확인 필요"" 안내 추가",공공기관·제조사·서비스 공식 페이지,,
547,2026-08-08-cost-auto-770f4a,https://honsamnote.co.kr/blog/2026-08-08-cost-auto-770f4a/,"혼자 사는 직장인, 답답한 실내 공기, 어떻게 관리해야 할까? 공기청정기 vs 제습기 vs 환기, 내게 맞는 최적의 선택은?",P2,"비용·시간·주의사항공기청정기 초기 비용: 10만 원대 초소형부터 50만 원 이상 중형까지 다양 (원룸은 20만~30만원대면 충분).",가격,50만 원,yes,NEEDS_EXTERNAL_VERIFICATION,"수치·가격 변동 여부 확인. 확인 불가 시 ""이용 전 최신 정보 확인 필요"" 안내 추가",공공기관·제조사·서비스 공식 페이지,,
548,2026-08-08-cost-auto-770f4a,https://honsamnote.co.kr/blog/2026-08-08-cost-auto-770f4a/,"혼자 사는 직장인, 답답한 실내 공기, 어떻게 관리해야 할까? 공기청정기 vs 제습기 vs 환기, 내게 맞는 최적의 선택은?",P2,"비용·시간·주의사항공기청정기 초기 비용: 10만 원대 초소형부터 50만 원 이상 중형까지 다양 (원룸은 20만~30만원대면 충분).",가격,30만원,yes,NEEDS_EXTERNAL_VERIFICATION,"수치·가격 변동 여부 확인. 확인 불가 시 ""이용 전 최신 정보 확인 필요"" 안내 추가",공공기관·제조사·서비스 공식 페이지,,
549,2026-08-08-cost-auto-770f4a,https://honsamnote.co.kr/blog/2026-08-08-cost-auto-770f4a/,"혼자 사는 직장인, 답답한 실내 공기, 어떻게 관리해야 할까? 공기청정기 vs 제습기 vs 환기, 내게 맞는 최적의 선택은?",P2,제습기 초기 비용: 15만 원대 초소형부터 40만 원 이상 중형까지 다양 (원룸은 20만~30만원대면 충분).,가격,15만 원,yes,NEEDS_EXTERNAL_VERIFICATION,"수치·가격 변동 여부 확인. 확인 불가 시 ""이용 전 최신 정보 확인 필요"" 안내 추가",공공기관·제조사·서비스 공식 페이지,,
550,2026-08-08-cost-auto-770f4a,https://honsamnote.co.kr/blog/2026-08-08-cost-auto-770f4a/,"혼자 사는 직장인, 답답한 실내 공기, 어떻게 관리해야 할까? 공기청정기 vs 제습기 vs 환기, 내게 맞는 최적의 선택은?",P2,제습기 초기 비용: 15만 원대 초소형부터 40만 원 이상 중형까지 다양 (원룸은 20만~30만원대면 충분).,가격,40만 원,yes,NEEDS_EXTERNAL_VERIFICATION,"수치·가격 변동 여부 확인. 확인 불가 시 ""이용 전 최신 정보 확인 필요"" 안내 추가",공공기관·제조사·서비스 공식 페이지,,
551,2026-08-08-cost-auto-770f4a,https://honsamnote.co.kr/blog/2026-08-08-cost-auto-770f4a/,"혼자 사는 직장인, 답답한 실내 공기, 어떻게 관리해야 할까? 공기청정기 vs 제습기 vs 환기, 내게 맞는 최적의 선택은?",P2,유지 비용: 필터 교체 (필터가 있는 경우 1~2년 주기， 1만~3만 원).,가격,3만 원,yes,NEEDS_EXTERNAL_VERIFICATION,"수치·가격 변동 여부 확인. 확인 불가 시 ""이용 전 최신 정보 확인 필요"" 안내 추가",공공기관·제조사·서비스 공식 페이지,,
552,2026-08-08-cost-auto-770f4a,https://honsamnote.co.kr/blog/2026-08-08-cost-auto-770f4a/,"혼자 사는 직장인, 답답한 실내 공기, 어떻게 관리해야 할까? 공기청정기 vs 제습기 vs 환기, 내게 맞는 최적의 선택은?",P2,전기 요금 (장마철 매일 4시간 사용 시 월 5천~1.5만 원 수준).,가격,5만 원,yes,NEEDS_EXTERNAL_VERIFICATION,"수치·가격 변동 여부 확인. 확인 불가 시 ""이용 전 최신 정보 확인 필요"" 안내 추가",공공기관·제조사·서비스 공식 페이지,,
553,2026-08-08-cost-auto-770f4a,https://honsamnote.co.kr/blog/2026-08-08-cost-auto-770f4a/,"혼자 사는 직장인, 답답한 실내 공기, 어떻게 관리해야 할까? 공기청정기 vs 제습기 vs 환기, 내게 맞는 최적의 선택은?",P2,여름철 70% 이상， 겨울철 50% 이상으로 유지된다면 제습이 필요합니다.,통계,70%,yes,NEEDS_EXTERNAL_VERIFICATION,"수치·가격 변동 여부 확인. 확인 불가 시 ""이용 전 최신 정보 확인 필요"" 안내 추가",공공기관·제조사·서비스 공식 페이지,,
554,2026-08-08-cost-auto-770f4a,https://honsamnote.co.kr/blog/2026-08-08-cost-auto-770f4a/,"혼자 사는 직장인, 답답한 실내 공기, 어떻게 관리해야 할까? 공기청정기 vs 제습기 vs 환기, 내게 맞는 최적의 선택은?",P2,여름철 70% 이상， 겨울철 50% 이상으로 유지된다면 제습이 필요합니다.,통계,50%,yes,NEEDS_EXTERNAL_VERIFICATION,"수치·가격 변동 여부 확인. 확인 불가 시 ""이용 전 최신 정보 확인 필요"" 안내 추가",공공기관·제조사·서비스 공식 페이지,,
558,2026-08-08-cost-auto-c1b0b5,https://honsamnote.co.kr/blog/2026-08-08-cost-auto-c1b0b5/,"혼자 사는 직장인, 가끔 차 필요할 때마다 택시비 부담되고 대중교통 불편하다면? 카셰어링 vs 중고차 vs 렌터카, 내게 맞는 최적의 이동 수단 찾는 법",P2,카셰어링 (쏘카， 그린카 등): 계산법: (시간당 대여료 + 주행 요금) x 예상 사용 횟수 + 보험료 예시: 월 2회， 4시간 사용， 각 50km 주행 시 (시간당 대여료 8천원 x 4시간 + 주행료 170원 x 50km) x 2회 + 보험료 (저렴한 옵션 선택) 렌터카 (단기): 계산법: (일/주 단위 대여료 + 유류비) x 예상 사용 횟수 + 보험료 ,가격,10만원,yes,NEEDS_EXTERNAL_VERIFICATION,"수치·가격 변동 여부 확인. 확인 불가 시 ""이용 전 최신 정보 확인 필요"" 안내 추가",공공기관·제조사·서비스 공식 페이지,,
559,2026-08-08-cost-auto-c1b0b5,https://honsamnote.co.kr/blog/2026-08-08-cost-auto-c1b0b5/,"혼자 사는 직장인, 가끔 차 필요할 때마다 택시비 부담되고 대중교통 불편하다면? 카셰어링 vs 중고차 vs 렌터카, 내게 맞는 최적의 이동 수단 찾는 법",P2,카셰어링 (쏘카， 그린카 등): 계산법: (시간당 대여료 + 주행 요금) x 예상 사용 횟수 + 보험료 예시: 월 2회， 4시간 사용， 각 50km 주행 시 (시간당 대여료 8천원 x 4시간 + 주행료 170원 x 50km) x 2회 + 보험료 (저렴한 옵션 선택) 렌터카 (단기): 계산법: (일/주 단위 대여료 + 유류비) x 예상 사용 횟수 + 보험료 ,가격,4만원,yes,NEEDS_EXTERNAL_VERIFICATION,"수치·가격 변동 여부 확인. 확인 불가 시 ""이용 전 최신 정보 확인 필요"" 안내 추가",공공기관·제조사·서비스 공식 페이지,,
560,2026-08-08-cost-auto-c1b0b5,https://honsamnote.co.kr/blog/2026-08-08-cost-auto-c1b0b5/,"혼자 사는 직장인, 가끔 차 필요할 때마다 택시비 부담되고 대중교통 불편하다면? 카셰어링 vs 중고차 vs 렌터카, 내게 맞는 최적의 이동 수단 찾는 법",P2,카셰어링 (쏘카， 그린카 등): 계산법: (시간당 대여료 + 주행 요금) x 예상 사용 횟수 + 보험료 예시: 월 2회， 4시간 사용， 각 50km 주행 시 (시간당 대여료 8천원 x 4시간 + 주행료 170원 x 50km) x 2회 + 보험료 (저렴한 옵션 선택) 렌터카 (단기): 계산법: (일/주 단위 대여료 + 유류비) x 예상 사용 횟수 + 보험료 ,가격,500만원,yes,NEEDS_EXTERNAL_VERIFICATION,"수치·가격 변동 여부 확인. 확인 불가 시 ""이용 전 최신 정보 확인 필요"" 안내 추가",공공기관·제조사·서비스 공식 페이지,,
561,2026-08-08-cost-auto-c1b0b5,https://honsamnote.co.kr/blog/2026-08-08-cost-auto-c1b0b5/,"혼자 사는 직장인, 가끔 차 필요할 때마다 택시비 부담되고 대중교통 불편하다면? 카셰어링 vs 중고차 vs 렌터카, 내게 맞는 최적의 이동 수단 찾는 법",P2,카셰어링 (쏘카， 그린카 등): 계산법: (시간당 대여료 + 주행 요금) x 예상 사용 횟수 + 보험료 예시: 월 2회， 4시간 사용， 각 50km 주행 시 (시간당 대여료 8천원 x 4시간 + 주행료 170원 x 50km) x 2회 + 보험료 (저렴한 옵션 선택) 렌터카 (단기): 계산법: (일/주 단위 대여료 + 유류비) x 예상 사용 횟수 + 보험료 ,가격,35만원,yes,NEEDS_EXTERNAL_VERIFICATION,"수치·가격 변동 여부 확인. 확인 불가 시 ""이용 전 최신 정보 확인 필요"" 안내 추가",공공기관·제조사·서비스 공식 페이지,,
562,2026-08-08-cost-auto-c1b0b5,https://honsamnote.co.kr/blog/2026-08-08-cost-auto-c1b0b5/,"혼자 사는 직장인, 가끔 차 필요할 때마다 택시비 부담되고 대중교통 불편하다면? 카셰어링 vs 중고차 vs 렌터카, 내게 맞는 최적의 이동 수단 찾는 법",P2,카셰어링 (쏘카， 그린카 등): 계산법: (시간당 대여료 + 주행 요금) x 예상 사용 횟수 + 보험료 예시: 월 2회， 4시간 사용， 각 50km 주행 시 (시간당 대여료 8천원 x 4시간 + 주행료 170원 x 50km) x 2회 + 보험료 (저렴한 옵션 선택) 렌터카 (단기): 계산법: (일/주 단위 대여료 + 유류비) x 예상 사용 횟수 + 보험료 ,가격,100만원,yes,NEEDS_EXTERNAL_VERIFICATION,"수치·가격 변동 여부 확인. 확인 불가 시 ""이용 전 최신 정보 확인 필요"" 안내 추가",공공기관·제조사·서비스 공식 페이지,,
563,2026-08-08-cost-auto-c1b0b5,https://honsamnote.co.kr/blog/2026-08-08-cost-auto-c1b0b5/,"혼자 사는 직장인, 가끔 차 필요할 때마다 택시비 부담되고 대중교통 불편하다면? 카셰어링 vs 중고차 vs 렌터카, 내게 맞는 최적의 이동 수단 찾는 법",P2,카셰어링 (쏘카， 그린카 등): 계산법: (시간당 대여료 + 주행 요금) x 예상 사용 횟수 + 보험료 예시: 월 2회， 4시간 사용， 각 50km 주행 시 (시간당 대여료 8천원 x 4시간 + 주행료 170원 x 50km) x 2회 + 보험료 (저렴한 옵션 선택) 렌터카 (단기): 계산법: (일/주 단위 대여료 + 유류비) x 예상 사용 횟수 + 보험료 ,가격,635만원,yes,NEEDS_EXTERNAL_VERIFICATION,"수치·가격 변동 여부 확인. 확인 불가 시 ""이용 전 최신 정보 확인 필요"" 안내 추가",공공기관·제조사·서비스 공식 페이지,,
564,2026-08-08-cost-auto-c1b0b5,https://honsamnote.co.kr/blog/2026-08-08-cost-auto-c1b0b5/,"혼자 사는 직장인, 가끔 차 필요할 때마다 택시비 부담되고 대중교통 불편하다면? 카셰어링 vs 중고차 vs 렌터카, 내게 맞는 최적의 이동 수단 찾는 법",P2,월 유지비는 유류비， 세금， 보험료， 소모품 교체 비용 등을 포함하여 최소 20~30만원 이상.,가격,30만원,yes,NEEDS_EXTERNAL_VERIFICATION,"수치·가격 변동 여부 확인. 확인 불가 시 ""이용 전 최신 정보 확인 필요"" 안내 추가",공공기관·제조사·서비스 공식 페이지,,
565,2026-08-08-cost-auto-c1b0b5,https://honsamnote.co.kr/blog/2026-08-08-cost-auto-c1b0b5/,"혼자 사는 직장인, 가끔 차 필요할 때마다 택시비 부담되고 대중교통 불편하다면? 카셰어링 vs 중고차 vs 렌터카, 내게 맞는 최적의 이동 수단 찾는 법",P2,비용·시간·주의사항 카셰어링: 비용: 시간당 대여료 (최저 2천원대 ~ 1만원대)， 주행 요금 (km당 100원대 ~ 200원대)， 보험료 (기본 포함 또는 선택형， 수천원~1만원대).,가격,1만원,yes,NEEDS_EXTERNAL_VERIFICATION,"수치·가격 변동 여부 확인. 확인 불가 시 ""이용 전 최신 정보 확인 필요"" 안내 추가",공공기관·제조사·서비스 공식 페이지,,
566,2026-08-08-cost-auto-c1b0b5,https://honsamnote.co.kr/blog/2026-08-08-cost-auto-c1b0b5/,"혼자 사는 직장인, 가끔 차 필요할 때마다 택시비 부담되고 대중교통 불편하다면? 카셰어링 vs 중고차 vs 렌터카, 내게 맞는 최적의 이동 수단 찾는 법",P2,카셰어링 (쏘카， 그린카 등): 계산법: (시간당 대여료 + 주행 요금) x 예상 사용 횟수 + 보험료 예시: 월 2회， 4시간 사용， 각 50km 주행 시 (시간당 대여료 8천원 x 4시간 + 주행료 170원 x 50km) x 2회 + 보험료 (저렴한 옵션 선택) 렌터카 (단기): 계산법: (일/주 단위 대여료 + 유류비) x 예상 사용 횟수 + 보험료 ,가격,170원 ,yes,NEEDS_EXTERNAL_VERIFICATION,"수치·가격 변동 여부 확인. 확인 불가 시 ""이용 전 최신 정보 확인 필요"" 안내 추가",공공기관·제조사·서비스 공식 페이지,,
567,2026-08-08-cost-auto-c1b0b5,https://honsamnote.co.kr/blog/2026-08-08-cost-auto-c1b0b5/,"혼자 사는 직장인, 가끔 차 필요할 때마다 택시비 부담되고 대중교통 불편하다면? 카셰어링 vs 중고차 vs 렌터카, 내게 맞는 최적의 이동 수단 찾는 법",P2,비용·시간·주의사항 카셰어링: 비용: 시간당 대여료 (최저 2천원대 ~ 1만원대)， 주행 요금 (km당 100원대 ~ 200원대)， 보험료 (기본 포함 또는 선택형， 수천원~1만원대).,가격,100원대,yes,NEEDS_EXTERNAL_VERIFICATION,"수치·가격 변동 여부 확인. 확인 불가 시 ""이용 전 최신 정보 확인 필요"" 안내 추가",공공기관·제조사·서비스 공식 페이지,,
568,2026-08-08-cost-auto-c1b0b5,https://honsamnote.co.kr/blog/2026-08-08-cost-auto-c1b0b5/,"혼자 사는 직장인, 가끔 차 필요할 때마다 택시비 부담되고 대중교통 불편하다면? 카셰어링 vs 중고차 vs 렌터카, 내게 맞는 최적의 이동 수단 찾는 법",P2,비용·시간·주의사항 카셰어링: 비용: 시간당 대여료 (최저 2천원대 ~ 1만원대)， 주행 요금 (km당 100원대 ~ 200원대)， 보험료 (기본 포함 또는 선택형， 수천원~1만원대).,가격,200원대,yes,NEEDS_EXTERNAL_VERIFICATION,"수치·가격 변동 여부 확인. 확인 불가 시 ""이용 전 최신 정보 확인 필요"" 안내 추가",공공기관·제조사·서비스 공식 페이지,,
569,2026-08-08-cost-auto-c1b0b5,https://honsamnote.co.kr/blog/2026-08-08-cost-auto-c1b0b5/,"혼자 사는 직장인, 가끔 차 필요할 때마다 택시비 부담되고 대중교통 불편하다면? 카셰어링 vs 중고차 vs 렌터카, 내게 맞는 최적의 이동 수단 찾는 법",P2,카셰어링 (쏘카， 그린카 등): 계산법: (시간당 대여료 + 주행 요금) x 예상 사용 횟수 + 보험료 예시: 월 2회， 4시간 사용， 각 50km 주행 시 (시간당 대여료 8천원 x 4시간 + 주행료 170원 x 50km) x 2회 + 보험료 (저렴한 옵션 선택) 렌터카 (단기): 계산법: (일/주 단위 대여료 + 유류비) x 예상 사용 횟수 + 보험료 ,통계,7%,yes,NEEDS_EXTERNAL_VERIFICATION,"수치·가격 변동 여부 확인. 확인 불가 시 ""이용 전 최신 정보 확인 필요"" 안내 추가",공공기관·제조사·서비스 공식 페이지,,
570,2026-08-08-cost-auto-c1b0b5,https://honsamnote.co.kr/blog/2026-08-08-cost-auto-c1b0b5/,"혼자 사는 직장인, 가끔 차 필요할 때마다 택시비 부담되고 대중교통 불편하다면? 카셰어링 vs 중고차 vs 렌터카, 내게 맞는 최적의 이동 수단 찾는 법",P2,카셰어링 (쏘카， 그린카 등): 계산법: (시간당 대여료 + 주행 요금) x 예상 사용 횟수 + 보험료 예시: 월 2회， 4시간 사용， 각 50km 주행 시 (시간당 대여료 8천원 x 4시간 + 주행료 170원 x 50km) x 2회 + 보험료 (저렴한 옵션 선택) 렌터카 (단기): 계산법: (일/주 단위 대여료 + 유류비) x 예상 사용 횟수 + 보험료 ,통계,약 7,yes,NEEDS_EXTERNAL_VERIFICATION,"수치·가격 변동 여부 확인. 확인 불가 시 ""이용 전 최신 정보 확인 필요"" 안내 추가",공공기관·제조사·서비스 공식 페이지,,
571,2026-08-08-cost-auto-c1b0b5,https://honsamnote.co.kr/blog/2026-08-08-cost-auto-c1b0b5/,"혼자 사는 직장인, 가끔 차 필요할 때마다 택시비 부담되고 대중교통 불편하다면? 카셰어링 vs 중고차 vs 렌터카, 내게 맞는 최적의 이동 수단 찾는 법",P2,카셰어링 (쏘카， 그린카 등): 계산법: (시간당 대여료 + 주행 요금) x 예상 사용 횟수 + 보험료 예시: 월 2회， 4시간 사용， 각 50km 주행 시 (시간당 대여료 8천원 x 4시간 + 주행료 170원 x 50km) x 2회 + 보험료 (저렴한 옵션 선택) 렌터카 (단기): 계산법: (일/주 단위 대여료 + 유류비) x 예상 사용 횟수 + 보험료 ,통계,평균 주차비 + 연간 자동차 보험료 / 12,yes,NEEDS_EXTERNAL_VERIFICATION,"수치·가격 변동 여부 확인. 확인 불가 시 ""이용 전 최신 정보 확인 필요"" 안내 추가",공공기관·제조사·서비스 공식 페이지,,
572,2026-08-08-cost-auto-c1b0b5,https://honsamnote.co.kr/blog/2026-08-08-cost-auto-c1b0b5/,"혼자 사는 직장인, 가끔 차 필요할 때마다 택시비 부담되고 대중교통 불편하다면? 카셰어링 vs 중고차 vs 렌터카, 내게 맞는 최적의 이동 수단 찾는 법",P2,카셰어링 (쏘카， 그린카 등): 계산법: (시간당 대여료 + 주행 요금) x 예상 사용 횟수 + 보험료 예시: 월 2회， 4시간 사용， 각 50km 주행 시 (시간당 대여료 8천원 x 4시간 + 주행료 170원 x 50km) x 2회 + 보험료 (저렴한 옵션 선택) 렌터카 (단기): 계산법: (일/주 단위 대여료 + 유류비) x 예상 사용 횟수 + 보험료 ,통계,평균 정비/수리비 (예상) 예시: 500,yes,NEEDS_EXTERNAL_VERIFICATION,"수치·가격 변동 여부 확인. 확인 불가 시 ""이용 전 최신 정보 확인 필요"" 안내 추가",공공기관·제조사·서비스 공식 페이지,,
573,2026-08-08-cost-auto-c1b0b5,https://honsamnote.co.kr/blog/2026-08-08-cost-auto-c1b0b5/,"혼자 사는 직장인, 가끔 차 필요할 때마다 택시비 부담되고 대중교통 불편하다면? 카셰어링 vs 중고차 vs 렌터카, 내게 맞는 최적의 이동 수단 찾는 법",P2,카셰어링 (쏘카， 그린카 등): 계산법: (시간당 대여료 + 주행 요금) x 예상 사용 횟수 + 보험료 예시: 월 2회， 4시간 사용， 각 50km 주행 시 (시간당 대여료 8천원 x 4시간 + 주행료 170원 x 50km) x 2회 + 보험료 (저렴한 옵션 선택) 렌터카 (단기): 계산법: (일/주 단위 대여료 + 유류비) x 예상 사용 횟수 + 보험료 ,통계,약 500,yes,NEEDS_EXTERNAL_VERIFICATION,"수치·가격 변동 여부 확인. 확인 불가 시 ""이용 전 최신 정보 확인 필요"" 안내 추가",공공기관·제조사·서비스 공식 페이지,,
574,2026-08-08-cost-auto-c1b0b5,https://honsamnote.co.kr/blog/2026-08-08-cost-auto-c1b0b5/,"혼자 사는 직장인, 가끔 차 필요할 때마다 택시비 부담되고 대중교통 불편하다면? 카셰어링 vs 중고차 vs 렌터카, 내게 맞는 최적의 이동 수단 찾는 법",P2,(장보기， 나들이， 출퇴근， 짐 운반 등) [ ] 월평균 예상 사용 빈도가 '월 1~2회， 4시간 이내'라면 카셰어링을 우선 고려했는가?,통계,"평균 예상 사용 빈도가 '월 1~2회, 4",yes,NEEDS_EXTERNAL_VERIFICATION,"수치·가격 변동 여부 확인. 확인 불가 시 ""이용 전 최신 정보 확인 필요"" 안내 추가",공공기관·제조사·서비스 공식 페이지,,
575,2026-08-08-cost-auto-c1b0b5,https://honsamnote.co.kr/blog/2026-08-08-cost-auto-c1b0b5/,"혼자 사는 직장인, 가끔 차 필요할 때마다 택시비 부담되고 대중교통 불편하다면? 카셰어링 vs 중고차 vs 렌터카, 내게 맞는 최적의 이동 수단 찾는 법",P2,[ ] 월평균 예상 사용 빈도가 '월 3회 이상 또는 1박 2일 이상 장거리'라면 렌터카 또는 중고차를 고려했는가?,통계,평균 예상 사용 빈도가 '월 3,yes,NEEDS_EXTERNAL_VERIFICATION,"수치·가격 변동 여부 확인. 확인 불가 시 ""이용 전 최신 정보 확인 필요"" 안내 추가",공공기관·제조사·서비스 공식 페이지,,
576,2026-08-09-cost-auto-80b3c9,https://honsamnote.co.kr/blog/2026-08-09-cost-auto-80b3c9/,"혼자 사는 직장인, 매주 장보기 귀찮고 음식물 쓰레기 걱정된다면? 식료품 정기배송 vs 직접 장보기, 내게 맞는 최적의 선택은?",P2,서비스에 따라 월 2만 원대부터 5만 원 이상까지 다양하며， 여기에 추가로 필요한 식재료를 개별 구매하는 비용이 발생할 수 있습니다.,가격,2만 원,yes,NEEDS_EXTERNAL_VERIFICATION,"수치·가격 변동 여부 확인. 확인 불가 시 ""이용 전 최신 정보 확인 필요"" 안내 추가",공공기관·제조사·서비스 공식 페이지,,
577,2026-08-09-cost-auto-80b3c9,https://honsamnote.co.kr/blog/2026-08-09-cost-auto-80b3c9/,"혼자 사는 직장인, 매주 장보기 귀찮고 음식물 쓰레기 걱정된다면? 식료품 정기배송 vs 직접 장보기, 내게 맞는 최적의 선택은?",P2,서비스에 따라 월 2만 원대부터 5만 원 이상까지 다양하며， 여기에 추가로 필요한 식재료를 개별 구매하는 비용이 발생할 수 있습니다.,가격,5만 원,yes,NEEDS_EXTERNAL_VERIFICATION,"수치·가격 변동 여부 확인. 확인 불가 시 ""이용 전 최신 정보 확인 필요"" 안내 추가",공공기관·제조사·서비스 공식 페이지,,
578,2026-08-09-cost-auto-80b3c9,https://honsamnote.co.kr/blog/2026-08-09-cost-auto-80b3c9/,"혼자 사는 직장인, 매주 장보기 귀찮고 음식물 쓰레기 걱정된다면? 식료품 정기배송 vs 직접 장보기, 내게 맞는 최적의 선택은?",P2,직접 장보기: 품목별 가격과 온라인 주문 시 배송비(보통 2，500원~4，000원)， 오프라인 방문 시 왕복 교통비(대중교통， 자가용 주유비/주차비)를 모두 고려해야 합니다.,가격,"2,500원~",yes,NEEDS_EXTERNAL_VERIFICATION,"수치·가격 변동 여부 확인. 확인 불가 시 ""이용 전 최신 정보 확인 필요"" 안내 추가",공공기관·제조사·서비스 공식 페이지,,
579,2026-08-09-cost-auto-80b3c9,https://honsamnote.co.kr/blog/2026-08-09-cost-auto-80b3c9/,"혼자 사는 직장인, 매주 장보기 귀찮고 음식물 쓰레기 걱정된다면? 식료품 정기배송 vs 직접 장보기, 내게 맞는 최적의 선택은?",P2,직접 장보기: 품목별 가격과 온라인 주문 시 배송비(보통 2，500원~4，000원)， 오프라인 방문 시 왕복 교통비(대중교통， 자가용 주유비/주차비)를 모두 고려해야 합니다.,가격,"4,000원)",yes,NEEDS_EXTERNAL_VERIFICATION,"수치·가격 변동 여부 확인. 확인 불가 시 ""이용 전 최신 정보 확인 필요"" 안내 추가",공공기관·제조사·서비스 공식 페이지,,
580,2026-08-09-cost-auto-80b3c9,https://honsamnote.co.kr/blog/2026-08-09-cost-auto-80b3c9/,"혼자 사는 직장인, 매주 장보기 귀찮고 음식물 쓰레기 걱정된다면? 식료품 정기배송 vs 직접 장보기, 내게 맞는 최적의 선택은?",P2,선택의 제약: 구성 품목을 내가 원하는 대로 100% 고르기 어려울 수 있습니다.,통계,100%,yes,NEEDS_EXTERNAL_VERIFICATION,"수치·가격 변동 여부 확인. 확인 불가 시 ""이용 전 최신 정보 확인 필요"" 안내 추가",공공기관·제조사·서비스 공식 페이지,,
582,2026-08-11-cost-auto-bf7238,https://honsamnote.co.kr/blog/2026-08-11-cost-auto-bf7238/,"혼자 사는 직장인, '오늘 뭐 먹지?' 고민에 매번 지갑 열린다면? 식비 확 줄이는 1인 가구 맞춤 식단 계획법",P2,간신히 메뉴를 골라 주문하고 나면 최소 2만원， 많게는 3만원이 훌쩍 나갑니다.,가격,2만원,yes,NEEDS_EXTERNAL_VERIFICATION,"수치·가격 변동 여부 확인. 확인 불가 시 ""이용 전 최신 정보 확인 필요"" 안내 추가",공공기관·제조사·서비스 공식 페이지,,
583,2026-08-11-cost-auto-bf7238,https://honsamnote.co.kr/blog/2026-08-11-cost-auto-bf7238/,"혼자 사는 직장인, '오늘 뭐 먹지?' 고민에 매번 지갑 열린다면? 식비 확 줄이는 1인 가구 맞춤 식단 계획법",P2,간신히 메뉴를 골라 주문하고 나면 최소 2만원， 많게는 3만원이 훌쩍 나갑니다.,가격,3만원,yes,NEEDS_EXTERNAL_VERIFICATION,"수치·가격 변동 여부 확인. 확인 불가 시 ""이용 전 최신 정보 확인 필요"" 안내 추가",공공기관·제조사·서비스 공식 페이지,,
584,2026-08-11-cost-auto-bf7238,https://honsamnote.co.kr/blog/2026-08-11-cost-auto-bf7238/,"혼자 사는 직장인, '오늘 뭐 먹지?' 고민에 매번 지갑 열린다면? 식비 확 줄이는 1인 가구 맞춤 식단 계획법",P2,비용·시간·주의사항 비용: 이 식단 계획법을 꾸준히 실천하면， 한 달 식비를 최소 5만원에서 10만원 이상 절약할 수 있습니다.,가격,5만원,yes,NEEDS_EXTERNAL_VERIFICATION,"수치·가격 변동 여부 확인. 확인 불가 시 ""이용 전 최신 정보 확인 필요"" 안내 추가",공공기관·제조사·서비스 공식 페이지,,
585,2026-08-11-cost-auto-bf7238,https://honsamnote.co.kr/blog/2026-08-11-cost-auto-bf7238/,"혼자 사는 직장인, '오늘 뭐 먹지?' 고민에 매번 지갑 열린다면? 식비 확 줄이는 1인 가구 맞춤 식단 계획법",P2,비용·시간·주의사항 비용: 이 식단 계획법을 꾸준히 실천하면， 한 달 식비를 최소 5만원에서 10만원 이상 절약할 수 있습니다.,가격,10만원,yes,NEEDS_EXTERNAL_VERIFICATION,"수치·가격 변동 여부 확인. 확인 불가 시 ""이용 전 최신 정보 확인 필요"" 안내 추가",공공기관·제조사·서비스 공식 페이지,,
586,2026-08-11-cost-auto-bf7238,https://honsamnote.co.kr/blog/2026-08-11-cost-auto-bf7238/,"혼자 사는 직장인, '오늘 뭐 먹지?' 고민에 매번 지갑 열린다면? 식비 확 줄이는 1인 가구 맞춤 식단 계획법",P2,주의사항: 완벽주의는 금물: 식단 계획을 100% 지키지 못해도 괜찮습니다.,통계,100%,yes,NEEDS_EXTERNAL_VERIFICATION,"수치·가격 변동 여부 확인. 확인 불가 시 ""이용 전 최신 정보 확인 필요"" 안내 추가",공공기관·제조사·서비스 공식 페이지,,
587,2026-08-11-cost-auto-bf7238,https://honsamnote.co.kr/blog/2026-08-11-cost-auto-bf7238/,"혼자 사는 직장인, '오늘 뭐 먹지?' 고민에 매번 지갑 열린다면? 식비 확 줄이는 1인 가구 맞춤 식단 계획법",P2,모처럼 장을 봐도 1인 가구는 소분된 재료를 찾기 어렵고， 남은 재료는 결국 냉장고 한편에서 잊히거나 유통기한이 지나 버려지기 일쑤입니다.,식품,유통기한,yes,NEEDS_EXTERNAL_VERIFICATION,"수치·가격 변동 여부 확인. 확인 불가 시 ""이용 전 최신 정보 확인 필요"" 안내 추가",공공기관·제조사·서비스 공식 페이지,,
588,2026-08-11-cost-auto-ff0274,https://honsamnote.co.kr/blog/2026-08-11-cost-auto-ff0274/,"혼자 사는 직장인, 매번 휴지·키친타월 살 때마다 후회된다면? 대용량 vs 소량, 현명한 선택 가이드",P2,기준 잡기: 휴지는 '1롤당 가격' (예: 30롤 묶음 12，000원 -1롤 400원)， 키친타월은 '1롤당 길이' 또는 '1장당 가격' (예: 120매 8롤 묶음 8，000원 -1롤 1，000원 -1장 약 8.3원)으로 비교하는 것이 정확합니다.,가격,"12,000원 ",yes,NEEDS_EXTERNAL_VERIFICATION,"수치·가격 변동 여부 확인. 확인 불가 시 ""이용 전 최신 정보 확인 필요"" 안내 추가",공공기관·제조사·서비스 공식 페이지,,
589,2026-08-11-cost-auto-ff0274,https://honsamnote.co.kr/blog/2026-08-11-cost-auto-ff0274/,"혼자 사는 직장인, 매번 휴지·키친타월 살 때마다 후회된다면? 대용량 vs 소량, 현명한 선택 가이드",P2,기준 잡기: 휴지는 '1롤당 가격' (예: 30롤 묶음 12，000원 -1롤 400원)， 키친타월은 '1롤당 길이' 또는 '1장당 가격' (예: 120매 8롤 묶음 8，000원 -1롤 1，000원 -1장 약 8.3원)으로 비교하는 것이 정확합니다.,가격,400원),yes,NEEDS_EXTERNAL_VERIFICATION,"수치·가격 변동 여부 확인. 확인 불가 시 ""이용 전 최신 정보 확인 필요"" 안내 추가",공공기관·제조사·서비스 공식 페이지,,
590,2026-08-11-cost-auto-ff0274,https://honsamnote.co.kr/blog/2026-08-11-cost-auto-ff0274/,"혼자 사는 직장인, 매번 휴지·키친타월 살 때마다 후회된다면? 대용량 vs 소량, 현명한 선택 가이드",P2,기준 잡기: 휴지는 '1롤당 가격' (예: 30롤 묶음 12，000원 -1롤 400원)， 키친타월은 '1롤당 길이' 또는 '1장당 가격' (예: 120매 8롤 묶음 8，000원 -1롤 1，000원 -1장 약 8.3원)으로 비교하는 것이 정확합니다.,가격,"8,000원 ",yes,NEEDS_EXTERNAL_VERIFICATION,"수치·가격 변동 여부 확인. 확인 불가 시 ""이용 전 최신 정보 확인 필요"" 안내 추가",공공기관·제조사·서비스 공식 페이지,,
591,2026-08-11-cost-auto-ff0274,https://honsamnote.co.kr/blog/2026-08-11-cost-auto-ff0274/,"혼자 사는 직장인, 매번 휴지·키친타월 살 때마다 후회된다면? 대용량 vs 소량, 현명한 선택 가이드",P2,기준 잡기: 휴지는 '1롤당 가격' (예: 30롤 묶음 12，000원 -1롤 400원)， 키친타월은 '1롤당 길이' 또는 '1장당 가격' (예: 120매 8롤 묶음 8，000원 -1롤 1，000원 -1장 약 8.3원)으로 비교하는 것이 정확합니다.,가격,"1,000원 ",yes,NEEDS_EXTERNAL_VERIFICATION,"수치·가격 변동 여부 확인. 확인 불가 시 ""이용 전 최신 정보 확인 필요"" 안내 추가",공공기관·제조사·서비스 공식 페이지,,
592,2026-08-11-cost-auto-ff0274,https://honsamnote.co.kr/blog/2026-08-11-cost-auto-ff0274/,"혼자 사는 직장인, 매번 휴지·키친타월 살 때마다 후회된다면? 대용량 vs 소량, 현명한 선택 가이드",P2,기준 잡기: 휴지는 '1롤당 가격' (예: 30롤 묶음 12，000원 -1롤 400원)， 키친타월은 '1롤당 길이' 또는 '1장당 가격' (예: 120매 8롤 묶음 8，000원 -1롤 1，000원 -1장 약 8.3원)으로 비교하는 것이 정확합니다.,가격,3원),yes,NEEDS_EXTERNAL_VERIFICATION,"수치·가격 변동 여부 확인. 확인 불가 시 ""이용 전 최신 정보 확인 필요"" 안내 추가",공공기관·제조사·서비스 공식 페이지,,
596,2026-08-11-housing-auto-2bfaff,https://honsamnote.co.kr/blog/2026-08-11-housing-auto-2bfaff/,"혼자 사는 직장인, 조립 가구 앞에서 한숨 쉬지 마세요! 셀프 vs 전문가 조립, 시간과 돈 아끼는 현명한 선택 가이드",P2,다만， 필요 공구 구매 시 1만원~5만원 정도의 추가 비용이 발생할 수 있습니다.,가격,1만원,yes,NEEDS_EXTERNAL_VERIFICATION,"수치·가격 변동 여부 확인. 확인 불가 시 ""이용 전 최신 정보 확인 필요"" 안내 추가",공공기관·제조사·서비스 공식 페이지,,
597,2026-08-11-housing-auto-2bfaff,https://honsamnote.co.kr/blog/2026-08-11-housing-auto-2bfaff/,"혼자 사는 직장인, 조립 가구 앞에서 한숨 쉬지 마세요! 셀프 vs 전문가 조립, 시간과 돈 아끼는 현명한 선택 가이드",P2,다만， 필요 공구 구매 시 1만원~5만원 정도의 추가 비용이 발생할 수 있습니다.,가격,5만원,yes,NEEDS_EXTERNAL_VERIFICATION,"수치·가격 변동 여부 확인. 확인 불가 시 ""이용 전 최신 정보 확인 필요"" 안내 추가",공공기관·제조사·서비스 공식 페이지,,
598,2026-08-11-housing-auto-2bfaff,https://honsamnote.co.kr/blog/2026-08-11-housing-auto-2bfaff/,"혼자 사는 직장인, 조립 가구 앞에서 한숨 쉬지 마세요! 셀프 vs 전문가 조립, 시간과 돈 아끼는 현명한 선택 가이드",P2,일반적인 단품 가구 (작은 서랍장， 책장 등): 3만원 ~ 10만원 이상 대형 가구 (옷장， 침대 프레임 등): 5만원 ~ 20만원 이상 여러 개를 한 번에 맡기면 개당 단가가 낮아질 수 있으니， 여러 가구를 구매했다면 일괄 조립을 문의해 보세요.,가격,3만원,yes,NEEDS_EXTERNAL_VERIFICATION,"수치·가격 변동 여부 확인. 확인 불가 시 ""이용 전 최신 정보 확인 필요"" 안내 추가",공공기관·제조사·서비스 공식 페이지,,
599,2026-08-11-housing-auto-2bfaff,https://honsamnote.co.kr/blog/2026-08-11-housing-auto-2bfaff/,"혼자 사는 직장인, 조립 가구 앞에서 한숨 쉬지 마세요! 셀프 vs 전문가 조립, 시간과 돈 아끼는 현명한 선택 가이드",P2,일반적인 단품 가구 (작은 서랍장， 책장 등): 3만원 ~ 10만원 이상 대형 가구 (옷장， 침대 프레임 등): 5만원 ~ 20만원 이상 여러 개를 한 번에 맡기면 개당 단가가 낮아질 수 있으니， 여러 가구를 구매했다면 일괄 조립을 문의해 보세요.,가격,10만원,yes,NEEDS_EXTERNAL_VERIFICATION,"수치·가격 변동 여부 확인. 확인 불가 시 ""이용 전 최신 정보 확인 필요"" 안내 추가",공공기관·제조사·서비스 공식 페이지,,
600,2026-08-11-housing-auto-2bfaff,https://honsamnote.co.kr/blog/2026-08-11-housing-auto-2bfaff/,"혼자 사는 직장인, 조립 가구 앞에서 한숨 쉬지 마세요! 셀프 vs 전문가 조립, 시간과 돈 아끼는 현명한 선택 가이드",P2,일반적인 단품 가구 (작은 서랍장， 책장 등): 3만원 ~ 10만원 이상 대형 가구 (옷장， 침대 프레임 등): 5만원 ~ 20만원 이상 여러 개를 한 번에 맡기면 개당 단가가 낮아질 수 있으니， 여러 가구를 구매했다면 일괄 조립을 문의해 보세요.,가격,20만원,yes,NEEDS_EXTERNAL_VERIFICATION,"수치·가격 변동 여부 확인. 확인 불가 시 ""이용 전 최신 정보 확인 필요"" 안내 추가",공공기관·제조사·서비스 공식 페이지,,
601,2026-08-11-housing-auto-2bfaff,https://honsamnote.co.kr/blog/2026-08-11-housing-auto-2bfaff/,"혼자 사는 직장인, 조립 가구 앞에서 한숨 쉬지 마세요! 셀프 vs 전문가 조립, 시간과 돈 아끼는 현명한 선택 가이드",P2,비용·시간·주의사항 💰 비용: 셀프 조립: 기본적으로 0원.,가격,0원.,yes,NEEDS_EXTERNAL_VERIFICATION,"수치·가격 변동 여부 확인. 확인 불가 시 ""이용 전 최신 정보 확인 필요"" 안내 추가",공공기관·제조사·서비스 공식 페이지,,
602,2026-08-12-cost-auto-b175c0,https://honsamnote.co.kr/blog/2026-08-12-cost-auto-b175c0/,"혼자 사는 직장인, 빈방에 가구 채워 넣으려니 막막하다면? 구매 vs 렌탈, 내게 맞는 최적의 가구 선택 가이드",P2,보증금 유무， 월 요금， 계약 기간， 중도 해지 위약금 등을 꼼꼼히 확인해야 합니다.,비용,월 요금,yes,NEEDS_EXTERNAL_VERIFICATION,"수치·가격 변동 여부 확인. 확인 불가 시 ""이용 전 최신 정보 확인 필요"" 안내 추가",공공기관·제조사·서비스 공식 페이지,,
603,2026-08-14-cost-auto-304499,https://honsamnote.co.kr/blog/2026-08-14-cost-auto-304499/,"혼자 사는 직장인, 책 읽고 싶은데 매번 구매 비용 부담된다면? 도서관 vs. 전자책 구독 vs. 종이책 구매, 나에게 맞는 최적의 독서법은?",P2,(0원， 5천원 미만， 1만원 미만， 1만원 이상) 디지털 기기로 장시간 독서하는 것이 편안한가요?,가격,1만원,yes,NEEDS_EXTERNAL_VERIFICATION,"수치·가격 변동 여부 확인. 확인 불가 시 ""이용 전 최신 정보 확인 필요"" 안내 추가",공공기관·제조사·서비스 공식 페이지,,
604,2026-08-14-cost-auto-304499,https://honsamnote.co.kr/blog/2026-08-14-cost-auto-304499/,"혼자 사는 직장인, 책 읽고 싶은데 매번 구매 비용 부담된다면? 도서관 vs. 전자책 구독 vs. 종이책 구매, 나에게 맞는 최적의 독서법은?",P2,예산이 가장 중요한 사람: 책 구매 비용을 0원으로 만들고 싶은 사람.,가격,0원으,yes,NEEDS_EXTERNAL_VERIFICATION,"수치·가격 변동 여부 확인. 확인 불가 시 ""이용 전 최신 정보 확인 필요"" 안내 추가",공공기관·제조사·서비스 공식 페이지,,
605,2026-08-14-cost-auto-304499,https://honsamnote.co.kr/blog/2026-08-14-cost-auto-304499/,"혼자 사는 직장인, 책 읽고 싶은데 매번 구매 비용 부담된다면? 도서관 vs. 전자책 구독 vs. 종이책 구매, 나에게 맞는 최적의 독서법은?",P2,(0원， 5천원 미만， 1만원 미만， 1만원 이상) 디지털 기기로 장시간 독서하는 것이 편안한가요?,가격,"0원,",yes,NEEDS_EXTERNAL_VERIFICATION,"수치·가격 변동 여부 확인. 확인 불가 시 ""이용 전 최신 정보 확인 필요"" 안내 추가",공공기관·제조사·서비스 공식 페이지,,
606,2026-08-14-cost-auto-304499,https://honsamnote.co.kr/blog/2026-08-14-cost-auto-304499/,"혼자 사는 직장인, 책 읽고 싶은데 매번 구매 비용 부담된다면? 도서관 vs. 전자책 구독 vs. 종이책 구매, 나에게 맞는 최적의 독서법은?",P2,월평균 독서량이 많은 사람: 한 달에 2~3권 이상 읽는다면 종이책 구매보다 훨씬 저렴합니다.,통계,평균 독서량이 많은 사람: 한 달에 2~3,yes,NEEDS_EXTERNAL_VERIFICATION,"수치·가격 변동 여부 확인. 확인 불가 시 ""이용 전 최신 정보 확인 필요"" 안내 추가",공공기관·제조사·서비스 공식 페이지,,
607,2026-08-14-cost-auto-304499,https://honsamnote.co.kr/blog/2026-08-14-cost-auto-304499/,"혼자 사는 직장인, 책 읽고 싶은데 매번 구매 비용 부담된다면? 도서관 vs. 전자책 구독 vs. 종이책 구매, 나에게 맞는 최적의 독서법은?",P2,내 월평균 독서량은 몇 권인가요?,통계,평균 독서량은 몇 권인가요? (1~2,yes,NEEDS_EXTERNAL_VERIFICATION,"수치·가격 변동 여부 확인. 확인 불가 시 ""이용 전 최신 정보 확인 필요"" 안내 추가",공공기관·제조사·서비스 공식 페이지,,
79,2026-08-01-housing-auto-ace922,https://honsamnote.co.kr/blog/2026-08-01-housing-auto-ace922/,"혼자 사는 직장인, 살던 집 주인이 바뀌었다고 연락 왔을 때? 내 보증금 지키고 계약 유지하는 똑똑한 대처법",P3,확인 방법: 인터넷등기소(대법원) 홈페이지에서 공인인증서로 열람 가능하며， 수수료는 약 700원입니다.,통계,약 700,yes,NEEDS_EXTERNAL_VERIFICATION,단정 표현 여부 확인. 과도한 단정이면 완화 검토,공신력 있는 기관,,
121,2026-08-03-housing-auto-5b4f05,https://honsamnote.co.kr/blog/2026-08-03-housing-auto-5b4f05/,"혼자 사는 직장인, 이사 당일 보증금 못 받을 위기? 당황 말고 내 돈 지키는 3단계 대처법",P3,비용·시간·주의사항 💰 비용 내용증명: 우편료 약 3，000~5，000원 선.,통계,약 3,yes,NEEDS_EXTERNAL_VERIFICATION,단정 표현 여부 확인. 과도한 단정이면 완화 검토,공신력 있는 기관,,
122,2026-08-03-housing-auto-5b4f05,https://honsamnote.co.kr/blog/2026-08-03-housing-auto-5b4f05/,"혼자 사는 직장인, 이사 당일 보증금 못 받을 위기? 당황 말고 내 돈 지키는 3단계 대처법",P3,(페이지 수에 따라 변동) 임차권등기명령: 인지대 약 5，000원， 송달료 약 30，000원 내외， 등록면허세/지방교육세 약 10，000원 내외.,통계,약 5,yes,NEEDS_EXTERNAL_VERIFICATION,단정 표현 여부 확인. 과도한 단정이면 완화 검토,공신력 있는 기관,,
123,2026-08-03-housing-auto-5b4f05,https://honsamnote.co.kr/blog/2026-08-03-housing-auto-5b4f05/,"혼자 사는 직장인, 이사 당일 보증금 못 받을 위기? 당황 말고 내 돈 지키는 3단계 대처법",P3,(페이지 수에 따라 변동) 임차권등기명령: 인지대 약 5，000원， 송달료 약 30，000원 내외， 등록면허세/지방교육세 약 10，000원 내외.,통계,약 30,yes,NEEDS_EXTERNAL_VERIFICATION,단정 표현 여부 확인. 과도한 단정이면 완화 검토,공신력 있는 기관,,
124,2026-08-03-housing-auto-5b4f05,https://honsamnote.co.kr/blog/2026-08-03-housing-auto-5b4f05/,"혼자 사는 직장인, 이사 당일 보증금 못 받을 위기? 당황 말고 내 돈 지키는 3단계 대처법",P3,(페이지 수에 따라 변동) 임차권등기명령: 인지대 약 5，000원， 송달료 약 30，000원 내외， 등록면허세/지방교육세 약 10，000원 내외.,통계,약 10,yes,NEEDS_EXTERNAL_VERIFICATION,단정 표현 여부 확인. 과도한 단정이면 완화 검토,공신력 있는 기관,,
183,2026-08-06-safety-auto-0b96ff,https://honsamnote.co.kr/blog/2026-08-06-safety-auto-0b96ff/,일산화탄소 경보기 비교｜경보기 오작동,P3,유통기한 만료: 경보기도 유통기한이 있으며， 오래된 제품은 오작동할 수 있습니다.,식품,유통기한,yes,NEEDS_EXTERNAL_VERIFICATION,단정 표현 여부 확인. 과도한 단정이면 완화 검토,공신력 있는 기관,,
203,2026-08-07-housing-auto-baa8f0,https://honsamnote.co.kr/blog/2026-08-07-housing-auto-baa8f0/,"혼자 사는 직장인, 습한 내 방에 곰팡이가 피었다면? 덮어두지 말고 원인 찾아 건강 지키는 현실 해결책",P3,(벽지 손상 주의) 예방: 제습기 사용， 실내 적정 습도(50~60%) 유지， 꾸준한 환기(특히 요리/샤워 후)， 가구를 벽에서 5~10cm 띄우기， 곰팡이 방지 페인트/시트지 활용 등을 실천합니다.,기타수치,실내 적정 습도,yes,NEEDS_EXTERNAL_VERIFICATION,단정 표현 여부 확인. 과도한 단정이면 완화 검토,공신력 있는 기관,,
248,2026-08-11-housing-auto-a2f088,https://honsamnote.co.kr/blog/2026-08-11-housing-auto-a2f088/,문제성 집 체크리스트｜전월세 계약,P3,시간: 서류 발급 및 확인， 주변 환경 조사에 약 1~2시간 정도가 소요됩니다.,통계,약 1,yes,NEEDS_EXTERNAL_VERIFICATION,단정 표현 여부 확인. 과도한 단정이면 완화 검토,공신력 있는 기관,,
273,2026-08-13-housing-auto-0fa740,https://honsamnote.co.kr/blog/2026-08-13-housing-auto-0fa740/,"혼자 사는 직장인, 보증금 떼일까 불안하다면? 전월세 보증보험 vs 셀프 대비, 내 돈 지키는 현명한 선택 가이드",P3,서류 발급 비용: 등기부등본 발급(약 700원~1，000원)， 전입세대 열람(약 300원) 등 소소한 비용이 발생합니다.,통계,약 700,yes,NEEDS_EXTERNAL_VERIFICATION,단정 표현 여부 확인. 과도한 단정이면 완화 검토,공신력 있는 기관,,
274,2026-08-13-housing-auto-0fa740,https://honsamnote.co.kr/blog/2026-08-13-housing-auto-0fa740/,"혼자 사는 직장인, 보증금 떼일까 불안하다면? 전월세 보증보험 vs 셀프 대비, 내 돈 지키는 현명한 선택 가이드",P3,서류 발급 비용: 등기부등본 발급(약 700원~1，000원)， 전입세대 열람(약 300원) 등 소소한 비용이 발생합니다.,통계,약 300,yes,NEEDS_EXTERNAL_VERIFICATION,단정 표현 여부 확인. 과도한 단정이면 완화 검토,공신력 있는 기관,,
302,2026-07-30-cost-3,https://honsamnote.co.kr/blog/2026-07-30-cost-3/,"혼자 사는 직장인, 통신비 월 2만원 아끼는 알뜰폰+인터넷 vs 3사 결합, 현명한 선택 가이드",P3,소요 시간: 현재 사용량 확인 및 요금제 비교， 가입 조건 확인까지 약 2~3시간 정도 소요됩니다.,통계,약 2,yes,NEEDS_EXTERNAL_VERIFICATION,단정 표현 여부 확인. 과도한 단정이면 완화 검토,공신력 있는 기관,,
303,2026-07-30-cost-3,https://honsamnote.co.kr/blog/2026-07-30-cost-3/,"혼자 사는 직장인, 통신비 월 2만원 아끼는 알뜰폰+인터넷 vs 3사 결합, 현명한 선택 가이드",P3,자신의 데이터 사용량 중 약 1.5배 정도 여유 있는 요금제면 충분합니다.,통계,약 1,yes,NEEDS_EXTERNAL_VERIFICATION,단정 표현 여부 확인. 과도한 단정이면 완화 검토,공신력 있는 기관,,
311,2026-07-30-cost-8,https://honsamnote.co.kr/blog/2026-07-30-cost-8/,"혼자 사는 직장인, 월급은 통장을 스쳐갈 뿐? 나만의 적정 생활비 기준 세우고 지출 최적화하는 3단계",P3,2단계 (예산 설계): 약 1~2시간 소요됩니다.,통계,약 1,yes,NEEDS_EXTERNAL_VERIFICATION,단정 표현 여부 확인. 과도한 단정이면 완화 검토,공신력 있는 기관,,
321,2026-08-01-cost-auto-0d71f8,https://honsamnote.co.kr/blog/2026-08-01-cost-auto-0d71f8/,"혼자 사는 직장인, 배달 앱 유료 멤버십, 나에게 진짜 이득일까? 손익분기점 계산해 후회 없이 결정하는 법",P3,손익분기점 계산: 예를 들어， 월 4，900원짜리 멤버십에 가입하고 한 번 주문할 때마다 평균 2，000원의 배달비를 절약할 수 있다면， 입니다.,통계,"평균 2,000",yes,NEEDS_EXTERNAL_VERIFICATION,단정 표현 여부 확인. 과도한 단정이면 완화 검토,공신력 있는 기관,,
322,2026-08-01-cost-auto-0d71f8,https://honsamnote.co.kr/blog/2026-08-01-cost-auto-0d71f8/,"혼자 사는 직장인, 배달 앱 유료 멤버십, 나에게 진짜 이득일까? 손익분기점 계산해 후회 없이 결정하는 법",P3,1단계에서 파악한 자신의 월평균 주문 횟수와 비교해보세요.,통계,평균 주문 횟수와 비교해보세요. 4,yes,NEEDS_EXTERNAL_VERIFICATION,단정 표현 여부 확인. 과도한 단정이면 완화 검토,공신력 있는 기관,,
364,2026-08-01-cost-auto-e9d2d3,https://honsamnote.co.kr/blog/2026-08-01-cost-auto-e9d2d3/,"혼자 사는 직장인, 새집 꾸밀 가전·가구, 사야 할까? 빌려야 할까? 후회 없는 결정 가이드",P3,(예: 50만원짜리 세탁기를 5년 사용한다고 가정하면， 월 약 8，300원 + 기타 비용) 렌탈 시: 월 렌탈료 × 의무 사용 기간 + 보증금(있다면) + 추가 비용(초기 설치비 등)을 계산합니다.,통계,약 8,yes,NEEDS_EXTERNAL_VERIFICATION,단정 표현 여부 확인. 과도한 단정이면 완화 검토,공신력 있는 기관,,
392,2026-08-04-cost-auto-dac7b3,https://honsamnote.co.kr/blog/2026-08-04-cost-auto-dac7b3/,"혼자 사는 직장인, 건강 관리 돈 아끼려면? 헬스장 vs 홈트 vs 야외 운동, 내게 맞는 선택 기준 3가지",P3,단점: 높은 비용: 월 회비(평균 5~10만원)， PT 비용(회당 5~10만원) 등 고정 지출이 가장 큽니다.,통계,"평균 5~10만원), PT 비용(회당 5",yes,NEEDS_EXTERNAL_VERIFICATION,단정 표현 여부 확인. 과도한 단정이면 완화 검토,공신력 있는 기관,,
426,2026-08-06-cost-auto-b32a96,https://honsamnote.co.kr/blog/2026-08-06-cost-auto-b32a96/,온라인 쇼핑 배송비 기준｜배송비 아끼는 법,P3,물론， 유통기한과 보관 공간을 고려해야 합니다.,식품,유통기한,yes,NEEDS_EXTERNAL_VERIFICATION,단정 표현 여부 확인. 과도한 단정이면 완화 검토,공신력 있는 기관,,
427,2026-08-06-cost-auto-b32a96,https://honsamnote.co.kr/blog/2026-08-06-cost-auto-b32a96/,온라인 쇼핑 배송비 기준｜배송비 아끼는 법,P3,직접 마트 방문: 평균 1시간 이상 소요될 수 있으며， 교통비， 짐 운반 등의 추가 시간/비용이 발생할 수 있습니다.,통계,평균 1,yes,NEEDS_EXTERNAL_VERIFICATION,단정 표현 여부 확인. 과도한 단정이면 완화 검토,공신력 있는 기관,,
439,2026-08-06-cost-auto-c59747,https://honsamnote.co.kr/blog/2026-08-06-cost-auto-c59747/,"혼자 사는 직장인, 밤마다 OTT 유목민이라면? 나에게 딱 맞는 구독 전략으로 매달 만원 아끼는 법",P3,나의 월평균 시청 시간은?,통계,평균 시청 시간은? 퇴근 후 매일 2~3,yes,NEEDS_EXTERNAL_VERIFICATION,단정 표현 여부 확인. 과도한 단정이면 완화 검토,공신력 있는 기관,,
463,2026-08-06-cost-auto-cfda8d,https://honsamnote.co.kr/blog/2026-08-06-cost-auto-cfda8d/,"혼자 사는 직장인, 매일 마시는 커피값에 지갑이 텅 빈다면? 홈 카페 vs 외부 구매, 내게 맞는 경제적인 선택은?",P3,비용·시간·주의사항 ◎ 외부 구매 (카페， 편의점) 비용: 프랜차이즈 카페 아메리카노: 4，000~5，000원대 (할인/적립 활용 시 절약 가능) 개인 카페 아메리카노: 4，000~6，000원대 편의점 커피/RTD: 1，500~3，000원대 (가장 저렴한 외부 옵션) 월 평균: 매일 1잔 기준 약 8만 원~12만 원 이상 시간: 구매에 5~10분 내외 소요,통계,평균: 매일 1잔 기준 약 8만 원~12,yes,NEEDS_EXTERNAL_VERIFICATION,단정 표현 여부 확인. 과도한 단정이면 완화 검토,공신력 있는 기관,,
464,2026-08-06-cost-auto-cfda8d,https://honsamnote.co.kr/blog/2026-08-06-cost-auto-cfda8d/,"혼자 사는 직장인, 매일 마시는 커피값에 지갑이 텅 빈다면? 홈 카페 vs 외부 구매, 내게 맞는 경제적인 선택은?",P3,◎ 홈 카페 (기기별 예상) 인스턴트커피/드립백: 비용: 한 잔당 약 300~1，000원.,통계,약 300,yes,NEEDS_EXTERNAL_VERIFICATION,단정 표현 여부 확인. 과도한 단정이면 완화 검토,공신력 있는 기관,,
465,2026-08-06-cost-auto-cfda8d,https://honsamnote.co.kr/blog/2026-08-06-cost-auto-cfda8d/,"혼자 사는 직장인, 매일 마시는 커피값에 지갑이 텅 빈다면? 홈 카페 vs 외부 구매, 내게 맞는 경제적인 선택은?",P3,월 평균 6천 원~2만 원.,통계,평균 6천 원~2만 원. 시간: 1,yes,NEEDS_EXTERNAL_VERIFICATION,단정 표현 여부 확인. 과도한 단정이면 완화 검토,공신력 있는 기관,,
466,2026-08-06-cost-auto-cfda8d,https://honsamnote.co.kr/blog/2026-08-06-cost-auto-cfda8d/,"혼자 사는 직장인, 매일 마시는 커피값에 지갑이 텅 빈다면? 홈 카페 vs 외부 구매, 내게 맞는 경제적인 선택은?",P3,월 평균 1만 원~2만 원 + 머신 값.,통계,평균 1만 원~2,yes,NEEDS_EXTERNAL_VERIFICATION,단정 표현 여부 확인. 과도한 단정이면 완화 검토,공신력 있는 기관,,
467,2026-08-06-cost-auto-cfda8d,https://honsamnote.co.kr/blog/2026-08-06-cost-auto-cfda8d/,"혼자 사는 직장인, 매일 마시는 커피값에 지갑이 텅 빈다면? 홈 카페 vs 외부 구매, 내게 맞는 경제적인 선택은?",P3,원두 한 잔당 약 200원~500원.,통계,약 200,yes,NEEDS_EXTERNAL_VERIFICATION,단정 표현 여부 확인. 과도한 단정이면 완화 검토,공신력 있는 기관,,
468,2026-08-06-cost-auto-cfda8d,https://honsamnote.co.kr/blog/2026-08-06-cost-auto-cfda8d/,"혼자 사는 직장인, 매일 마시는 커피값에 지갑이 텅 빈다면? 홈 카페 vs 외부 구매, 내게 맞는 경제적인 선택은?",P3,월 평균 4천 원~1만 원 + 도구 값.,통계,평균 4천 원~1,yes,NEEDS_EXTERNAL_VERIFICATION,단정 표현 여부 확인. 과도한 단정이면 완화 검토,공신력 있는 기관,,
544,2026-08-08-cost-auto-65e819,https://honsamnote.co.kr/blog/2026-08-08-cost-auto-65e819/,"혼자 사는 직장인, 매일 점심값으로 새는 돈 아깝다면? 도시락 vs 배달 vs 구내식당/식당, 내게 맞는 최적의 점심 식사 전략",P3,(평균 2，000~5，000원) 가장 건강: 식재료 선택부터 조리법까지 직접 조절하여 건강하고 신선한 식사를 할 수 있습니다.,통계,"평균 2,000~5,000",yes,NEEDS_EXTERNAL_VERIFICATION,단정 표현 여부 확인. 과도한 단정이면 완화 검토,공신력 있는 기관,,
545,2026-08-08-cost-auto-65e819,https://honsamnote.co.kr/blog/2026-08-08-cost-auto-65e819/,"혼자 사는 직장인, 매일 점심값으로 새는 돈 아깝다면? 도시락 vs 배달 vs 구내식당/식당, 내게 맞는 최적의 점심 식사 전략",P3,비용·시간·주의사항 비용 (1끼 기준， 평균치) 집밥 도시락: 2，000원 ~ 5，000원 (대량 구매 및 알뜰한 식재료 선택 시 더욱 절감 가능) 구내식당/가성비 식당: 6，000원 ~ 9，000원 (구내식당은 이보다 저렴할 수 있습니다) 배달/외식: 10，000원 ~ 20，000원 (배달비 포함 시 더욱 상승) 월 예상 절감액: 현재 매일 1만원짜리 점,통계,"평균치) 집밥 도시락: 2,000원 ~ 5",yes,NEEDS_EXTERNAL_VERIFICATION,단정 표현 여부 확인. 과도한 단정이면 완화 검토,공신력 있는 기관,,
555,2026-08-08-cost-auto-770f4a,https://honsamnote.co.kr/blog/2026-08-08-cost-auto-770f4a/,"혼자 사는 직장인, 답답한 실내 공기, 어떻게 관리해야 할까? 공기청정기 vs 제습기 vs 환기, 내게 맞는 최적의 선택은?",P3,해결 순서 1단계: 우리 집 공기 문제 '진단'부터 시작하기 습도 확인: 다이소 등에서 저렴한 온습도계를 구매하여 집의 평균 습도를 확인해보세요.,통계,평균 습도를 확인해보세요. 여름철 70,yes,NEEDS_EXTERNAL_VERIFICATION,단정 표현 여부 확인. 과도한 단정이면 완화 검토,공신력 있는 기관,,
581,2026-08-09-cost-auto-80b3c9,https://honsamnote.co.kr/blog/2026-08-09-cost-auto-80b3c9/,"혼자 사는 직장인, 매주 장보기 귀찮고 음식물 쓰레기 걱정된다면? 식료품 정기배송 vs 직접 장보기, 내게 맞는 최적의 선택은?",P3,음식물 쓰레기 발생 가능성: 과도한 구매나 유통기한 관리 실패로 음식물 쓰레기가 늘 수 있습니다.,식품,유통기한,yes,NEEDS_EXTERNAL_VERIFICATION,단정 표현 여부 확인. 과도한 단정이면 완화 검토,공신력 있는 기관,,
593,2026-08-11-cost-auto-ff0274,https://honsamnote.co.kr/blog/2026-08-11-cost-auto-ff0274/,"혼자 사는 직장인, 매번 휴지·키친타월 살 때마다 후회된다면? 대용량 vs 소량, 현명한 선택 가이드",P3,하지만 1인 가구는 소비 속도가 느려 대용량을 사면 보관 기간이 길어지고 공간 낭비가 심해지죠.,식품,보관 기간,yes,NEEDS_EXTERNAL_VERIFICATION,단정 표현 여부 확인. 과도한 단정이면 완화 검토,공신력 있는 기관,,
594,2026-08-11-cost-auto-ff0274,https://honsamnote.co.kr/blog/2026-08-11-cost-auto-ff0274/,"혼자 사는 직장인, 매번 휴지·키친타월 살 때마다 후회된다면? 대용량 vs 소량, 현명한 선택 가이드",P3,유통기한: 휴지는 유통기한이 없지만， 오래 보관하면 먼지가 쌓이거나 이물질이 묻을 수 있습니다.,식품,유통기한,yes,NEEDS_EXTERNAL_VERIFICATION,단정 표현 여부 확인. 과도한 단정이면 완화 검토,공신력 있는 기관,,
595,2026-08-11-cost-auto-ff0274,https://honsamnote.co.kr/blog/2026-08-11-cost-auto-ff0274/,"혼자 사는 직장인, 매번 휴지·키친타월 살 때마다 후회된다면? 대용량 vs 소량, 현명한 선택 가이드",P3,기준 잡기: 휴지는 '1롤당 가격' (예: 30롤 묶음 12，000원 -1롤 400원)， 키친타월은 '1롤당 길이' 또는 '1장당 가격' (예: 120매 8롤 묶음 8，000원 -1롤 1，000원 -1장 약 8.3원)으로 비교하는 것이 정확합니다.,통계,약 8,yes,NEEDS_EXTERNAL_VERIFICATION,단정 표현 여부 확인. 과도한 단정이면 완화 검토,공신력 있는 기관,,
