rank,post_id,url,current_title,proposed_title,primary_keyword,search_intent,cluster,primary_page,score,grade,confidence,action,reason
1,2026-07-30-lifestyle-59,https://honsamnote.co.kr/blog/2026-07-30-lifestyle-59/,"1인 가구 직장인, 퇴근 후나 주말에 혼자 있을 때 자꾸 무기력해진다면? 당신의 생활 리듬을 되찾는 현실적인 방법",1인 가구 무기력 방법｜퇴근 후 무기력,1인 가구 무기력,방법형,loneliness-isolation,yes,12.4,C,LOW,HOLD(C),role-split candidate — 제목에 서로 다른 검색의도/주제가 섞여 있어 보임(자동 분리하지 않음)
2,2026-07-29-food-9,https://honsamnote.co.kr/blog/2026-07-29-food-9/,퇴근 후 지쳐도 괜찮아: 1인 가구 직장인이 냉장고 털어 일주일 식단을 미리 짜는 현실적인 방법,1인 가구 식단 방법｜일주일 식단 짜기,1인 가구 식단,방법형,solo-meal-recipe,yes,10.8,A,HIGH,APPLIED,"A등급 재판정: score 10.8, 대표 키워드+의도 포함, 충돌 없음"
3,2026-08-06-food-auto-38c543,https://honsamnote.co.kr/blog/2026-08-06-food-auto-38c543/,"혼자 사는 직장인, 냉장고 문 열 때마다 스멀스멀 올라오는 퀴퀴한 냄새? 식욕도 위생도 살리는 깔끔한 해결법",혼자 사는 직장인 냉장고 냄새 알아보기｜냉장고 청소,혼자 사는 직장인 냉장고 냄새,질문형,ingredient-storage,yes,10.8,A,HIGH,APPLIED,"A등급 재판정: score 10.8, 대표 키워드+의도 포함, 충돌 없음"
4,2026-08-01-lifestyle-auto-ab470f,https://honsamnote.co.kr/blog/2026-08-01-lifestyle-auto-ab470f/,"혼자 사는 직장인, 새로운 인연 찾기가 막막하다면? 데이팅 앱 vs. 오프라인 모임, 나에게 맞는 선택 기준",1인 가구 연애 비교｜데이팅 앱,1인 가구 연애,비교형,relationship-management,yes,10.6,A,HIGH,APPLIED,"A등급 재판정: score 10.6, 대표 키워드+의도 포함, 충돌 없음"
5,2026-07-30-cleaning-32,https://honsamnote.co.kr/blog/2026-07-30-cleaning-32/,"퇴근 후 녹초가 된 1인 가구 직장인, 집안일 자동화 가전으로 얻을 수 있는 시간과 돈은?",1인 가구 청소 알아보기｜집안일 자동화,1인 가구 청소,질문형,laundry-clothing,no,10.5,A,HIGH,APPLIED,"A등급 재판정: score 10.5, 대표 키워드+의도 포함, 충돌 없음"
6,2026-07-30-safety-33,https://honsamnote.co.kr/blog/2026-07-30-safety-33/,"혼자 사는 당신, 갑자기 아플 때 후회하지 않을 '생활 비상 키트' 미리 준비하기",혼자 아플 때 해결 방법｜비상약,혼자 아플 때,문제해결형,emergency-response,yes,10.5,A,HIGH,APPLIED,"A등급 재판정: score 10.5, 대표 키워드+의도 포함, 충돌 없음"
7,2026-07-30-storage-18,https://honsamnote.co.kr/blog/2026-07-30-storage-18/,"퇴근 후 좁은 원룸, 넘쳐나는 계절옷을 깔끔하게 정리하고 보관하는 현실적인 팁",계절옷 보관 해결 방법｜좁은 집 수납,계절옷 보관,문제해결형,oneroom-storage,yes,10.5,A,HIGH,APPLIED,"A등급 재판정: score 10.5, 대표 키워드+의도 포함, 충돌 없음"
8,2026-07-30-storage-20,https://honsamnote.co.kr/blog/2026-07-30-storage-20/,"바쁜 1인 가구 직장인, 퇴근 후에도 어지러운 주방? 딱 3단계로 끝내는 현실적인 정리법",1인 가구 주방 알아보기｜원룸 주방 정리,1인 가구 주방,질문형,kitchen-storage,yes,10.5,A,HIGH,APPLIED,"A등급 재판정: score 10.4, 대표 키워드+의도 포함, 충돌 없음"
9,2026-07-30-storage-21,https://honsamnote.co.kr/blog/2026-07-30-storage-21/,"현관 열자마자 꿉꿉한 냄새? 1인 가구 신발장 냄새, 근본부터 해결하는 현실 관리법",신발장 냄새 제거 알아보기｜신발 냄새 없애는 법,신발장 냄새 제거,질문형,oneroom-storage,no,10.5,A,HIGH,APPLIED,"A등급 재판정: score 10.5, 대표 키워드+의도 포함, 충돌 없음"
10,2026-08-06-cleaning-auto-907063,https://honsamnote.co.kr/blog/2026-08-06-cleaning-auto-907063/,"혼자 사는 당신, 현관문 열자마자 신발장 냄새에 미간 찌푸린다고요? 10분 만에 꿉꿉한 냄새 싹 잡고 쾌적하게 만드는 현실 솔루션",신발 냄새 제거 알아보기｜신발장 관리,신발 냄새 제거,질문형,odor-removal,yes,10.5,A,HIGH,APPLIED,"A등급 재판정: score 10.5, 대표 키워드+의도 포함, 충돌 없음"
11,2026-08-06-safety-auto-8dc9e3,https://honsamnote.co.kr/blog/2026-08-06-safety-auto-8dc9e3/,"혼자 사는 당신, 스마트 기기 많아 정전에 불안하다면? 휴대용 파워뱅크 vs. UPS, 나에게 맞는 정전 대비책은?",1인가구 정전 비교｜스마트홈 정전,1인가구 정전,비교형,emergency-response,no,10.4,C,LOW,HOLD(C),role-split candidate — 제목에 서로 다른 검색의도/주제가 섞여 있어 보임(자동 분리하지 않음)
12,2026-08-05-products-auto-7a3772,https://honsamnote.co.kr/blog/2026-08-05-products-auto-7a3772/,"혼자 사는 직장인, 로봇청소기로 놓친 먼지까지 깔끔하게! 1인 가구 무선 스틱 청소기, 후회 없이 고르는 3가지 기준",1인 가구 청소기 기준｜무선 청소기 추천,1인 가구 청소기,판단형,cleaning-appliances,yes,10.3,A,HIGH,APPLIED,"A등급 재판정: score 10.3, 대표 키워드+의도 포함, 충돌 없음"
13,2026-08-07-products-auto-4602dc,https://honsamnote.co.kr/blog/2026-08-07-products-auto-4602dc/,"혼자 사는 직장인, 좁은 집 빨래 건조가 매번 스트레스라면? 의류건조기 vs. 제습기+건조대, 내게 딱 맞는 선택은?",1인 가구 빨래 비교｜의류건조기,1인 가구 빨래,비교형,air-environment,yes,10.3,C,LOW,HOLD(C),role-split candidate — 제목에 서로 다른 검색의도/주제가 섞여 있어 보임(자동 분리하지 않음)
14,2026-07-30-cleaning-26,https://honsamnote.co.kr/blog/2026-07-30-cleaning-26/,"퇴근 후 마주한 눅눅한 욕실, 1인 가구 화장실 곰팡이, 딱 30분이면 끝내는 완벽 제거 가이드",1인 가구 화장실 청소 방법｜곰팡이 제거 방법,1인 가구 화장실 청소,방법형,bathroom-cleaning,yes,10.1,A,HIGH,APPLIED,"A등급 재판정: score 10.1, 대표 키워드+의도 포함, 충돌 없음"
15,2026-07-30-cleaning-29,https://honsamnote.co.kr/blog/2026-07-30-cleaning-29/,"바쁜 1인 가구, 침구 세탁 주기 헷갈릴 때? 쾌적한 잠자리를 위한 현실 가이드",1인 가구 침구 세탁 주기 알아보기｜침구 관리법,1인 가구 침구 세탁 주기,질문형,bathroom-cleaning,no,10.1,A,HIGH,APPLIED,"A등급 재판정: score 10.1, 대표 키워드+의도 포함, 충돌 없음"
16,2026-07-30-food-13,https://honsamnote.co.kr/blog/2026-07-30-food-13/,"1인 가구, 남은 배달음식 버릴까? 다음 끼니까지 안전하게 보관하는 현실적인 팁",배달음식 보관 알아보기｜남은 음식 처리,배달음식 보관,질문형,food-waste,yes,10,A,HIGH,APPLIED,"A등급 재판정: score 10.0, 대표 키워드+의도 포함, 충돌 없음"
17,2026-08-06-safety-auto-d2f981,https://honsamnote.co.kr/blog/2026-08-06-safety-auto-d2f981/,"혼자 사는 당신, 늦은 밤 귀갓길 불안할 때? 호신용 경보기 vs. 스마트폰 호신 앱, 나에게 맞는 선택은?",1인 가구 안전 비교｜호신용 경보기,1인 가구 안전,비교형,emergency-response,no,10,C,LOW,HOLD(C),role-split candidate — 제목에 서로 다른 검색의도/주제가 섞여 있어 보임(자동 분리하지 않음)
18,2026-08-12-safety-auto-15ca61,https://honsamnote.co.kr/blog/2026-08-12-safety-auto-15ca61/,"혼자 사는 당신, 갑자기 정전될 때? 배터리식 비상등 vs. 충전식 자가발전/태양광 비상등, 나에게 맞는 안전 선택은?",1인 가구 정전 비교｜비상등 추천,1인 가구 정전,비교형,emergency-response,no,10,C,LOW,HOLD(C),role-split candidate — 제목에 서로 다른 검색의도/주제가 섞여 있어 보임(자동 분리하지 않음)
19,2026-08-01-safety-auto-0466e2,https://honsamnote.co.kr/blog/2026-08-01-safety-auto-0466e2/,"혼자 사는 당신, 집에서 갑자기 쓰러지거나 움직일 수 없을 때? 스마트 응급 호출 시스템, 나에게 정말 필요할까?",1인 가구 안전 알아보기｜응급 호출,1인 가구 안전,질문형,emergency-response,no,9.9,C,LOW,HOLD(C),role-split candidate — 제목에 서로 다른 검색의도/주제가 섞여 있어 보임(자동 분리하지 않음)
20,2026-08-01-storage-auto-499287,https://honsamnote.co.kr/blog/2026-08-01-storage-auto-499287/,"베란다 없는 원룸러, 방 한가운데 빨래 건조대? 최소 공간으로 '빨래 지옥' 끝내는 법",원룸 빨래 알아보기｜빨래 건조대,원룸 빨래,질문형,oneroom-storage,no,9.9,A,HIGH,APPLIED,"A등급 재판정: score 9.9, 대표 키워드+의도 포함, 충돌 없음"
21,2026-08-13-safety-auto-dcd18d,https://honsamnote.co.kr/blog/2026-08-13-safety-auto-dcd18d/,"혼자 사는 당신, 비상식량·비상용 물, 어떻게 준비해야 할까? 시판 비상식량 키트 vs. DIY 식료품 로테이션, 나에게 맞는 안전 선택은?",1인 가구 비상식량 비교｜비상용 물 준비,1인 가구 비상식량,비교형,emergency-response,no,9.9,C,LOW,HOLD(C),role-split candidate — 제목에 서로 다른 검색의도/주제가 섞여 있어 보임(자동 분리하지 않음)
22,2026-08-03-lifestyle-auto-dfa23e,https://honsamnote.co.kr/blog/2026-08-03-lifestyle-auto-dfa23e/,"혼자 사는 직장인, 명절·연말연시 찾아오는 외로움, 나만의 방식으로 즐겁게 대비하는 법",혼자 명절 방법｜명절 외로움,혼자 명절,방법형,loneliness-isolation,no,9.8,A,HIGH,APPLIED,"A등급 재판정: score 9.8, 대표 키워드+의도 포함, 충돌 없음"
23,2026-08-01-cleaning-auto-84665e,https://honsamnote.co.kr/blog/2026-08-01-cleaning-auto-84665e/,"혼자 사는 직장인, 좁은 원룸 쓰레기 산? 악취 없이 깔끔하게 버리는 스마트 분리배출 루틴",1인 가구 쓰레기 알아보기｜원룸 분리수거,1인 가구 쓰레기,질문형,trash-disposal,yes,9.7,A,HIGH,APPLIED,"A등급 재판정: score 9.7, 대표 키워드+의도 포함, 충돌 없음"
24,2026-08-07-lifestyle-auto-6e452d,https://honsamnote.co.kr/blog/2026-08-07-lifestyle-auto-6e452d/,"혼자 사는 직장인, 낯선 이웃이 자꾸 말 걸고 다가올 때? 적정 거리 지키며 관계 최적화하는 실전 가이드",이웃 부담 알아보기｜낯선 이웃,이웃 부담,질문형,neighbor-noise,yes,9.7,A,HIGH,APPLIED,"A등급 재판정: score 9.7, 대표 키워드+의도 포함, 충돌 없음"
25,2026-07-29-cost-1,https://honsamnote.co.kr/blog/2026-07-29-cost-1/,"월급날 한숨만? 1인 가구 직장인의 한 달 고정비, 이대로 따라 하면 무조건 줄어듭니다",1인 가구 고정비 비용 정리｜고정비 줄이는 방법,1인 가구 고정비,비용형,general-living-cost,yes,9.5,A,MEDIUM,HOLD(MEDIUM),fact-check 위험 있는 글 — 제목 변경 보류(내용 검증 우선)
26,2026-07-30-cost-6,https://honsamnote.co.kr/blog/2026-07-30-cost-6/,"내 돈 새는 줄도 몰랐죠? 1인 가구 직장인, 숨은 보험료 줄이는 3단계 점검법",1인 가구 보험 체크리스트｜보험료 아끼는 법,1인 가구 보험,체크형,general-living-cost,no,9.5,A,HIGH,APPLIED,"A등급 재판정: score 9.5, 대표 키워드+의도 포함, 충돌 없음"
27,2026-08-06-food-auto-06029f,https://honsamnote.co.kr/blog/2026-08-06-food-auto-06029f/,"혼자 사는 직장인, 첫 요리에 어떤 양념 살지 막막할 때? 낭비 없이 우리 집 만능 양념통 만드는 현실적인 기준",1인 가구 양념 기준｜필수 양념,1인 가구 양념,판단형,solo-cooking-tips,yes,9.5,A,HIGH,APPLIED,"A등급 재판정: score 9.5, 대표 키워드+의도 포함, 충돌 없음"
28,2026-08-10-storage-auto-0a8470,https://honsamnote.co.kr/blog/2026-08-10-storage-auto-0a8470/,"1인 가구 직장인, 좁은 집에 엉킨 충전 케이블·이어폰 때문에 스트레스라면? 깔끔하게 정리하고 바로 찾아 쓰는 현실 수납법",1인 가구 케이블 정리 알아보기｜충전기 수납,1인 가구 케이블 정리,질문형,cable-small-items,yes,9.5,A,HIGH,APPLIED,"A등급 재판정: score 9.4, 대표 키워드+의도 포함, 충돌 없음"
29,2026-08-06-cleaning-auto-ba24cc,https://honsamnote.co.kr/blog/2026-08-06-cleaning-auto-ba24cc/,"혼자 사는 당신, 설거지 후 주방 싱크대 물이 안 내려가? 지금 당장 막힌 배수구 뻥 뚫는 현실적인 솔루션",싱크대 막혔을 때 알아보기｜배수구 뚫는 법,싱크대 막혔을 때,질문형,bathroom-cleaning,no,9.4,A,HIGH,APPLIED,"A등급 재판정: score 9.4, 대표 키워드+의도 포함, 충돌 없음"
30,2026-08-08-cleaning-auto-a279f2,https://honsamnote.co.kr/blog/2026-08-08-cleaning-auto-a279f2/,"혼자 사는 당신, 쌓이는 설거지 스트레스! 손 설거지 vs 미니 식기세척기, 현명한 선택 기준",1인 가구 설거지 비교｜식기세척기 장단점,1인 가구 설거지,비교형,kitchen-cleaning,no,9.4,A,HIGH,APPLIED,"A등급 재판정: score 9.4, 대표 키워드+의도 포함, 충돌 없음"
31,2026-08-08-cleaning-auto-a4c61f,https://honsamnote.co.kr/blog/2026-08-08-cleaning-auto-a4c61f/,"혼자 사는 당신, 가습기/제습기 속 검은 물때와 퀴퀴한 냄새? 15분 만에 세균 걱정 없이 쾌적하게 만드는 현실 솔루션",가습기 물때 알아보기｜제습기 냄새,가습기 물때,질문형,bathroom-cleaning,no,9.4,A,HIGH,APPLIED,"A등급 재판정: score 9.4, 대표 키워드+의도 포함, 충돌 없음"
32,2026-07-30-safety-37,https://honsamnote.co.kr/blog/2026-07-30-safety-37/,나 혼자 사는 집에 불이 났다면? 당황하지 않고 대피하는 5단계 행동 수칙,1인 가구 화재 알아보기｜화재 대피 요령,1인 가구 화재,질문형,fire-prevention,yes,9.3,A,HIGH,APPLIED,"A등급 재판정: score 9.3, 대표 키워드+의도 포함, 충돌 없음"
33,2026-07-30-cleaning-27,https://honsamnote.co.kr/blog/2026-07-30-cleaning-27/,"혼자 사는 당신, 샤워실 배수구 냄새? 퇴근 후 15분 만에 잡는 법",배수구 청소 알아보기｜샤워실 냄새,배수구 청소,질문형,bathroom-cleaning,no,9.1,A,HIGH,APPLIED,"A등급 재판정: score 9.1, 대표 키워드+의도 포함, 충돌 없음"
34,2026-07-30-products-51,https://honsamnote.co.kr/blog/2026-07-30-products-51/,"꿉꿉한 빨래, 좁은 방에 널지 마세요! 1인 가구 직장인을 위한 미니 건조기, 실패 없이 선택하는 법",1인 가구 미니 건조기 방법｜원룸 건조기 추천,1인 가구 미니 건조기,방법형,products-general,no,9.1,A,HIGH,APPLIED,"A등급 재판정: score 9.1, 대표 키워드+의도 포함, 충돌 없음"
35,2026-07-30-products-53,https://honsamnote.co.kr/blog/2026-07-30-products-53/,퇴근 후 음식물 쓰레기 냄새? 1인 가구에 딱 맞는 음식물처리기 현명하게 고르는 법,음식물 쓰레기 처리 방법｜음식물처리기 종류,음식물 쓰레기 처리,방법형,products-general,no,9.1,A,HIGH,APPLIED,"A등급 재판정: score 9.1, 대표 키워드+의도 포함, 충돌 없음"
36,2026-08-06-cost-auto-e8c32b,https://honsamnote.co.kr/blog/2026-08-06-cost-auto-e8c32b/,"혼자 사는 직장인, 예상치 못한 지출에 늘 불안하다면? 나만의 비상금 통장, 어떻게 만들어야 할까?",1인 가구 비상금 알아보기｜생활비 최적화,1인 가구 비상금,질문형,general-living-cost,no,9.1,C,LOW,HOLD(C),role-split candidate — 제목에 서로 다른 검색의도/주제가 섞여 있어 보임(자동 분리하지 않음)
37,2026-08-09-products-auto-b63f8d,https://honsamnote.co.kr/blog/2026-08-09-products-auto-b63f8d/,"혼자 사는 직장인, 좁은 집 꽉 찬 옷장, 계절 옷 수납 때문에 골치 아프다면? 1인 가구 맞춤 계절 옷 보관, 이 3가지 방법으로 공간을 되찾으세요!",1인 가구 옷 정리 방법｜좁은 집 옷 수납,1인 가구 옷 정리,방법형,storage-products,yes,9.1,A,HIGH,APPLIED,"A등급 재판정: score 9.1, 대표 키워드+의도 포함, 충돌 없음"
38,2026-08-10-lifestyle-auto-3e13f1,https://honsamnote.co.kr/blog/2026-08-10-lifestyle-auto-3e13f1/,"혼자 사는 직장인, 휴가 계획할 때 친구들과 갈까 혼자 갈까 고민된다면? 나에게 맞는 여행 스타일 선택 가이드",1인 가구 여행 알아보기｜혼자 여행,1인 가구 여행,질문형,solo-travel-hobby,yes,9.1,A,HIGH,APPLIED,"A등급 재판정: score 9.1, 대표 키워드+의도 포함, 충돌 없음"
39,2026-07-30-cleaning-28,https://honsamnote.co.kr/blog/2026-07-30-cleaning-28/,"퇴근 후 급하게 돌린 빨래, 쉰 냄새 고민 끝! 1인 가구를 위한 초간단 세탁 관리법",빨래 쉰 냄새 제거 해결 방법｜세탁기 냄새,빨래 쉰 냄새 제거,문제해결형,laundry-clothing,yes,9,A,HIGH,APPLIED,"A등급 재판정: score 9.0, 대표 키워드+의도 포함, 충돌 없음"
40,2026-07-30-storage-24,https://honsamnote.co.kr/blog/2026-07-30-storage-24/,"자꾸 쌓이는 물건에 한숨 쉬는 1인 가구라면: '수납 용품, 이거 사야 할까?' 판단하는 3가지 기준",1인 가구 수납 기준｜수납용품 추천,1인 가구 수납,판단형,oneroom-storage,no,9,A,HIGH,APPLIED,"A등급 재판정: score 9.0, 대표 키워드+의도 포함, 충돌 없음"
41,2026-07-31-cleaning-74,https://honsamnote.co.kr/blog/2026-07-31-cleaning-74/,"퇴근 후 빨래에서 쉰 냄새가 난다고? 세탁기 속 퀴퀴한 곰팡이 냄새, 이렇게 없애세요!",세탁기 냄새 알아보기｜세탁기 청소,세탁기 냄새,질문형,laundry-clothing,no,9,A,HIGH,APPLIED,"A등급 재판정: score 9.0, 대표 키워드+의도 포함, 충돌 없음"
42,2026-08-01-cleaning-auto-070bfd,https://honsamnote.co.kr/blog/2026-08-01-cleaning-auto-070bfd/,"좁은 원룸 빨래 건조, 쉰내와 공간 문제 한 번에? 1인 가구, 빨래 건조대 vs 미니 건조기 현명한 답 찾는 법",1인 가구 빨래 비교｜원룸 빨래 건조,1인 가구 빨래,비교형,laundry-clothing,no,9,A,HIGH,APPLIED,"A등급 재판정: score 9.0, 대표 키워드+의도 포함, 충돌 없음"
43,2026-08-01-cleaning-auto-2b8bbd,https://honsamnote.co.kr/blog/2026-08-01-cleaning-auto-2b8bbd/,"출근길 커피 얼룩, 퇴근 후 저녁 식사 흔적? 혼자 사는 당신의 옷 얼룩, 망치지 않고 빠르게 지우는 법",옷 얼룩 제거 알아보기｜커피 얼룩,옷 얼룩 제거,질문형,laundry-clothing,no,9,A,HIGH,APPLIED,"A등급 재판정: score 9.0, 대표 키워드+의도 포함, 충돌 없음"
44,2026-08-01-food-auto-2c9171,https://honsamnote.co.kr/blog/2026-08-01-food-auto-2c9171/,"1인 가구 직장인, 대형마트 대용량 식재료 앞에서 망설일 때? 현명하게 구매하고 다 쓰는 전략",1인 가구 장보기 알아보기｜대용량 식재료 활용,1인 가구 장보기,질문형,grocery-shopping,yes,9,A,HIGH,APPLIED,"A등급 재판정: score 9.0, 대표 키워드+의도 포함, 충돌 없음"
45,2026-08-01-food-auto-8c9a71,https://honsamnote.co.kr/blog/2026-08-01-food-auto-8c9a71/,"혼자 사는 직장인, 냉장고 속 식용유와 조미료, 버릴까 말까? 알뜰하게 다 쓰는 보관법",1인 가구 식용유 보관 알아보기｜식용유 유통기한,1인 가구 식용유 보관,질문형,food-waste,no,9,A,HIGH,APPLIED,"A등급 재판정: score 9.0, 대표 키워드+의도 포함, 충돌 없음"
46,2026-08-01-safety-auto-835af8,https://honsamnote.co.kr/blog/2026-08-01-safety-auto-835af8/,"혼자 사는 당신, 보일러나 난방기 사용 중 갑자기 어지럽고 메스꺼울 때? 침묵의 살인자 일산화탄소 대처법",일산화탄소 중독 알아보기｜보일러 안전,일산화탄소 중독,질문형,emergency-response,no,9,C,LOW,HOLD(C),role-split candidate — 제목에 서로 다른 검색의도/주제가 섞여 있어 보임(자동 분리하지 않음)
47,2026-08-01-safety-auto-a71046,https://honsamnote.co.kr/blog/2026-08-01-safety-auto-a71046/,"혼자 사는 당신, 늦은 밤 집 문 앞에서 열쇠를 잃어버렸을 때 안전하게 귀가하고 문을 여는 방법",혼자 살 때 열쇠 분실 방법｜늦은 밤 문 잠김,혼자 살 때 열쇠 분실,방법형,emergency-response,no,9,A,HIGH,APPLIED,"A등급 재판정: score 9.0, 대표 키워드+의도 포함, 충돌 없음"
48,2026-08-01-storage-auto-316ab0,https://honsamnote.co.kr/blog/2026-08-01-storage-auto-316ab0/,"좁은 원룸, 물건은 많은데 더 답답해 보이긴 싫다면? 오픈형 vs 문 있는 수납장, 현명하게 고르는 기준",1인 가구 수납 비교｜좁은 집 수납,1인 가구 수납,비교형,oneroom-storage,no,9,A,HIGH,APPLIED,"A등급 재판정: score 9.0, 대표 키워드+의도 포함, 충돌 없음"
49,2026-08-04-cleaning-auto-123d17,https://honsamnote.co.kr/blog/2026-08-04-cleaning-auto-123d17/,"혼자 사는 당신, 아끼던 니트/티셔츠가 빨래 후 줄어들거나 늘어났다고? 망가진 옷 되살리고 예방하는 현실적인 솔루션",옷 줄었을 때 알아보기｜옷 늘어났을 때,옷 줄었을 때,질문형,laundry-clothing,no,9,A,HIGH,APPLIED,"A등급 재판정: score 9.0, 대표 키워드+의도 포함, 충돌 없음"
50,2026-08-04-cost-auto-959521,https://honsamnote.co.kr/blog/2026-08-04-cost-auto-959521/,"혼자 사는 직장인, 집밥 먹고 싶은데 매번 고민된다면? 밀키트 vs 직접 요리 vs 간편식, 내게 맞는 최적의 선택은?",혼자 사는 직장인 식비 비교｜밀키트 추천,혼자 사는 직장인 식비,비교형,general-living-cost,no,9,C,LOW,HOLD(C),role-split candidate — 제목에 서로 다른 검색의도/주제가 섞여 있어 보임(자동 분리하지 않음)
51,2026-08-06-cleaning-auto-eb5789,https://honsamnote.co.kr/blog/2026-08-06-cleaning-auto-eb5789/,"혼자 사는 당신, 매일 쓰는 세탁기, 속까지 깨끗하게 관리하고 있나요? 세탁 효율 높이고 고장 막는 구석구석 청소 가이드",세탁기 청소 주기 방법｜세탁기 냄새,세탁기 청소 주기,방법형,laundry-clothing,no,9,A,HIGH,APPLIED,"A등급 재판정: score 9.0, 대표 키워드+의도 포함, 충돌 없음"
52,2026-08-06-cleaning-auto-f4b529,https://honsamnote.co.kr/blog/2026-08-06-cleaning-auto-f4b529/,"혼자 사는 당신, 빨래 망치는 습관 아직도? 옷감 손상 없이 세탁하는 스마트 분리 세탁법",1인 가구 빨래 알아보기｜옷감 손상 방지,1인 가구 빨래,질문형,laundry-clothing,no,9,A,HIGH,APPLIED,"A등급 재판정: score 9.0, 대표 키워드+의도 포함, 충돌 없음"
53,2026-08-08-cleaning-auto-e6a45e,https://honsamnote.co.kr/blog/2026-08-08-cleaning-auto-e6a45e/,"혼자 사는 당신, 세탁 후에도 옷에서 쿰쿰한 냄새? 세탁기 고무패킹과 세제 투입구 곰팡이, 딱 15분이면 끝!",세탁기 냄새 알아보기｜세탁기 곰팡이,세탁기 냄새,질문형,laundry-clothing,no,9,A,HIGH,APPLIED,"A등급 재판정: score 9.0, 대표 키워드+의도 포함, 충돌 없음"
54,2026-08-08-safety-auto-84a0bd,https://honsamnote.co.kr/blog/2026-08-08-safety-auto-84a0bd/,"혼자 사는 당신, 주방이나 보일러실에서 가스 냄새가 희미하게 날 때: 당황하지 않고 안전하게 확인하고 대처하는 현실적인 방법",1인 가구 가스 냄새 방법｜가스 누출,1인 가구 가스 냄새,방법형,gas-safety,yes,9,A,HIGH,APPLIED,"A등급 재판정: score 8.9, 대표 키워드+의도 포함, 충돌 없음"
55,2026-08-08-storage-auto-9dbb87,https://honsamnote.co.kr/blog/2026-08-08-storage-auto-9dbb87/,"1인 가구 직장인, 좁은 욕실 세면대·선반 위 '화장품·세면도구' 넘쳐난다면? 깔끔하게 숨기고 효율적으로 쓰는 현실 수납법",1인 가구 욕실 수납 알아보기｜좁은 욕실 정리,1인 가구 욕실 수납,질문형,bathroom-storage,yes,9,A,HIGH,APPLIED,"A등급 재판정: score 8.9, 대표 키워드+의도 포함, 충돌 없음"
56,2026-08-10-cleaning-auto-aeb4a0,https://honsamnote.co.kr/blog/2026-08-10-cleaning-auto-aeb4a0/,"혼자 사는 당신, 좁은 집에서 빨래가 축축하고 냄새난다고요? 소형 건조기 vs 스마트 건조대, 후회 없는 선택 기준",1인 가구 빨래 비교｜좁은 집 빨래,1인 가구 빨래,비교형,laundry-clothing,no,9,A,HIGH,APPLIED,"A등급 재판정: score 9.0, 대표 키워드+의도 포함, 충돌 없음"
57,2026-08-10-products-auto-b0092a,https://honsamnote.co.kr/blog/2026-08-10-products-auto-b0092a/,"혼자 사는 직장인, 퇴근 후 간편하고 맛있는 요리, 어떤 조리 기구가 답일까? 에어프라이어 vs 전자레인지, 내게 맞는 최적의 선택은?",1인 가구 에어프라이어 비교｜주방 가전 추천,1인 가구 에어프라이어,비교형,kitchen-appliances,yes,9,C,LOW,HOLD(C),role-split candidate — 제목에 서로 다른 검색의도/주제가 섞여 있어 보임(자동 분리하지 않음)
58,2026-08-10-storage-auto-046a46,https://honsamnote.co.kr/blog/2026-08-10-storage-auto-046a46/,"1인 가구 직장인, 현관 한 켠 ‘애매하게 쌓이는 장바구니’ 때문에 스트레스라면? 깔끔하게 정리하고 필요할 때 바로 꺼내 쓰는 현실 수납법",1인 가구 장바구니 수납 알아보기｜에코백 정리,1인 가구 장바구니 수납,질문형,oneroom-storage,no,9,A,HIGH,APPLIED,"A등급 재판정: score 9.0, 대표 키워드+의도 포함, 충돌 없음"
59,2026-08-01-products-auto-7e3829,https://honsamnote.co.kr/blog/2026-08-01-products-auto-7e3829/,"혼자 사는 직장인, 가구·가전제품 폐기 막막하다면? 대형 폐기물 현명하게 버리는 4가지 방법 비교",1인 가구 폐기물 비교｜대형 폐기물 처리,1인 가구 폐기물,비교형,products-general,no,8.9,A,HIGH,APPLIED,"A등급 재판정: score 8.9, 대표 키워드+의도 포함, 충돌 없음"
60,2026-08-06-cleaning-auto-17f2ed,https://honsamnote.co.kr/blog/2026-08-06-cleaning-auto-17f2ed/,"혼자 사는 당신, 세탁 세제 유목민 탈출! 액체·분말·캡슐, 나에게 맞는 현명한 선택 기준",1인 가구 세제 기준｜세탁 세제 추천,1인 가구 세제,판단형,laundry-clothing,no,8.9,A,HIGH,APPLIED,"A등급 재판정: score 8.9, 대표 키워드+의도 포함, 충돌 없음"
61,2026-08-06-food-auto-9e2cfe,https://honsamnote.co.kr/blog/2026-08-06-food-auto-9e2cfe/,"1인 가구 직장인, 냉장고 속 개봉한 소스·반찬류, 언제까지 먹어야 할지 헷갈릴 때? 버리지 않고 안전하게 끝까지 다 먹는 법",개봉 후 유통기한 알아보기｜소스 보관법,개봉 후 유통기한,질문형,food-waste,no,8.9,A,HIGH,APPLIED,"A등급 재판정: score 8.9, 대표 키워드+의도 포함, 충돌 없음"
62,2026-08-06-safety-auto-ec7c17,https://honsamnote.co.kr/blog/2026-08-06-safety-auto-ec7c17/,"혼자 사는 당신, 겨울철 일산화탄소 걱정된다면? 일반형 vs. 스마트 CO 경보기, 나에게 맞는 안전 선택은?",일산화탄소 경보기 비교｜CO 경보기,일산화탄소 경보기,비교형,emergency-response,no,8.9,C,LOW,HOLD(C),role-split candidate — 제목에 서로 다른 검색의도/주제가 섞여 있어 보임(자동 분리하지 않음)
63,2026-08-07-cost-auto-24b43b,https://honsamnote.co.kr/blog/2026-08-07-cost-auto-24b43b/,"혼자 사는 직장인, 쌓여가는 먼지에 한숨만 나온다면? 로봇청소기 vs 일반 청소기, 내게 맞는 효율적인 청소법은?",1인 가구 청소 비교｜로봇청소기 구매,1인 가구 청소,비교형,general-living-cost,no,8.9,C,LOW,HOLD(C),role-split candidate — 제목에 서로 다른 검색의도/주제가 섞여 있어 보임(자동 분리하지 않음)
64,2026-08-07-food-auto-13d75f,https://honsamnote.co.kr/blog/2026-08-07-food-auto-13d75f/,"1인 가구 직장인, 냉장고/팬트리 속 '유통기한 지난 미개봉 가공식품' 앞에서 망설일 때: 버릴까? 먹을까? 안전하게 판단하고 알뜰하게 활용하는 법",1인 가구 식재료 기준｜유통기한 지난 음식,1인 가구 식재료,판단형,food-waste,no,8.9,C,LOW,HOLD(C),role-split candidate — 제목에 서로 다른 검색의도/주제가 섞여 있어 보임(자동 분리하지 않음)
65,2026-08-08-food-auto-6f0a23,https://honsamnote.co.kr/blog/2026-08-08-food-auto-6f0a23/,"1인 가구 직장인, 국물 요리 후 남은 대파·무·양파 자투리, 버릴까 말까? 낭비 없이 알뜰하게 활용하는 현실적인 전략",1인 가구 채소 보관 알아보기｜남은 채소 활용법,1인 가구 채소 보관,질문형,food-waste,no,8.9,A,HIGH,APPLIED,"A등급 재판정: score 8.9, 대표 키워드+의도 포함, 충돌 없음"
66,2026-08-12-food-auto-6ed755,https://honsamnote.co.kr/blog/2026-08-12-food-auto-6ed755/,"혼자 사는 직장인, 우유 한 팩 앞에서 망설일 때: 신선 우유 vs. 멸균 우유, 당신의 건강과 지갑을 위한 현명한 선택",1인 가구 우유 비교｜혼자 우유,1인 가구 우유,비교형,food-waste,no,8.9,A,HIGH,APPLIED,"A등급 재판정: score 8.9, 대표 키워드+의도 포함, 충돌 없음"
67,2026-08-12-food-auto-7b4cd9,https://honsamnote.co.kr/blog/2026-08-12-food-auto-7b4cd9/,"혼자 사는 직장인, 냉장고 속 '남은 유제품' 버릴까 말까? 신선도 낭비 없이 끝까지 알뜰하게 즐기는 현실적인 활용법",1인 가구 유제품 보관 알아보기｜남은 생크림 활용,1인 가구 유제품 보관,질문형,food-waste,no,8.9,A,HIGH,APPLIED,"A등급 재판정: score 8.9, 대표 키워드+의도 포함, 충돌 없음"
68,2026-07-30-products-50,https://honsamnote.co.kr/blog/2026-07-30-products-50/,"혼자 사는 직장인, 빨래방 갈 시간 없을 때! 소형 세탁기, '이 기준'으로 후회 없이 고르세요",1인 가구 세탁기 기준｜원룸 세탁기,1인 가구 세탁기,판단형,products-general,no,8.8,A,HIGH,APPLIED,"A등급 재판정: score 8.8, 대표 키워드+의도 포함, 충돌 없음"
69,2026-07-30-safety-39,https://honsamnote.co.kr/blog/2026-07-30-safety-39/,"늦은 밤, 혼자 사는 여성이 집에서 불안감 느낄 때? 외부 침입 완벽 차단하는 우리 집 점검법",여성 1인 가구 안전 체크리스트｜원룸 보안,여성 1인 가구 안전,체크형,lock-security,no,8.8,A,HIGH,APPLIED,"A등급 재판정: score 8.8, 대표 키워드+의도 포함, 충돌 없음"
70,2026-08-01-storage-auto-f1fb81,https://honsamnote.co.kr/blog/2026-08-01-storage-auto-f1fb81/,"1인 가구 직장인, 큰 물건 둘 곳 없어 발에 걸린다면? '자주 쓰는 부피 큰 짐' 숨기는 현실 수납법",1인 가구 부피 큰 짐 알아보기｜원룸 청소기 수납,1인 가구 부피 큰 짐,질문형,oneroom-storage,no,8.8,A,HIGH,APPLIED,"A등급 재판정: score 8.8, 대표 키워드+의도 포함, 충돌 없음"
71,2026-08-03-cleaning-auto-fc046f,https://honsamnote.co.kr/blog/2026-08-03-cleaning-auto-fc046f/,"바쁜 1인 가구 직장인, 매일 아침 구겨진 옷? 다림질 vs 스팀다리미, 현명한 선택 기준",구겨진 옷 해결 비교｜다림질 스팀다리미 비교,구겨진 옷 해결,비교형,cleaning-general,no,8.8,A,HIGH,APPLIED,"A등급 재판정: score 8.8, 대표 키워드+의도 포함, 충돌 없음"
72,2026-08-03-food-auto-f85a75,https://honsamnote.co.kr/blog/2026-08-03-food-auto-f85a75/,"1인 가구, '이거 왜 샀지?' 냉장고 속 낯선 식재료, 버릴까 말까? 알뜰하게 다 쓰는 활용법",1인 가구 식재료 알아보기｜낯선 식재료 활용,1인 가구 식재료,질문형,food-waste,no,8.8,C,LOW,HOLD(C),role-split candidate — 제목에 서로 다른 검색의도/주제가 섞여 있어 보임(자동 분리하지 않음)
73,2026-08-04-food-auto-8d3bfc,https://honsamnote.co.kr/blog/2026-08-04-food-auto-8d3bfc/,"1인 가구 직장인, 마트에서 산 감자 싹 나고 양파 물러질 때, 버릴까 말까? 알뜰하게 살리고 안전하게 먹는 법",1인 가구 식재료 알아보기｜싹 난 감자,1인 가구 식재료,질문형,ingredient-storage,no,8.8,C,LOW,HOLD(C),role-split candidate — 제목에 서로 다른 검색의도/주제가 섞여 있어 보임(자동 분리하지 않음)
74,2026-08-04-safety-auto-3547d2,https://honsamnote.co.kr/blog/2026-08-04-safety-auto-3547d2/,"혼자 사는 당신, 집에 불이 났을 때? 일반 vs. 스마트 화재경보기, 나에게 맞는 선택은?",1인가구 화재 비교｜화재경보기 추천,1인가구 화재,비교형,fire-prevention,no,8.8,C,LOW,HOLD(C),role-split candidate — 제목에 서로 다른 검색의도/주제가 섞여 있어 보임(자동 분리하지 않음)
75,2026-08-06-food-auto-585c1b,https://honsamnote.co.kr/blog/2026-08-06-food-auto-585c1b/,"퇴근 후 지친 1인 가구 직장인, 간단한 한 끼 요리 도구: 미니 멀티 쿠커 vs. 냄비+프라이팬, 당신의 주방에 더 현명한 선택은?",미니멀티쿠커 비교｜전기냄비,미니멀티쿠커,비교형,solo-meal-recipe,no,8.8,A,HIGH,APPLIED,"A등급 재판정: score 8.8, 대표 키워드+의도 포함, 충돌 없음"
76,2026-08-06-products-auto-17f494,https://honsamnote.co.kr/blog/2026-08-06-products-auto-17f494/,"혼자 사는 직장인, 구겨진 옷 때문에 출근길 스트레스받는다면? 1인 가구 스팀다리미 vs 의류관리기, 내게 맞는 최적의 선택은?",1인 가구 옷 관리 비교｜스팀다리미 추천,1인 가구 옷 관리,비교형,products-general,no,8.8,C,LOW,HOLD(C),role-split candidate — 제목에 서로 다른 검색의도/주제가 섞여 있어 보임(자동 분리하지 않음)
77,2026-08-06-products-auto-2eb0f5,https://honsamnote.co.kr/blog/2026-08-06-products-auto-2eb0f5/,"혼자 사는 직장인, 짧은 출장/휴가 때 반려동물 돌봄 걱정이라면? 펫시터 vs. 펫호텔 vs. 스마트 기기, 내게 맞는 최적의 선택은?",1인 가구 반려동물 비교｜펫시터 비용,1인 가구 반려동물,비교형,products-general,no,8.8,C,LOW,HOLD(C),role-split candidate — 제목에 서로 다른 검색의도/주제가 섞여 있어 보임(자동 분리하지 않음)
78,2026-08-06-safety-auto-669f80,https://honsamnote.co.kr/blog/2026-08-06-safety-auto-669f80/,"혼자 사는 당신, 예기치 못한 사고에 재산 보호는? 일반 주택화재보험 vs. 1인 가구 맞춤 종합보험, 어떤 보험이 나에게 유리할까?",1인 가구 보험 비교｜주택 보험,1인 가구 보험,비교형,fire-prevention,no,8.8,C,LOW,HOLD(C),role-split candidate — 제목에 서로 다른 검색의도/주제가 섞여 있어 보임(자동 분리하지 않음)
79,2026-08-07-safety-auto-e50d7a,https://honsamnote.co.kr/blog/2026-08-07-safety-auto-e50d7a/,"혼자 사는 당신, 집에서 미끄러지거나 넘어져 몸을 움직이기 힘들 때: 당황하지 않고 부상 상태 확인 및 도움 요청하는 현실적인 방법",1인 가구 낙상 방법｜집에서 넘어졌을 때,1인 가구 낙상,방법형,emergency-response,no,8.8,A,HIGH,APPLIED,"A등급 재판정: score 8.8, 대표 키워드+의도 포함, 충돌 없음"
80,2026-08-07-storage-auto-613d62,https://honsamnote.co.kr/blog/2026-08-07-storage-auto-613d62/,"1인 가구 직장인, 계절 바뀌는 좁은 옷장 '철 지난 옷' 때문에 스트레스라면? 손상 없이 깔끔하게 보관하는 현실 수납법",1인 가구 옷 정리 알아보기｜좁은 옷장 수납,1인 가구 옷 정리,질문형,closet-clothing,yes,8.8,A,HIGH,APPLIED,"A등급 재판정: score 8.8, 대표 키워드+의도 포함, 충돌 없음"
81,2026-08-08-food-auto-2c836a,https://honsamnote.co.kr/blog/2026-08-08-food-auto-2c836a/,"1인 가구 직장인, 개봉한 식재료 신선하게 보관할 때: 밀폐 용기 vs. 랩·지퍼백, 당신의 최적 선택 가이드",개봉 식재료 비교｜신선 보관,개봉 식재료,비교형,food-waste,no,8.8,A,HIGH,APPLIED,"A등급 재판정: score 8.8, 대표 키워드+의도 포함, 충돌 없음"
82,2026-08-08-products-auto-3f53f6,https://honsamnote.co.kr/blog/2026-08-08-products-auto-3f53f6/,"혼자 사는 직장인, 뚝딱 고치고 싶어도 막막하다면? 1인 가구 필수 공구 키트, 이 3가지 기준으로 현명하게 고르세요!",1인 가구 공구 기준｜가정용 공구 세트,1인 가구 공구,판단형,products-general,no,8.8,A,HIGH,APPLIED,"A등급 재판정: score 8.8, 대표 키워드+의도 포함, 충돌 없음"
83,2026-08-08-products-auto-c4d689,https://honsamnote.co.kr/blog/2026-08-08-products-auto-c4d689/,"혼자 사는 직장인, 퇴근 후 빠르고 근사한 한 끼 식사, 매번 고민된다면? 밀키트 vs. 가정간편식(HMR), 나에게 딱 맞는 선택은?",1인 가구 식사 비교｜밀키트 추천,1인 가구 식사,비교형,products-general,no,8.8,C,LOW,HOLD(C),role-split candidate — 제목에 서로 다른 검색의도/주제가 섞여 있어 보임(자동 분리하지 않음)
84,2026-08-08-safety-auto-71a5f3,https://honsamnote.co.kr/blog/2026-08-08-safety-auto-71a5f3/,"혼자 사는 당신, 빈집털이 걱정될 때? DIY 스마트 보안 시스템 vs. 전문 경비 서비스, 나에게 맞는 선택은?",혼자 사는 집 안전 비교｜빈집털이 예방,혼자 사는 집 안전,비교형,emergency-response,no,8.8,C,LOW,HOLD(C),role-split candidate — 제목에 서로 다른 검색의도/주제가 섞여 있어 보임(자동 분리하지 않음)
85,2026-08-08-storage-auto-24e806,https://honsamnote.co.kr/blog/2026-08-08-storage-auto-24e806/,"1인 가구 직장인, 좁은 집에 '부피 큰 청소 도구' 어디에 보관해야 할지 막막하다면? 깔끔하게 숨기고 효율적으로 쓰는 현실 수납법",1인 가구 청소 도구 알아보기｜좁은 집 청소용품,1인 가구 청소 도구,질문형,oneroom-storage,no,8.8,A,HIGH,APPLIED,"A등급 재판정: score 8.8, 대표 키워드+의도 포함, 충돌 없음"
86,2026-08-09-products-auto-df5dbc,https://honsamnote.co.kr/blog/2026-08-09-products-auto-df5dbc/,"혼자 사는 직장인, 부피 큰 가구/가전 처리에 막막하다면? 1인 가구 맞춤 대형 폐기물 처리, '이 3단계'로 깔끔하게 끝내세요!",1인 가구 폐기물 알아보기｜대형 폐기물 신고,1인 가구 폐기물,질문형,products-general,no,8.8,A,HIGH,APPLIED,"A등급 재판정: score 8.8, 대표 키워드+의도 포함, 충돌 없음"
87,2026-08-11-storage-auto-9064d7,https://honsamnote.co.kr/blog/2026-08-11-storage-auto-9064d7/,"1인 가구 직장인, 좁은 원룸 '퇴근 후 휴식 공간' 마저 잡동사니에 잠식당한다면? '수납형 스툴/오토만 vs 이동식 트롤리' 현명하게 고르는 법 비교",1인 가구 수납 비교｜원룸 수납,1인 가구 수납,비교형,oneroom-storage,no,8.8,A,MEDIUM,HOLD(MEDIUM),충돌 위험: 다른 글 제목과 동일해질 수 있음
88,2026-07-30-housing-43,https://honsamnote.co.kr/blog/2026-07-30-housing-43/,"첫 관리비 고지서, 뭉뚱그려진 금액에 헷갈리는 1인 가구? 내 돈 지키는 항목별 확인법",관리비 항목 알아보기｜관리비 확인법,관리비 항목,질문형,management-fee,yes,8.7,A,HIGH,APPLIED,"A등급 재판정: score 8.7, 대표 키워드+의도 포함, 충돌 없음"
89,2026-08-04-lifestyle-auto-8920c5,https://honsamnote.co.kr/blog/2026-08-04-lifestyle-auto-8920c5/,"혼자 사는 직장인, 친구나 가족을 집으로 초대하고 싶은데 막상 망설여진다면? 부담 없이 즐기는 '우리 집' 초대의 기술",1인 가구 초대 알아보기｜친구 집들이,1인 가구 초대,질문형,daily-rhythm,no,8.7,A,HIGH,APPLIED,"A등급 재판정: score 8.7, 대표 키워드+의도 포함, 충돌 없음"
90,2026-07-30-products-55,https://honsamnote.co.kr/blog/2026-07-30-products-55/,"냉동실 자리 부족한 1인 가구 직장인, 식비 절약 소형 냉동고 꼭 사야 할까요?",1인 가구 냉동고 알아보기｜소형 냉동고 추천,1인 가구 냉동고,질문형,products-general,no,8.6,A,HIGH,APPLIED,"A등급 재판정: score 8.6, 대표 키워드+의도 포함, 충돌 없음"
91,2026-08-01-cleaning-auto-dd0fd9,https://honsamnote.co.kr/blog/2026-08-01-cleaning-auto-dd0fd9/,"혼자 사는 당신, 약해진 수압과 거뭇한 샤워기 헤드? 15분 만에 새것처럼 되돌리는 초간단 청소법",혼자 사는 청소 알아보기｜샤워기 물때,혼자 사는 청소,질문형,bathroom-cleaning,no,8.6,A,HIGH,APPLIED,"A등급 재판정: score 8.6, 대표 키워드+의도 포함, 충돌 없음"
92,2026-08-01-lifestyle-auto-976633,https://honsamnote.co.kr/blog/2026-08-01-lifestyle-auto-976633/,"1인 가구 직장인, '혼자라서 시간 많지?' 오해에 지쳤다면? 퇴근 후 내 시간 지키는 현명한 거절법",1인 가구 거절 알아보기｜관계 스트레스,1인 가구 거절,질문형,relationship-management,no,8.6,C,LOW,HOLD(C),role-split candidate — 제목에 서로 다른 검색의도/주제가 섞여 있어 보임(자동 분리하지 않음)
93,2026-08-01-storage-auto-39ae63,https://honsamnote.co.kr/blog/2026-08-01-storage-auto-39ae63/,"좁은 원룸 1인 가구, 커다란 청소 도구와 공구, 어디에 두어야 할지 막막하다면? 깔끔하게 숨기고 효율적으로 쓰는 현실 수납법",1인 가구 수납 알아보기｜원룸 청소 도구 보관,1인 가구 수납,질문형,oneroom-storage,no,8.6,A,HIGH,APPLIED,"A등급 재판정: score 8.6, 대표 키워드+의도 포함, 충돌 없음"
94,2026-08-03-food-auto-fb2380,https://honsamnote.co.kr/blog/2026-08-03-food-auto-fb2380/,"퇴근 후 요리 시간 아끼는 1인 가구, 손질 채소 vs. 통 채소: 당신의 식탁을 위한 현명한 선택",1인 가구 채소 비교｜손질 채소 장점,1인 가구 채소,비교형,food-general,no,8.6,A,HIGH,APPLIED,"A등급 재판정: score 8.6, 대표 키워드+의도 포함, 충돌 없음"
95,2026-08-03-lifestyle-auto-7c20c0,https://honsamnote.co.kr/blog/2026-08-03-lifestyle-auto-7c20c0/,"혼자 사는 직장인, 한동안 쉬었던 모임 다시 시작하려니 어색하고 부담스럽다면? 관계 회복을 위한 현실적인 첫걸음",1인 가구 인간관계 알아보기｜다시 모임 시작,1인 가구 인간관계,질문형,relationship-management,no,8.6,A,HIGH,APPLIED,"A등급 재판정: score 8.6, 대표 키워드+의도 포함, 충돌 없음"
96,2026-08-03-products-auto-c75a1a,https://honsamnote.co.kr/blog/2026-08-03-products-auto-c75a1a/,"혼자 사는 직장인, 퇴근 후 집에서 사소한 고장 발견 시 전문가 부를까 직접 고칠까?",1인 가구 집 수리 비용 정리｜셀프 인테리어,1인 가구 집 수리,비용형,products-general,no,8.6,A,HIGH,APPLIED,"A등급 재판정: score 8.6, 대표 키워드+의도 포함, 충돌 없음"
97,2026-08-04-safety-auto-61ce38,https://honsamnote.co.kr/blog/2026-08-04-safety-auto-61ce38/,"혼자 사는 당신, 요리하다 칼에 깊게 베였을 때: 당황하지 않고 지혈과 응급처치하는 현실적인 방법",칼에 베였을 때 기준｜요리 중 부상,칼에 베였을 때,판단형,emergency-response,no,8.6,A,HIGH,APPLIED,"A등급 재판정: score 8.6, 대표 키워드+의도 포함, 충돌 없음"
98,2026-08-05-products-auto-8d663c,https://honsamnote.co.kr/blog/2026-08-05-products-auto-8d663c/,"혼자 사는 직장인, 퇴근 후 드라이클리닝 번거롭다면? 동네 세탁소 vs 세탁 앱 vs 홈케어, 내게 맞는 선택은?",1인 가구 드라이클리닝 비교｜세탁 앱 추천,1인 가구 드라이클리닝,비교형,products-general,no,8.6,C,LOW,HOLD(C),role-split candidate — 제목에 서로 다른 검색의도/주제가 섞여 있어 보임(자동 분리하지 않음)
99,2026-08-06-lifestyle-auto-91c019,https://honsamnote.co.kr/blog/2026-08-06-lifestyle-auto-91c019/,"혼자 사는 직장인, 친구들이 결혼·육아로 멀어질 때? '따로 또 같이' 관계 유지하는 현실 가이드",혼자 사는 친구 알아보기｜결혼 육아 친구,혼자 사는 친구,질문형,loneliness-isolation,no,8.6,A,HIGH,APPLIED,"A등급 재판정: score 8.6, 대표 키워드+의도 포함, 충돌 없음"
100,2026-08-06-products-auto-5b74f3,https://honsamnote.co.kr/blog/2026-08-06-products-auto-5b74f3/,"혼자 사는 직장인, 옆집 소음에 잠 못 이루고 스트레스받는다면? 1인 가구 맞춤 층간소음/생활소음 해결, '이 3가지'로 현실적인 대책 마련하세요!",1인 가구 소음 알아보기｜층간소음 해결,1인 가구 소음,질문형,products-general,no,8.6,A,HIGH,APPLIED,"A등급 재판정: score 8.6, 대표 키워드+의도 포함, 충돌 없음"
101,2026-08-06-products-auto-99b34b,https://honsamnote.co.kr/blog/2026-08-06-products-auto-99b34b/,"혼자 사는 직장인, 좁은 집에서도 허리 편한 홈 오피스? 인체공학 의자 vs 스탠딩 데스크 컨버터, 내게 맞는 선택은?",홈오피스 가구 비교｜스탠딩 책상 컨버터,홈오피스 가구,비교형,products-general,no,8.6,C,LOW,HOLD(C),role-split candidate — 제목에 서로 다른 검색의도/주제가 섞여 있어 보임(자동 분리하지 않음)
102,2026-08-06-products-auto-9bb85c,https://honsamnote.co.kr/blog/2026-08-06-products-auto-9bb85c/,"혼자 사는 직장인, 좁은 집에 쌓인 짐 처리 난감하다면? 셀프 스토리지 vs 방문형 짐 보관 서비스, 내게 맞는 선택은?",1인 가구 짐 보관 비교｜셀프 스토리지,1인 가구 짐 보관,비교형,products-general,no,8.6,C,LOW,HOLD(C),role-split candidate — 제목에 서로 다른 검색의도/주제가 섞여 있어 보임(자동 분리하지 않음)
103,2026-08-06-products-auto-aad52f,https://honsamnote.co.kr/blog/2026-08-06-products-auto-aad52f/,"혼자 사는 직장인, 매일 입는 옷 관리 막막하다면? 의류관리기 vs. 핸디 스팀다리미, 내게 딱 맞는 선택은?",1인 가구 옷 관리 비교｜의류관리기 비교,1인 가구 옷 관리,비교형,products-general,no,8.6,C,LOW,HOLD(C),role-split candidate — 제목에 서로 다른 검색의도/주제가 섞여 있어 보임(자동 분리하지 않음)
104,2026-08-06-products-auto-f84639,https://honsamnote.co.kr/blog/2026-08-06-products-auto-f84639/,"혼자 사는 직장인, 난방비 폭탄 맞기 싫다면? 퇴근 후 우리집 보일러, '이 3가지'로 현명하게 관리하세요!",1인 가구 난방비 알아보기｜보일러 사용법,1인 가구 난방비,질문형,products-general,no,8.6,A,HIGH,APPLIED,"A등급 재판정: score 8.6, 대표 키워드+의도 포함, 충돌 없음"
105,2026-08-06-storage-auto-772373,https://honsamnote.co.kr/blog/2026-08-06-storage-auto-772373/,"1인 가구 직장인, 여행 후 빈 캐리어 좁은 원룸 '애물단지'라면? 숨겨진 공간 200% 활용하는 현실 수납법",1인 가구 캐리어 알아보기｜좁은 원룸 수납,1인 가구 캐리어,질문형,oneroom-storage,no,8.6,A,HIGH,APPLIED,"A등급 재판정: score 8.6, 대표 키워드+의도 포함, 충돌 없음"
106,2026-08-06-storage-auto-b1740f,https://honsamnote.co.kr/blog/2026-08-06-storage-auto-b1740f/,"1인 가구 직장인, 좁은 원룸 '매트·덤벨·폼롤러' 발에 채인다면? 홈트 용품 똑똑하게 보관하고 깔끔하게 쓰는 현실 수납법",1인 가구 홈트 알아보기｜원룸 운동용품,1인 가구 홈트,질문형,oneroom-storage,no,8.6,A,HIGH,APPLIED,"A등급 재판정: score 8.6, 대표 키워드+의도 포함, 충돌 없음"
107,2026-08-07-storage-auto-54d5cd,https://honsamnote.co.kr/blog/2026-08-07-storage-auto-54d5cd/,"1인 가구 직장인, 좁은 침대 밑 공간 '애물단지'라면? 수납형 vs 일반 침대 프레임, 내게 맞는 선택 기준 비교",침대 밑 수납 비교｜수납형 침대,침대 밑 수납,비교형,oneroom-storage,no,8.6,A,HIGH,APPLIED,"A등급 재판정: score 8.6, 대표 키워드+의도 포함, 충돌 없음"
108,2026-08-08-storage-auto-12975c,https://honsamnote.co.kr/blog/2026-08-08-storage-auto-12975c/,"1인 가구 직장인, 좁은 집에 '자주 쓰는 청소 도구'가 발에 걸린다면? 깔끔하게 숨기고 효율적으로 쓰는 현실 수납법",1인 가구 청소 도구 수납 알아보기｜좁은 집 청소용품 정리,1인 가구 청소 도구 수납,질문형,oneroom-storage,no,8.6,A,HIGH,APPLIED,"A등급 재판정: score 8.6, 대표 키워드+의도 포함, 충돌 없음"
109,2026-08-10-products-auto-ea40dc,https://honsamnote.co.kr/blog/2026-08-10-products-auto-ea40dc/,"혼자 사는 직장인, 난방비 폭탄은 싫은데 발 시린 창가에 지쳤다면? 1인 가구 맞춤 '우풍 완벽 차단', 이 3단계로 끝내세요!",1인 가구 난방 알아보기｜우풍 해결,1인 가구 난방,질문형,products-general,no,8.6,A,HIGH,APPLIED,"A등급 재판정: score 8.6, 대표 키워드+의도 포함, 충돌 없음"
110,2026-08-11-food-auto-452e94,https://honsamnote.co.kr/blog/2026-08-11-food-auto-452e94/,"혼자 사는 직장인, 매일 신선 채소 챙겨 먹기 어려울 때: 샐러드 정기배송 vs. 직접 재료 손질, 당신의 건강과 지갑을 위한 현명한 선택",1인 가구 채소 비교｜샐러드 정기배송,1인 가구 채소,비교형,food-general,no,8.6,A,HIGH,APPLIED,"A등급 재판정: score 8.6, 대표 키워드+의도 포함, 충돌 없음"
111,2026-08-11-products-auto-056afc,https://honsamnote.co.kr/blog/2026-08-11-products-auto-056afc/,"혼자 사는 직장인, 집 비울 때나 혼자 있을 때 우리 집 보안 걱정된다면? 1인 가구 홈 CCTV vs. 전문 보안 서비스, 내게 맞는 최적의 선택은?",1인 가구 보안 비교｜자가 CCTV,1인 가구 보안,비교형,products-general,no,8.6,C,LOW,HOLD(C),role-split candidate — 제목에 서로 다른 검색의도/주제가 섞여 있어 보임(자동 분리하지 않음)
112,2026-08-11-safety-auto-3045ad,https://honsamnote.co.kr/blog/2026-08-11-safety-auto-3045ad/,"혼자 사는 당신, 요리하다 칼에 베이거나 뜨거운 물에 데였을 때: 당황하지 않고 신속하게 응급처치하고 병원 갈지 판단하는 현실적인 방법",칼 베임 기준｜화상,칼 베임,판단형,emergency-response,no,8.6,A,HIGH,APPLIED,"A등급 재판정: score 8.6, 대표 키워드+의도 포함, 충돌 없음"
113,2026-08-12-products-auto-2ee7a1,https://honsamnote.co.kr/blog/2026-08-12-products-auto-2ee7a1/,"혼자 사는 직장인, 매번 장보기 번거롭고 필요한 건 깜빡한다면? 1인 가구 맞춤 구독 박스 vs 직접 장보기, 나에게 딱 맞는 선택은?",1인 가구 구독 박스 비교｜혼자 장보기,1인 가구 구독 박스,비교형,products-general,no,8.6,C,LOW,HOLD(C),role-split candidate — 제목에 서로 다른 검색의도/주제가 섞여 있어 보임(자동 분리하지 않음)
114,2026-08-14-products-auto-50ff5a,https://honsamnote.co.kr/blog/2026-08-14-products-auto-50ff5a/,"혼자 사는 직장인, 낮에 배송된 택배 문 앞에 쌓여 불안하다면? 1인 가구 스마트 택배함 vs 무인택배함, 내게 맞는 최적의 선택은?",1인 가구 택배 비교｜택배 도난 방지,1인 가구 택배,비교형,products-general,no,8.6,C,LOW,HOLD(C),role-split candidate — 제목에 서로 다른 검색의도/주제가 섞여 있어 보임(자동 분리하지 않음)
115,2026-07-30-food-10,https://honsamnote.co.kr/blog/2026-07-30-food-10/,"퇴근 후 요리 스트레스 줄여줄 1인 가구 필수템, 식재료 소분과 냉동 보관 완벽 가이드",1인 가구 식재료 해결 방법｜소분 보관,1인 가구 식재료,문제해결형,freeze-portion,yes,8.5,A,HIGH,APPLIED,"A등급 재판정: score 8.4, 대표 키워드+의도 포함, 충돌 없음"
116,2026-07-30-housing-47,https://honsamnote.co.kr/blog/2026-07-30-housing-47/,"원룸/오피스텔 고장났나요? 혼자 끙끙 앓지 말고, 집주인에게 스마트하게 수리 요청하는 법",집주인수리책임 방법｜임대차계약,집주인수리책임,방법형,landlord-issues,no,8.5,A,HIGH,APPLIED,"A등급 재판정: score 8.4, 대표 키워드+의도 포함, 충돌 없음"
117,2026-07-30-products-57,https://honsamnote.co.kr/blog/2026-07-30-products-57/,"바쁜 1인 가구 직장인, 장보기 시간 아깝다면? 돈과 시간 아끼는 정기배송 서비스 선택 가이드",정기배송 서비스 비교 비교｜생필품 정기배송,정기배송 서비스 비교,비교형,products-general,no,8.5,A,HIGH,APPLIED,"A등급 재판정: score 8.5, 대표 키워드+의도 포함, 충돌 없음"
118,2026-07-30-safety-36,https://honsamnote.co.kr/blog/2026-07-30-safety-36/,"혼자 사는 당신, 퇴근 후 집에 들어서자마자 섬뜩한 가스 냄새가 날 때, 이렇게 행동하세요",가스 냄새 대처법 해결 방법｜혼자 살 때 안전,가스 냄새 대처법,문제해결형,emergency-response,no,8.5,A,HIGH,APPLIED,"A등급 재판정: score 8.5, 대표 키워드+의도 포함, 충돌 없음"
119,2026-07-30-safety-41,https://honsamnote.co.kr/blog/2026-07-30-safety-41/,"혼자 사는 당신이 아프거나 연락 안 될 때: 위기 상황 대비 비상연락망, 이렇게 만드세요!",1인 가구 안전 해결 방법｜비상연락망 만들기,1인 가구 안전,문제해결형,emergency-response,no,8.5,A,HIGH,APPLIED,"A등급 재판정: score 8.5, 대표 키워드+의도 포함, 충돌 없음"
120,2026-07-31-products-76,https://honsamnote.co.kr/blog/2026-07-31-products-76/,"자취생, 퇴근 후 음식물쓰레기 악취 탈출? 우리집에 딱 맞는 처리기 고르는 법",1인 가구 음식물처리기 방법｜음식물처리기 추천,1인 가구 음식물처리기,방법형,products-general,no,8.5,A,HIGH,APPLIED,"A등급 재판정: score 8.5, 대표 키워드+의도 포함, 충돌 없음"
121,2026-08-01-products-auto-9e3228,https://honsamnote.co.kr/blog/2026-08-01-products-auto-9e3228/,"혼자 사는 직장인, 퇴근 후 저녁 식사 고민 끝! 1인 가구 맞춤 밀키트·반찬 구독 서비스, 현명하게 고르는 법",1인 가구 밀키트 방법｜식비 절약 노하우,1인 가구 밀키트,방법형,products-general,no,8.5,A,HIGH,APPLIED,"A등급 재판정: score 8.5, 대표 키워드+의도 포함, 충돌 없음"
122,2026-08-01-storage-auto-387eaf,https://honsamnote.co.kr/blog/2026-08-01-storage-auto-387eaf/,"좁은 원룸, 의자에 쌓이는 '어중간한 옷'더미! 1인 가구라면 이것부터 확인하세요",1인 가구 옷 정리 해결 방법｜원룸 옷 보관,1인 가구 옷 정리,문제해결형,oneroom-storage,no,8.5,A,HIGH,APPLIED,"A등급 재판정: score 8.5, 대표 키워드+의도 포함, 충돌 없음"
123,2026-08-01-storage-auto-662a7f,https://honsamnote.co.kr/blog/2026-08-01-storage-auto-662a7f/,"1인 가구 직장인, 좁은 원룸 '한 번 입은 옷' 더미! 간편한 의류 리프레시 존 만드는 현실 팁",1인 가구 옷 정리 해결 방법｜한 번 입은 옷,1인 가구 옷 정리,문제해결형,oneroom-storage,no,8.5,A,HIGH,APPLIED,"A등급 재판정: score 8.5, 대표 키워드+의도 포함, 충돌 없음"
124,2026-08-01-storage-auto-c94563,https://honsamnote.co.kr/blog/2026-08-01-storage-auto-c94563/,"퇴근 후 1인 가구, 현관문 열자마자 어지럽다면? 1평 현관, '비우는 공간'으로 만드는 현실 수납법",현관 정리 알아보기｜좁은 현관 수납,현관 정리,질문형,entryway-storage,yes,8.5,A,HIGH,APPLIED,"A등급 재판정: score 8.5, 대표 키워드+의도 포함, 충돌 없음"
125,2026-08-03-cleaning-auto-d96324,https://honsamnote.co.kr/blog/2026-08-03-cleaning-auto-d96324/,"혼자 사는 직장인, 퇴근 후 지저분한 바닥? 로봇청소기 vs 무선청소기, 후회 없는 선택 기준",1인 가구 청소기 비교｜로봇청소기 추천,1인 가구 청소기,비교형,cleaning-tools-time,no,8.5,A,HIGH,APPLIED,"A등급 재판정: score 8.5, 대표 키워드+의도 포함, 충돌 없음"
126,2026-08-03-food-auto-b8f8a0,https://honsamnote.co.kr/blog/2026-08-03-food-auto-b8f8a0/,"1인 가구 직장인, 신선한 고기·생선 한 팩이 부담될 때? 버리지 않고 맛있게 즐기는 구매부터 소분, 냉동 보관까지의 현실적인 루틴",1인 가구 고기 알아보기｜혼자 생선,1인 가구 고기,질문형,freeze-portion,no,8.5,A,HIGH,APPLIED,"A등급 재판정: score 8.4, 대표 키워드+의도 포함, 충돌 없음"
127,2026-08-03-safety-auto-273fdf,https://honsamnote.co.kr/blog/2026-08-03-safety-auto-273fdf/,"혼자 사는 당신, 한밤중 갑자기 대형 바퀴벌레나 쥐를 발견했을 때: 패닉 없이 안전하게 퇴치하고 예방하는 법",1인 가구 해충 방법｜쥐 퇴치,1인 가구 해충,방법형,pest-control,yes,8.5,A,HIGH,APPLIED,"A등급 재판정: score 8.5, 대표 키워드+의도 포함, 충돌 없음"
128,2026-08-04-cleaning-auto-0b0c02,https://honsamnote.co.kr/blog/2026-08-04-cleaning-auto-0b0c02/,"혼자 사는 당신, 퇴근 후 밟히는 끈적한 바닥? 좁은 원룸 물걸레 청소, 딱 10분이면 충분합니다!",혼자사는직장인 알아보기｜물걸레 청소,혼자사는직장인,질문형,cleaning-tools-time,no,8.5,A,HIGH,APPLIED,"A등급 재판정: score 8.5, 대표 키워드+의도 포함, 충돌 없음"
129,2026-08-04-food-auto-908ca9,https://honsamnote.co.kr/blog/2026-08-04-food-auto-908ca9/,"1인 가구, 대용량 잡곡·가루·장류 앞에서 망설일 때? 진짜 이득인지 따져보는 현명한 선택 가이드",대용량 식재료 알아보기｜잡곡 보관,대용량 식재료,질문형,grocery-shopping,no,8.5,A,HIGH,APPLIED,"A등급 재판정: score 8.5, 대표 키워드+의도 포함, 충돌 없음"
130,2026-08-04-housing-auto-e8de0c,https://honsamnote.co.kr/blog/2026-08-04-housing-auto-e8de0c/,"혼자 사는 직장인, 집주인/관리사무소의 갑작스러운 방문 요청, 내 사생활 지키며 똑똑하게 대처하는 법",1인 가구 방문 요청 체크리스트｜집주인 방문,1인 가구 방문 요청,체크형,landlord-issues,no,8.5,A,HIGH,APPLIED,"A등급 재판정: score 8.4, 대표 키워드+의도 포함, 충돌 없음"
131,2026-08-05-safety-auto-4e7f26,https://honsamnote.co.kr/blog/2026-08-05-safety-auto-4e7f26/,"혼자 사는 당신, 콘센트에서 타는 냄새나 스파크가 튈 때: 감전과 화재 위험 없이 안전하게 대처하는 법",콘센트 스파크 방법｜콘센트 타는 냄새,콘센트 스파크,방법형,fire-prevention,no,8.5,A,HIGH,APPLIED,"A등급 재판정: score 8.5, 대표 키워드+의도 포함, 충돌 없음"
132,2026-08-05-storage-auto-d93cd5,https://honsamnote.co.kr/blog/2026-08-05-storage-auto-d93cd5/,"1인 가구 직장인, 좁은 원룸 벽면을 효율적으로 쓰고 싶다면? 페그보드 vs. 벽 선반, 내게 맞는 선택 기준 비교",1인 가구 수납 비교｜좁은 집 수납,1인 가구 수납,비교형,oneroom-storage,no,8.5,A,MEDIUM,HOLD(MEDIUM),충돌 위험: 다른 글 제목과 동일해질 수 있음
133,2026-08-06-housing-auto-778093,https://honsamnote.co.kr/blog/2026-08-06-housing-auto-778093/,"혼자 사는 직장인, 우리 집 안전 지킴이! 디지털 도어락 vs 보조키, 내게 맞는 현명한 선택은?",혼자 사는 집 안전 비교｜디지털 도어락 추천,혼자 사는 집 안전,비교형,landlord-issues,yes,8.5,A,MEDIUM,HOLD(MEDIUM),fact-check 위험 있는 글 — 제목 변경 보류(내용 검증 우선)
134,2026-08-06-storage-auto-11ba62,https://honsamnote.co.kr/blog/2026-08-06-storage-auto-11ba62/,"1인 가구 직장인, 좁은 원룸 거실 '앉을 자리도, 수납도 부족'하다면? 수납 스툴 vs. 수납 벤치, 현명하게 고르는 법",1인 가구 수납 비교｜원룸 수납,1인 가구 수납,비교형,oneroom-storage,no,8.5,A,HIGH,APPLIED,"A등급 재판정: score 8.5, 대표 키워드+의도 포함, 충돌 없음"
135,2026-08-07-food-auto-c3ab2b,https://honsamnote.co.kr/blog/2026-08-07-food-auto-c3ab2b/,"혼자 사는 직장인, 냉동 간편식·어제 반찬 데울 때: 에어프라이어 vs. 전자레인지, 당신의 최적 선택 가이드",냉동식품 비교｜간편식,냉동식품,비교형,solo-meal-recipe,no,8.5,A,HIGH,APPLIED,"A등급 재판정: score 8.5, 대표 키워드+의도 포함, 충돌 없음"
136,2026-08-07-products-auto-074e7a,https://honsamnote.co.kr/blog/2026-08-07-products-auto-074e7a/,"혼자 사는 직장인, 가끔 필요한 문서 인쇄가 번거롭다면? 개인 프린터 vs 인쇄 서비스, 내게 맞는 최적의 선택은?",1인 가구 프린터 비교｜문서 인쇄 방법,1인 가구 프린터,비교형,products-general,no,8.5,C,LOW,HOLD(C),role-split candidate — 제목에 서로 다른 검색의도/주제가 섞여 있어 보임(자동 분리하지 않음)
137,2026-08-07-products-auto-2fe4a8,https://honsamnote.co.kr/blog/2026-08-07-products-auto-2fe4a8/,"혼자 사는 직장인, 좁은 집에 쌓이는 분리수거에 지쳤다면? 1인 가구 맞춤 '똑똑한 분리수거' 3단계로 끝내세요!",1인 가구 분리수거 알아보기｜좁은집 재활용,1인 가구 분리수거,질문형,products-general,no,8.5,A,HIGH,APPLIED,"A등급 재판정: score 8.5, 대표 키워드+의도 포함, 충돌 없음"
138,2026-08-07-products-auto-b07e5f,https://honsamnote.co.kr/blog/2026-08-07-products-auto-b07e5f/,"혼자 사는 직장인, 퇴근 후 창문/베란다 보안 걱정된다면? 1인 가구 맞춤 방범, '물리 + 감지 + 경고' 3단계로 끝내세요!",1인 가구 방범 알아보기｜창문 잠금장치,1인 가구 방범,질문형,products-general,no,8.5,A,HIGH,APPLIED,"A등급 재판정: score 8.5, 대표 키워드+의도 포함, 충돌 없음"
139,2026-08-07-safety-auto-22735c,https://honsamnote.co.kr/blog/2026-08-07-safety-auto-22735c/,"혼자 사는 당신, 한밤중 반려동물 응급 상황 발생 시? 24시 동물병원 vs. 방문 진료 앱, 어떤 선택이 더 빠르고 안전할까?",반려동물 응급 비교｜24시 동물병원,반려동물 응급,비교형,emergency-response,no,8.5,C,LOW,HOLD(C),role-split candidate — 제목에 서로 다른 검색의도/주제가 섞여 있어 보임(자동 분리하지 않음)
140,2026-08-07-storage-auto-6dca4b,https://honsamnote.co.kr/blog/2026-08-07-storage-auto-6dca4b/,"1인 가구 직장인, 좁은 집에 쌓이는 '추억의 물건' 때문에 답답하다면? 공간 차지 없이 깔끔하게 보관하는 현실 수납법",1인 가구 수납 알아보기｜좁은 집 정리,1인 가구 수납,질문형,oneroom-storage,no,8.5,A,HIGH,APPLIED,"A등급 재판정: score 8.5, 대표 키워드+의도 포함, 충돌 없음"
141,2026-08-07-storage-auto-fcc47d,https://honsamnote.co.kr/blog/2026-08-07-storage-auto-fcc47d/,"1인 가구 직장인, 좁은 원룸 '계절 가전' 어디에 보관해야 할지 막막하다면? 깔끔하게 숨기고 효율적으로 쓰는 현실 수납법",1인 가구 수납 알아보기｜계절 가전 보관,1인 가구 수납,질문형,oneroom-storage,no,8.5,A,HIGH,APPLIED,"A등급 재판정: score 8.5, 대표 키워드+의도 포함, 충돌 없음"
142,2026-08-08-products-auto-06056d,https://honsamnote.co.kr/blog/2026-08-08-products-auto-06056d/,"혼자 사는 직장인, 매일 마시는 물, 똑똑하게 고르고 싶다면? 생수 vs 필터 정수기 vs 렌탈 정수기, 내게 맞는 최적의 선택은?",1인 가구 정수기 비교｜생수 배달,1인 가구 정수기,비교형,products-general,no,8.5,C,LOW,HOLD(C),role-split candidate — 제목에 서로 다른 검색의도/주제가 섞여 있어 보임(자동 분리하지 않음)
143,2026-08-10-cleaning-auto-6e0644,https://honsamnote.co.kr/blog/2026-08-10-cleaning-auto-6e0644/,"혼자 사는 당신, 아끼던 옷에 갑자기 얼룩이 묻었다면? 5분 만에 황금 골든타임을 잡는 응급처치와 완벽 제거 현실 가이드",옷 얼룩 알아보기｜얼룩 지우기,옷 얼룩,질문형,laundry-clothing,no,8.5,A,HIGH,APPLIED,"A등급 재판정: score 8.5, 대표 키워드+의도 포함, 충돌 없음"
144,2026-08-11-products-auto-fb26b6,https://honsamnote.co.kr/blog/2026-08-11-products-auto-fb26b6/,"혼자 사는 직장인, 온라인으로 산 조립 가구 앞에서 막막하다면? 셀프 조립 vs. 전문가 서비스, 내게 딱 맞는 선택은?",1인 가구 가구 조립 비교｜셀프 조립 가구,1인 가구 가구 조립,비교형,products-general,no,8.5,C,LOW,HOLD(C),role-split candidate — 제목에 서로 다른 검색의도/주제가 섞여 있어 보임(자동 분리하지 않음)
145,2026-08-13-lifestyle-auto-8d6b5e,https://honsamnote.co.kr/blog/2026-08-13-lifestyle-auto-8d6b5e/,"혼자 사는 직장인, 절친과의 합가 고민된다면? '관계 유지' vs. '생활 최적화', 나에게 맞는 선택 기준",친구와 살기 비교｜합가 고민,친구와 살기,비교형,daily-rhythm,no,8.5,A,HIGH,APPLIED,"A등급 재판정: score 8.5, 대표 키워드+의도 포함, 충돌 없음"
146,2026-08-14-products-auto-6493cd,https://honsamnote.co.kr/blog/2026-08-14-products-auto-6493cd/,"혼자 사는 직장인, 좁은 집에 쌓여가는 짐 때문에 한숨 쉰다면? 공유 창고 vs 집 안 공간 최적화, 내게 맞는 최적의 선택은?",1인 가구 짐 보관 비교｜좁은 집 수납,1인 가구 짐 보관,비교형,products-general,no,8.5,C,LOW,HOLD(C),role-split candidate — 제목에 서로 다른 검색의도/주제가 섞여 있어 보임(자동 분리하지 않음)
147,2026-07-30-cleaning-31,https://honsamnote.co.kr/blog/2026-07-30-cleaning-31/,"혼자 사는 직장인, 요리 후 쌓이는 주방 기름때 찌든 때 되기 전에 싹 지우는 현실적인 루틴",혼자 사는 집 청소 해결 방법｜주방 기름때 제거,혼자 사는 집 청소,문제해결형,kitchen-cleaning,yes,8.4,A,HIGH,APPLIED,"A등급 재판정: score 8.4, 대표 키워드+의도 포함, 충돌 없음"
148,2026-07-30-products-52,https://honsamnote.co.kr/blog/2026-07-30-products-52/,"퇴근 후 지친 당신, 로봇청소기 정말 필요할까? 1인 가구에 딱 맞는 선택 기준",로봇청소기 추천 기준｜로봇청소기 선택,로봇청소기 추천,판단형,cleaning-appliances,no,8.4,A,HIGH,APPLIED,"A등급 재판정: score 8.4, 대표 키워드+의도 포함, 충돌 없음"
149,2026-07-31-products-75,https://honsamnote.co.kr/blog/2026-07-31-products-75/,"퇴근 후 널 공간도, 마를 시간도 없는 1인 가구, 미니 건조기 정말 필요할까요?",미니 건조기 필요성 알아보기｜원룸 빨래 건조,미니 건조기 필요성,질문형,products-general,no,8.4,A,HIGH,APPLIED,"A등급 재판정: score 8.4, 대표 키워드+의도 포함, 충돌 없음"
150,2026-07-31-products-77,https://honsamnote.co.kr/blog/2026-07-31-products-77/,퇴근 후 로봇청소기만 돌렸는데도 먼지가 쌓인다고요? 혼자 사는 당신의 바닥 청소가 실패하는 진짜 이유,1인가구 로봇청소기 알아보기｜로봇청소기 먼지,1인가구 로봇청소기,질문형,cleaning-appliances,no,8.4,A,HIGH,APPLIED,"A등급 재판정: score 8.4, 대표 키워드+의도 포함, 충돌 없음"
151,2026-08-03-cleaning-auto-fd154a,https://honsamnote.co.kr/blog/2026-08-03-cleaning-auto-fd154a/,"혼자 사는 당신, 퇴근 후 전자레인지 속 찌든 때? 냄새와 얼룩, 10분 만에 새것처럼 되돌리는 초간단 청소법",전자레인지 냄새 제거 알아보기｜전자레인지 찌든 때,전자레인지 냄새 제거,질문형,kitchen-cleaning,no,8.4,A,HIGH,APPLIED,"A등급 재판정: score 8.4, 대표 키워드+의도 포함, 충돌 없음"
152,2026-08-03-products-auto-1b3cc6,https://honsamnote.co.kr/blog/2026-08-03-products-auto-1b3cc6/,"퇴근 후 내 방만 시원하게! 1인 가구 이동식 에어컨 VS 서큘레이터, 뭐가 맞을까?",1인 가구 냉방 알아보기｜이동식 에어컨 장단점,1인 가구 냉방,질문형,products-general,no,8.4,A,HIGH,APPLIED,"A등급 재판정: score 8.4, 대표 키워드+의도 포함, 충돌 없음"
153,2026-08-04-lifestyle-auto-fd9e87,https://honsamnote.co.kr/blog/2026-08-04-lifestyle-auto-fd9e87/,"혼자 사는 직장인, 친구와의 약속, 늘 밖에서만? 집에서 초대 vs. 밖에서 만남, 나에게 맞는 관계 최적화",혼자 사는 직장인 친구 만남 비교｜집에서 친구 초대,혼자 사는 직장인 친구 만남,비교형,relationship-management,no,8.4,A,HIGH,APPLIED,"A등급 재판정: score 8.3, 대표 키워드+의도 포함, 충돌 없음"
154,2026-08-04-products-auto-e91dfc,https://honsamnote.co.kr/blog/2026-08-04-products-auto-e91dfc/,"혼자 사는 직장인, 새 가구 조립/분해 엄두가 안 난다면? 1인 가구 맞춤 가구 조립·분해 서비스, '이 3가지'로 현명하게 고르세요",가구 설치 알아보기｜조립 서비스,가구 설치,질문형,products-general,no,8.4,A,HIGH,APPLIED,"A등급 재판정: score 8.4, 대표 키워드+의도 포함, 충돌 없음"
155,2026-08-06-cleaning-auto-ec8541,https://honsamnote.co.kr/blog/2026-08-06-cleaning-auto-ec8541/,"혼자 사는 당신, 주방 후드에서 끈적한 기름때 뚝뚝? 퇴근 후 30분, 새것처럼 되돌리는 초간단 청소법",주방 후드 청소 알아보기｜레인지 후드 청소,주방 후드 청소,질문형,kitchen-cleaning,no,8.4,A,HIGH,APPLIED,"A등급 재판정: score 8.4, 대표 키워드+의도 포함, 충돌 없음"
156,2026-08-06-products-auto-b3c106,https://honsamnote.co.kr/blog/2026-08-06-products-auto-b3c106/,"혼자 사는 직장인, 퇴근 후 현관문 앞에서 허둥지둥? 1인 가구 스마트 도어록, 똑똑하게 선택하고 설치하는 법",1인 가구 도어록 방법｜스마트 도어록 설치,1인 가구 도어록,방법형,products-general,no,8.4,A,HIGH,APPLIED,"A등급 재판정: score 8.4, 대표 키워드+의도 포함, 충돌 없음"
157,2026-08-06-products-auto-b9fc71,https://honsamnote.co.kr/blog/2026-08-06-products-auto-b9fc71/,"혼자 사는 직장인, 비싼 카페 커피 졸업하고 싶다면? 캡슐 커피 머신 vs 핸드드립, 나에게 딱 맞는 선택은?",1인 가구 커피 비교｜캡슐 커피 머신,1인 가구 커피,비교형,products-general,no,8.4,C,LOW,HOLD(C),role-split candidate — 제목에 서로 다른 검색의도/주제가 섞여 있어 보임(자동 분리하지 않음)
158,2026-08-06-storage-auto-ee77b8,https://honsamnote.co.kr/blog/2026-08-06-storage-auto-ee77b8/,"1인 가구 직장인, '언젠가 쓸모 있겠지' 빈 박스에 쌓여 답답하다면? 후회 없이 버리고 똑똑하게 보관하는 현실 수납법",좁은 집 알아보기｜빈 박스,좁은 집,질문형,oneroom-storage,no,8.4,A,HIGH,APPLIED,"A등급 재판정: score 8.4, 대표 키워드+의도 포함, 충돌 없음"
159,2026-08-07-products-auto-d33666,https://honsamnote.co.kr/blog/2026-08-07-products-auto-d33666/,"혼자 사는 직장인, 좁은 욕실 물때·곰팡이 관리가 어렵다면? 1인 가구 맞춤 욕실 청소, 셀프 vs 전문가 관리 현명하게 고르는 법",1인 가구 욕실 청소 비교｜좁은 욕실 관리,1인 가구 욕실 청소,비교형,products-general,no,8.4,A,HIGH,APPLIED,"A등급 재판정: score 8.4, 대표 키워드+의도 포함, 충돌 없음"
160,2026-08-07-safety-auto-a9b07e,https://honsamnote.co.kr/blog/2026-08-07-safety-auto-a9b07e/,"혼자 사는 당신, 우리 집 말고 다른 곳에서 건물 전체 화재 경보기가 울릴 때: 당황하지 않고 안전하게 상황을 판단하고 대피하는 현실적인 방법",건물화재경보기 기준｜화재경보,건물화재경보기,판단형,fire-prevention,no,8.4,A,HIGH,APPLIED,"A등급 재판정: score 8.4, 대표 키워드+의도 포함, 충돌 없음"
161,2026-08-09-products-auto-7bf3a6,https://honsamnote.co.kr/blog/2026-08-09-products-auto-7bf3a6/,"혼자 사는 직장인, 좁은 집에서도 나만의 영화관을 만들고 싶다면? 미니 빔 프로젝터 vs 스마트 TV, 내게 맞는 최적의 선택은?",1인 가구 엔터테인먼트 비교｜미니 빔 프로젝터,1인 가구 엔터테인먼트,비교형,products-general,no,8.4,C,LOW,HOLD(C),role-split candidate — 제목에 서로 다른 검색의도/주제가 섞여 있어 보임(자동 분리하지 않음)
162,2026-08-11-lifestyle-auto-0f05f0,https://honsamnote.co.kr/blog/2026-08-11-lifestyle-auto-0f05f0/,"혼자 사는 직장인, 친구들 라이프스타일 달라져 '관계 정체기'를 겪는다면? 나만의 다층적 사회생활 구축으로 활력 찾는 법",혼자 사는 직장인 친구 관계 알아보기｜사회적 고립감 해소,혼자 사는 직장인 친구 관계,질문형,loneliness-isolation,no,8.4,A,HIGH,APPLIED,"A등급 재판정: score 8.4, 대표 키워드+의도 포함, 충돌 없음"
163,2026-08-11-products-auto-3a0a24,https://honsamnote.co.kr/blog/2026-08-11-products-auto-3a0a24/,"혼자 사는 직장인, 좁은 집에서 부피 큰 이불 빨래가 막막하다면? 코인 세탁소 vs 전문 업체, 내게 맞는 최적의 선택은?",1인 가구 이불 빨래 비교｜부피 큰 이불 세탁,1인 가구 이불 빨래,비교형,products-general,no,8.4,C,LOW,HOLD(C),role-split candidate — 제목에 서로 다른 검색의도/주제가 섞여 있어 보임(자동 분리하지 않음)
164,2026-08-12-products-auto-74d817,https://honsamnote.co.kr/blog/2026-08-12-products-auto-74d817/,"혼자 사는 직장인, 냉난방비 아끼고 쾌적한 실내 공기? 서큘레이터 vs. 선풍기, 나에게 딱 맞는 선택은?",1인 가구 냉난방 비교｜서큘레이터,1인 가구 냉난방,비교형,products-general,no,8.4,C,LOW,HOLD(C),role-split candidate — 제목에 서로 다른 검색의도/주제가 섞여 있어 보임(자동 분리하지 않음)
165,2026-08-13-products-auto-8b83e4,https://honsamnote.co.kr/blog/2026-08-13-products-auto-8b83e4/,"혼자 사는 직장인, 퇴근 후 현관문 앞에서 열쇠 잃어버렸거나 도어락 고장났다면? 1인 가구 긴급 문 개방/수리, 현명하게 대처하는 법",도어락 수리 방법｜열쇠 개방,도어락 수리,방법형,products-general,no,8.4,A,HIGH,APPLIED,"A등급 재판정: score 8.4, 대표 키워드+의도 포함, 충돌 없음"
166,2026-08-13-products-auto-ae3976,https://honsamnote.co.kr/blog/2026-08-13-products-auto-ae3976/,"혼자 사는 직장인, 옆집 소음에 잠 못 이루거나 내 소음이 혹시 피해줄까 불안하다면? 1인 가구 맞춤 층간/벽간 소음 해결, 이 3단계로 조용하고 편안한 나만의 공간 만들기!",1인 가구 소음 알아보기｜층간 소음 해결,1인 가구 소음,질문형,products-general,no,8.4,A,HIGH,APPLIED,"A등급 재판정: score 8.4, 대표 키워드+의도 포함, 충돌 없음"
167,2026-08-14-food-auto-78155f,https://honsamnote.co.kr/blog/2026-08-14-food-auto-78155f/,"혼자 사는 직장인, 빠르고 간편하게 단백질 챙기고 싶을 때: 참치캔 vs. 닭가슴살 통조림/팩 vs. 즉석 두부, 당신의 건강과 편리함을 위한 현명한 선택",1인 가구 단백질 비교｜참치캔,1인 가구 단백질,비교형,solo-meal-recipe,no,8.4,A,HIGH,APPLIED,"A등급 재판정: score 8.4, 대표 키워드+의도 포함, 충돌 없음"
168,2026-07-30-cleaning-30,https://honsamnote.co.kr/blog/2026-07-30-cleaning-30/,"바쁜 1인 가구 원룸, 매일 쌓이는 먼지? 근본적으로 줄이는 현실적인 생활 습관",원룸먼지 방법｜먼지줄이는방법,원룸먼지,방법형,cleaning-general,no,8.3,A,HIGH,APPLIED,"A등급 재판정: score 8.3, 대표 키워드+의도 포함, 충돌 없음"
169,2026-07-30-products-58,https://honsamnote.co.kr/blog/2026-07-30-products-58/,"퇴근 후 지친 1인 가구 직장인, 쌓여가는 먼지 속에서 해방! 청소대행 서비스, 현명하게 선택하는 법",1인 가구 청소 비용 정리｜청소대행 서비스,1인 가구 청소,비용형,cleaning-appliances,no,8.3,A,HIGH,APPLIED,"A등급 재판정: score 8.3, 대표 키워드+의도 포함, 충돌 없음"
170,2026-08-01-products-auto-29af64,https://honsamnote.co.kr/blog/2026-08-01-products-auto-29af64/,"혼자 사는 직장인, 잦은 이사에 목돈 부담? 가구 구독/렌탈, 우리 집에 맞는지 따져보는 3가지 기준",1인 가구 가구 구독 기준｜이사 가구,1인 가구 가구 구독,판단형,products-general,no,8.3,A,HIGH,APPLIED,"A등급 재판정: score 8.3, 대표 키워드+의도 포함, 충돌 없음"
171,2026-08-03-storage-auto-747118,https://honsamnote.co.kr/blog/2026-08-03-storage-auto-747118/,"1인 가구 직장인, 좁은 주방 '가끔 쓰는 소형 가전' 공간만 차지한다면? '이것'부터 확인하고 똑똑하게 수납하는 법",1인 가구 주방 정리 방법｜소형 가전 수납,1인 가구 주방 정리,방법형,kitchen-storage,no,8.3,A,HIGH,APPLIED,"A등급 재판정: score 8.3, 대표 키워드+의도 포함, 충돌 없음"
172,2026-08-06-food-auto-3a64d3,https://honsamnote.co.kr/blog/2026-08-06-food-auto-3a64d3/,"혼자 사는 직장인, 국/찌개 한 번 끓이면 일주일 내내 먹어야 할 때? 질리지 않고 맛있게 즐기는 현명한 대용량 조리 & 소분법",1인 가구 국 알아보기｜국 냉동,1인 가구 국,질문형,freeze-portion,no,8.3,A,HIGH,APPLIED,"A등급 재판정: score 8.3, 대표 키워드+의도 포함, 충돌 없음"
173,2026-08-06-food-auto-834b6e,https://honsamnote.co.kr/blog/2026-08-06-food-auto-834b6e/,"1인 가구 직장인, 냉동실 식재료 신선하게 오래 보관할 때: 진공포장기 vs. 지퍼백, 당신의 최적 선택 가이드",1인가구냉동 비교｜식재료신선보관,1인가구냉동,비교형,food-general,no,8.3,A,HIGH,APPLIED,"A등급 재판정: score 8.3, 대표 키워드+의도 포함, 충돌 없음"
174,2026-08-07-food-auto-18079e,https://honsamnote.co.kr/blog/2026-08-07-food-auto-18079e/,"혼자 사는 직장인, 퇴근 후 저녁 메뉴 고민될 때: 요리 vs. 배달 vs. 간편식, 당신의 피로도와 지갑을 위한 최적의 선택 가이드",1인 가구 저녁 비교｜혼밥 메뉴 고민,1인 가구 저녁,비교형,solo-meal-recipe,no,8.3,A,HIGH,APPLIED,"A등급 재판정: score 8.3, 대표 키워드+의도 포함, 충돌 없음"
175,2026-08-07-food-auto-78eff9,https://honsamnote.co.kr/blog/2026-08-07-food-auto-78eff9/,"혼밥 후 설거지 산더미에 지칠 때: 손 설거지 vs 미니 식기세척기, 당신의 시간과 노동력을 아껴줄 현명한 선택 가이드",1인 가구 식기세척기 비교｜미니 식기세척기,1인 가구 식기세척기,비교형,food-general,no,8.3,A,HIGH,APPLIED,"A등급 재판정: score 8.3, 대표 키워드+의도 포함, 충돌 없음"
176,2026-08-07-lifestyle-auto-c39ec1,https://honsamnote.co.kr/blog/2026-08-07-lifestyle-auto-c39ec1/,"혼자 사는 직장인, 딱히 할 일 없는 자유 시간에 '무의미한 스크롤링'에 지쳤다면? 만족감 높은 나만의 '틈새 활력' 루틴 만들기",1인 가구 시간 낭비 알아보기｜퇴근 후 무의미한 스크롤링,1인 가구 시간 낭비,질문형,daily-rhythm,no,8.3,A,HIGH,APPLIED,"A등급 재판정: score 8.3, 대표 키워드+의도 포함, 충돌 없음"
177,2026-08-07-products-auto-bd7178,https://honsamnote.co.kr/blog/2026-08-07-products-auto-bd7178/,"혼자 사는 직장인, 낯선 초인종 소리에 불안하다면? 1인 가구 스마트 도어벨, 현명하게 고르는 3가지 기준",스마트 도어벨 추천 기준｜택배 도난 방지,스마트 도어벨 추천,판단형,products-general,no,8.3,A,HIGH,APPLIED,"A등급 재판정: score 8.3, 대표 키워드+의도 포함, 충돌 없음"
178,2026-08-08-lifestyle-auto-dd0e67,https://honsamnote.co.kr/blog/2026-08-08-lifestyle-auto-dd0e67/,"혼자 사는 직장인, 퇴근 후 운동 루틴 잡기가 힘들다면? 홈트 앱 vs. 오프라인 그룹 운동, 나에게 맞는 선택 기준",1인 가구 운동 비교｜혼자 운동,1인 가구 운동,비교형,daily-rhythm,no,8.3,A,HIGH,APPLIED,"A등급 재판정: score 8.3, 대표 키워드+의도 포함, 충돌 없음"
179,2026-08-08-products-auto-57c503,https://honsamnote.co.kr/blog/2026-08-08-products-auto-57c503/,"혼자 사는 직장인, 퇴근 후 끈적한 바닥에 지쳤다면? 1인 가구 로봇 물걸레 청소기 vs 무선 전동 물걸레 청소기, 나에게 맞는 현명한 선택은?",1인 가구 청소 비교｜로봇 물걸레 청소기,1인 가구 청소,비교형,cleaning-appliances,no,8.3,C,LOW,HOLD(C),role-split candidate — 제목에 서로 다른 검색의도/주제가 섞여 있어 보임(자동 분리하지 않음)
180,2026-08-08-products-auto-a84bd7,https://honsamnote.co.kr/blog/2026-08-08-products-auto-a84bd7/,"혼자 사는 직장인, 퇴근 후 무거운 장바구니 대신? 1인 가구 온라인 장보기 서비스, 현명하게 고르고 알뜰하게 이용하는 법",혼자 장보기 방법｜온라인 식료품 배달,혼자 장보기,방법형,products-general,no,8.3,A,HIGH,APPLIED,"A등급 재판정: score 8.3, 대표 키워드+의도 포함, 충돌 없음"
181,2026-08-08-storage-auto-55b81f,https://honsamnote.co.kr/blog/2026-08-08-storage-auto-55b81f/,"1인 가구 직장인, 좁은 주방 '부피 큰 팬·냄비' 때문에 서랍 열기 무섭다면? '프라이팬 정리대 vs 서랍 디바이더 vs 스태킹' 현명하게 고르는 법 비교",1인 가구 주방 수납 비교｜프라이팬 정리,1인 가구 주방 수납,비교형,kitchen-storage,no,8.3,A,HIGH,APPLIED,"A등급 재판정: score 8.3, 대표 키워드+의도 포함, 충돌 없음"
182,2026-08-10-food-auto-0b9c15,https://honsamnote.co.kr/blog/2026-08-10-food-auto-0b9c15/,"혼자 사는 직장인, 매일 저녁 메뉴 고민 끝내고 싶을 때: 직접 요리 vs. 정기 구독 식사, 당신의 시간과 에너지를 위한 최적의 선택 가이드",혼자 사는 직장인 식사 비교｜저녁 메뉴 고민,혼자 사는 직장인 식사,비교형,solo-meal-recipe,no,8.3,A,HIGH,APPLIED,"A등급 재판정: score 8.3, 대표 키워드+의도 포함, 충돌 없음"
183,2026-08-13-products-auto-2cf601,https://honsamnote.co.kr/blog/2026-08-13-products-auto-2cf601/,"혼자 사는 직장인, 매번 번거로운 제모에 시간/돈 낭비 그만! 가정용 제모기 vs 전문 샵 레이저, 나에게 딱 맞는 선택은?",1인 가구 제모 비교｜제모기 추천,1인 가구 제모,비교형,products-general,no,8.3,A,HIGH,APPLIED,"A등급 재판정: score 8.3, 대표 키워드+의도 포함, 충돌 없음"
184,2026-08-01-safety-auto-b177af,https://honsamnote.co.kr/blog/2026-08-01-safety-auto-b177af/,"혼자 사는 당신, 갑자기 천장에서 물이 새거나 벽이 젖을 때 당황하지 않고 대처하는 방법",혼자 사는 집 누수 방법｜천장 물샘 대처,혼자 사는 집 누수,방법형,leak-accident,yes,8.2,A,HIGH,APPLIED,"A등급 재판정: score 8.2, 대표 키워드+의도 포함, 충돌 없음"
185,2026-08-06-lifestyle-auto-2e08db,https://honsamnote.co.kr/blog/2026-08-06-lifestyle-auto-2e08db/,"혼자 사는 직장인, 평일 연차나 공휴일에 생활 리듬이 무너진다면? 나만의 '갓생 휴일' 루틴으로 재정비하는 현실 가이드",생활 리듬 붕괴 알아보기｜평일 연차,생활 리듬 붕괴,질문형,daily-rhythm,no,8.2,A,HIGH,APPLIED,"A등급 재판정: score 8.2, 대표 키워드+의도 포함, 충돌 없음"
186,2026-08-08-food-auto-cfd186,https://honsamnote.co.kr/blog/2026-08-08-food-auto-cfd186/,"혼자 사는 직장인, 매일 쓰는 식용유: 만능 콩기름 vs. 건강 올리브유, 당신의 요리 스타일과 지갑을 위한 현명한 선택",식용유 고르는 법 비교｜올리브유 카놀라유 차이,식용유 고르는 법,비교형,ingredient-storage,no,8.2,A,HIGH,APPLIED,"A등급 재판정: score 8.2, 대표 키워드+의도 포함, 충돌 없음"
187,2026-08-09-lifestyle-auto-12d150,https://honsamnote.co.kr/blog/2026-08-09-lifestyle-auto-12d150/,"혼자 사는 직장인, 퇴근 후 아무도 간섭하지 않아 오히려 생활 리듬 잡기 어렵다면? 나만의 '일상 코어 루틴'으로 시간과 에너지를 최적화하는 법",1인 가구 생활 리듬 방법｜코어 루틴 만들기,1인 가구 생활 리듬,방법형,daily-rhythm,no,8.2,A,HIGH,APPLIED,"A등급 재판정: score 8.2, 대표 키워드+의도 포함, 충돌 없음"
188,2026-08-09-storage-auto-b05c4f,https://honsamnote.co.kr/blog/2026-08-09-storage-auto-b05c4f/,"1인 가구 직장인, 좁은 주방 '에어프라이어·블렌더' 때문에 조리대가 좁다면? '2단/3단 선반 vs 인출식 선반' 현명하게 고르는 법 비교",1인 가구 주방 수납 비교｜소형 가전 정리,1인 가구 주방 수납,비교형,kitchen-storage,no,8.2,A,HIGH,APPLIED,"A등급 재판정: score 8.2, 대표 키워드+의도 포함, 충돌 없음"
189,2026-08-11-cleaning-auto-1ad691,https://honsamnote.co.kr/blog/2026-08-11-cleaning-auto-1ad691/,"혼자 사는 당신, 샤워 후 왠지 모르게 피부가 간지럽다면? 샤워기 헤드 속 물때·세균, 딱 15분이면 새것처럼 깨끗하게!",샤워기 헤드 청소 알아보기｜샤워기 물때,샤워기 헤드 청소,질문형,bathroom-cleaning,no,8.2,A,HIGH,APPLIED,"A등급 재판정: score 8.2, 대표 키워드+의도 포함, 충돌 없음"
190,2026-08-11-food-auto-d47a0f,https://honsamnote.co.kr/blog/2026-08-11-food-auto-d47a0f/,"혼자 사는 직장인, 대용량으로 산 신선 과일·채소, 버릴까 말까? 신선도 낭비 없이 끝까지 알뜰하게 해치우는 현실적인 전략",1인 가구 식재료 알아보기｜대용량 과일,1인 가구 식재료,질문형,ingredient-storage,no,8.2,A,HIGH,APPLIED,"A등급 재판정: score 8.2, 대표 키워드+의도 포함, 충돌 없음"
191,2026-07-30-cost-2,https://honsamnote.co.kr/blog/2026-07-30-cost-2/,"혼자 사는 직장인, 예상치 못한 공과금 폭탄 피하는 전기·가스·수도 요금 절약 실전 가이드",전기세 줄이기 비용 정리｜가스비 절약,전기세 줄이기,비용형,gas-bill,yes,8.1,A,HIGH,APPLIED,"A등급 재판정: score 8.1, 대표 키워드+의도 포함, 충돌 없음"
192,2026-08-04-housing-auto-24e082,https://honsamnote.co.kr/blog/2026-08-04-housing-auto-24e082/,"혼자 사는 직장인, 빈집 걱정 이제 그만! 우리 집 지키는 스마트 홈CCTV vs 보안 서비스, 뭘 골라야 현명할까?",1인 가구 보안 비교｜스마트 홈CCTV,1인 가구 보안,비교형,housing-general,no,8.1,A,HIGH,APPLIED,"A등급 재판정: score 8.1, 대표 키워드+의도 포함, 충돌 없음"
193,2026-08-05-food-auto-1636b6,https://honsamnote.co.kr/blog/2026-08-05-food-auto-1636b6/,"혼자 사는 직장인, 직접 요리한 음식 식탁에 뒀거나 여러 번 데워 먹을 때: 배탈 없이 안전하게 먹을 현실적인 기준",1인 가구 음식 보관 기준｜직접 요리한 음식,1인 가구 음식 보관,판단형,food-general,no,8.1,A,HIGH,APPLIED,"A등급 재판정: score 8.1, 대표 키워드+의도 포함, 충돌 없음"
194,2026-08-06-cleaning-auto-96ff36,https://honsamnote.co.kr/blog/2026-08-06-cleaning-auto-96ff36/,"혼자 사는 당신, 새벽에 마주한 바퀴벌레? 1시간 만에 뿌리 뽑고 다시는 안 보는 현실 솔루션",혼자 사는 사람 바퀴벌레 알아보기｜원룸 바퀴벌레,혼자 사는 사람 바퀴벌레,질문형,cleaning-general,no,8.1,A,HIGH,APPLIED,"A등급 재판정: score 8.1, 대표 키워드+의도 포함, 충돌 없음"
195,2026-08-06-food-auto-993221,https://honsamnote.co.kr/blog/2026-08-06-food-auto-993221/,"혼자 사는 직장인, 요리의 깊은 맛, 육수·양념: 직접 만들까 vs. 시판 농축액·분말형 제품 쓸까? 당신의 시간과 입맛을 위한 현명한 선택",1인 가구 육수 비교｜혼자 요리 양념,1인 가구 육수,비교형,food-general,no,8.1,A,HIGH,APPLIED,"A등급 재판정: score 8.1, 대표 키워드+의도 포함, 충돌 없음"
196,2026-08-06-safety-auto-21374d,https://honsamnote.co.kr/blog/2026-08-06-safety-auto-21374d/,"혼자 사는 당신, 늦은 밤 위층/옆집 소음 때문에 잠 못 들 때: 감정 소모 없이 안전하게 대처하는 현실적인 방법",층간소음 대처 방법｜이웃소음 해결,층간소음 대처,방법형,safety-general,no,8.1,A,HIGH,APPLIED,"A등급 재판정: score 8.1, 대표 키워드+의도 포함, 충돌 없음"
197,2026-08-07-cleaning-auto-5100a8,https://honsamnote.co.kr/blog/2026-08-07-cleaning-auto-5100a8/,"혼자 사는 당신, '드라이클리닝 전용' 라벨 옷, 세탁소 없이 집에서 안전하게 세탁하는 현실 가이드",혼자 사는 세탁 비용 정리｜드라이클리닝 대체,혼자 사는 세탁,비용형,laundry-clothing,no,8.1,A,HIGH,APPLIED,"A등급 재판정: score 8.1, 대표 키워드+의도 포함, 충돌 없음"
198,2026-08-07-housing-auto-e33294,https://honsamnote.co.kr/blog/2026-08-07-housing-auto-e33294/,"혼자 사는 직장인, 입주 며칠 만에 새 집에서 누수 발견! 당황 말고 수리비 책임 따지고 해결하는 법",입주 하자 방법｜전월세 계약,입주 하자,방법형,lease-contract,no,8.1,A,HIGH,APPLIED,"A등급 재판정: score 8.1, 대표 키워드+의도 포함, 충돌 없음"
199,2026-08-07-safety-auto-eecdaa,https://honsamnote.co.kr/blog/2026-08-07-safety-auto-eecdaa/,"혼자 사는 당신, 집에서 응급상황 발생 시 119가 문을 열고 들어올 수 있게 대비할 때: 스마트 도어락 원격 개방 vs. 비상 키박스 공유, 나에게 맞는 선택은?",119_출동 비교｜혼자_살때_응급상황,119_출동,비교형,lock-security,no,8.1,A,HIGH,APPLIED,"A등급 재판정: score 8.1, 대표 키워드+의도 포함, 충돌 없음"
200,2026-08-08-safety-auto-be207d,https://honsamnote.co.kr/blog/2026-08-08-safety-auto-be207d/,"혼자 사는 당신, 집에서 원인 모를 이상한 냄새가 날 때: 위험 신호인지, 단순한 문제인지 판단하고 안전하게 대처하는 법",집 냄새 기준｜원인 모를 냄새,집 냄새,판단형,fire-prevention,no,8.1,A,HIGH,APPLIED,"A등급 재판정: score 8.1, 대표 키워드+의도 포함, 충돌 없음"
201,2026-08-11-cleaning-auto-983cbd,https://honsamnote.co.kr/blog/2026-08-11-cleaning-auto-983cbd/,"혼자 사는 당신, 샤워기 헤드 물줄기가 약하고 냄새난다고요? 딱 20분, 묵은 물때 싹 잡고 시원하게 되돌리는 현실 솔루션",샤워기 물줄기 약함 알아보기｜샤워기 냄새,샤워기 물줄기 약함,질문형,bathroom-cleaning,no,8.1,A,HIGH,APPLIED,"A등급 재판정: score 8.1, 대표 키워드+의도 포함, 충돌 없음"
202,2026-08-12-food-auto-8fffcc,https://honsamnote.co.kr/blog/2026-08-12-food-auto-8fffcc/,"혼자 사는 직장인, 요리한 음식 나눠 담을 때: 플라스틱 vs. 유리 vs. 실리콘, 당신의 냉장고와 건강을 위한 현명한 선택",1인 가구 음식 보관 비교｜음식 용기,1인 가구 음식 보관,비교형,food-general,no,8.1,A,HIGH,APPLIED,"A등급 재판정: score 8.1, 대표 키워드+의도 포함, 충돌 없음"
203,2026-08-13-cleaning-auto-7ef0d4,https://honsamnote.co.kr/blog/2026-08-13-cleaning-auto-7ef0d4/,"혼자 사는 당신, 퇴근 후 끈적이는 바닥 스트레스? 물걸레 vs 물걸레 청소포, 후회 없는 선택 기준",바닥청소 추천 비교｜물걸레 청소법,바닥청소 추천,비교형,cleaning-general,no,8.1,A,HIGH,APPLIED,"A등급 재판정: score 8.1, 대표 키워드+의도 포함, 충돌 없음"
204,2026-08-13-food-auto-4b3fa7,https://honsamnote.co.kr/blog/2026-08-13-food-auto-4b3fa7/,"혼자 사는 직장인, 매일 건강한 과일 챙겨 먹고 싶을 때: 신선 베리 vs. 냉동 베리, 당신의 지갑과 편리함을 위한 현명한 선택",1인 가구 과일 비교｜신선 베리,1인 가구 과일,비교형,ingredient-storage,no,8.1,A,HIGH,APPLIED,"A등급 재판정: score 8.1, 대표 키워드+의도 포함, 충돌 없음"
205,2026-08-14-cleaning-auto-b4a47e,https://honsamnote.co.kr/blog/2026-08-14-cleaning-auto-b4a47e/,"혼자 사는 당신, 청소해도 쌓이는 먼지와 답답한 공기? 딱 30분, 쾌적하고 깔끔한 집 만드는 현실적인 먼지 제거 및 환기 루틴",1인 가구 청소 알아보기｜먼지 제거,1인 가구 청소,질문형,cleaning-general,no,8.1,A,HIGH,APPLIED,"A등급 재판정: score 8.1, 대표 키워드+의도 포함, 충돌 없음"
206,2026-08-14-food-auto-950e9e,https://honsamnote.co.kr/blog/2026-08-14-food-auto-950e9e/,"혼자 사는 직장인, 팬트리 속 '말린 식재료' (미역, 다시마, 표고버섯 등), 언제까지, 어떻게 보관해야 할까? 맛과 건강 다 잡는 현실적인 관리법",혼밥러 말린 식재료 알아보기｜건조 식재료 보관,혼밥러 말린 식재료,질문형,ingredient-storage,no,8.1,A,HIGH,APPLIED,"A등급 재판정: score 8.1, 대표 키워드+의도 포함, 충돌 없음"
207,2026-07-30-food-12,https://honsamnote.co.kr/blog/2026-07-30-food-12/,"혼자 사는 당신, 냉장고 속 남은 음식 버릴지 말지 망설일 때, 안전하고 맛있게 활용하는 법",남은 음식 활용법 방법｜혼밥 식재료,남은 음식 활용법,방법형,food-waste,no,8,A,HIGH,APPLIED,"A등급 재판정: score 8.0, 대표 키워드+의도 포함, 충돌 없음"
208,2026-08-01-food-auto-0ac183,https://honsamnote.co.kr/blog/2026-08-01-food-auto-0ac183/,"혼자 사는 직장인, 반만 쓰고 남은 채소, 싱싱하게 다음 끼니까지 보관하는 현실적인 방법",남은 채소 보관 방법｜냉장고 야채,남은 채소 보관,방법형,food-waste,no,8,A,HIGH,APPLIED,"A등급 재판정: score 8.0, 대표 키워드+의도 포함, 충돌 없음"
209,2026-08-01-food-auto-6b8a79,https://honsamnote.co.kr/blog/2026-08-01-food-auto-6b8a79/,"1인 가구, 마트에서 '이거 살까 말까?' 망설일 때: 식재료 낭비 막는 현명한 구매 결정 가이드",1인 가구 식재료 기준｜혼자 살 때 마트,1인 가구 식재료,판단형,food-waste,no,8,A,HIGH,APPLIED,"A등급 재판정: score 8.0, 대표 키워드+의도 포함, 충돌 없음"
210,2026-08-05-cleaning-auto-b9c84f,https://honsamnote.co.kr/blog/2026-08-05-cleaning-auto-b9c84f/,"혼자 사는 당신, 답답한 원룸 창문 밖 뿌연 먼지와 물때? 딱 30분, 안전하게 시야 트는 초간단 청소법",1인 가구 창문 청소 알아보기｜원룸 창문 먼지,1인 가구 창문 청소,질문형,cleaning-tools-time,no,8,A,HIGH,APPLIED,"A등급 재판정: score 8.0, 대표 키워드+의도 포함, 충돌 없음"
211,2026-08-06-cleaning-auto-643cdf,https://honsamnote.co.kr/blog/2026-08-06-cleaning-auto-643cdf/,"혼자 사는 당신, 이사/대청소 후 버릴 곳 없는 가구·가전·매트리스? 10분 만에 깔끔하게 처리하는 현실 가이드",대형 폐기물 알아보기｜가구 버리기,대형 폐기물,질문형,cleaning-general,no,8,A,HIGH,APPLIED,"A등급 재판정: score 8.0, 대표 키워드+의도 포함, 충돌 없음"
212,2026-08-06-food-auto-36b7bb,https://honsamnote.co.kr/blog/2026-08-06-food-auto-36b7bb/,"1인 가구 직장인, 한 끼 요리 후 설거지 산더미에 지칠 때? 시간과 재료 낭비 줄이는 원팬·원팟 요리 전략",1인 가구 요리 알아보기｜혼밥 레시피,1인 가구 요리,질문형,food-waste,no,8,A,HIGH,APPLIED,"A등급 재판정: score 8.0, 대표 키워드+의도 포함, 충돌 없음"
213,2026-08-08-cleaning-auto-b16ac0,https://honsamnote.co.kr/blog/2026-08-08-cleaning-auto-b16ac0/,"혼자 사는 당신, 집에 밴 꿉꿉한 생활 냄새! 향으로 덮을까? 근본을 잡을까? 방향제·디퓨저 vs 공기청정기, 현명한 선택 기준",집안냄새제거 비교｜1인원룸냄새,집안냄새제거,비교형,cleaning-general,no,8,C,LOW,HOLD(C),role-split candidate — 제목에 서로 다른 검색의도/주제가 섞여 있어 보임(자동 분리하지 않음)
214,2026-08-08-food-auto-476c5f,https://honsamnote.co.kr/blog/2026-08-08-food-auto-476c5f/,"혼자 사는 직장인, 매일 밥하기 귀찮을 때: 직접 지어 냉동밥 vs. 즉석밥, 당신의 시간과 밥맛을 위한 현명한 선택",1인 가구 밥 비교｜냉동밥 만드는 법,1인 가구 밥,비교형,grocery-shopping,no,8,A,HIGH,APPLIED,"A등급 재판정: score 8.0, 대표 키워드+의도 포함, 충돌 없음"
215,2026-08-09-cleaning-auto-c10b6d,https://honsamnote.co.kr/blog/2026-08-09-cleaning-auto-c10b6d/,"혼자 사는 당신, 퇴근 후 끈적이는 바닥 청소 스트레스? 좁은 집 로봇 청소기 vs 무선 스틱 청소기, 후회 없는 선택 기준",로봇청소기 비교｜무선 스틱 청소기,로봇청소기,비교형,cleaning-general,no,8,A,HIGH,APPLIED,"A등급 재판정: score 8.0, 대표 키워드+의도 포함, 충돌 없음"
216,2026-08-09-cleaning-auto-e21eb5,https://honsamnote.co.kr/blog/2026-08-09-cleaning-auto-e21eb5/,"혼자 사는 당신, 잠자리가 꿉꿉하고 간지럽다면? 매트리스 위생, 딱 30분이면 충분합니다!",혼자 매트리스 청소 알아보기｜매트리스 관리법,혼자 매트리스 청소,질문형,odor-removal,no,8,A,HIGH,APPLIED,"A등급 재판정: score 8.0, 대표 키워드+의도 포함, 충돌 없음"
217,2026-08-12-cost-auto-b36efb,https://honsamnote.co.kr/blog/2026-08-12-cost-auto-b36efb/,"혼자 사는 직장인, 새 가구/가전 장만할 때마다 지갑 텅 비는 기분이라면? 새것 vs 중고 vs 렌탈, 후회 없는 선택 가이드",1인 가구 가구 비교｜중고 가구,1인 가구 가구,비교형,general-living-cost,no,8,A,HIGH,APPLIED,"A등급 재판정: score 8.0, 대표 키워드+의도 포함, 충돌 없음"
218,2026-08-01-food-auto-174113,https://honsamnote.co.kr/blog/2026-08-01-food-auto-174113/,"자주 장 볼까, 한 번에 살까? 1인 가구 직장인, 시간과 돈 아끼는 식재료 쇼핑 주기 최적화 가이드",1인 가구 식재료 알아보기｜장보기 주기,1인 가구 식재료,질문형,food-waste,no,7.9,A,HIGH,APPLIED,"A등급 재판정: score 7.9, 대표 키워드+의도 포함, 충돌 없음"
219,2026-08-01-food-auto-7f290f,https://honsamnote.co.kr/blog/2026-08-01-food-auto-7f290f/,"퇴근 후 요리 시간 아끼는 1인 가구 직장인, 미니 다지기 vs. 칼질: 당신의 손목과 시간을 위한 현명한 선택",1인 가구 요리 비교｜미니 다지기 추천,1인 가구 요리,비교형,food-general,no,7.9,A,HIGH,APPLIED,"A등급 재판정: score 7.9, 대표 키워드+의도 포함, 충돌 없음"
220,2026-08-04-cleaning-auto-99cb94,https://honsamnote.co.kr/blog/2026-08-04-cleaning-auto-99cb94/,"혼자 사는 당신, 퇴근 후 끈적이는 바닥? 손 걸레질 vs 스팀 청소기, 후회 없는 선택 기준",1인 가구 바닥 청소 비교｜스팀 청소기 추천,1인 가구 바닥 청소,비교형,cleaning-general,no,7.9,A,HIGH,APPLIED,"A등급 재판정: score 7.9, 대표 키워드+의도 포함, 충돌 없음"
221,2026-08-06-lifestyle-auto-7d8463,https://honsamnote.co.kr/blog/2026-08-06-lifestyle-auto-7d8463/,"혼자 사는 직장인, 퇴근 후 적당한 외부 활동 찾기가 망설여진다면? 소규모 취미 클래스 vs. 단기 체험 모임, 나에게 맞는 선택 기준",퇴근 후 활동 비교｜소규모 취미,퇴근 후 활동,비교형,relationship-management,no,7.9,A,HIGH,APPLIED,"A등급 재판정: score 7.8, 대표 키워드+의도 포함, 충돌 없음"
222,2026-08-07-cleaning-auto-40f096,https://honsamnote.co.kr/blog/2026-08-07-cleaning-auto-40f096/,"혼자 사는 당신, 퇴근 후 쌓이는 집안일 부담? 가사도우미 vs. 직접 청소, 현명한 선택 기준",1인 가구 청소 비교｜가사 서비스,1인 가구 청소,비교형,cleaning-tools-time,no,7.9,A,HIGH,APPLIED,"A등급 재판정: score 7.9, 대표 키워드+의도 포함, 충돌 없음"
223,2026-08-08-food-auto-89f7c0,https://honsamnote.co.kr/blog/2026-08-08-food-auto-89f7c0/,"1인 가구 직장인, 쌀 한 포대 앞에서 망설일 때: 소량 팩 vs. 대용량, 아니면 즉석밥? 당신의 밥상과 지갑을 위한 최적의 선택",1인 가구 쌀 비교｜쌀 보관,1인 가구 쌀,비교형,food-general,no,7.9,A,HIGH,APPLIED,"A등급 재판정: score 7.9, 대표 키워드+의도 포함, 충돌 없음"
224,2026-08-10-lifestyle-auto-1dd1a3,https://honsamnote.co.kr/blog/2026-08-10-lifestyle-auto-1dd1a3/,"혼자 사는 직장인, 혹시 모를 상황에 대비한 긴급 연락처, 누구로 지정해야 할지 고민이라면? 나만의 스마트 비상 연락 시스템 구축 가이드",1인 가구 긴급 연락처 알아보기｜혼자 살 때 비상 연락망,1인 가구 긴급 연락처,질문형,relationship-management,no,7.9,A,HIGH,APPLIED,"A등급 재판정: score 7.8, 대표 키워드+의도 포함, 충돌 없음"
225,2026-08-12-cleaning-auto-868b91,https://honsamnote.co.kr/blog/2026-08-12-cleaning-auto-868b91/,"혼자 사는 당신, 답답하고 칙칙한 유리창? 1시간 만에 밝고 시원하게 되돌리는 현실 솔루션",유리창 닦는법 알아보기｜창문 청소,유리창 닦는법,질문형,cleaning-general,no,7.9,A,HIGH,APPLIED,"A등급 재판정: score 7.9, 대표 키워드+의도 포함, 충돌 없음"
226,2026-07-30-housing-42,https://honsamnote.co.kr/blog/2026-07-30-housing-42/,"내 첫 원룸 계약, 퇴근 후 15분으로 손해 없이 똑똑하게 확인하는 법",원룸 계약 전 확인사항 방법｜혼자 살기,원룸 계약 전 확인사항,방법형,moving-prep,yes,7.8,A,MEDIUM,HOLD(MEDIUM),fact-check 위험 있는 글 — 제목 변경 보류(내용 검증 우선)
227,2026-07-31-cleaning-68,https://honsamnote.co.kr/blog/2026-07-31-cleaning-68/,"퇴근 후 발견한 화장실 날벌레, 하룻밤 만에 뿌리 뽑는 현실적인 초고속 퇴치법",화장실벌레 해결 방법｜날벌레없애는법,화장실벌레,문제해결형,bathroom-cleaning,no,7.8,A,HIGH,APPLIED,"A등급 재판정: score 7.8, 대표 키워드+의도 포함, 충돌 없음"
228,2026-08-06-food-auto-75ad3e,https://honsamnote.co.kr/blog/2026-08-06-food-auto-75ad3e/,"혼자 사는 직장인, 냉동실에 뭐가 있는지 맨날 까먹을 때? 식재료 낭비 막는 효율적인 정리와 관리법",1인 가구 냉동실 알아보기｜냉동식품 보관,1인 가구 냉동실,질문형,food-waste,no,7.8,A,HIGH,APPLIED,"A등급 재판정: score 7.8, 대표 키워드+의도 포함, 충돌 없음"
229,2026-08-07-food-auto-f5cf37,https://honsamnote.co.kr/blog/2026-08-07-food-auto-f5cf37/,"혼자 사는 직장인, 특정 요리가 당길 때: 원팩 밀키트 vs. 개별 소량 식재료 구매, 당신의 시간과 지갑을 위한 현명한 선택",1인 가구 밀키트 비교｜소량 식재료,1인 가구 밀키트,비교형,food-waste,no,7.8,A,HIGH,APPLIED,"A등급 재판정: score 7.8, 대표 키워드+의도 포함, 충돌 없음"
230,2026-08-10-storage-auto-48f5a4,https://honsamnote.co.kr/blog/2026-08-10-storage-auto-48f5a4/,"1인 가구 직장인, 좁은 주방 '수납 공간 잡아먹는' 주방 가전 때문에 고민이라면? '싱글 기능 vs 멀티 기능' 가전, 현명하게 고르는 법 비교",좁은주방 비교｜싱글기능가전,좁은주방,비교형,storage-general,no,7.8,A,HIGH,APPLIED,"A등급 재판정: score 7.8, 대표 키워드+의도 포함, 충돌 없음"
231,2026-08-14-storage-auto-fcf546,https://honsamnote.co.kr/blog/2026-08-14-storage-auto-fcf546/,"1인 가구 직장인, 좁은 주방 '넘쳐나는 텀블러·물병·도시락 통' 때문에 싱크대 문이 닫히지 않는다면? 깔끔하게 정리하고 위생적으로 쓰는 현실 수납법",텀블러 수납 알아보기｜물병 정리,텀블러 수납,질문형,kitchen-storage,no,7.8,C,LOW,HOLD(C),role-split candidate — 제목에 서로 다른 검색의도/주제가 섞여 있어 보임(자동 분리하지 않음)
232,2026-08-01-housing-auto-bd24e0,https://honsamnote.co.kr/blog/2026-08-01-housing-auto-bd24e0/,"혼자 사는 직장인, 늦은 밤 이웃 소음에 잠 못 들 때? 감정 소모 줄이고 똑똑하게 해결하는 순서",이웃 소음 해결 알아보기｜층간소음 대처,이웃 소음 해결,질문형,housing-general,no,7.7,A,HIGH,APPLIED,"A등급 재판정: score 7.7, 대표 키워드+의도 포함, 충돌 없음"
233,2026-08-07-safety-auto-7d0e1d,https://honsamnote.co.kr/blog/2026-08-07-safety-auto-7d0e1d/,"혼자 사는 당신, 쓰러지거나 의식 없을 때: 스마트 비상 연락 시스템 vs. 비상 키 공유, 어떤 대비책이 나에게 맞을까?",1인 가구 응급 비교｜혼자 살 때 안전,1인 가구 응급,비교형,safety-general,no,7.7,C,LOW,HOLD(C),role-split candidate — 제목에 서로 다른 검색의도/주제가 섞여 있어 보임(자동 분리하지 않음)
234,2026-08-08-housing-auto-fd6c09,https://honsamnote.co.kr/blog/2026-08-08-housing-auto-fd6c09/,"혼자 사는 직장인, 매년 겨울 외풍 때문에 난방비 폭탄 걱정이라면? 문풍지 vs 전문 시공, 내 돈 아끼는 현명한 선택 가이드",1인 가구 외풍 차단 비교｜난방비 절약,1인 가구 외풍 차단,비교형,housing-general,no,7.7,A,HIGH,APPLIED,"A등급 재판정: score 7.7, 대표 키워드+의도 포함, 충돌 없음"
235,2026-08-08-safety-auto-9834c4,https://honsamnote.co.kr/blog/2026-08-08-safety-auto-9834c4/,"혼자 사는 당신, 냉장고 속 식재료 유통기한 때문에 고민될 때: 식중독 걱정 없이 안전하게 관리하고 섭취하는 현실적인 방법",1인 가구 식재료 방법｜유통기한,1인 가구 식재료,방법형,safety-general,no,7.7,A,HIGH,APPLIED,"A등급 재판정: score 7.7, 대표 키워드+의도 포함, 충돌 없음"
236,2026-07-30-safety-38,https://honsamnote.co.kr/blog/2026-07-30-safety-38/,"퇴근 후 쌓이는 택배 송장, 개인정보 노출 없이 안전하게 버리는 확실한 방법",택배 개인정보 방법｜송장 처리,택배 개인정보,방법형,safety-general,no,7.6,A,HIGH,APPLIED,"A등급 재판정: score 7.6, 대표 키워드+의도 포함, 충돌 없음"
237,2026-08-05-housing-auto-7ef549,https://honsamnote.co.kr/blog/2026-08-05-housing-auto-7ef549/,"혼자 사는 직장인, 새집 인터넷·TV 가입! 통신 3사 vs 알뜰 결합 vs 지역 케이블, 내 돈 아끼는 현명한 선택 가이드",1인가구인터넷 비교｜통신3사,1인가구인터넷,비교형,housing-general,no,7.6,A,HIGH,APPLIED,"A등급 재판정: score 7.6, 대표 키워드+의도 포함, 충돌 없음"
238,2026-08-06-housing-auto-baef02,https://honsamnote.co.kr/blog/2026-08-06-housing-auto-baef02/,"혼자 사는 직장인, 집에 바퀴벌레가 출몰했다면? 당황 말고 내 돈 아끼며 완벽 박멸하는 법",바퀴벌레 퇴치 방법｜원룸 바퀴벌레,바퀴벌레 퇴치,방법형,management-fee,no,7.6,A,HIGH,APPLIED,"A등급 재판정: score 7.6, 대표 키워드+의도 포함, 충돌 없음"
239,2026-08-07-food-auto-bb56bf,https://honsamnote.co.kr/blog/2026-08-07-food-auto-bb56bf/,"혼자 사는 직장인, 냉장고 속 '조금 애매한 상태' 식재료, 버릴까 말까? 안전하게 판단하고 알뜰하게 활용하는 법",1인 가구 식재료 기준｜애매한 식재료,1인 가구 식재료,판단형,food-waste,no,7.6,A,HIGH,APPLIED,"A등급 재판정: score 7.6, 대표 키워드+의도 포함, 충돌 없음"
240,2026-08-09-housing-auto-1e381e,https://honsamnote.co.kr/blog/2026-08-09-housing-auto-1e381e/,"혼자 사는 직장인, 장기간 집 비울 때? 스마트 기기 vs 지인 vs 관리사무소, 뭘 믿어야 안심될까?",혼자 살 때 집 비우기 비교｜장기 부재 주택 관리,혼자 살 때 집 비우기,비교형,housing-general,no,7.6,C,LOW,HOLD(C),role-split candidate — 제목에 서로 다른 검색의도/주제가 섞여 있어 보임(자동 분리하지 않음)
241,2026-08-13-housing-auto-5aa38a,https://honsamnote.co.kr/blog/2026-08-13-housing-auto-5aa38a/,"혼자 사는 직장인, 택배 분실·도난 걱정으로 스트레스받지 마세요! 우리 집 현관 앞 택배 100% 안전하게 받는 현실적인 방법",혼자 사는 직장인 택배 방법｜택배 분실,혼자 사는 직장인 택배,방법형,housing-general,no,7.6,A,HIGH,APPLIED,"A등급 재판정: score 7.6, 대표 키워드+의도 포함, 충돌 없음"
242,2026-08-01-cost-auto-0d71f8,https://honsamnote.co.kr/blog/2026-08-01-cost-auto-0d71f8/,"혼자 사는 직장인, 배달 앱 유료 멤버십, 나에게 진짜 이득일까? 손익분기점 계산해 후회 없이 결정하는 법",1인 가구 배달 앱 방법｜배달비 아끼는 법,1인 가구 배달 앱,방법형,general-living-cost,no,7.5,A,MEDIUM,HOLD(MEDIUM),fact-check 위험 있는 글 — 제목 변경 보류(내용 검증 우선)
243,2026-08-01-cost-auto-4a41b3,https://honsamnote.co.kr/blog/2026-08-01-cost-auto-4a41b3/,"혼자 사는 직장인, 빨래 쌓일 때마다 한숨 나온다면? 코인 세탁방 vs. 미니 세탁기, 후회 없는 선택 가이드",1인 가구 세탁 비교｜코인빨래방,1인 가구 세탁,비교형,general-living-cost,no,7.5,A,MEDIUM,HOLD(MEDIUM),fact-check 위험 있는 글 — 제목 변경 보류(내용 검증 우선)
244,2026-08-06-cost-auto-e2088d,https://honsamnote.co.kr/blog/2026-08-06-cost-auto-e2088d/,"혼자 사는 직장인, 냉장고 속 '애매한' 남은 음식물, 버리기 아깝다면? 식비 절약하고 건강까지 챙기는 현명한 처리법",남은 음식물 처리 방법｜냉장고 정리,남은 음식물 처리,방법형,general-living-cost,no,7.5,A,HIGH,APPLIED,"A등급 재판정: score 7.5, 대표 키워드+의도 포함, 충돌 없음"
245,2026-08-07-storage-auto-2cdaeb,https://honsamnote.co.kr/blog/2026-08-07-storage-auto-2cdaeb/,"1인 가구 직장인, 좁은 현관 신발 더미에 발 걸린다면? '오픈형 vs 슬림형 신발장' 내게 맞는 선택 기준 비교",1인 가구 신발장 비교｜좁은 현관 신발 정리,1인 가구 신발장,비교형,entryway-storage,no,7.5,A,HIGH,APPLIED,"A등급 재판정: score 7.5, 대표 키워드+의도 포함, 충돌 없음"
246,2026-08-08-cleaning-auto-c188df,https://honsamnote.co.kr/blog/2026-08-08-cleaning-auto-c188df/,"혼자 사는 당신, 쓰고 남은 기름, 아무렇게나 버렸다간 큰코다쳐요! 폐식용유 깔끔하게 버리고 환경 지키는 현실 가이드",폐식용유 버리는 법 해결 방법｜음식물 기름 처리,폐식용유 버리는 법,문제해결형,kitchen-cleaning,no,7.5,A,HIGH,APPLIED,"A등급 재판정: score 7.5, 대표 키워드+의도 포함, 충돌 없음"
247,2026-08-08-cost-auto-770f4a,https://honsamnote.co.kr/blog/2026-08-08-cost-auto-770f4a/,"혼자 사는 직장인, 답답한 실내 공기, 어떻게 관리해야 할까? 공기청정기 vs 제습기 vs 환기, 내게 맞는 최적의 선택은?",1인 가구 공기청정기 비교｜원룸 제습기,1인 가구 공기청정기,비교형,general-living-cost,no,7.5,C,LOW,HOLD(C),role-split candidate — 제목에 서로 다른 검색의도/주제가 섞여 있어 보임(자동 분리하지 않음)
248,2026-08-08-safety-auto-55b509,https://honsamnote.co.kr/blog/2026-08-08-safety-auto-55b509/,"혼자 사는 당신, 작은 부상에도 덜컥 겁나는 순간: DIY 구급상자 vs. 시판 기성품, 나에게 맞는 선택은?",1인 가구 구급상자 비교｜DIY 구급상자,1인 가구 구급상자,비교형,safety-general,no,7.5,A,HIGH,APPLIED,"A등급 재판정: score 7.5, 대표 키워드+의도 포함, 충돌 없음"
249,2026-08-09-cost-auto-80b3c9,https://honsamnote.co.kr/blog/2026-08-09-cost-auto-80b3c9/,"혼자 사는 직장인, 매주 장보기 귀찮고 음식물 쓰레기 걱정된다면? 식료품 정기배송 vs 직접 장보기, 내게 맞는 최적의 선택은?",1인 가구 장보기 비교｜식료품 정기배송,1인 가구 장보기,비교형,general-living-cost,no,7.5,C,LOW,HOLD(C),role-split candidate — 제목에 서로 다른 검색의도/주제가 섞여 있어 보임(자동 분리하지 않음)
250,2026-08-09-storage-auto-897697,https://honsamnote.co.kr/blog/2026-08-09-storage-auto-897697/,"1인 가구 직장인, 갑자기 필요한 '공구' 때문에 좁은 집 서랍 뒤지다 지친다면? 필수 공구 깔끔하게 수납하고 바로 찾는 현실 가이드",1인 가구 공구 알아보기｜좁은 집 공구 수납,1인 가구 공구,질문형,appliance-layout,no,7.5,A,HIGH,APPLIED,"A등급 재판정: score 7.5, 대표 키워드+의도 포함, 충돌 없음"
251,2026-08-01-food-auto-7bc9dc,https://honsamnote.co.kr/blog/2026-08-01-food-auto-7bc9dc/,"1인 가구 직장인, 매일 밥 짓는 번거로움과 햇반의 지갑 압박 사이: 미니 밥솥 vs. 즉석밥, 당신의 최적 선택 가이드",1인 가구 밥 비교｜미니 밥솥,1인 가구 밥,비교형,solo-cooking-tips,no,7.4,A,HIGH,APPLIED,"A등급 재판정: score 7.4, 대표 키워드+의도 포함, 충돌 없음"
252,2026-08-05-cost-auto-e4ec33,https://honsamnote.co.kr/blog/2026-08-05-cost-auto-e4ec33/,"혼자 사는 직장인, 매달 쓰레기 봉투값도 아깝다면? 생활 폐기물 비용 줄이고 버리는 스트레스 없애는 법",1인 가구 쓰레기 비용 정리｜쓰레기봉투 가격,1인 가구 쓰레기,비용형,general-living-cost,no,7.4,A,MEDIUM,HOLD(MEDIUM),fact-check 위험 있는 글 — 제목 변경 보류(내용 검증 우선)
253,2026-08-06-food-auto-dea971,https://honsamnote.co.kr/blog/2026-08-06-food-auto-dea971/,"혼자 사는 직장인, 신선 채소 한 팩 앞에서 망설일 때: 버리지 않고 끝까지 신선하게 즐기는 현실적인 구매부터 소비 전략",1인 가구 채소 해결 방법｜혼자 채소 보관,1인 가구 채소,문제해결형,food-waste,no,7.4,A,HIGH,APPLIED,"A등급 재판정: score 7.4, 대표 키워드+의도 포함, 충돌 없음"
254,2026-08-13-cleaning-auto-545cef,https://honsamnote.co.kr/blog/2026-08-13-cleaning-auto-545cef/,"혼자 사는 당신, 자취방에 쌓인 못 쓰는 가구와 가전, 어떻게 버려야 할지 막막하다고? 딱 15분, 골치 아픈 대형 폐기물 스마트하게 처리하는 현실 가이드",대형 폐기물 처리 기준｜소형 가전 버리기,대형 폐기물 처리,판단형,trash-disposal,no,7.4,A,HIGH,APPLIED,"A등급 재판정: score 7.4, 대표 키워드+의도 포함, 충돌 없음"
255,2026-08-14-safety-auto-2f3ee3,https://honsamnote.co.kr/blog/2026-08-14-safety-auto-2f3ee3/,"혼자 사는 당신, 겨울철 강추위에 갑자기 수도 동파가 걱정될 때: 당황하지 않고 예방하고 대처하는 현실적인 방법",동파예방 방법｜수도관동파,동파예방,방법형,safety-general,no,7.4,A,HIGH,APPLIED,"A등급 재판정: score 7.3, 대표 키워드+의도 포함, 충돌 없음"
256,2026-08-01-safety-auto-909169,https://honsamnote.co.kr/blog/2026-08-01-safety-auto-909169/,"혼자 사는 당신, 퇴근 후 문이 잠겼을 때? 열쇠 분실 대비, 현명한 선택 가이드",문 잠겼을 때 비용 정리｜열쇠 잃어버렸을 때,문 잠겼을 때,비용형,lock-security,no,7.3,A,HIGH,APPLIED,"A등급 재판정: score 7.3, 대표 키워드+의도 포함, 충돌 없음"
257,2026-08-01-safety-auto-c574d6,https://honsamnote.co.kr/blog/2026-08-01-safety-auto-c574d6/,"혼자 사는 당신, 외부 침입 대비할 때? 스마트 도어벨 vs. 가정용 CCTV, 나에게 맞는 현관 보안은?",스마트 도어벨 비교｜가정용 CCTV,스마트 도어벨,비교형,lock-security,no,7.3,C,LOW,HOLD(C),role-split candidate — 제목에 서로 다른 검색의도/주제가 섞여 있어 보임(자동 분리하지 않음)
258,2026-08-03-storage-auto-9015de,https://honsamnote.co.kr/blog/2026-08-03-storage-auto-9015de/,"1인 가구 직장인, 필요한 작은 물건 찾다 시간 다 보낸다면? '숨은 아이템' 한 번에 찾아내는 현실 수납법",작은물건수납 알아보기｜케이블정리,작은물건수납,질문형,storage-general,no,7.3,A,HIGH,APPLIED,"A등급 재판정: score 7.3, 대표 키워드+의도 포함, 충돌 없음"
259,2026-08-04-cost-auto-dac7b3,https://honsamnote.co.kr/blog/2026-08-04-cost-auto-dac7b3/,"혼자 사는 직장인, 건강 관리 돈 아끼려면? 헬스장 vs 홈트 vs 야외 운동, 내게 맞는 선택 기준 3가지",1인 가구 운동 비교｜헬스장 비용,1인 가구 운동,비교형,general-living-cost,no,7.3,A,MEDIUM,HOLD(MEDIUM),fact-check 위험 있는 글 — 제목 변경 보류(내용 검증 우선)
260,2026-08-05-safety-auto-9a8ad6,https://honsamnote.co.kr/blog/2026-08-05-safety-auto-9a8ad6/,"혼자 사는 당신, 퇴근 후 안전하게 택배를 받을 때? 스마트 무인 택배함 vs. 문 앞 비대면 배송, 나에게 맞는 선택은?",1인 가구 택배 비교｜무인 택배함 장단점,1인 가구 택배,비교형,lock-security,no,7.3,C,LOW,HOLD(C),role-split candidate — 제목에 서로 다른 검색의도/주제가 섞여 있어 보임(자동 분리하지 않음)
261,2026-08-11-cost-auto-ff0274,https://honsamnote.co.kr/blog/2026-08-11-cost-auto-ff0274/,"혼자 사는 직장인, 매번 휴지·키친타월 살 때마다 후회된다면? 대용량 vs 소량, 현명한 선택 가이드",1인 가구 휴지 비교｜키친타월 구매,1인 가구 휴지,비교형,general-living-cost,no,7.3,A,MEDIUM,HOLD(MEDIUM),fact-check 위험 있는 글 — 제목 변경 보류(내용 검증 우선)
262,2026-08-14-storage-auto-8ede60,https://honsamnote.co.kr/blog/2026-08-14-storage-auto-8ede60/,"1인 가구 직장인, 좁은 주방 ‘열린 과자봉지·애매한 식재료’ 때문에 조리대가 엉망이라면? 밀폐 용기 vs 집게/클립, 내게 맞는 선택 기준 비교",좁은주방 비교｜식재료수납,좁은주방,비교형,storage-general,no,7.3,A,HIGH,APPLIED,"A등급 재판정: score 7.3, 대표 키워드+의도 포함, 충돌 없음"
263,2026-07-30-cost-5,https://honsamnote.co.kr/blog/2026-07-30-cost-5/,"바쁜 1인 가구 직장인, 매달 새는 돈 막으려면? 잠든 구독 서비스 깨끗하게 정리하는 3단계",구독서비스 정리 방법｜넷플릭스 해지,구독서비스 정리,방법형,subscription-cost,yes,7.2,A,MEDIUM,HOLD(MEDIUM),fact-check 위험 있는 글 — 제목 변경 보류(내용 검증 우선)
264,2026-07-30-cost-7,https://honsamnote.co.kr/blog/2026-07-30-cost-7/,혼자 사는데 왜 이렇게 비싸지? 관리비 내역 파헤쳐 불필요한 지출 줄이는 법,관리비 절약 알아보기｜관리비 줄이는 법,관리비 절약,질문형,cost-general,no,7.2,A,HIGH,APPLIED,"A등급 재판정: score 7.2, 대표 키워드+의도 포함, 충돌 없음"
265,2026-07-30-storage-17,https://honsamnote.co.kr/blog/2026-07-30-storage-17/,"직장인 원룸러, 좁은 집도 넓게 쓰는 '침실-거실' 공간분리 현실 가이드",원룸 침실 분리 해결 방법｜원룸 거실 분리,원룸 침실 분리,문제해결형,appliance-layout,yes,7.2,A,HIGH,APPLIED,"A등급 재판정: score 7.2, 대표 키워드+의도 포함, 충돌 없음"
266,2026-08-07-cost-auto-431981,https://honsamnote.co.kr/blog/2026-08-07-cost-auto-431981/,"혼자 사는 직장인, 덥고 추울 때마다 전기요금 폭탄 걱정된다면? 숨은 전력 도둑 잡고 요금 확 줄이는 3단계 전략",1인 가구 전기요금 비용 정리｜전기세 절약,1인 가구 전기요금,비용형,electricity-bill,yes,7.2,A,MEDIUM,HOLD(MEDIUM),fact-check 위험 있는 글 — 제목 변경 보류(내용 검증 우선)
267,2026-07-30-storage-23,https://honsamnote.co.kr/blog/2026-07-30-storage-23/,"이사 앞둔 1인 가구, 버릴 물건에 발목 잡혔다면? 손해 없이 후회 없이 짐 줄이는 현실 가이드",1인 가구 이사 알아보기｜이사 짐 줄이기,1인 가구 이사,질문형,storage-general,no,7.1,A,HIGH,APPLIED,"A등급 재판정: score 7.1, 대표 키워드+의도 포함, 충돌 없음"
268,2026-08-06-cost-auto-c59747,https://honsamnote.co.kr/blog/2026-08-06-cost-auto-c59747/,"혼자 사는 직장인, 밤마다 OTT 유목민이라면? 나에게 딱 맞는 구독 전략으로 매달 만원 아끼는 법",OTT 구독료 줄이기 비용 정리｜넷플릭스 요금,OTT 구독료 줄이기,비용형,general-living-cost,no,7.1,A,MEDIUM,HOLD(MEDIUM),fact-check 위험 있는 글 — 제목 변경 보류(내용 검증 우선)
269,2026-08-06-cost-auto-cfda8d,https://honsamnote.co.kr/blog/2026-08-06-cost-auto-cfda8d/,"혼자 사는 직장인, 매일 마시는 커피값에 지갑이 텅 빈다면? 홈 카페 vs 외부 구매, 내게 맞는 경제적인 선택은?",1인 가구 커피 비교｜커피값 절약,1인 가구 커피,비교형,general-living-cost,no,7.1,C,LOW,HOLD(C),role-split candidate — 제목에 서로 다른 검색의도/주제가 섞여 있어 보임(자동 분리하지 않음)
270,2026-08-09-safety-auto-eb5e4c,https://honsamnote.co.kr/blog/2026-08-09-safety-auto-eb5e4c/,"혼자 사는 당신, 퇴근 후 현관문이 잠겨 집 못 들어갈 때: 당황하지 않고 안전하게 집으로 돌아가는 현실적인 방법",1인 가구 현관문 잠김 방법｜열쇠 분실 대처,1인 가구 현관문 잠김,방법형,lock-security,no,7.1,A,HIGH,APPLIED,"A등급 재판정: score 7.1, 대표 키워드+의도 포함, 충돌 없음"
271,2026-07-30-products-54,https://honsamnote.co.kr/blog/2026-07-30-products-54/,"바쁜 1인 가구, 남은 밥 버릴 걱정 없이 딱 맞는 전기밥솥 고르는 3가지 기준",1인 가구 전기밥솥 기준｜미니 밥솥,1인 가구 전기밥솥,판단형,kitchen-appliances,no,7,A,HIGH,APPLIED,"A등급 재판정: score 7.0, 대표 키워드+의도 포함, 충돌 없음"
272,2026-07-30-storage-19,https://honsamnote.co.kr/blog/2026-07-30-storage-19/,"1인 가구 직장인, 침대 밑 빈 공간에 짐 넣기 전 반드시 확인해야 할 3가지",침대밑수납 해결 방법｜원룸수납,침대밑수납,문제해결형,oneroom-storage,no,7,A,HIGH,APPLIED,"A등급 재판정: score 7.0, 대표 키워드+의도 포함, 충돌 없음"
273,2026-07-31-cleaning-79,https://honsamnote.co.kr/blog/2026-07-31-cleaning-79/,"주말 순삭하는 청소 지옥? 1인 가구, 정기 청소 vs 직접 청소 딱 맞는 답 찾는 법",1인 가구 청소 비교｜정기 청소서비스 비용,1인 가구 청소,비교형,cleaning-tools-time,no,7,A,HIGH,APPLIED,"A등급 재판정: score 7.0, 대표 키워드+의도 포함, 충돌 없음"
274,2026-08-01-cleaning-auto-48265b,https://honsamnote.co.kr/blog/2026-08-01-cleaning-auto-48265b/,"혼자 사는 당신, 퇴근 후 마주하는 음식물 쓰레기 냄새? 지금 당장 싹 잡고 깔끔하게 처리하는 법",1인 가구 음식물 쓰레기 방법｜음식물 쓰레기 냄새,1인 가구 음식물 쓰레기,방법형,odor-removal,no,7,A,HIGH,APPLIED,"A등급 재판정: score 7.0, 대표 키워드+의도 포함, 충돌 없음"
275,2026-08-01-cost-auto-8e14b1,https://honsamnote.co.kr/blog/2026-08-01-cost-auto-8e14b1/,"혼자 사는 직장인, 대용량 생필품/식료품, 사야 할까? 말아야 할까? 내게 맞는 구매 기준 3단계",1인 가구 대용량 비교｜혼자 살 때 장보기,1인 가구 대용량,비교형,general-living-cost,no,7,C,LOW,HOLD(C),role-split candidate — 제목에 서로 다른 검색의도/주제가 섞여 있어 보임(자동 분리하지 않음)
276,2026-08-01-food-auto-0f5d02,https://honsamnote.co.kr/blog/2026-08-01-food-auto-0f5d02/,"퇴근 후 지친 1인 가구 직장인, 오프라인 마트 vs. 온라인 장보기, 당신의 시간과 돈을 아껴줄 현명한 선택",1인 가구 장보기 비교｜온라인 장보기,1인 가구 장보기,비교형,grocery-shopping,no,7,A,HIGH,APPLIED,"A등급 재판정: score 7.0, 대표 키워드+의도 포함, 충돌 없음"
277,2026-08-01-food-auto-976f1b,https://honsamnote.co.kr/blog/2026-08-01-food-auto-976f1b/,"1인 가구, 명절 선물 식재료 너무 많을 때? 버리지 않고 알뜰하게 소비하는 현명한 계획 세우기",1인 가구 식재료 알아보기｜대용량 식재료,1인 가구 식재료,질문형,freeze-portion,no,7,A,HIGH,APPLIED,"A등급 재판정: score 6.9, 대표 키워드+의도 포함, 충돌 없음"
278,2026-08-01-products-auto-4d32dc,https://honsamnote.co.kr/blog/2026-08-01-products-auto-4d32dc/,"퇴근 후 쌓인 설거지, 스트레스받지 마세요! 1인 가구에 딱 맞는 식기세척기, 현명하게 고르는 법",1인 가구 식기세척기 방법｜미니 식기세척기,1인 가구 식기세척기,방법형,kitchen-appliances,no,7,A,HIGH,APPLIED,"A등급 재판정: score 7.0, 대표 키워드+의도 포함, 충돌 없음"
279,2026-08-01-products-auto-b433a0,https://honsamnote.co.kr/blog/2026-08-01-products-auto-b433a0/,"퇴근 후 설거지 산더미, 미니 식기세척기 1인 가구에겐 사치일까? 딱 맞는 모델 고르는 3가지 기준",1인 가구 식기세척기 기준｜미니 식기세척기,1인 가구 식기세척기,판단형,kitchen-appliances,no,7,A,HIGH,APPLIED,"A등급 재판정: score 7.0, 대표 키워드+의도 포함, 충돌 없음"
280,2026-08-03-housing-auto-5b4f05,https://honsamnote.co.kr/blog/2026-08-03-housing-auto-5b4f05/,"혼자 사는 직장인, 이사 당일 보증금 못 받을 위기? 당황 말고 내 돈 지키는 3단계 대처법",전월세 보증금 알아보기｜보증금 반환,전월세 보증금,질문형,deposit,no,7,A,MEDIUM,HOLD(MEDIUM),fact-check 위험 있는 글 — 제목 변경 보류(내용 검증 우선)
281,2026-08-04-food-auto-c6481a,https://honsamnote.co.kr/blog/2026-08-04-food-auto-c6481a/,"퇴근 후 장보기 번거로운 1인 가구 직장인, 식재료 구독 서비스 vs. 개별 구매: 당신의 시간과 지갑을 위한 최적의 선택",1인 가구 식재료 비교｜식재료 구독 서비스,1인 가구 식재료,비교형,grocery-shopping,no,7,A,HIGH,APPLIED,"A등급 재판정: score 7.0, 대표 키워드+의도 포함, 충돌 없음"
282,2026-08-06-cleaning-auto-530ba0,https://honsamnote.co.kr/blog/2026-08-06-cleaning-auto-530ba0/,"혼자 사는 당신, 세탁 후 어깨 뿔룩! 아끼던 옷 망치는 옷걸이 자국, 지금 당장 없애는 현실 팁",1인 가구 세탁 해결 방법｜옷걸이 자국,1인 가구 세탁,문제해결형,laundry-clothing,no,7,A,HIGH,APPLIED,"A등급 재판정: score 7.0, 대표 키워드+의도 포함, 충돌 없음"
283,2026-08-06-cleaning-auto-e80db8,https://honsamnote.co.kr/blog/2026-08-06-cleaning-auto-e80db8/,"혼자 사는 당신, 냄새나는 음식물 쓰레기, 버릴까? 말릴까? 음식물처리기 vs. 간편 배출, 현명한 선택 기준",음식물쓰레기 비교｜음식물처리기,음식물쓰레기,비교형,odor-removal,no,7,C,LOW,HOLD(C),role-split candidate — 제목에 서로 다른 검색의도/주제가 섞여 있어 보임(자동 분리하지 않음)
284,2026-08-06-cost-auto-515c77,https://honsamnote.co.kr/blog/2026-08-06-cost-auto-515c77/,"혼자 사는 직장인, 매년 이사 갈 때마다 막막하다면? 직접 vs 전문 이사 서비스, 후회 없는 결정 가이드",1인 가구 이사 비교｜이사 비용 줄이기,1인 가구 이사,비교형,general-living-cost,no,7,A,MEDIUM,HOLD(MEDIUM),fact-check 위험 있는 글 — 제목 변경 보류(내용 검증 우선)
285,2026-08-07-products-auto-e9e85e,https://honsamnote.co.kr/blog/2026-08-07-products-auto-e9e85e/,"혼자 사는 직장인, 소량 빨래나 속옷 손빨래 매번 번거롭다면? 1인 가구 미니 세탁기 vs. 손빨래, 나에게 딱 맞는 선택은?",1인 가구 미니 세탁기 비교｜소량 빨래,1인 가구 미니 세탁기,비교형,products-general,no,7,C,LOW,HOLD(C),role-split candidate — 제목에 서로 다른 검색의도/주제가 섞여 있어 보임(자동 분리하지 않음)
286,2026-08-08-cost-auto-65e819,https://honsamnote.co.kr/blog/2026-08-08-cost-auto-65e819/,"혼자 사는 직장인, 매일 점심값으로 새는 돈 아깝다면? 도시락 vs 배달 vs 구내식당/식당, 내게 맞는 최적의 점심 식사 전략",1인 가구 점심 비교｜점심 도시락,1인 가구 점심,비교형,general-living-cost,no,7,A,MEDIUM,HOLD(MEDIUM),fact-check 위험 있는 글 — 제목 변경 보류(내용 검증 우선)
287,2026-08-09-safety-auto-14bba7,https://honsamnote.co.kr/blog/2026-08-09-safety-auto-14bba7/,"혼자 사는 당신, 주방이나 콘센트에서 작은 불이 났을 때: 스프레이형 간이 소화기 vs. 일반 분말 소화기, 나에게 맞는 선택은?",1인 가구 화재 비교｜간이 소화기,1인 가구 화재,비교형,fire-prevention,no,7,C,LOW,HOLD(C),role-split candidate — 제목에 서로 다른 검색의도/주제가 섞여 있어 보임(자동 분리하지 않음)
288,2026-08-12-products-auto-6c6a4a,https://honsamnote.co.kr/blog/2026-08-12-products-auto-6c6a4a/,"혼자 사는 직장인, 퇴근 후 어두운 집, 굳이 불 켜러 가기 귀찮다면? 1인 가구 스마트 전구, 과연 나에게 필요한 최적의 선택일까?",스마트 전구 알아보기｜스마트홈 입문,스마트 전구,질문형,products-general,no,7,C,LOW,HOLD(C),role-split candidate — 제목에 서로 다른 검색의도/주제가 섞여 있어 보임(자동 분리하지 않음)
289,2026-07-30-lifestyle-61,https://honsamnote.co.kr/blog/2026-07-30-lifestyle-61/,"혼자 사는 직장인, 퇴근 후 찾아오는 쓸쓸함을 현명하게 다루는 3단계 루틴",1인 가구 외로움 해결 방법｜퇴근 후 쓸쓸함,1인 가구 외로움,문제해결형,loneliness-isolation,no,6.9,A,HIGH,APPLIED,"A등급 재판정: score 6.9, 대표 키워드+의도 포함, 충돌 없음"
290,2026-07-30-lifestyle-62,https://honsamnote.co.kr/blog/2026-07-30-lifestyle-62/,"퇴근 후 혼밥이 귀찮은 1인 가구, 매일 끼니 거르지 않고 건강 챙기는 현실적인 식사 루틴",1인 가구 식사 해결 방법｜끼니 거르지 않는 법,1인 가구 식사,문제해결형,daily-rhythm,no,6.9,A,HIGH,APPLIED,"A등급 재판정: score 6.9, 대표 키워드+의도 포함, 충돌 없음"
291,2026-07-30-lifestyle-63,https://honsamnote.co.kr/blog/2026-07-30-lifestyle-63/,"혼자 사는 직장인, 안부 연락 부담 줄이고 부모님 걱정 덜어드리는 스마트 안부 시스템 만들기",안부 연락 해결 방법｜부모님 안부,안부 연락,문제해결형,loneliness-isolation,no,6.9,A,HIGH,APPLIED,"A등급 재판정: score 6.9, 대표 키워드+의도 포함, 충돌 없음"
292,2026-07-30-lifestyle-64,https://honsamnote.co.kr/blog/2026-07-30-lifestyle-64/,"퇴근 후 무기력함에 지친 1인 가구 직장인, 잠들기 전 2시간으로 내일을 바꾸는 저녁 루틴",퇴근 후 시간 낭비 해결 방법｜무기력 극복,퇴근 후 시간 낭비,문제해결형,daily-rhythm,no,6.9,A,HIGH,APPLIED,"A등급 재판정: score 6.9, 대표 키워드+의도 포함, 충돌 없음"
293,2026-08-01-cost-auto-f9f9ca,https://honsamnote.co.kr/blog/2026-08-01-cost-auto-f9f9ca/,"혼자 사는 직장인, 냉장고 속 음식물 쓰레기 없이 식비 절반으로 줄이는 3단계 장보기 & 보관 전략",1인 가구 식비 해결 방법｜식재료 소분,1인 가구 식비,문제해결형,general-living-cost,no,6.9,A,HIGH,APPLIED,"A등급 재판정: score 6.9, 대표 키워드+의도 포함, 충돌 없음"
294,2026-08-01-lifestyle-auto-19ac88,https://honsamnote.co.kr/blog/2026-08-01-lifestyle-auto-19ac88/,"혼자 사는 직장인, 주말만 되면 흐트러지는 생활 리듬, 무너지지 않고 재정비하는 현실 가이드",1인 가구 주말 해결 방법｜생활 리듬 유지,1인 가구 주말,문제해결형,daily-rhythm,no,6.9,A,HIGH,APPLIED,"A등급 재판정: score 6.9, 대표 키워드+의도 포함, 충돌 없음"
295,2026-08-01-lifestyle-auto-a6f950,https://honsamnote.co.kr/blog/2026-08-01-lifestyle-auto-a6f950/,"혼자 사는 직장인, 경조사 챙기기가 막막하다면? 시간과 에너지를 아끼는 스마트 가이드",1인 가구 경조사 알아보기｜혼자 경조사,1인 가구 경조사,질문형,lifestyle-general,no,6.9,A,HIGH,APPLIED,"A등급 재판정: score 6.9, 대표 키워드+의도 포함, 충돌 없음"
296,2026-08-01-safety-auto-1a5c71,https://honsamnote.co.kr/blog/2026-08-01-safety-auto-1a5c71/,"혼자 사는 당신, 늦은 밤 현관문 비밀번호를 잊었거나 열쇠를 잃어버렸을 때 대처법",혼자 사는 집 문 잠김 해결 방법｜비밀번호 잊었을 때,혼자 사는 집 문 잠김,문제해결형,emergency-response,no,6.9,A,HIGH,APPLIED,"A등급 재판정: score 6.9, 대표 키워드+의도 포함, 충돌 없음"
297,2026-08-04-products-auto-db26cb,https://honsamnote.co.kr/blog/2026-08-04-products-auto-db26cb/,"혼자 사는 직장인, 퇴근 후 빠르고 맛있는 한 끼! 에어프라이어 vs 토스터 오븐, 우리 집에 맞는 건?",1인 가구 에어프라이어 비교｜간편 요리,1인 가구 에어프라이어,비교형,kitchen-appliances,no,6.9,A,HIGH,APPLIED,"A등급 재판정: score 6.9, 대표 키워드+의도 포함, 충돌 없음"
298,2026-08-05-cost-auto-9715f2,https://honsamnote.co.kr/blog/2026-08-05-cost-auto-9715f2/,"혼자 사는 직장인, 물값 매달 낭비 말고! 생수 vs. 정수기 vs. 필터, 내게 맞는 최적의 선택은?",1인 가구 물 비교｜생활비 줄이기,1인 가구 물,비교형,general-living-cost,no,6.9,A,MEDIUM,HOLD(MEDIUM),fact-check 위험 있는 글 — 제목 변경 보류(내용 검증 우선)
299,2026-08-06-housing-auto-849c13,https://honsamnote.co.kr/blog/2026-08-06-housing-auto-849c13/,"혼자 사는 직장인, 내 공간 꾸미고 싶은데 벽 손상 걱정될 때? 못 vs 무타공 인테리어, 현명하게 결정하는 법",1인 가구 인테리어 비교｜무타공 인테리어,1인 가구 인테리어,비교형,deposit,no,6.9,A,MEDIUM,HOLD(MEDIUM),fact-check 위험 있는 글 — 제목 변경 보류(내용 검증 우선)
300,2026-08-07-cleaning-auto-f340ae,https://honsamnote.co.kr/blog/2026-08-07-cleaning-auto-f340ae/,"혼자 사는 당신, 냉장고 속 '이것' 안 버리면 돈 낭비에 냄새까지! 20분 만에 새것처럼 비우고 정리하는 법",혼자사는직장인 냉장고 방법｜냉장고 냄새 제거,혼자사는직장인 냉장고,방법형,odor-removal,no,6.9,A,HIGH,APPLIED,"A등급 재판정: score 6.9, 대표 키워드+의도 포함, 충돌 없음"
301,2026-08-07-cost-auto-b1ff82,https://honsamnote.co.kr/blog/2026-08-07-cost-auto-b1ff82/,"혼자 사는 직장인, 매달 나가는 미용실 비용이 부담된다면? 저렴한 동네 미용실 vs 프랜차이즈 vs 셀프, 후회 없는 선택 가이드",1인 가구 미용실 비교｜헤어 커트 비용,1인 가구 미용실,비교형,general-living-cost,no,6.9,A,MEDIUM,HOLD(MEDIUM),fact-check 위험 있는 글 — 제목 변경 보류(내용 검증 우선)
302,2026-08-07-products-auto-0e769c,https://honsamnote.co.kr/blog/2026-08-07-products-auto-0e769c/,"혼자 사는 직장인, 좁은 주방 조리 기구 선택에 고민된다면? 1인 가구 인덕션 vs 휴대용 가스레인지, 내게 맞는 최적의 선택은?",1인 가구 인덕션 비교｜휴대용 가스레인지,1인 가구 인덕션,비교형,products-general,no,6.9,C,LOW,HOLD(C),role-split candidate — 제목에 서로 다른 검색의도/주제가 섞여 있어 보임(자동 분리하지 않음)
303,2026-08-13-food-auto-05f1fc,https://honsamnote.co.kr/blog/2026-08-13-food-auto-05f1fc/,"혼자 사는 직장인, 신선 채소는 썩히기 일쑤, 냉동 채소는 맛없을까 걱정될 때: 혼밥러를 위한 최적의 채소 선택 가이드",혼밥 채소 해결 방법｜냉동 채소 활용,혼밥 채소,문제해결형,food-waste,no,6.9,A,HIGH,APPLIED,"A등급 재판정: score 6.9, 대표 키워드+의도 포함, 충돌 없음"
304,2026-07-30-safety-40,https://honsamnote.co.kr/blog/2026-07-30-safety-40/,"해외여행/출장 떠나는 1인 가구, 집 비우기 전 잊지 말아야 할 안전 점검 순서",1인 가구 장기 부재 체크리스트｜집 비울 때,1인 가구 장기 부재,체크형,fire-prevention,no,6.8,A,HIGH,APPLIED,"A등급 재판정: score 6.8, 대표 키워드+의도 포함, 충돌 없음"
305,2026-08-01-housing-auto-e11fd3,https://honsamnote.co.kr/blog/2026-08-01-housing-auto-e11fd3/,"혼자 사는 직장인, 빈집 입주 가전·가구, 새것 vs 중고 vs 렌탈! 내 생활에 맞는 똑똑한 선택 가이드",1인 가구 가전 비교｜이사 준비,1인 가구 가전,비교형,moving-prep,no,6.8,A,MEDIUM,HOLD(MEDIUM),fact-check 위험 있는 글 — 제목 변경 보류(내용 검증 우선)
306,2026-08-01-housing-auto-e6f8ea,https://honsamnote.co.kr/blog/2026-08-01-housing-auto-e6f8ea/,"혼자 사는 직장인, 이사 갈 때 포장·반포장·용달 이사 중 뭘 고를까? 내 상황에 맞는 최적의 선택 가이드",1인 가구 이사 비용 정리｜이사 서비스 선택,1인 가구 이사,비용형,moving-prep,no,6.8,A,MEDIUM,HOLD(MEDIUM),fact-check 위험 있는 글 — 제목 변경 보류(내용 검증 우선)
307,2026-08-01-products-78,https://honsamnote.co.kr/blog/2026-08-01-products-78/,"퇴근 후 갓 지은 밥 한 그릇, 1인 가구에게 딱 맞는 밥솥 용량 효율적으로 고르는 법",1인용 밥솥 방법｜밥솥 용량,1인용 밥솥,방법형,kitchen-appliances,no,6.8,A,HIGH,APPLIED,"A등급 재판정: score 6.8, 대표 키워드+의도 포함, 충돌 없음"
308,2026-08-04-products-auto-d4b4c6,https://honsamnote.co.kr/blog/2026-08-04-products-auto-d4b4c6/,"혼자 사는 직장인, 좁은 원룸/오피스텔 공간 활용이 답답할 때! 1인 가구 다기능 가구, '이 3가지' 따져보고 고르세요",1인 가구 가구 해결 방법｜좁은 집 가구,1인 가구 가구,문제해결형,products-general,no,6.8,A,HIGH,APPLIED,"A등급 재판정: score 6.8, 대표 키워드+의도 포함, 충돌 없음"
309,2026-08-05-food-auto-c06744,https://honsamnote.co.kr/blog/2026-08-05-food-auto-c06744/,"1인 가구 직장인, 요리에 쓰고 남은 신선 허브, 시들기 전에 이렇게 하세요! 버리지 않고 오래 쓰는 보관법",신선 허브 보관 해결 방법｜허브 시들지 않게,신선 허브 보관,문제해결형,ingredient-storage,no,6.8,A,HIGH,APPLIED,"A등급 재판정: score 6.8, 대표 키워드+의도 포함, 충돌 없음"
310,2026-08-05-storage-auto-1764b0,https://honsamnote.co.kr/blog/2026-08-05-storage-auto-1764b0/,"1인 가구 직장인, 좁은 옷장 '꽉 찬 옷' 때문에 숨막힌다면? 옷걸이 하나라도 더 거는 현실 수납법",1인 가구 옷장 알아보기｜옷장 정리 팁,1인 가구 옷장,질문형,closet-clothing,no,6.8,A,HIGH,APPLIED,"A등급 재판정: score 6.8, 대표 키워드+의도 포함, 충돌 없음"
311,2026-08-06-food-auto-c5562a,https://honsamnote.co.kr/blog/2026-08-06-food-auto-c5562a/,"1인 가구 직장인, 달걀 한 판 앞에서 망설일 때: 신선도 낭비 없이 끝까지 알뜰하게 즐기는 구매부터 보관, 활용법",1인 가구 달걀 해결 방법｜달걀 보관법,1인 가구 달걀,문제해결형,ingredient-storage,no,6.8,A,HIGH,APPLIED,"A등급 재판정: score 6.8, 대표 키워드+의도 포함, 충돌 없음"
312,2026-08-06-food-auto-ef165d,https://honsamnote.co.kr/blog/2026-08-06-food-auto-ef165d/,"혼자 사는 직장인, 신선 채소·과일 소량 구매 어려울 때: 동네마트 vs. 온라인 새벽배송, 당신의 시간과 식비를 위한 현명한 선택",1인 가구 장보기 비교｜신선 채소 구매,1인 가구 장보기,비교형,grocery-shopping,no,6.8,A,HIGH,APPLIED,"A등급 재판정: score 6.8, 대표 키워드+의도 포함, 충돌 없음"
313,2026-08-06-storage-auto-239c0d,https://honsamnote.co.kr/blog/2026-08-06-storage-auto-239c0d/,"1인 가구 직장인, 좁은 원룸 쌓여가는 분리수거 쓰레기, 냄새 걱정 없이 깔끔하게 보관하는 현실 수납법",1인 가구 분리수거 해결 방법｜좁은 집 쓰레기,1인 가구 분리수거,문제해결형,oneroom-storage,no,6.8,A,HIGH,APPLIED,"A등급 재판정: score 6.8, 대표 키워드+의도 포함, 충돌 없음"
314,2026-08-07-food-auto-0e8387,https://honsamnote.co.kr/blog/2026-08-07-food-auto-0e8387/,"1인 가구 직장인, 혼자 시킨 배달 음식 한 끼에 다 못 먹을 때: 버리지 않고 다음 끼니까지 알뜰하게 즐기는 현실적인 전략",1인 가구 배달 음식 해결 방법｜배달음식 소분,1인 가구 배달 음식,문제해결형,food-waste,no,6.8,A,HIGH,APPLIED,"A등급 재판정: score 6.8, 대표 키워드+의도 포함, 충돌 없음"
315,2026-08-12-storage-auto-1aceff,https://honsamnote.co.kr/blog/2026-08-12-storage-auto-1aceff/,"1인 가구 직장인, 좁은 옷장 속 '애매한 부피의 가방과 모자' 때문에 정리하기 어렵다면? '전용 수납걸이/랙 vs 다용도 수납함/선반', 현명하게 고르는 법 비교",1인 가구 옷장 비교｜가방 정리,1인 가구 옷장,비교형,closet-clothing,no,6.8,A,HIGH,APPLIED,"A등급 재판정: score 6.8, 대표 키워드+의도 포함, 충돌 없음"
316,2026-08-14-cost-auto-304499,https://honsamnote.co.kr/blog/2026-08-14-cost-auto-304499/,"혼자 사는 직장인, 책 읽고 싶은데 매번 구매 비용 부담된다면? 도서관 vs. 전자책 구독 vs. 종이책 구매, 나에게 맞는 최적의 독서법은?",1인 가구 독서 비교｜책 비용 절약,1인 가구 독서,비교형,general-living-cost,no,6.8,C,LOW,HOLD(C),role-split candidate — 제목에 서로 다른 검색의도/주제가 섞여 있어 보임(자동 분리하지 않음)
317,2026-07-30-cost-3,https://honsamnote.co.kr/blog/2026-07-30-cost-3/,"혼자 사는 직장인, 통신비 월 2만원 아끼는 알뜰폰+인터넷 vs 3사 결합, 현명한 선택 가이드",1인 가구 통신비 비교｜알뜰폰 인터넷 결합,1인 가구 통신비,비교형,telecom-bill,yes,6.7,A,MEDIUM,HOLD(MEDIUM),fact-check 위험 있는 글 — 제목 변경 보류(내용 검증 우선)
318,2026-07-30-housing-69,https://honsamnote.co.kr/blog/2026-07-30-housing-69/,"한겨울 밤, 1인 가구 보일러 고장? 당황 말고 이 순서대로 대처하세요",보일러 고장 대처 알아보기｜보일러 수리,보일러 고장 대처,질문형,housing-general,no,6.7,A,HIGH,APPLIED,"A등급 재판정: score 6.7, 대표 키워드+의도 포함, 충돌 없음"
319,2026-08-06-food-auto-b02493,https://honsamnote.co.kr/blog/2026-08-06-food-auto-b02493/,"혼자 사는 직장인, 대용량 통조림·건면·소스 앞에서 망설일 때: 소량 팩 vs. 대용량, 당신의 시간과 지갑을 위한 최적의 선택",1인 가구 식재료 비교｜소량 팩,1인 가구 식재료,비교형,freeze-portion,no,6.7,A,HIGH,APPLIED,"A등급 재판정: score 6.7, 대표 키워드+의도 포함, 충돌 없음"
320,2026-08-06-housing-auto-1870eb,https://honsamnote.co.kr/blog/2026-08-06-housing-auto-1870eb/,"혼자 사는 직장인, 새 집 어디로 갈까? 빌라 vs 오피스텔 vs 아파트, 시간과 돈 아끼는 현명한 선택 가이드",혼자 사는 집 비교｜빌라 오피스텔 아파트 비교,혼자 사는 집,비교형,deposit,no,6.7,A,MEDIUM,HOLD(MEDIUM),fact-check 위험 있는 글 — 제목 변경 보류(내용 검증 우선)
321,2026-08-07-housing-auto-baa8f0,https://honsamnote.co.kr/blog/2026-08-07-housing-auto-baa8f0/,"혼자 사는 직장인, 습한 내 방에 곰팡이가 피었다면? 덮어두지 말고 원인 찾아 건강 지키는 현실 해결책",1인 가구 곰팡이 알아보기｜원룸 곰팡이,1인 가구 곰팡이,질문형,deposit,no,6.7,A,MEDIUM,HOLD(MEDIUM),fact-check 위험 있는 글 — 제목 변경 보류(내용 검증 우선)
322,2026-08-08-food-auto-0ac2e1,https://honsamnote.co.kr/blog/2026-08-08-food-auto-0ac2e1/,"혼자 사는 직장인, 밥 한 번 하면 너무 많고 매번 하긴 귀찮을 때: 갓 지은 밥처럼 즐기는 현실적인 보관과 활용법",1인 가구 밥 해결 방법｜밥 보관법,1인 가구 밥,문제해결형,ingredient-storage,no,6.7,A,HIGH,APPLIED,"A등급 재판정: score 6.7, 대표 키워드+의도 포함, 충돌 없음"
323,2026-08-08-products-auto-38bb22,https://honsamnote.co.kr/blog/2026-08-08-products-auto-38bb22/,"혼자 사는 직장인, 퇴근 후 설거지 산더미에 지쳤다면? 1인 가구 미니 식기세척기 vs 손설거지, 나에게 맞는 현명한 선택은?",1인 가구 식기세척기 비교｜미니 식기세척기,1인 가구 식기세척기,비교형,kitchen-appliances,no,6.7,C,LOW,HOLD(C),role-split candidate — 제목에 서로 다른 검색의도/주제가 섞여 있어 보임(자동 분리하지 않음)
324,2026-07-30-lifestyle-65,https://honsamnote.co.kr/blog/2026-07-30-lifestyle-65/,"혼자 사는 내가 갑자기 아플 때, 망설임 없이 도움을 요청하고 돌봐줄 사람 찾는 실전 가이드",1인 가구 아플 때 해결 방법｜혼자 살 때 아프면,1인 가구 아플 때,문제해결형,relationship-management,no,6.6,A,HIGH,APPLIED,"A등급 재판정: score 6.6, 대표 키워드+의도 포함, 충돌 없음"
325,2026-07-31-safety-73,https://honsamnote.co.kr/blog/2026-07-31-safety-73/,"혼자 사는 당신, 퇴근 후 갑자기 고열이 날 때 병원까지 안전하게 가는 현실적인 대처법",혼자 고열 해결 방법｜갑자기 아플 때,혼자 고열,문제해결형,emergency-response,no,6.6,A,HIGH,APPLIED,"A등급 재판정: score 6.6, 대표 키워드+의도 포함, 충돌 없음"
326,2026-08-01-lifestyle-auto-b13421,https://honsamnote.co.kr/blog/2026-08-01-lifestyle-auto-b13421/,"혼자 사는 직장인, 퇴근 후 나만의 커뮤니티 찾고 든든한 관계 맺는 현실 가이드",1인 가구 커뮤니티 해결 방법｜외로움 극복,1인 가구 커뮤니티,문제해결형,loneliness-isolation,no,6.6,A,HIGH,APPLIED,"A등급 재판정: score 6.6, 대표 키워드+의도 포함, 충돌 없음"
327,2026-08-01-products-auto-153ac4,https://honsamnote.co.kr/blog/2026-08-01-products-auto-153ac4/,"혼자 사는 직장인, 환기 어려운 집에 꿉꿉한 냄새가 밴다면? 1인 가구 공기 케어, 공기청정기 vs 제습기 현명하게 고르는 법",1인 가구 공기청정기 비교｜실내 공기질 관리,1인 가구 공기청정기,비교형,air-environment,no,6.6,A,HIGH,APPLIED,"A등급 재판정: score 6.6, 대표 키워드+의도 포함, 충돌 없음"
328,2026-08-06-housing-auto-1a9827,https://honsamnote.co.kr/blog/2026-08-06-housing-auto-1a9827/,"혼자 사는 직장인, 급하게 작은 짐 옮길 때? 카셰어링 탑차 vs 용달 서비스, 내 돈 아끼는 현명한 선택은?",1인 가구 이사 비교｜작은 짐 운반,1인 가구 이사,비교형,moving-prep,no,6.6,C,LOW,HOLD(C),role-split candidate — 제목에 서로 다른 검색의도/주제가 섞여 있어 보임(자동 분리하지 않음)
329,2026-08-07-food-auto-e08b8c,https://honsamnote.co.kr/blog/2026-08-07-food-auto-e08b8c/,"바쁜 1인 가구 직장인, 매일 요리 VS 냉동 간편식: 시간과 건강, 지갑까지 잡는 최적의 한 끼 가이드",1인 가구 식사 해결 방법｜냉동 간편식,1인 가구 식사,문제해결형,solo-meal-recipe,no,6.6,A,HIGH,APPLIED,"A등급 재판정: score 6.6, 대표 키워드+의도 포함, 충돌 없음"
330,2026-08-07-safety-auto-5a549d,https://honsamnote.co.kr/blog/2026-08-07-safety-auto-5a549d/,"혼자 사는 당신, 중요한 서류나 귀중품을 안전하게 보관할 때: 방화/방수 금고 vs. 보안 서류함, 나에게 맞는 선택은?",1인 가구 안전 비교｜중요 서류 보관,1인 가구 안전,비교형,fire-prevention,no,6.6,C,LOW,HOLD(C),role-split candidate — 제목에 서로 다른 검색의도/주제가 섞여 있어 보임(자동 분리하지 않음)
331,2026-08-08-products-auto-3477b8,https://honsamnote.co.kr/blog/2026-08-08-products-auto-3477b8/,"혼자 사는 직장인, 퇴근 후 좁은 집 공기가 답답하고 쾨쾨하다면? 1인 가구 맞춤 공기청정기, '이 3가지' 따져보고 고르세요!",1인 가구 공기청정기 방법｜좁은 집 공기,1인 가구 공기청정기,방법형,air-environment,no,6.6,A,HIGH,APPLIED,"A등급 재판정: score 6.6, 대표 키워드+의도 포함, 충돌 없음"
332,2026-08-11-safety-auto-197473,https://honsamnote.co.kr/blog/2026-08-11-safety-auto-197473/,"혼자 사는 당신, 집에서 넘어져 움직일 수 없을까 걱정될 때: 웨어러블 낙상 감지기 vs. 공간형 비접촉 센서, 나에게 맞는 안전 선택은?",1인 가구 낙상 비교｜낙상 감지기,1인 가구 낙상,비교형,emergency-response,no,6.6,A,MEDIUM,HOLD(MEDIUM),fact-check 위험 있는 글 — 제목 변경 보류(내용 검증 우선)
333,2026-07-30-food-11,https://honsamnote.co.kr/blog/2026-07-30-food-11/,"퇴근 후 지친 당신, 냉장고 식재료 썩히지 않고 알뜰하게 다 먹는 보관 기간 가이드",식재료보관기간 해결 방법｜냉장고정리,식재료보관기간,문제해결형,food-general,no,6.5,A,HIGH,APPLIED,"A등급 재판정: score 6.5, 대표 키워드+의도 포함, 충돌 없음"
334,2026-07-30-products-56,https://honsamnote.co.kr/blog/2026-07-30-products-56/,"빈집 걱정 끝! 1인 가구를 위한 가정용 보안카메라, 이 5가지만 보고 고르세요",1인 가구 보안 카메라 해결 방법｜가정용 보안 카메라 추천,1인 가구 보안 카메라,문제해결형,products-general,no,6.5,A,HIGH,APPLIED,"A등급 재판정: score 6.5, 대표 키워드+의도 포함, 충돌 없음"
335,2026-08-05-housing-auto-580e50,https://honsamnote.co.kr/blog/2026-08-05-housing-auto-580e50/,"혼자 사는 직장인, 반려동물 키우고 싶은데 계약 위반 걱정? 집주인과 현명하게 합의하는 3단계",원룸 반려동물 알아보기｜오피스텔 강아지,원룸 반려동물,질문형,lease-contract,no,6.5,A,MEDIUM,HOLD(MEDIUM),fact-check 위험 있는 글 — 제목 변경 보류(내용 검증 우선)
336,2026-08-05-housing-auto-f0090f,https://honsamnote.co.kr/blog/2026-08-05-housing-auto-f0090f/,"혼자 사는 직장인, 다음 집 어디로 갈까? 퇴근 후 짬 내서 내게 맞는 전월세집 똑똑하게 찾는 순서",혼자 사는 집 찾기 알아보기｜스마트 부동산 검색,혼자 사는 집 찾기,질문형,moving-prep,no,6.5,A,MEDIUM,HOLD(MEDIUM),fact-check 위험 있는 글 — 제목 변경 보류(내용 검증 우선)
337,2026-08-06-storage-auto-ddb1d8,https://honsamnote.co.kr/blog/2026-08-06-storage-auto-ddb1d8/,"1인 가구 직장인, 퇴근 후 던져놓는 지갑·열쇠·휴대폰… 잃어버리지 않고 깔끔하게 정리하는 현실 수납법",1인 가구 수납 해결 방법｜현관 정리,1인 가구 수납,문제해결형,oneroom-storage,no,6.5,A,HIGH,APPLIED,"A등급 재판정: score 6.5, 대표 키워드+의도 포함, 충돌 없음"
338,2026-08-07-housing-auto-0bc6a2,https://honsamnote.co.kr/blog/2026-08-07-housing-auto-0bc6a2/,"혼자 사는 직장인, 좁은 집 짐 처치 곤란? 셀프 스토리지 vs 비우기, 내 돈 아끼는 현명한 선택 가이드",1인 가구 짐 정리 비교｜셀프 스토리지 비용,1인 가구 짐 정리,비교형,moving-prep,no,6.5,A,MEDIUM,HOLD(MEDIUM),fact-check 위험 있는 글 — 제목 변경 보류(내용 검증 우선)
339,2026-08-08-safety-auto-2186aa,https://honsamnote.co.kr/blog/2026-08-08-safety-auto-2186aa/,"혼자 사는 당신, 응급상황 시 내 몸이 말 못 할 때? 비상 의료 정보 카드 vs. 스마트폰 응급 ID, 어떤 대비가 나에게 맞을까?",비상 의료 정보 카드 비교｜스마트폰 응급 ID,비상 의료 정보 카드,비교형,emergency-response,no,6.5,C,LOW,HOLD(C),role-split candidate — 제목에 서로 다른 검색의도/주제가 섞여 있어 보임(자동 분리하지 않음)
340,2026-08-12-housing-auto-f420ec,https://honsamnote.co.kr/blog/2026-08-12-housing-auto-f420ec/,"혼자 사는 직장인, 집주인이 몰래 문 따고 들어왔다면? 내 사생활과 보증금 지키는 똑똑한 대처법",집주인무단침입 알아보기｜임대차계약,집주인무단침입,질문형,deposit,no,6.5,A,MEDIUM,HOLD(MEDIUM),fact-check 위험 있는 글 — 제목 변경 보류(내용 검증 우선)
341,2026-08-06-lifestyle-auto-dd68b0,https://honsamnote.co.kr/blog/2026-08-06-lifestyle-auto-dd68b0/,"혼자 사는 직장인, 친구 커플/가족 모임 초대받았을 때 어색함 없이 즐기는 현실 가이드",커플 모임 해결 방법｜가족 모임,커플 모임,문제해결형,relationship-management,no,6.4,A,HIGH,APPLIED,"A등급 재판정: score 6.3, 대표 키워드+의도 포함, 충돌 없음"
342,2026-08-06-safety-auto-3d7ecc,https://honsamnote.co.kr/blog/2026-08-06-safety-auto-3d7ecc/,"혼자 사는 당신, 퇴근 후 현관문이 훼손되었거나 집안이 어수선할 때: 빈집털이 침입 의심 시 안전하게 대처하는 최우선 행동 수칙",1인 가구 안전 해결 방법｜빈집털이 대처,1인 가구 안전,문제해결형,lock-security,no,6.4,A,HIGH,APPLIED,"A등급 재판정: score 6.4, 대표 키워드+의도 포함, 충돌 없음"
343,2026-08-06-storage-auto-4e768a,https://honsamnote.co.kr/blog/2026-08-06-storage-auto-4e768a/,"1인 가구 직장인, '꽉 찬 옷장' 막막하다면? 내 옷에 맞춰 '선반 vs 서랍 vs 수납함' 최적 조합 찾는 현실 가이드",1인 가구 옷장 비교｜좁은 옷장 수납,1인 가구 옷장,비교형,closet-clothing,no,6.4,A,HIGH,APPLIED,"A등급 재판정: score 6.4, 대표 키워드+의도 포함, 충돌 없음"
344,2026-08-13-housing-auto-0fa740,https://honsamnote.co.kr/blog/2026-08-13-housing-auto-0fa740/,"혼자 사는 직장인, 보증금 떼일까 불안하다면? 전월세 보증보험 vs 셀프 대비, 내 돈 지키는 현명한 선택 가이드",혼자 사는 직장인 보증금 비교｜전월세 보증보험,혼자 사는 직장인 보증금,비교형,deposit,no,6.4,A,MEDIUM,HOLD(MEDIUM),fact-check 위험 있는 글 — 제목 변경 보류(내용 검증 우선)
345,2026-07-30-housing-48,https://honsamnote.co.kr/blog/2026-07-30-housing-48/,옵션 가전 고장 알아보기｜세입자 책임,옵션 가전 고장 해결 방법｜세입자 책임,옵션 가전 고장,문제해결형,lease-contract,yes,6.3,A,HIGH,APPLIED,"A등급 재판정: score 6.3, 대표 키워드+의도 포함, 충돌 없음"
346,2026-07-30-safety-35,https://honsamnote.co.kr/blog/2026-07-30-safety-35/,"혼자 사는 당신, 늦은 밤 퇴근 후 불안한 현관 보안 이대로 강화하세요",1인 가구 현관 보안 해결 방법｜현관문 잠금,1인 가구 현관 보안,문제해결형,lock-security,yes,6.3,A,HIGH,APPLIED,"A등급 재판정: score 6.3, 대표 키워드+의도 포함, 충돌 없음"
347,2026-08-06-housing-auto-5c27e6,https://honsamnote.co.kr/blog/2026-08-06-housing-auto-5c27e6/,"혼자 사는 직장인, 해외 파견/장기 출장 갈 때? 내 원룸 현명하게 단기 임대주고 돈 버는 법",혼자 사는 직장인 장기 출장 비용 정리｜원룸 단기 임대,혼자 사는 직장인 장기 출장,비용형,landlord-issues,no,6.3,A,MEDIUM,HOLD(MEDIUM),fact-check 위험 있는 글 — 제목 변경 보류(내용 검증 우선)
348,2026-08-09-food-auto-e39c1f,https://honsamnote.co.kr/blog/2026-08-09-food-auto-e39c1f/,"혼자 사는 직장인, 대용량 닭가슴살 앞에서 망설일 때: 버리지 않고 끝까지 촉촉하게 즐기는 구매부터 보관, 활용법",혼자 사는 직장인 닭가슴살 해결 방법｜대용량 닭가슴살 보관,혼자 사는 직장인 닭가슴살,문제해결형,solo-meal-recipe,no,6.3,A,HIGH,APPLIED,"A등급 재판정: score 6.3, 대표 키워드+의도 포함, 충돌 없음"
349,2026-08-14-products-auto-da7759,https://honsamnote.co.kr/blog/2026-08-14-products-auto-da7759/,"혼자 사는 직장인, 혹시 모를 사고에 내 보증금·월세 가구 지켜줄 '이 보험' 꼭 확인하세요!",1인 가구 화재보험 해결 방법｜월세집 보험,1인 가구 화재보험,문제해결형,products-general,no,6.3,A,HIGH,APPLIED,"A등급 재판정: score 6.3, 대표 키워드+의도 포함, 충돌 없음"
350,2026-08-03-housing-auto-f53851,https://honsamnote.co.kr/blog/2026-08-03-housing-auto-f53851/,"혼자 사는 직장인, 빈집 vs 풀옵션 원룸/오피스텔, 뭘 골라야 현명할까? 시간과 돈 아끼는 최적의 선택 가이드",1인 가구 주거 선택 비교｜풀옵션 원룸,1인 가구 주거 선택,비교형,lease-contract,no,6.2,A,MEDIUM,HOLD(MEDIUM),fact-check 위험 있는 글 — 제목 변경 보류(내용 검증 우선)
351,2026-08-04-lifestyle-auto-dabdf3,https://honsamnote.co.kr/blog/2026-08-04-lifestyle-auto-dabdf3/,"혼자 사는 직장인, 친구나 가족이 잠깐 머물겠다고 할 때, 내 공간 지키며 관계도 유지하는 현명한 대처법",1인 가구 방문객 해결 방법｜친구 재워주기,1인 가구 방문객,문제해결형,daily-rhythm,no,6.2,A,HIGH,APPLIED,"A등급 재판정: score 6.2, 대표 키워드+의도 포함, 충돌 없음"
352,2026-08-08-storage-auto-37bfb5,https://honsamnote.co.kr/blog/2026-08-08-storage-auto-37bfb5/,"1인 가구 직장인, 퇴근 후 외투·가방·모자 좁은 집 의자에 던져두고 쌓인다면? 깔끔하게 정리하고 다음 날 바로 쓰는 현실 수납법",1인 가구 외투 알아보기｜좁은 집 가방 수납,1인 가구 외투,질문형,entryway-storage,no,6.2,A,HIGH,APPLIED,"A등급 재판정: score 6.2, 대표 키워드+의도 포함, 충돌 없음"
353,2026-08-11-lifestyle-auto-90d3e2,https://honsamnote.co.kr/blog/2026-08-11-lifestyle-auto-90d3e2/,"혼자 사는 직장인, 밤샘 야근·늦은 약속 다음 날, 망가진 생활 리듬 최소 2시간 만에 되돌리는 법",생활 리듬 회복 해결 방법｜밤샘 야근 후,생활 리듬 회복,문제해결형,daily-rhythm,no,6.2,A,HIGH,APPLIED,"A등급 재판정: score 6.2, 대표 키워드+의도 포함, 충돌 없음"
354,2026-08-13-food-auto-f7b0fc,https://honsamnote.co.kr/blog/2026-08-13-food-auto-f7b0fc/,"혼자 사는 직장인, 대용량 장류(고추장, 된장, 간장) 앞에서 망설일 때: 냉장고 공간, 맛, 위생 다 잡는 현명한 구매부터 보관, 활용법",1인 가구 장류 해결 방법｜된장 보관법,1인 가구 장류,문제해결형,ingredient-storage,no,6.2,A,HIGH,APPLIED,"A등급 재판정: score 6.2, 대표 키워드+의도 포함, 충돌 없음"
355,2026-07-30-cost-70,https://honsamnote.co.kr/blog/2026-07-30-cost-70/,"혼자 사는 직장인, 갑자기 늘어난 수도요금: 숨은 누수 찾고 해결하는 실전 가이드",수도요금 폭탄 비용 정리｜누수,수도요금 폭탄,비용형,cost-general,no,6.1,A,HIGH,APPLIED,"A등급 재판정: score 6.0, 대표 키워드+의도 포함, 충돌 없음"
356,2026-08-04-housing-auto-cbaa3c,https://honsamnote.co.kr/blog/2026-08-04-housing-auto-cbaa3c/,"혼자 사는 직장인, 첫 집 계약 전세 vs 월세? 내 돈 아끼는 현명한 선택 가이드",전세 월세 장단점 비교｜첫 집 계약,전세 월세 장단점,비교형,housing-general,no,6.1,A,MEDIUM,HOLD(MEDIUM),fact-check 위험 있는 글 — 제목 변경 보류(내용 검증 우선)
357,2026-08-07-food-auto-9b0d72,https://honsamnote.co.kr/blog/2026-08-07-food-auto-9b0d72/,"혼자 사는 직장인, 좁은 주방에 꽉 찬 식료품 관리 어려울 때: 효율적인 '나만의 미니 팬트리' 만드는 현실적인 전략",혼자 사는 직장인 식재료 관리 해결 방법｜좁은 주방 수납,혼자 사는 직장인 식재료 관리,문제해결형,food-general,no,6.1,A,HIGH,APPLIED,"A등급 재판정: score 6.1, 대표 키워드+의도 포함, 충돌 없음"
358,2026-08-08-products-auto-b03456,https://honsamnote.co.kr/blog/2026-08-08-products-auto-b03456/,"혼자 사는 직장인, 밤중에 갑자기 나타난 해충에 소름 돋았다면? 1인 가구 맞춤 해충 방역, 셀프 vs 전문가 현명하게 결정하는 법",1인 가구 해충 비교｜바퀴벌레 셀프 퇴치,1인 가구 해충,비교형,safety-products,no,6.1,A,HIGH,APPLIED,"A등급 재판정: score 6.1, 대표 키워드+의도 포함, 충돌 없음"
359,2026-08-08-safety-auto-ee80c6,https://honsamnote.co.kr/blog/2026-08-08-safety-auto-ee80c6/,"혼자 사는 당신, 갑자기 천장이나 벽에서 물이 샐 때: 당황하지 않고 원인 파악부터 안전하게 대처하는 현실적인 방법",천장 누수 방법｜벽 누수,천장 누수,방법형,leak-accident,no,6.1,A,HIGH,APPLIED,"A등급 재판정: score 6.1, 대표 키워드+의도 포함, 충돌 없음"
360,2026-08-10-safety-auto-1af8f5,https://honsamnote.co.kr/blog/2026-08-10-safety-auto-1af8f5/,"혼자 사는 당신, 우리 집 바퀴벌레/쥐 발견했을 때: DIY 셀프 퇴치 vs. 전문 방역 서비스, 나에게 맞는 선택은?",1인 가구 해충 비교｜바퀴벌레 퇴치,1인 가구 해충,비교형,pest-control,no,6.1,A,HIGH,APPLIED,"A등급 재판정: score 6.1, 대표 키워드+의도 포함, 충돌 없음"
361,2026-08-11-food-auto-a86ad1,https://honsamnote.co.kr/blog/2026-08-11-food-auto-a86ad1/,"혼자 사는 직장인, 빵 한 팩 앞에서 망설일 때: 버리지 않고 끝까지 촉촉하게 즐기는 구매부터 보관, 활용법",혼자 빵 보관 해결 방법｜식빵 냉동,혼자 빵 보관,문제해결형,ingredient-storage,no,6.1,A,HIGH,APPLIED,"A등급 재판정: score 6.1, 대표 키워드+의도 포함, 충돌 없음"
362,2026-07-30-cleaning-25,https://honsamnote.co.kr/blog/2026-07-30-cleaning-25/,"퇴근 후 지친 1인 가구, 10분씩 쪼개서 끝내는 주간 청소 루틴",1인 가구 청소 루틴 해결 방법｜퇴근 후 청소,1인 가구 청소 루틴,문제해결형,cleaning-tools-time,yes,6,A,HIGH,APPLIED,"A등급 재판정: score 6.0, 대표 키워드+의도 포함, 충돌 없음"
363,2026-07-30-food-16,https://honsamnote.co.kr/blog/2026-07-30-food-16/,"퇴근 후 요리하는 1인 가구, 냄새 없이 음식물 쓰레기 줄이는 현실적인 루틴",음식물 쓰레기 처리 해결 방법｜음식물 쓰레기 줄이기,음식물 쓰레기 처리,문제해결형,food-waste,no,6,A,HIGH,APPLIED,"A등급 재판정: score 6.0, 대표 키워드+의도 포함, 충돌 없음"
364,2026-08-01-cost-auto-e9d2d3,https://honsamnote.co.kr/blog/2026-08-01-cost-auto-e9d2d3/,"혼자 사는 직장인, 새집 꾸밀 가전·가구, 사야 할까? 빌려야 할까? 후회 없는 결정 가이드",1인 가구 가전 알아보기｜가전 렌탈,1인 가구 가전,질문형,general-living-cost,no,6,C,LOW,HOLD(C),role-split candidate — 제목에 서로 다른 검색의도/주제가 섞여 있어 보임(자동 분리하지 않음)
365,2026-08-01-safety-auto-4f0708,https://honsamnote.co.kr/blog/2026-08-01-safety-auto-4f0708/,"혼자 사는 당신, 늦은 밤 갑자기 정전될 때? 당황하지 않고 안전하게 대처하는 현실적인 방법",1인 가구 정전 방법｜정전 대처법,1인 가구 정전,방법형,safety-general,no,6,B,MEDIUM,HOLD(B),대표 키워드가 원제목에 없어 새 제목이 원래 의미와 달라질 수 있음(추가 검토 필요)
366,2026-08-08-cost-auto-123a00,https://honsamnote.co.kr/blog/2026-08-08-cost-auto-123a00/,"혼자 사는 직장인, 매달 새는 통신비 아까울 때! 메이저 vs 알뜰폰, 내게 맞는 후회 없는 선택 가이드",통신비 아끼는 법 비교｜알뜰폰 추천,통신비 아끼는 법,비교형,telecom-bill,no,6,B,MEDIUM,HOLD(B),대표 키워드가 원제목에 없어 새 제목이 원래 의미와 달라질 수 있음(추가 검토 필요)
367,2026-08-08-housing-auto-8b0461,https://honsamnote.co.kr/blog/2026-08-08-housing-auto-8b0461/,"혼자 사는 직장인, 새집 입주 후 당황스러운 전기·가스·수도 명의 변경! 순서대로 해결하고 요금 폭탄 피하는 법",1인 가구 이사 비용 정리｜전기 명의 변경,1인 가구 이사,비용형,moving-prep,no,6,A,MEDIUM,HOLD(MEDIUM),fact-check 위험 있는 글 — 제목 변경 보류(내용 검증 우선)
368,2026-08-10-food-auto-b034b3,https://honsamnote.co.kr/blog/2026-08-10-food-auto-b034b3/,"혼자 사는 직장인, 점심 도시락 망설일 때: 귀찮음 없이 매일 든든한 '나만의 스마트 도시락' 만드는 법",1인 가구 도시락 해결 방법｜도시락 싸기,1인 가구 도시락,문제해결형,food-general,no,6,A,HIGH,APPLIED,"A등급 재판정: score 6.0, 대표 키워드+의도 포함, 충돌 없음"
369,2026-08-11-housing-auto-2bfaff,https://honsamnote.co.kr/blog/2026-08-11-housing-auto-2bfaff/,"혼자 사는 직장인, 조립 가구 앞에서 한숨 쉬지 마세요! 셀프 vs 전문가 조립, 시간과 돈 아끼는 현명한 선택 가이드",조립 가구 조립 방법 비교｜셀프 가구 조립,조립 가구 조립 방법,비교형,housing-general,no,6,B,MEDIUM,HOLD(B),대표 키워드가 원제목에 없어 새 제목이 원래 의미와 달라질 수 있음(추가 검토 필요)
370,2026-08-01-cost-auto-aa6f9d,https://honsamnote.co.kr/blog/2026-08-01-cost-auto-aa6f9d/,"혼자 사는 직장인, 큰돈 드는 가전·가구! 새것 vs 중고 vs 렌탈, 내게 맞는 선택 기준 3가지",1인가구 가전 비교｜가전제품 구매,1인가구 가전,비교형,general-living-cost,no,5.9,B,MEDIUM,HOLD(B),대표 키워드가 원제목에 없어 새 제목이 원래 의미와 달라질 수 있음(추가 검토 필요)
371,2026-08-07-safety-auto-7d89fc,https://honsamnote.co.kr/blog/2026-08-07-safety-auto-7d89fc/,"혼자 사는 당신, 우리 집 복도·엘리베이터·주차장에서 수상한 사람을 마주쳤을 때: 당황하지 않고 나를 지키는 현실적인 대처법",1인 가구 안전 해결 방법｜건물 내 위협,1인 가구 안전,문제해결형,safety-general,no,5.9,B,MEDIUM,HOLD(B),대표 키워드가 원제목에 없어 새 제목이 원래 의미와 달라질 수 있음(추가 검토 필요)
372,2026-08-08-food-auto-76d24e,https://honsamnote.co.kr/blog/2026-08-08-food-auto-76d24e/,"1인 가구 직장인, 혼자 요리하고 남은 '애매한 한 끼분' 음식, 버리지 않고 다음 끼니까지 알뜰하게 즐기는 법",1인 가구 남은 음식 해결 방법｜혼밥 잔반,1인 가구 남은 음식,문제해결형,food-general,no,5.9,B,MEDIUM,HOLD(B),대표 키워드가 원제목에 없어 새 제목이 원래 의미와 달라질 수 있음(추가 검토 필요)
373,2026-08-14-cleaning-auto-0fc7dd,https://honsamnote.co.kr/blog/2026-08-14-cleaning-auto-0fc7dd/,"혼자 사는 당신, 에어컨에서 퀴퀴한 냄새가 나고 시원하지 않다고요? 딱 20분, 필터 청소로 냉방 효율 높이고 전기료 아끼는 현실 솔루션",에어컨 냄새 알아보기｜에어컨 필터 청소,에어컨 냄새,질문형,appliance-cleaning,no,5.9,B,MEDIUM,HOLD(B),대표 키워드가 원제목에 없어 새 제목이 원래 의미와 달라질 수 있음(추가 검토 필요)
374,2026-07-30-cost-8,https://honsamnote.co.kr/blog/2026-07-30-cost-8/,"혼자 사는 직장인, 월급은 통장을 스쳐갈 뿐? 나만의 적정 생활비 기준 세우고 지출 최적화하는 3단계",1인 가구 생활비 기준｜혼자 살 때 생활비,1인 가구 생활비,판단형,cost-general,no,5.8,B,MEDIUM,HOLD(B),대표 키워드가 원제목에 없어 새 제목이 원래 의미와 달라질 수 있음(추가 검토 필요)
375,2026-08-05-safety-auto-d98bca,https://honsamnote.co.kr/blog/2026-08-05-safety-auto-d98bca/,"혼자 사는 당신, 늦은 밤 갑자기 두꺼비집이 내려가거나 콘센트에서 스파크가 튈 때: 당황하지 않고 안전하게 확인하고 대처하는 법",혼자사는전기사고 방법｜두꺼비집내려감,혼자사는전기사고,방법형,electrical-safety,yes,5.8,B,MEDIUM,HOLD(B),대표 키워드가 원제목에 없어 새 제목이 원래 의미와 달라질 수 있음(추가 검토 필요)
376,2026-08-07-housing-auto-eb35f1,https://honsamnote.co.kr/blog/2026-08-07-housing-auto-eb35f1/,"혼자 사는 직장인, 우리 집 소소한 고장! 매번 사람 부를까, 직접 고쳐볼까? DIY vs. 출장 수리, 내 돈 아끼는 현명한 선택 가이드",혼자 살기 비교｜집 고장,혼자 살기,비교형,housing-general,no,5.8,B,MEDIUM,HOLD(B),대표 키워드가 원제목에 없어 새 제목이 원래 의미와 달라질 수 있음(추가 검토 필요)
377,2026-08-10-food-auto-d3517e,https://honsamnote.co.kr/blog/2026-08-10-food-auto-d3517e/,"혼자 사는 직장인, 특정 요리 후 남은 '이색 소량 식재료' (고수, 코코넛 밀크 등): 버리지 않고 다음 끼니까지 알뜰하게 해치우는 현실 가이드",1인 가구 식재료 해결 방법｜이색 재료 활용,1인 가구 식재료,문제해결형,grocery-shopping,no,5.8,B,MEDIUM,HOLD(B),대표 키워드가 원제목에 없어 새 제목이 원래 의미와 달라질 수 있음(추가 검토 필요)
378,2026-08-10-housing-auto-4bca9b,https://honsamnote.co.kr/blog/2026-08-10-housing-auto-4bca9b/,"혼자 사는 직장인, 집주인이 내가 사는 집을 팔겠다고? 잦은 방문 요청에도 사생활 지키며 현명하게 대처하는 법",전월세 매매 방법｜집주인 집 판매,전월세 매매,방법형,landlord-issues,no,5.8,B,MEDIUM,HOLD(B),대표 키워드가 원제목에 없어 새 제목이 원래 의미와 달라질 수 있음(추가 검토 필요)
379,2026-08-11-safety-auto-d99e57,https://honsamnote.co.kr/blog/2026-08-11-safety-auto-d99e57/,"혼자 사는 당신, 갑자기 일부 전등이 나가거나 특정 콘센트가 작동 안 할 때: 당황하지 않고 안전하게 원인 파악 및 해결하는 현실적인 방법",1인 가구 전기 고장 방법｜두꺼비집 내렸을 때,1인 가구 전기 고장,방법형,electrical-safety,no,5.8,B,MEDIUM,HOLD(B),대표 키워드가 원제목에 없어 새 제목이 원래 의미와 달라질 수 있음(추가 검토 필요)
380,2026-08-12-cost-auto-b175c0,https://honsamnote.co.kr/blog/2026-08-12-cost-auto-b175c0/,"혼자 사는 직장인, 빈방에 가구 채워 넣으려니 막막하다면? 구매 vs 렌탈, 내게 맞는 최적의 가구 선택 가이드",1인 가구 가구 비교｜가구 선택,1인 가구 가구,비교형,general-living-cost,no,5.8,B,MEDIUM,HOLD(B),대표 키워드가 원제목에 없어 새 제목이 원래 의미와 달라질 수 있음(추가 검토 필요)
381,2026-08-08-food-auto-89ea49,https://honsamnote.co.kr/blog/2026-08-08-food-auto-89ea49/,"혼자 사는 직장인, 두부 한 모 앞에서 망설일 때: 버리지 않고 끝까지 신선하게 즐기는 구매부터 보관, 활용법",1인 가구 두부 해결 방법｜두부 보관법,1인 가구 두부,문제해결형,freeze-portion,no,5.7,B,MEDIUM,HOLD(B),대표 키워드가 원제목에 없어 새 제목이 원래 의미와 달라질 수 있음(추가 검토 필요)
382,2026-08-01-housing-auto-1c1518,https://honsamnote.co.kr/blog/2026-08-01-housing-auto-1c1518/,"혼자 사는 직장인, 이사 갈 때 대형 폐기물 처리? 시간과 돈 아끼는 3가지 선택 비교",이사짐정리 비교｜대형가구버리기,이사짐정리,비교형,housing-general,no,5.6,B,MEDIUM,HOLD(B),대표 키워드가 원제목에 없어 새 제목이 원래 의미와 달라질 수 있음(추가 검토 필요)
383,2026-08-06-safety-auto-a5c266,https://honsamnote.co.kr/blog/2026-08-06-safety-auto-a5c266/,"혼자 사는 당신, 외출 중 갑자기 가스·누수 사고 걱정될 때? 스마트 가스 감지기 vs. 스마트 누수 센서, 나에게 맞는 원격 모니터링은?",1인 가구 안전 비교｜스마트 가스 감지기,1인 가구 안전,비교형,leak-accident,no,5.6,C,LOW,HOLD(C),role-split candidate — 제목에 서로 다른 검색의도/주제가 섞여 있어 보임(자동 분리하지 않음)
384,2026-08-07-cost-auto-7256ba,https://honsamnote.co.kr/blog/2026-08-07-cost-auto-7256ba/,"혼자 사는 직장인, 안 쓰는 대형 가구/가전 버리려니 막막하다면? 무료 수거 vs 유료 폐기, 돈 아끼는 현명한 처분 전략",1인 가구 대형 폐기물 비교｜가구 버리기,1인 가구 대형 폐기물,비교형,general-living-cost,no,5.6,B,MEDIUM,HOLD(B),대표 키워드가 원제목에 없어 새 제목이 원래 의미와 달라질 수 있음(추가 검토 필요)
385,2026-08-07-cost-auto-846842,https://honsamnote.co.kr/blog/2026-08-07-cost-auto-846842/,"혼자 사는 직장인, 예상치 못한 사고에 내 물건 다 날아갈까 봐 불안하다면? 1인 가구 주택화재보험(세입자 보험), 과연 돈 값 할까?",1인 가구 주택화재보험 알아보기｜세입자 보험 필요성,1인 가구 주택화재보험,질문형,general-living-cost,no,5.6,C,LOW,HOLD(C),role-split candidate — 제목에 서로 다른 검색의도/주제가 섞여 있어 보임(자동 분리하지 않음)
386,2026-08-01-cost-auto-44803f,https://honsamnote.co.kr/blog/2026-08-01-cost-auto-44803f/,"혼자 사는 직장인, 매년 놓치는 연말정산 환급금! 내 돈 최대로 돌려받는 실전 가이드",1인 가구 연말정산 해결 방법｜환급금 최대로,1인 가구 연말정산,문제해결형,general-living-cost,no,5.5,B,MEDIUM,HOLD(B),대표 키워드가 원제목에 없어 새 제목이 원래 의미와 달라질 수 있음(추가 검토 필요)
387,2026-08-06-cost-auto-f652a0,https://honsamnote.co.kr/blog/2026-08-06-cost-auto-f652a0/,"혼자 사는 직장인, 안 쓰는 물건 쌓여만 간다면? 중고거래 vs 나눔, 후회 없이 처분하고 용돈 버는 법",1인 가구 중고거래 비교｜혼자 살 때 물건 정리,1인 가구 중고거래,비교형,general-living-cost,no,5.5,B,MEDIUM,HOLD(B),대표 키워드가 원제목에 없어 새 제목이 원래 의미와 달라질 수 있음(추가 검토 필요)
388,2026-08-11-cost-auto-bf7238,https://honsamnote.co.kr/blog/2026-08-11-cost-auto-bf7238/,"혼자 사는 직장인, '오늘 뭐 먹지?' 고민에 매번 지갑 열린다면? 식비 확 줄이는 1인 가구 맞춤 식단 계획법",1인 가구 식비 절약 알아보기｜식단 계획,1인 가구 식비 절약,질문형,general-living-cost,no,5.5,C,LOW,HOLD(C),role-split candidate — 제목에 서로 다른 검색의도/주제가 섞여 있어 보임(자동 분리하지 않음)
389,2026-08-07-cost-auto-efcd2f,https://honsamnote.co.kr/blog/2026-08-07-cost-auto-efcd2f/,"혼자 사는 직장인, 사랑하는 반려동물 병원비 폭탄 걱정된다면? 펫보험 vs 예방 관리, 내게 맞는 최적의 선택은?",반려동물 병원비 비교｜펫보험 필요성,반려동물 병원비,비교형,general-living-cost,no,5.4,C,LOW,HOLD(C),role-split candidate — 제목에 서로 다른 검색의도/주제가 섞여 있어 보임(자동 분리하지 않음)
390,2026-08-14-food-auto-0030b0,https://honsamnote.co.kr/blog/2026-08-14-food-auto-0030b0/,"혼자 사는 직장인, 개봉한 통조림·병조림·소분팩 소스 앞에서 망설일 때: 버리지 않고 끝까지 알뜰하게 즐기는 현실적인 보관 & 활용 전략",1인 가구 식재료 보관 해결 방법｜개봉 후 보관,1인 가구 식재료 보관,문제해결형,food-waste,no,5.4,B,MEDIUM,HOLD(B),대표 키워드가 원제목에 없어 새 제목이 원래 의미와 달라질 수 있음(추가 검토 필요)
391,2026-07-30-food-14,https://honsamnote.co.kr/blog/2026-07-30-food-14/,"바쁜 1인 가구 직장인, 편의점 식사로 건강과 지갑 동시에 잡는 실전 조합",편의점 식사 해결 방법｜편의점 조합,편의점 식사,문제해결형,solo-meal-recipe,no,5.3,B,MEDIUM,HOLD(B),대표 키워드는 있으나 검색의도가 제목만으로는 애매함(추가 검토 필요)
392,2026-07-30-lifestyle-66,https://honsamnote.co.kr/blog/2026-07-30-lifestyle-66/,"혼자 사는 당신, 옆집 소음에 지쳤다면 이웃과 '선'을 지키는 현실 관계 맺기",혼자 살기 이웃 해결 방법｜이웃 갈등,혼자 살기 이웃,문제해결형,neighbor-noise,no,5.3,B,MEDIUM,HOLD(B),대표 키워드가 원제목에 없어 새 제목이 원래 의미와 달라질 수 있음(추가 검토 필요)
393,2026-08-01-housing-auto-abec0f,https://honsamnote.co.kr/blog/2026-08-01-housing-auto-abec0f/,"내 첫 전월세 계약 만료, 집주인 무리한 요구에 당황? 계약갱신청구권으로 당당하게 대처하는 법",전월세 계약갱신 방법｜임대차 3법,전월세 계약갱신,방법형,lease-contract,no,5.3,B,MEDIUM,HOLD(B),대표 키워드가 원제목에 없어 새 제목이 원래 의미와 달라질 수 있음(추가 검토 필요)
394,2026-08-01-housing-auto-ace922,https://honsamnote.co.kr/blog/2026-08-01-housing-auto-ace922/,"혼자 사는 직장인, 살던 집 주인이 바뀌었다고 연락 왔을 때? 내 보증금 지키고 계약 유지하는 똑똑한 대처법",집주인 변경 알아보기｜임대인 변경,집주인 변경,질문형,lease-contract,no,5.3,B,MEDIUM,HOLD(B),대표 키워드가 원제목에 없어 새 제목이 원래 의미와 달라질 수 있음(추가 검토 필요)
395,2026-08-07-cost-auto-0c25d9,https://honsamnote.co.kr/blog/2026-08-07-cost-auto-0c25d9/,"혼자 사는 직장인, 매달 알게 모르게 새는 퍼스널 케어 비용! 나에게 딱 맞는 '스마트 지출'로 피부도 지갑도 지키는 법",1인 가구 생활비 비용 정리｜퍼스널 케어 제품,1인 가구 생활비,비용형,general-living-cost,no,5.3,B,MEDIUM,HOLD(B),대표 키워드가 원제목에 없어 새 제목이 원래 의미와 달라질 수 있음(추가 검토 필요)
396,2026-08-08-cost-auto-c1b0b5,https://honsamnote.co.kr/blog/2026-08-08-cost-auto-c1b0b5/,"혼자 사는 직장인, 가끔 차 필요할 때마다 택시비 부담되고 대중교통 불편하다면? 카셰어링 vs 중고차 vs 렌터카, 내게 맞는 최적의 이동 수단 찾는 법",1인 가구 자동차 비교｜카셰어링 장단점,1인 가구 자동차,비교형,general-living-cost,no,5.3,B,MEDIUM,HOLD(B),대표 키워드가 원제목에 없어 새 제목이 원래 의미와 달라질 수 있음(추가 검토 필요)
397,2026-08-06-housing-auto-36b1cd,https://honsamnote.co.kr/blog/2026-08-06-housing-auto-36b1cd/,"혼자 사는 직장인, 이사 나갈 때 보증금 깎일까 걱정? 원상회복 범위 알고 당당하게 돌려받는 법",전월세 보증금 알아보기｜원상회복,전월세 보증금,질문형,deposit,no,5.1,C,LOW,HOLD(C),role-split candidate — 제목에 서로 다른 검색의도/주제가 섞여 있어 보임(자동 분리하지 않음)
398,2026-08-07-housing-auto-5dd703,https://honsamnote.co.kr/blog/2026-08-07-housing-auto-5dd703/,"혼자 사는 직장인, 갑자기 이사 가야 하는데 다음 세입자 직접 구하라니? 계약 중도 해지 부담 줄이는 현실적인 방법",1인 가구 중도 해지 방법｜전월세 계약 해지,1인 가구 중도 해지,방법형,lease-contract,no,5.1,B,MEDIUM,HOLD(B),대표 키워드가 원제목에 없어 새 제목이 원래 의미와 달라질 수 있음(추가 검토 필요)
399,2026-07-30-housing-44,https://honsamnote.co.kr/blog/2026-07-30-housing-44/,"혼자 사는 직장인, 내 전월세 보증금 지키는 법: 이사 후 전입신고·확정일자 한 번에 끝내기",전입신고 방법 방법｜확정일자 받는 법,전입신고 방법,방법형,deposit,no,5,B,MEDIUM,HOLD(B),대표 키워드가 원제목에 없어 새 제목이 원래 의미와 달라질 수 있음(추가 검토 필요)
400,2026-07-30-safety-34,https://honsamnote.co.kr/blog/2026-07-30-safety-34/,"혼자 사는 내가 갑자기 아플 때, 응급실 가기 전 챙길 물건 최소화 리스트",응급실 준비물 해결 방법｜혼자 응급실,응급실 준비물,문제해결형,emergency-response,no,5,B,MEDIUM,HOLD(B),대표 키워드가 원제목에 없어 새 제목이 원래 의미와 달라질 수 있음(추가 검토 필요)
401,2026-08-01-housing-auto-18e480,https://honsamnote.co.kr/blog/2026-08-01-housing-auto-18e480/,"혼자 사는 직장인, 우리 집 화재·누수 걱정 끝! 내 보증금·물건 지키는 전월세 보험 똑똑하게 가입하기",전월세 보험 가입 방법｜임차인 배상책임 보험,전월세 보험 가입,방법형,deposit,no,5,B,MEDIUM,HOLD(B),대표 키워드가 원제목에 없어 새 제목이 원래 의미와 달라질 수 있음(추가 검토 필요)
402,2026-08-01-lifestyle-auto-37c919,https://honsamnote.co.kr/blog/2026-08-01-lifestyle-auto-37c919/,"1인 가구 직장인, 북적이던 집이 조용해질 때 찾아오는 허전함, 능숙하게 다루는 회복 루틴",1인가구 허전함 방법｜북적임 후 공허함,1인가구 허전함,방법형,lifestyle-general,no,5,B,MEDIUM,HOLD(B),대표 키워드가 원제목에 없어 새 제목이 원래 의미와 달라질 수 있음(추가 검토 필요)
403,2026-08-08-housing-auto-d2c1ed,https://honsamnote.co.kr/blog/2026-08-08-housing-auto-d2c1ed/,"혼자 사는 직장인, 이사 갈 때 퇴실 청소? 셀프 vs 전문 업체, 보증금 지키는 현명한 선택 가이드",퇴실청소 비교｜이사청소,퇴실청소,비교형,deposit,no,5,B,MEDIUM,HOLD(B),대표 키워드가 원제목에 없어 새 제목이 원래 의미와 달라질 수 있음(추가 검토 필요)
404,2026-07-31-safety-72,https://honsamnote.co.kr/blog/2026-07-31-safety-72/,"장기 출장/휴가, 혼자 사는 집을 비울 때 빈집털이, 고지서 폭탄 걱정 없이 안전하게 떠나는 법",혼자 사는 집 안전 해결 방법｜장기 부재 관리,혼자 사는 집 안전,문제해결형,emergency-response,no,4.9,B,MEDIUM,HOLD(B),대표 키워드가 원제목에 없어 새 제목이 원래 의미와 달라질 수 있음(추가 검토 필요)
405,2026-08-01-cost-auto-eacedc,https://honsamnote.co.kr/blog/2026-08-01-cost-auto-eacedc/,1인 가구 식기세척기 알아보기｜식기세척기 구매 가이드,1인 가구 식기세척기 해결 방법｜식기세척기 구매 가이드,1인 가구 식기세척기,문제해결형,general-living-cost,no,4.9,B,MEDIUM,HOLD(B),대표 키워드는 있으나 검색의도가 제목만으로는 애매함(추가 검토 필요)
406,2026-08-01-housing-auto-ecfb76,https://honsamnote.co.kr/blog/2026-08-01-housing-auto-ecfb76/,"혼자 사는 직장인, 갑자기 이사 가야 할 때? 전월세 계약 중도 해지, 손해 최소화하는 현명한 대처법",계약 해지 비용 정리｜보증금,계약 해지,비용형,lease-contract,no,4.9,B,MEDIUM,HOLD(B),대표 키워드가 원제목에 없어 새 제목이 원래 의미와 달라질 수 있음(추가 검토 필요)
407,2026-08-06-housing-auto-9d6fe3,https://honsamnote.co.kr/blog/2026-08-06-housing-auto-9d6fe3/,"혼자 사는 직장인, 전월세 계약 만료로 이사 가려는데? 집주인에게 현명하게 통보하고 보증금 지키는 법",1인 가구 이사 방법｜전월세 퇴거 통보,1인 가구 이사,방법형,lease-contract,no,4.9,B,MEDIUM,HOLD(B),대표 키워드가 원제목에 없어 새 제목이 원래 의미와 달라질 수 있음(추가 검토 필요)
408,2026-08-08-cost-auto-bbb3d7,https://honsamnote.co.kr/blog/2026-08-08-cost-auto-bbb3d7/,"혼자 사는 직장인, 매달 아파트/오피스텔 관리비 폭탄 막고 지출 최적화하는 3단계 전략",1인 가구 관리비 해결 방법｜관리비 줄이기,1인 가구 관리비,문제해결형,general-living-cost,no,4.9,B,MEDIUM,HOLD(B),대표 키워드가 원제목에 없어 새 제목이 원래 의미와 달라질 수 있음(추가 검토 필요)
409,2026-07-30-housing-46,https://honsamnote.co.kr/blog/2026-07-30-housing-46/,"이사 나가는 1인 가구, 복비·공과금 덤터기 없이 보증금 100% 안전하게 돌려받는 준비",보증금반환 해결 방법｜이사준비,보증금반환,문제해결형,lease-contract,no,4.8,B,MEDIUM,HOLD(B),대표 키워드가 원제목에 없어 새 제목이 원래 의미와 달라질 수 있음(추가 검토 필요)
410,2026-08-07-cleaning-auto-c3121d,https://honsamnote.co.kr/blog/2026-08-07-cleaning-auto-c3121d/,"혼자 사는 당신, 냉장고 속 퀴퀴한 냄새와 정체불명 식재료, 1시간 만에 깨끗하게 비우고 효율적으로 채우는 현실 솔루션",1인 가구 냉장고 해결 방법｜냉장고 청소법,1인 가구 냉장고,문제해결형,odor-removal,no,4.8,B,MEDIUM,HOLD(B),대표 키워드가 원제목에 없어 새 제목이 원래 의미와 달라질 수 있음(추가 검토 필요)
411,2026-08-07-food-auto-55d572,https://honsamnote.co.kr/blog/2026-08-07-food-auto-55d572/,"혼자 사는 직장인, 퇴근 후 저녁 요리 망설일 때: 주말 2시간으로 평일 요리 시간 10분 만드는 스마트 식재료 준비 루틴",식재료 준비 해결 방법｜요리 시간 단축,식재료 준비,문제해결형,food-general,no,4.6,B,MEDIUM,HOLD(B),대표 키워드는 있으나 검색의도가 제목만으로는 애매함(추가 검토 필요)
412,2026-08-07-safety-auto-6b24c5,https://honsamnote.co.kr/blog/2026-08-07-safety-auto-6b24c5/,"혼자 사는 당신, 새 집 이사 직후 '이것' 안 하면 위험! 도어락 비밀번호와 열쇠 관리 안전 가이드",1인 가구 이사 안전 체크리스트｜새집 도어락 비밀번호,1인 가구 이사 안전,체크형,lock-security,no,4.6,B,MEDIUM,HOLD(B),대표 키워드가 원제목에 없어 새 제목이 원래 의미와 달라질 수 있음(추가 검토 필요)
413,2026-08-08-housing-auto-4e32dc,https://honsamnote.co.kr/blog/2026-08-08-housing-auto-4e32dc/,"혼자 사는 직장인, 새집 입주 후 예상 못한 숨은 하자 발견! 내 권리 지키며 계약 조정하는 현실 가이드",1인 가구 하자 해결 방법｜새집 하자,1인 가구 하자,문제해결형,deposit,no,4.6,B,MEDIUM,HOLD(B),대표 키워드가 원제목에 없어 새 제목이 원래 의미와 달라질 수 있음(추가 검토 필요)
414,2026-07-30-storage-22,https://honsamnote.co.kr/blog/2026-07-30-storage-22/,"좁은 원룸 냉장고, 식재료 낭비 없이 깔끔하게 쓰는 현실 정리법",작은냉장고정리 해결 방법｜식재료낭비,작은냉장고정리,문제해결형,storage-general,no,4.5,B,MEDIUM,HOLD(B),대표 키워드가 원제목에 없어 새 제목이 원래 의미와 달라질 수 있음(추가 검토 필요)
415,2026-07-31-housing-71,https://honsamnote.co.kr/blog/2026-07-31-housing-71/,"혼자 사는 집 고장! 집주인이 수리 미룰 때, 내 돈 아끼는 현실적인 해결 순서",집주인 수리 해결 방법｜임대차 수리,집주인 수리,문제해결형,landlord-issues,no,4.5,B,MEDIUM,HOLD(B),대표 키워드가 원제목에 없어 새 제목이 원래 의미와 달라질 수 있음(추가 검토 필요)
416,2026-08-07-food-auto-5b5eb1,https://honsamnote.co.kr/blog/2026-08-07-food-auto-5b5eb1/,"혼자 사는 직장인, 마트/반찬가게 '조리된 반찬' 살까 말까 망설일 때: 집밥 만족도 높이는 현명한 선택 가이드",조리된 반찬 해결 방법｜반찬가게 반찬,조리된 반찬,문제해결형,food-general,no,4.5,B,MEDIUM,HOLD(B),대표 키워드는 있으나 검색의도가 제목만으로는 애매함(추가 검토 필요)
417,2026-08-03-housing-auto-e4e5c4,https://honsamnote.co.kr/blog/2026-08-03-housing-auto-e4e5c4/,"혼자 사는 직장인, 이사 전 빈집 점검 소홀하면 보증금 날릴 수도! 꼼꼼하게 현장 확인하는 순서",1인 가구 입주 점검 체크리스트｜원룸 빈집 확인,1인 가구 입주 점검,체크형,deposit,no,4.4,B,MEDIUM,HOLD(B),대표 키워드가 원제목에 없어 새 제목이 원래 의미와 달라질 수 있음(추가 검토 필요)
418,2026-08-14-housing-auto-189ec3,https://honsamnote.co.kr/blog/2026-08-14-housing-auto-189ec3/,"혼자 사는 직장인, 이사/대청소 앞둔 대형 폐기물 처리! 비용 아끼고 깔끔하게 끝내는 현실 가이드",대형 폐기물 버리는 법 비용 정리｜폐가전 무료 수거,대형 폐기물 버리는 법,비용형,moving-prep,no,4.4,B,MEDIUM,HOLD(B),대표 키워드가 원제목에 없어 새 제목이 원래 의미와 달라질 수 있음(추가 검토 필요)
419,2026-08-08-housing-auto-82f28f,https://honsamnote.co.kr/blog/2026-08-08-housing-auto-82f28f/,"혼자 사는 직장인, 숨겨진 관리비 폭탄 피하고 내 돈 아끼는 현명한 분석법",관리비 줄이기 비용 정리｜혼자 살기 비용,관리비 줄이기,비용형,management-fee,no,4.1,B,MEDIUM,HOLD(B),대표 키워드가 원제목에 없어 새 제목이 원래 의미와 달라질 수 있음(추가 검토 필요)
420,2026-08-03-products-auto-55fd7c,https://honsamnote.co.kr/blog/2026-08-03-products-auto-55fd7c/,1인 가구 스마트 조명 알아보기｜스마트홈 입문,1인 가구 스마트 조명 해결 방법｜스마트홈 입문,1인 가구 스마트 조명,문제해결형,products-general,no,3.9,B,MEDIUM,HOLD(B),대표 키워드는 있으나 검색의도가 제목만으로는 애매함(추가 검토 필요)
421,2026-08-03-safety-auto-7bde55,https://honsamnote.co.kr/blog/2026-08-03-safety-auto-7bde55/,"혼자 사는 당신, 주방 화재 발생 시? 소화기 vs. 소방 담요, 나에게 더 효과적인 것은?",주방 화재 비교｜소화기,주방 화재,비교형,fire-prevention,no,3.8,C,LOW,HOLD(C),role-split candidate — 제목에 서로 다른 검색의도/주제가 섞여 있어 보임(자동 분리하지 않음)
422,2026-08-07-products-auto-75313c,https://honsamnote.co.kr/blog/2026-08-07-products-auto-75313c/,1인 가구 보풀제거기 알아보기｜옷 보풀 제거,1인 가구 보풀제거기 해결 방법｜옷 보풀 제거,1인 가구 보풀제거기,문제해결형,products-general,no,3.8,B,MEDIUM,HOLD(B),대표 키워드는 있으나 검색의도가 제목만으로는 애매함(추가 검토 필요)
423,2026-07-30-cost-4,https://honsamnote.co.kr/blog/2026-07-30-cost-4/,"퇴근 후 지친 혼밥러, 매달 20만원 아끼는 배달비·식비 줄이는 생활 습관",혼자사는직장인식비 해결 방법｜배달비아끼는법,혼자사는직장인식비,문제해결형,cost-general,no,3.6,B,MEDIUM,HOLD(B),대표 키워드가 원제목에 없어 새 제목이 원래 의미와 달라질 수 있음(추가 검토 필요)
424,2026-08-01-cleaning-auto-d3bef1,https://honsamnote.co.kr/blog/2026-08-01-cleaning-auto-d3bef1/,매트리스 청소 알아보기｜침대 위생,매트리스 청소 해결 방법｜침대 위생,매트리스 청소,문제해결형,cleaning-general,no,3.6,B,MEDIUM,HOLD(B),대표 키워드는 있으나 검색의도가 제목만으로는 애매함(추가 검토 필요)
425,2026-08-04-cost-auto-7e7d88,https://honsamnote.co.kr/blog/2026-08-04-cost-auto-7e7d88/,"혼자 사는 직장인, 난방비 폭탄 걱정될 때! 우리 집 겨울, 후회 없이 따뜻하고 저렴하게 나는 법",1인 가구 난방비 비교｜겨울 난방 효율,1인 가구 난방비,비교형,electricity-bill,no,3.5,B,MEDIUM,HOLD(B),대표 키워드가 원제목에 없어 새 제목이 원래 의미와 달라질 수 있음(추가 검토 필요)
426,2026-07-30-housing-45,https://honsamnote.co.kr/blog/2026-07-30-housing-45/,"1인 가구 이사, 퇴근 후 틈틈이 준비해도 시간과 돈 아끼는 최적의 체크리스트",이사 준비 체크리스트｜혼자 이사,이사 준비,체크형,moving-prep,no,3.3,B,MEDIUM,HOLD(B),대표 키워드가 원제목에 없어 새 제목이 원래 의미와 달라질 수 있음(추가 검토 필요)
427,2026-08-14-safety-auto-f47696,https://honsamnote.co.kr/blog/2026-08-14-safety-auto-f47696/,"혼자 사는 당신, 집 열쇠를 잃어버렸을 때: 빈집털이 걱정 없이 안전하게 대처하고 우리 집 지키는 법",1인 가구 안전 해결 방법｜집 열쇠 분실,1인 가구 안전,문제해결형,lock-security,no,3.3,B,MEDIUM,HOLD(B),대표 키워드가 원제목에 없어 새 제목이 원래 의미와 달라질 수 있음(추가 검토 필요)
428,2026-08-06-food-auto-19b20f,https://honsamnote.co.kr/blog/2026-08-06-food-auto-19b20f/,못난이 채소 알아보기｜B급 과일,못난이 채소 해결 방법｜B급 과일,못난이 채소,문제해결형,food-waste,no,3,B,MEDIUM,HOLD(B),대표 키워드는 있으나 검색의도가 제목만으로는 애매함(추가 검토 필요)
429,2026-07-27-welcome,https://honsamnote.co.kr/blog/2026-07-27-welcome/,혼자 사는 삶을 더 쉽게 만드는 법 — 1인 가구 생활백서를 시작하며,1인 가구 생활 해결 방법,1인 가구 생활,문제해결형,uncategorized-general,no,2.1,C,MEDIUM,HOLD(C),대표 키워드는 있으나 검색의도가 제목만으로는 애매함(추가 검토 필요)
