post_id,url,category,title,phrase_found,total_occurrences,sentence_context,decision,keep_reason,soften_suggestion,checked_date
2026-07-30-housing-42,https://honsamnote.co.kr/blog/2026-07-30-housing-42/,housing,"내 첫 원룸 계약, 퇴근 후 15분으로 손해 없이 똑똑하게 확인하는 법",반드시,10,"먼저 확인할 결론
마음에 드는 원룸을 찾았어도, 계약서에 서명하기 전에 최소한 '계약 관련 서류', '건물 상태 및 옵션', '주변 환경', '숨겨진 비용' 이 네 가지 핵심 포인트를 반드시 꼼꼼히 확인하고 기록해야 합니다.",KEEP,"법적 의무 절차 강조 — ""반드시"" 사용 적절. 단 법률 내용 정확성 별도 확인 필요.",,2026-08-18
2026-07-30-housing-42,https://honsamnote.co.kr/blog/2026-07-30-housing-42/,housing,"내 첫 원룸 계약, 퇴근 후 15분으로 손해 없이 똑똑하게 확인하는 법",절대,2,"**주의사항:**
*   **구두 계약은 절대 금지:** 중개인이나 집주인과의 모든 약속은 반드시 계약서 특약으로 명시하고 서명해야 합니다.",REVIEW,,,2026-08-18
2026-07-30-housing-42,https://honsamnote.co.kr/blog/2026-07-30-housing-42/,housing,"내 첫 원룸 계약, 퇴근 후 15분으로 손해 없이 똑똑하게 확인하는 법",가장안전,1,*   **계약 당일 등기부등본 최종 재확인:** 계약 체결 직전에 다시 한번 등기부등본을 열람하여 혹시 모를 변동 사항(근저당 설정 등)이 없는지 최종 확인하는 것이 가장 안전합니다.,REVIEW,,,2026-08-18
2026-07-30-safety-36,https://honsamnote.co.kr/blog/2026-07-30-safety-36/,safety,"혼자 사는 당신, 퇴근 후 집에 들어서자마자 섬뜩한 가스 냄새가 날 때, 이렇게 행동하세요",반드시,1,조금이라도 가스 냄새가 의심된다면 '괜찮겠지'라고 넘기지 말고 반드시 다음 해결 순서에 따라 행동해야 합니다.,KEEP,안전 지침 문맥 — 강한 지시 표현이 적절. 사용자 보호에 필요.,,2026-08-18
2026-07-30-safety-36,https://honsamnote.co.kr/blog/2026-07-30-safety-36/,safety,"혼자 사는 당신, 퇴근 후 집에 들어서자마자 섬뜩한 가스 냄새가 날 때, 이렇게 행동하세요",절대,10,"해결 순서

**Step 1: 침착하게 행동하고, 절대 패닉에 빠지지 마세요.**
가장 먼저 마음을 다잡는 것이 중요합니다.",REVIEW,,,2026-08-18
2026-07-30-safety-36,https://honsamnote.co.kr/blog/2026-07-30-safety-36/,safety,"혼자 사는 당신, 퇴근 후 집에 들어서자마자 섬뜩한 가스 냄새가 날 때, 이렇게 행동하세요",무조건,1,무조건 전문가에게 맡겨야 합니다.,REVIEW,,,2026-08-18
2026-07-30-safety-36,https://honsamnote.co.kr/blog/2026-07-30-safety-36/,safety,"혼자 사는 당신, 퇴근 후 집에 들어서자마자 섬뜩한 가스 냄새가 날 때, 이렇게 행동하세요",완전히,1,"불이 제대로 붙지 않았거나, 조리 후 밸브를 완전히 잠그지 않은 경우 가스가 미량 새어 나올 수 있습니다.",REVIEW,,,2026-08-18
2026-07-30-safety-36,https://honsamnote.co.kr/blog/2026-07-30-safety-36/,safety,"혼자 사는 당신, 퇴근 후 집에 들어서자마자 섬뜩한 가스 냄새가 날 때, 이렇게 행동하세요",확실히,2,"**주의사항:**
*   **예방이 최선:** 가스 사용 후에는 항상 중간 밸브를 확실히 잠그는 습관을 들이세요.",REVIEW,,,2026-08-18
2026-08-06-housing-auto-5c27e6,https://honsamnote.co.kr/blog/2026-08-06-housing-auto-5c27e6/,housing,"혼자 사는 직장인, 해외 파견/장기 출장 갈 때? 내 원룸 현명하게 단기 임대주고 돈 버는 법",반드시,5,반드시 **서면으로 명확하게 조건들을 합의**하고 집주인의 서명(또는 인감)을 받아두어야 합니다.,REVIEW,,,2026-08-18
2026-08-06-housing-auto-5c27e6,https://honsamnote.co.kr/blog/2026-08-06-housing-auto-5c27e6/,housing,"혼자 사는 직장인, 해외 파견/장기 출장 갈 때? 내 원룸 현명하게 단기 임대주고 돈 버는 법",절대,3,"먼저 확인할 결론
혼자 사는 당신의 원룸이나 오피스텔을 임대인(집주인)의 동의 없이 다른 사람에게 **무단으로 단기 임대(전대차)하는 것은 절대 금물**입니다.",REVIEW,,,2026-08-18
2026-08-06-housing-auto-5c27e6,https://honsamnote.co.kr/blog/2026-08-06-housing-auto-5c27e6/,housing,"혼자 사는 직장인, 해외 파견/장기 출장 갈 때? 내 원룸 현명하게 단기 임대주고 돈 버는 법",100%,1,"**내 전월세 계약서에 '전대차 금지' 조항이 명시되어 있는가?** (거의 100% 명시되어 있을 것입니다.)
2.",SOFTEN,,"""100%"" 표현 — 절대적 보장 불가. ""크게 줄일 수 있습니다"" 또는 ""효과가 있을 수 있습니다"" 수준으로 완화 권고.",2026-08-18
2026-08-06-housing-auto-5c27e6,https://honsamnote.co.kr/blog/2026-08-06-housing-auto-5c27e6/,housing,"혼자 사는 직장인, 해외 파견/장기 출장 갈 때? 내 원룸 현명하게 단기 임대주고 돈 버는 법",가장안전,1,*   **지인 추천:** 가장 안전한 방법입니다.,REVIEW,,,2026-08-18
2026-08-08-safety-auto-84a0bd,https://honsamnote.co.kr/blog/2026-08-08-safety-auto-84a0bd/,safety,"혼자 사는 당신, 주방이나 보일러실에서 가스 냄새가 희미하게 날 때: 당황하지 않고 안전하게 확인하고 대처하는 현실적인 방법",반드시,2,반드시 전문가의 점검을 받아 원인을 해결해야 합니다.,REVIEW,,,2026-08-18
2026-08-08-safety-auto-84a0bd,https://honsamnote.co.kr/blog/2026-08-08-safety-auto-84a0bd/,safety,"혼자 사는 당신, 주방이나 보일러실에서 가스 냄새가 희미하게 날 때: 당황하지 않고 안전하게 확인하고 대처하는 현실적인 방법",절대,8,냄새의 정도와 관계없이 **절대 불꽃이나 전기 스위치를 사용하지 마세요.** 그리고 **즉시 도시가스 고객센터나 119에 신고**하여 전문가의 도움을 받는 것이 가장 안전하고 현명한 방법입니다.,KEEP,안전 지침 문맥 — 강한 지시 표현이 적절. 사용자 보호에 필요.,,2026-08-18
2026-08-08-safety-auto-84a0bd,https://honsamnote.co.kr/blog/2026-08-08-safety-auto-84a0bd/,safety,"혼자 사는 당신, 주방이나 보일러실에서 가스 냄새가 희미하게 날 때: 당황하지 않고 안전하게 확인하고 대처하는 현실적인 방법",완전히,3,이는 연소 후 잔여 가스가 완전히 배출되지 않아 발생하는 경우가 많습니다.,SOFTEN,,"""완전히 제거""→""냄새를 크게 줄일 수 있으며""",2026-08-18
2026-08-08-safety-auto-84a0bd,https://honsamnote.co.kr/blog/2026-08-08-safety-auto-84a0bd/,safety,"혼자 사는 당신, 주방이나 보일러실에서 가스 냄새가 희미하게 날 때: 당황하지 않고 안전하게 확인하고 대처하는 현실적인 방법",가장안전,1,냄새의 정도와 관계없이 **절대 불꽃이나 전기 스위치를 사용하지 마세요.** 그리고 **즉시 도시가스 고객센터나 119에 신고**하여 전문가의 도움을 받는 것이 가장 안전하고 현명한 방법입니다.,KEEP,안전 지침 문맥 — 강한 지시 표현이 적절. 사용자 보호에 필요.,,2026-08-18
2026-07-30-safety-35,https://honsamnote.co.kr/blog/2026-07-30-safety-35/,safety,"혼자 사는 당신, 늦은 밤 퇴근 후 불안한 현관 보안 이대로 강화하세요",반드시,9,"반드시 본인 현관문 앞 공간만 촬영하고, 카메라 설치에 대한 아파트/오피스텔 관리 규정을 확인하세요.",REVIEW,,,2026-08-18
2026-07-30-safety-35,https://honsamnote.co.kr/blog/2026-07-30-safety-35/,safety,"혼자 사는 당신, 늦은 밤 퇴근 후 불안한 현관 보안 이대로 강화하세요",무조건,1,무조건 비싼 장치보다는 내 상황에 맞는 현실적인 솔루션을 찾는 것이 중요합니다.,REVIEW,,,2026-08-18
2026-07-30-safety-35,https://honsamnote.co.kr/blog/2026-07-30-safety-35/,safety,"혼자 사는 당신, 늦은 밤 퇴근 후 불안한 현관 보안 이대로 강화하세요",완전히,4,"**추가 보조 잠금장치 (락힌지, 현관문 이중잠금장치):**
    *   **락힌지(Lock Hinge):** 문 안쪽에 설치하는 간단한 잠금장치로, 문이 완전히 열리지 않도록 막아줍니다.",REVIEW,,,2026-08-18
2026-08-01-safety-auto-835af8,https://honsamnote.co.kr/blog/2026-08-01-safety-auto-835af8/,safety,"혼자 사는 당신, 보일러나 난방기 사용 중 갑자기 어지럽고 메스꺼울 때? 침묵의 살인자 일산화탄소 대처법",반드시,3,특히 난방 기구를 장시간 사용하거나 요리 후에는 반드시 환기를 시켜 유해 가스 축적을 막아야 합니다.,REVIEW,,,2026-08-18
2026-08-01-safety-auto-835af8,https://honsamnote.co.kr/blog/2026-08-01-safety-auto-835af8/,safety,"혼자 사는 당신, 보일러나 난방기 사용 중 갑자기 어지럽고 메스꺼울 때? 침묵의 살인자 일산화탄소 대처법",절대,5,절대 머뭇거리지 마세요.,REVIEW,,,2026-08-18
2026-08-01-safety-auto-835af8,https://honsamnote.co.kr/blog/2026-08-01-safety-auto-835af8/,safety,"혼자 사는 당신, 보일러나 난방기 사용 중 갑자기 어지럽고 메스꺼울 때? 침묵의 살인자 일산화탄소 대처법",무조건,1,"먼저 확인할 결론
난방 기구(보일러, 가스레인지, 난로 등) 사용 중 두통, 어지럼증, 메스꺼움, 구토, 무력감 등 원인 불명의 감기 몸살과 유사한 증상이 나타난다면, **즉시 모든 난방 기구를 끄고, 집안의 모든 창문을 활짝 열어 환기한 다음, 곧바로 실외로 대피하여 119에 신고해야 합니다.** 증상이 경미하더라도 무조건 대피하고 의료 전문가의 도움을",KEEP,안전 지침 문맥 — 강한 지시 표현이 적절. 사용자 보호에 필요.,,2026-08-18
2026-08-01-safety-auto-835af8,https://honsamnote.co.kr/blog/2026-08-01-safety-auto-835af8/,safety,"혼자 사는 당신, 보일러나 난방기 사용 중 갑자기 어지럽고 메스꺼울 때? 침묵의 살인자 일산화탄소 대처법",완전히,1,*   **단순히 창문만 살짝 열고 마는 것:** 충분한 환기가 이루어지지 않아 실내 일산화탄소 농도가 완전히 낮아지지 않을 수 있습니다.,REVIEW,,,2026-08-18
2026-08-10-cost-auto-88aeb7,https://honsamnote.co.kr/blog/2026-08-10-cost-auto-88aeb7/,cost,1인 가구 주방 비교｜전기레인지 추천,반드시,10,"요리 빈도 높은 1인 가구 |

3단계: 예산 및 주거 형태 고려, 최종 선택하기
*   **월세/전세라면**: 빌트인 설치는 집주인과 반드시 상의해야 합니다.",REVIEW,,,2026-08-18
2026-07-30-safety-37,https://honsamnote.co.kr/blog/2026-07-30-safety-37/,safety,나 혼자 사는 집에 불이 났다면? 당황하지 않고 대피하는 5단계 행동 수칙,반드시,2,"*   **주의:** 초기 진압은 '가능하면' 시도하는 것이지, '반드시' 해야 하는 것이 아닙니다.",REVIEW,,,2026-08-18
2026-07-30-safety-37,https://honsamnote.co.kr/blog/2026-07-30-safety-37/,safety,나 혼자 사는 집에 불이 났다면? 당황하지 않고 대피하는 5단계 행동 수칙,절대,7,"**이 단계에서는 절대 불을 끄려 시도하지 말고 즉시 대피하는 것이 최우선입니다.**
*   **판단 기준 핵심:** 불을 인지했을 때, **'5초 안에 진압할 수 없겠다'**고 판단되면 무조건 대피하세요.",KEEP,안전 지침 문맥 — 강한 지시 표현이 적절. 사용자 보호에 필요.,,2026-08-18
2026-07-30-safety-37,https://honsamnote.co.kr/blog/2026-07-30-safety-37/,safety,나 혼자 사는 집에 불이 났다면? 당황하지 않고 대피하는 5단계 행동 수칙,무조건,2,"**이 단계에서는 절대 불을 끄려 시도하지 말고 즉시 대피하는 것이 최우선입니다.**
*   **판단 기준 핵심:** 불을 인지했을 때, **'5초 안에 진압할 수 없겠다'**고 판단되면 무조건 대피하세요.",KEEP,안전 지침 문맥 — 강한 지시 표현이 적절. 사용자 보호에 필요.,,2026-08-18
2026-07-30-safety-37,https://honsamnote.co.kr/blog/2026-07-30-safety-37/,safety,나 혼자 사는 집에 불이 났다면? 당황하지 않고 대피하는 5단계 행동 수칙,완전히,1,"젖은 담요나 이불로 불이 난 프라이팬/냄비를 완전히 덮어 산소를 차단하거나, 소화기를 사용합니다.",REVIEW,,,2026-08-18
2026-07-30-safety-37,https://honsamnote.co.kr/blog/2026-07-30-safety-37/,safety,나 혼자 사는 집에 불이 났다면? 당황하지 않고 대피하는 5단계 행동 수칙,가장안전,1,발이 보이지 않는 짙은 연기 속에서는 무릎으로 기어가는 것이 가장 안전합니다.,REVIEW,,,2026-08-18
2026-07-30-safety-38,https://honsamnote.co.kr/blog/2026-07-30-safety-38/,safety,"퇴근 후 쌓이는 택배 송장, 개인정보 노출 없이 안전하게 버리는 확실한 방법",반드시,3,"먼저 확인할 결론

택배 송장에 담긴 개인정보는 유출될 경우 심각한 범죄로 이어질 수 있으므로, 반드시 완벽하게 파기해야 합니다.",REVIEW,,,2026-08-18
2026-07-30-safety-38,https://honsamnote.co.kr/blog/2026-07-30-safety-38/,safety,"퇴근 후 쌓이는 택배 송장, 개인정보 노출 없이 안전하게 버리는 확실한 방법",절대,1,'이 정도면 괜찮겠지' 하는 안일한 생각은 개인정보 보호에 있어서는 절대 금물입니다.,REVIEW,,,2026-08-18
2026-07-30-safety-38,https://honsamnote.co.kr/blog/2026-07-30-safety-38/,safety,"퇴근 후 쌓이는 택배 송장, 개인정보 노출 없이 안전하게 버리는 확실한 방법",완전히,3,완전히 불려진 송장은 손으로 비벼서 더 이상 정보를 알아볼 수 없도록 훼손합니다.,REVIEW,,,2026-08-18
2026-07-30-safety-38,https://honsamnote.co.kr/blog/2026-07-30-safety-38/,safety,"퇴근 후 쌓이는 택배 송장, 개인정보 노출 없이 안전하게 버리는 확실한 방법",완벽하게,4,"먼저 확인할 결론

택배 송장에 담긴 개인정보는 유출될 경우 심각한 범죄로 이어질 수 있으므로, 반드시 완벽하게 파기해야 합니다.",SOFTEN,,"""완벽하게"" 표현 — 절대적 보장 불가. ""크게 줄일 수 있습니다"" 또는 ""효과가 있을 수 있습니다"" 수준으로 완화 권고.",2026-08-18
2026-08-06-safety-auto-b35351,https://honsamnote.co.kr/blog/2026-08-06-safety-auto-b35351/,safety,방문자 응대 체크리스트｜현관문,반드시,1,반드시 공식적인 경로로 확인해야 합니다.,REVIEW,,,2026-08-18
2026-08-06-safety-auto-b35351,https://honsamnote.co.kr/blog/2026-08-06-safety-auto-b35351/,safety,방문자 응대 체크리스트｜현관문,절대,7,"먼저 확인할 결론
예상치 못한 방문자가 문을 두드릴 때는 **절대 문을 먼저 열지 마세요.** 외부 침입 시도는 의외로 간단한 상황에서 시작됩니다.",REVIEW,,,2026-08-18
2026-08-06-safety-auto-b35351,https://honsamnote.co.kr/blog/2026-08-06-safety-auto-b35351/,safety,방문자 응대 체크리스트｜현관문,완전히,1,"하지만 이 경우 상대방에게 '집에 사람이 없다'는 인식을 줄 수 있으며, 진짜 응급 상황(예: 옆집 화재로 인한 대피 경고)일 가능성도 완전히 배제할 수 없습니다.",KEEP,안전 지침 문맥 — 강한 지시 표현이 적절. 사용자 보호에 필요.,,2026-08-18
2026-08-06-safety-auto-b35351,https://honsamnote.co.kr/blog/2026-08-06-safety-auto-b35351/,safety,방문자 응대 체크리스트｜현관문,가장안전,1,혼자서 섣불리 대응하기보다는 전문가의 도움을 받는 것이 가장 안전합니다.,REVIEW,,,2026-08-18
2026-08-07-safety-auto-6b24c5,https://honsamnote.co.kr/blog/2026-08-07-safety-auto-6b24c5/,safety,"혼자 사는 당신, 새 집 이사 직후 '이것' 안 하면 위험! 도어락 비밀번호와 열쇠 관리 안전 가이드",반드시,7,"먼저 확인할 결론
새 집으로 이사했다면, 다른 어떤 일보다 **도어락 비밀번호는 반드시 즉시 변경하고, 기존 열쇠는 모두 회수하거나 필요하다면 현관문 실린더 교체를 최우선으로 고려**해야 합니다.",REVIEW,,,2026-08-18
2026-08-07-safety-auto-6b24c5,https://honsamnote.co.kr/blog/2026-08-07-safety-auto-6b24c5/,safety,"혼자 사는 당신, 새 집 이사 직후 '이것' 안 하면 위험! 도어락 비밀번호와 열쇠 관리 안전 가이드",절대,2,아무리 바쁘더라도 이 핵심적인 안전 수칙만큼은 절대 미루지 마세요.,REVIEW,,,2026-08-18
2026-08-12-safety-auto-020b2f,https://honsamnote.co.kr/blog/2026-08-12-safety-auto-020b2f/,safety,배수구 냄새 제거 방법｜싱크대 악취,반드시,3,*   **사용 방법**: 반드시 제품 설명서에 따라 사용합니다.,REVIEW,,,2026-08-18
2026-08-12-safety-auto-020b2f,https://honsamnote.co.kr/blog/2026-08-12-safety-auto-020b2f/,safety,배수구 냄새 제거 방법｜싱크대 악취,절대,4,"(주의: 락스와 식초는 절대 혼합 금지!)
    4.",REVIEW,,,2026-08-18
2026-08-12-safety-auto-020b2f,https://honsamnote.co.kr/blog/2026-08-12-safety-auto-020b2f/,safety,배수구 냄새 제거 방법｜싱크대 악취,완전히,1,"*   **배수구에 부적절한 물건 넣기**: 막대기, 젓가락, 심지어 락스 뚜껑 같은 이물질을 배수구에 넣어 막힌 것을 뚫으려다가 오히려 더 깊이 박혀 완전히 막힘을 유발할 수 있습니다.",REVIEW,,,2026-08-18
2026-08-12-safety-auto-020b2f,https://honsamnote.co.kr/blog/2026-08-12-safety-auto-020b2f/,safety,배수구 냄새 제거 방법｜싱크대 악취,확실히,1,"이 지긋지긋한 냄새, 어떻게 해야 확실히 잡을 수 있을까요?",REVIEW,,,2026-08-18
2026-07-30-cost-80,https://honsamnote.co.kr/blog/2026-07-30-cost-80/,cost,알뜰폰 비교｜통신 3사,반드시,4,"**이런 분들은 알뜰폰을 고려해보세요:**
*   월 데이터 사용량이 일정하거나, 와이파이 환경에서 주로 데이터를 사용하는 분
*   기존 통신사에서 받고 있는 가족 결합, 인터넷/TV 결합 등 대규모 할인 혜택이 없거나 미미한 분
*   통신사 멤버십 혜택을 거의 사용하지 않거나, 다른 방법으로 대체 가능한 분
*   휴대폰을 자급제로 구매하고 2",REVIEW,,,2026-08-18
2026-07-30-cost-80,https://honsamnote.co.kr/blog/2026-07-30-cost-80/,cost,알뜰폰 비교｜통신 3사,무조건,3,"먼저 확인할 결론

'통신 3사는 무조건 비싸고, 알뜰폰이 무조건 싸다'는 일반적인 생각은 당신의 실제 생활 패턴과 필요를 충분히 반영하지 못한 오해일 수 있습니다.",REVIEW,,,2026-08-18
2026-08-01-cost-auto-aa6f9d,https://honsamnote.co.kr/blog/2026-08-01-cost-auto-aa6f9d/,cost,"혼자 사는 직장인, 큰돈 드는 가전·가구! 새것 vs 중고 vs 렌탈, 내게 맞는 선택 기준 3가지",반드시,4,*   **팁:** 직거래를 통해 제품 상태를 직접 확인하고 작동 여부를 반드시 점검하세요.,REVIEW,,,2026-08-18
2026-08-01-cost-auto-aa6f9d,https://honsamnote.co.kr/blog/2026-08-01-cost-auto-aa6f9d/,cost,"혼자 사는 직장인, 큰돈 드는 가전·가구! 새것 vs 중고 vs 렌탈, 내게 맞는 선택 기준 3가지",무조건,2,"*   **'무조건 새것이 좋다'는 편견:** 예산과 거주 계획을 고려하지 않고 무조건 최신/고가 모델만 고집하면 불필요한 지출이 발생하고, 이사 시 처분에 골치 아파질 수 있습니다.",REVIEW,,,2026-08-18
2026-08-01-cost-auto-aa6f9d,https://honsamnote.co.kr/blog/2026-08-01-cost-auto-aa6f9d/,cost,"혼자 사는 직장인, 큰돈 드는 가전·가구! 새것 vs 중고 vs 렌탈, 내게 맞는 선택 기준 3가지",가장안전,1,사진이나 영상만 믿지 말고 가능하다면 직접 방문하여 작동 여부를 확인하는 것이 가장 안전합니다.,SOFTEN,,"""반드시"" 삭제 또는 ""권장합니다""로 완화",2026-08-18
2026-08-01-housing-auto-abec0f,https://honsamnote.co.kr/blog/2026-08-01-housing-auto-abec0f/,housing,"내 첫 전월세 계약 만료, 집주인 무리한 요구에 당황? 계약갱신청구권으로 당당하게 대처하는 법",반드시,5,"반드시 증거를 남길 수 있는 방법(문자 메시지, 카카오톡, 이메일, 내용증명 우편)을 사용하세요.",REVIEW,,,2026-08-18
2026-08-01-housing-auto-abec0f,https://honsamnote.co.kr/blog/2026-08-01-housing-auto-abec0f/,housing,"내 첫 전월세 계약 만료, 집주인 무리한 요구에 당황? 계약갱신청구권으로 당당하게 대처하는 법",절대,2,"그리고 앞서 설명드린 통보 가능 기간(만료 6개월 전 ~ 2개월 전, 또는 1개월 전)을 달력에 표시해두고 이 '황금 시간'을 절대 놓치지 않도록 주의합니다.",REVIEW,,,2026-08-18
2026-08-01-housing-auto-abec0f,https://honsamnote.co.kr/blog/2026-08-01-housing-auto-abec0f/,housing,"내 첫 전월세 계약 만료, 집주인 무리한 요구에 당황? 계약갱신청구권으로 당당하게 대처하는 법",무조건,1,"*   **집주인이 무조건 거절할 수 없나요?**
    대부분의 경우 집주인은 임차인의 계약갱신청구권을 거절할 수 없습니다.",REVIEW,,,2026-08-18
2026-08-03-housing-auto-e4e5c4,https://honsamnote.co.kr/blog/2026-08-03-housing-auto-e4e5c4/,housing,"혼자 사는 직장인, 이사 전 빈집 점검 소홀하면 보증금 날릴 수도! 꼼꼼하게 현장 확인하는 순서",반드시,6,"**모든 문제점 '사진과 동영상'으로 꼼꼼히 기록**
    *   문제점을 발견하면 반드시 **사진을 찍고, 가능하면 동영상으로도 촬영**하세요.",REVIEW,,,2026-08-18
2026-08-03-housing-auto-e4e5c4,https://honsamnote.co.kr/blog/2026-08-03-housing-auto-e4e5c4/,housing,"혼자 사는 직장인, 이사 전 빈집 점검 소홀하면 보증금 날릴 수도! 꼼꼼하게 현장 확인하는 순서",절대,1,구두는 절대 금물입니다.,REVIEW,,,2026-08-18
2026-08-03-housing-auto-e4e5c4,https://honsamnote.co.kr/blog/2026-08-03-housing-auto-e4e5c4/,housing,"혼자 사는 직장인, 이사 전 빈집 점검 소홀하면 보증금 날릴 수도! 꼼꼼하게 현장 확인하는 순서",무조건,1,"애매한 부분은 무조건 사진, 동영상으로 남겨두고 집주인에게 알리는 것이 현명합니다.",REVIEW,,,2026-08-18
2026-08-05-safety-auto-d98bca,https://honsamnote.co.kr/blog/2026-08-05-safety-auto-d98bca/,safety,"혼자 사는 당신, 늦은 밤 갑자기 두꺼비집이 내려가거나 콘센트에서 스파크가 튈 때: 당황하지 않고 안전하게 확인하고 대처하는 법",반드시,3,"(상황에 따라 다르므로 업체와 조율 필요)
*   **주의사항:**
    *   **절연 장비:** 작업 시에는 반드시 마른 고무장갑 등을 착용하여 감전 위험을 줄이세요.",KEEP,안전 지침 문맥 — 강한 지시 표현이 적절. 사용자 보호에 필요.,,2026-08-18
2026-08-05-safety-auto-d98bca,https://honsamnote.co.kr/blog/2026-08-05-safety-auto-d98bca/,safety,"혼자 사는 당신, 늦은 밤 갑자기 두꺼비집이 내려가거나 콘센트에서 스파크가 튈 때: 당황하지 않고 안전하게 확인하고 대처하는 법",절대,5,**손상된 콘센트나 플러그는 절대 맨손으로 만지지 마세요.** 고무장갑 등 절연 장갑이 있다면 착용하는 것이 좋습니다.,REVIEW,,,2026-08-18
2026-08-07-cost-auto-0c25d9,https://honsamnote.co.kr/blog/2026-08-07-cost-auto-0c25d9/,cost,"혼자 사는 직장인, 매달 알게 모르게 새는 퍼스널 케어 비용! 나에게 딱 맞는 '스마트 지출'로 피부도 지갑도 지키는 법",반드시,4,새로운 제품은 반드시 샘플이나 소용량으로 테스트해보세요.,REVIEW,,,2026-08-18
2026-08-07-cost-auto-0c25d9,https://honsamnote.co.kr/blog/2026-08-07-cost-auto-0c25d9/,cost,"혼자 사는 직장인, 매달 알게 모르게 새는 퍼스널 케어 비용! 나에게 딱 맞는 '스마트 지출'로 피부도 지갑도 지키는 법",무조건,3,"가격:** 무조건 비싸다고 좋은 것도, 무조건 싸다고 나쁜 것도 아닙니다.",REVIEW,,,2026-08-18
2026-08-13-cost-auto-590148,https://honsamnote.co.kr/blog/2026-08-13-cost-auto-590148/,cost,1인 가구 구독 서비스 비용 정리｜디지털 구독료 절약,반드시,4,*   **자동 결제일 전 해지:** 다음 결제일이 도래하기 전에 반드시 해지해야 추가 과금을 막을 수 있습니다.,REVIEW,,,2026-08-18
2026-08-13-cost-auto-590148,https://honsamnote.co.kr/blog/2026-08-13-cost-auto-590148/,cost,1인 가구 구독 서비스 비용 정리｜디지털 구독료 절약,무조건,2,"**4단계: '유용' 서비스 비용 최적화**
'유용'으로 분류된 서비스는 무조건 해지하기보다 비용을 합리적으로 줄일 방법을 찾아봅니다.",REVIEW,,,2026-08-18
2026-08-13-cost-auto-590148,https://honsamnote.co.kr/blog/2026-08-13-cost-auto-590148/,cost,1인 가구 구독 서비스 비용 정리｜디지털 구독료 절약,확실히,2,"(예: 여러 클라우드 서비스 동시 사용, 여러 뉴스 플랫폼 구독)
*   **개인의 '삶의 질' 기준:** 비용이 비싸더라도 '이 서비스가 없으면 나의 삶의 질이 현저히 떨어진다'고 확실히 말할 수 있나요?",REVIEW,,,2026-08-18
2026-08-13-safety-auto-6b585a,https://honsamnote.co.kr/blog/2026-08-13-safety-auto-6b585a/,safety,1인 가구 이웃 소음 기준｜밤늦은 소리,절대,10,"만약 생명이나 안전이 위협받는 소리(비명, 다툼, 기물 파손, 도움 요청)라고 판단되면 **절대 직접 찾아가지 말고 즉시 112에 신고**하세요.",REVIEW,,,2026-08-18
2026-08-01-housing-auto-ecfb76,https://honsamnote.co.kr/blog/2026-08-01-housing-auto-ecfb76/,housing,"혼자 사는 직장인, 갑자기 이사 가야 할 때? 전월세 계약 중도 해지, 손해 최소화하는 현명한 대처법",반드시,4,전화 통화 후 반드시 문자 메시지나 이메일 등 기록이 남는 방법으로 다시 한번 내용을 전달하는 것이 중요합니다.,REVIEW,,,2026-08-18
2026-08-01-housing-auto-ecfb76,https://honsamnote.co.kr/blog/2026-08-01-housing-auto-ecfb76/,housing,"혼자 사는 직장인, 갑자기 이사 가야 할 때? 전월세 계약 중도 해지, 손해 최소화하는 현명한 대처법",절대,1,"**✓ 주의사항:**
*   **절대 먼저 집을 비우지 마세요:** 새로운 임차인이 들어오기 전이거나 임대인과의 보증금 반환 합의가 확실히 되지 않은 상태에서 무작정 퇴실하면, 빈집에 대한 월세 책임을 전부 지게 될 수 있습니다.",REVIEW,,,2026-08-18
2026-08-01-housing-auto-ecfb76,https://honsamnote.co.kr/blog/2026-08-01-housing-auto-ecfb76/,housing,"혼자 사는 직장인, 갑자기 이사 가야 할 때? 전월세 계약 중도 해지, 손해 최소화하는 현명한 대처법",확실히,2,"**✓ 주의사항:**
*   **절대 먼저 집을 비우지 마세요:** 새로운 임차인이 들어오기 전이거나 임대인과의 보증금 반환 합의가 확실히 되지 않은 상태에서 무작정 퇴실하면, 빈집에 대한 월세 책임을 전부 지게 될 수 있습니다.",REVIEW,,,2026-08-18
2026-08-01-safety-auto-a71046,https://honsamnote.co.kr/blog/2026-08-01-safety-auto-a71046/,safety,"혼자 사는 당신, 늦은 밤 집 문 앞에서 열쇠를 잃어버렸을 때 안전하게 귀가하고 문을 여는 방법",반드시,5,늦은 시간이라 미안하더라도 안전 문제이므로 반드시 연락해 도움을 요청하세요.,REVIEW,,,2026-08-18
2026-08-01-safety-auto-a71046,https://honsamnote.co.kr/blog/2026-08-01-safety-auto-a71046/,safety,"혼자 사는 당신, 늦은 밤 집 문 앞에서 열쇠를 잃어버렸을 때 안전하게 귀가하고 문을 여는 방법",절대,1,(절대 집 문 위나 화분 밑 등 외부에 두지 마세요.,REVIEW,,,2026-08-18
2026-08-01-safety-auto-a71046,https://honsamnote.co.kr/blog/2026-08-01-safety-auto-a71046/,safety,"혼자 사는 당신, 늦은 밤 집 문 앞에서 열쇠를 잃어버렸을 때 안전하게 귀가하고 문을 여는 방법",가장안전,1,"**장기적인 재발 방지 대책 마련:**
    *   **비상 키 보관처 확보:** 믿을 수 있는 가족이나 친한 친구에게 여분의 열쇠를 맡겨두는 것이 가장 안전하고 확실한 방법입니다.",REVIEW,,,2026-08-18
2026-08-04-housing-auto-cbaa3c,https://honsamnote.co.kr/blog/2026-08-04-housing-auto-cbaa3c/,housing,"혼자 사는 직장인, 첫 집 계약 전세 vs 월세? 내 돈 아끼는 현명한 선택 가이드",반드시,5,"**전세 선택 시 - 전세금 반환보증보험:** 전세를 선택한다면 **반드시 전세금 반환보증보험 가입을 검토해야 합니다.** 주택도시보증공사(HUG), 한국주택금융공사(HF), 서울보증보험(SGI) 등에서 가입할 수 있습니다.",KEEP,"법적 의무 절차 강조 — ""반드시"" 사용 적절. 단 법률 내용 정확성 별도 확인 필요.",,2026-08-18
2026-08-04-housing-auto-cbaa3c,https://honsamnote.co.kr/blog/2026-08-04-housing-auto-cbaa3c/,housing,"혼자 사는 직장인, 첫 집 계약 전세 vs 월세? 내 돈 아끼는 현명한 선택 가이드",절대,1,"먼저 확인할 결론
혼자 사는 직장인에게 전세와 월세 중 '절대적인 정답'은 없습니다.",REVIEW,,,2026-08-18
2026-08-04-housing-auto-cbaa3c,https://honsamnote.co.kr/blog/2026-08-04-housing-auto-cbaa3c/,housing,"혼자 사는 직장인, 첫 집 계약 전세 vs 월세? 내 돈 아끼는 현명한 선택 가이드",무조건,2,"주변에서는 '무조건 전세가 답이다'라고 하고, 어떤 친구는 '월세가 부담은 적다'고 합니다.",REVIEW,,,2026-08-18
2026-08-05-housing-auto-f0090f,https://honsamnote.co.kr/blog/2026-08-05-housing-auto-f0090f/,housing,"혼자 사는 직장인, 다음 집 어디로 갈까? 퇴근 후 짬 내서 내게 맞는 전월세집 똑똑하게 찾는 순서",반드시,3,"이후 엄선된 몇 개의 매물만 현장 방문하여 시간을 절약하고, 계약 전에는 반드시 등기부등본을 직접 확인하는 것이 핵심입니다.",KEEP,"법적 의무 절차 강조 — ""반드시"" 사용 적절. 단 법률 내용 정확성 별도 확인 필요.",,2026-08-18
2026-08-05-housing-auto-f0090f,https://honsamnote.co.kr/blog/2026-08-05-housing-auto-f0090f/,housing,"혼자 사는 직장인, 다음 집 어디로 갈까? 퇴근 후 짬 내서 내게 맞는 전월세집 똑똑하게 찾는 순서",절대,4,이 중 절대 포기할 수 없는 '핵심 조건(Must-have)'과 '있으면 좋은 조건(Nice-to-have)'을 명확히 구분해야 합니다.,REVIEW,,,2026-08-18
2026-08-05-safety-auto-4e7f26,https://honsamnote.co.kr/blog/2026-08-05-safety-auto-4e7f26/,safety,"혼자 사는 당신, 콘센트에서 타는 냄새나 스파크가 튈 때: 감전과 화재 위험 없이 안전하게 대처하는 법",절대,8,"먼저 확인할 결론

콘센트에서 타는 냄새나 스파크를 발견했다면 **즉시 해당 콘센트에 연결된 모든 전원을 차단하고, 절대로 맨손으로 만지지 마세요.** 가장 빠르고 안전한 방법은 집안 전체의 **메인 차단기를 내려 전기를 완전히 끊은 후, 전문가에게 연락하여 점검받는 것**입니다.",KEEP,안전 지침 문맥 — 강한 지시 표현이 적절. 사용자 보호에 필요.,,2026-08-18
2026-08-05-safety-auto-4e7f26,https://honsamnote.co.kr/blog/2026-08-05-safety-auto-4e7f26/,safety,"혼자 사는 당신, 콘센트에서 타는 냄새나 스파크가 튈 때: 감전과 화재 위험 없이 안전하게 대처하는 법",무조건,1,"(예: 침실, 주방 등) 하지만 확실치 않다면 무조건 메인 차단기를 내리는 것이 좋습니다.",KEEP,안전 지침 문맥 — 강한 지시 표현이 적절. 사용자 보호에 필요.,,2026-08-18
2026-08-05-safety-auto-4e7f26,https://honsamnote.co.kr/blog/2026-08-05-safety-auto-4e7f26/,safety,"혼자 사는 당신, 콘센트에서 타는 냄새나 스파크가 튈 때: 감전과 화재 위험 없이 안전하게 대처하는 법",완전히,4,"먼저 확인할 결론

콘센트에서 타는 냄새나 스파크를 발견했다면 **즉시 해당 콘센트에 연결된 모든 전원을 차단하고, 절대로 맨손으로 만지지 마세요.** 가장 빠르고 안전한 방법은 집안 전체의 **메인 차단기를 내려 전기를 완전히 끊은 후, 전문가에게 연락하여 점검받는 것**입니다.",KEEP,안전 지침 문맥 — 강한 지시 표현이 적절. 사용자 보호에 필요.,,2026-08-18
2026-08-05-safety-auto-4e7f26,https://honsamnote.co.kr/blog/2026-08-05-safety-auto-4e7f26/,safety,"혼자 사는 당신, 콘센트에서 타는 냄새나 스파크가 튈 때: 감전과 화재 위험 없이 안전하게 대처하는 법",가장안전,1,"어떤 차단기를 내려야 할지 모르겠다면, 일단 메인 차단기를 내리는 것이 가장 안전합니다.",KEEP,안전 지침 문맥 — 강한 지시 표현이 적절. 사용자 보호에 필요.,,2026-08-18
2026-08-06-cost-auto-177634,https://honsamnote.co.kr/blog/2026-08-06-cost-auto-177634/,cost,1인 가구 드라이클리닝 비교｜드라이클리닝 비용,반드시,1,*   **세탁기 울/섬세 코스:** 반드시 세탁망에 옷을 넣어 세탁기가 옷감에 가하는 충격을 줄여주세요.,REVIEW,,,2026-08-18
2026-08-06-cost-auto-177634,https://honsamnote.co.kr/blog/2026-08-06-cost-auto-177634/,cost,1인 가구 드라이클리닝 비교｜드라이클리닝 비용,절대,1,"*   **그룹 A: 물세탁 절대 금지 (X 표시된 물통)**
    *   해당 옷: 고가 정장, 캐시미어 코트, 형태 변형 쉬운 실크 원피스 등
    *   **결론: 무조건 전문 드라이클리닝 업체에 맡기세요.** 옷을 망치면 더 큰 손해입니다.",REVIEW,,,2026-08-18
2026-08-06-cost-auto-177634,https://honsamnote.co.kr/blog/2026-08-06-cost-auto-177634/,cost,1인 가구 드라이클리닝 비교｜드라이클리닝 비용,무조건,3,"먼저 확인할 결론
혼자 사는 직장인의 드라이클리닝 비용, 무조건 아낄 수 있습니다!",REVIEW,,,2026-08-18
2026-08-06-cost-auto-177634,https://honsamnote.co.kr/blog/2026-08-06-cost-auto-177634/,cost,1인 가구 드라이클리닝 비교｜드라이클리닝 비용,완벽하게,2,특히 기름때는 집에서 완벽하게 제거하기 힘듭니다.,SOFTEN,,"""완벽하게"" 표현 — 절대적 보장 불가. ""크게 줄일 수 있습니다"" 또는 ""효과가 있을 수 있습니다"" 수준으로 완화 권고.",2026-08-18
2026-08-11-housing-auto-a2f088,https://honsamnote.co.kr/blog/2026-08-11-housing-auto-a2f088/,housing,문제성 집 체크리스트｜전월세 계약,반드시,5,"특히 등기부등본, 건축물대장 같은 공적 서류를 반드시 직접 떼어보고, 의심스러운 부분이 있다면 계약을 보류하고 추가 조사를 하세요.",KEEP,"법적 의무 절차 강조 — ""반드시"" 사용 적절. 단 법률 내용 정확성 별도 확인 필요.",,2026-08-18
2026-08-11-housing-auto-a2f088,https://honsamnote.co.kr/blog/2026-08-11-housing-auto-a2f088/,housing,문제성 집 체크리스트｜전월세 계약,절대,1,"*   **구두 계약은 절대 금물:** 모든 내용은 반드시 계약서에 명시하고, 특약사항으로도 세밀하게 작성해야 합니다.",REVIEW,,,2026-08-18
2026-08-11-housing-auto-a2f088,https://honsamnote.co.kr/blog/2026-08-11-housing-auto-a2f088/,housing,문제성 집 체크리스트｜전월세 계약,100%,1,"아무리 신뢰가 가는 중개사라도, 본인의 이익과 당신의 이익이 100% 일치하지 않을 수 있다는 점을 인지해야 합니다.",SOFTEN,,"""100%"" 표현 — 절대적 보장 불가. ""크게 줄일 수 있습니다"" 또는 ""효과가 있을 수 있습니다"" 수준으로 완화 권고.",2026-08-18
2026-08-13-safety-auto-c86e8c,https://honsamnote.co.kr/blog/2026-08-13-safety-auto-c86e8c/,safety,집 흔들림 기준｜지진 대처,반드시,2,"비용·시간·주의사항
혼자 사는 당신의 안전을 위한 현실적인 비용, 시간, 그리고 반드시 알아야 할 주의사항입니다.",REVIEW,,,2026-08-18
2026-08-13-safety-auto-c86e8c,https://honsamnote.co.kr/blog/2026-08-13-safety-auto-c86e8c/,safety,집 흔들림 기준｜지진 대처,절대,2,"(단, 대피가 늦어질 위험이 있다면 과감히 생략하고 몸만 대피하세요.)
    *   **대피 경로:** 엘리베이터는 절대 사용하지 말고, 비상계단을 이용하여 침착하게 건물 밖으로 이동합니다.",KEEP,안전 지침 문맥 — 강한 지시 표현이 적절. 사용자 보호에 필요.,,2026-08-18
2026-08-13-safety-auto-c86e8c,https://honsamnote.co.kr/blog/2026-08-13-safety-auto-c86e8c/,safety,집 흔들림 기준｜지진 대처,무조건,1,"하지만 판단에 시간이 걸린다면 무조건 안전 확보가 우선입니다.**

해결 순서
혼자 있을 때 집이 흔들리거나 비상벨이 울리면, 다음 4단계에 따라 침착하게 대처하세요.",REVIEW,,,2026-08-18
2026-07-30-cost-3,https://honsamnote.co.kr/blog/2026-07-30-cost-3/,cost,"혼자 사는 직장인, 통신비 월 2만원 아끼는 알뜰폰+인터넷 vs 3사 결합, 현명한 선택 가이드",반드시,2,"반드시 알아둘 주의사항
*   **약정 기간 확인은 필수:** 현재 약정 잔여 기간과 위약금을 반드시 확인해야 합니다.",REVIEW,,,2026-08-18
2026-07-30-cost-3,https://honsamnote.co.kr/blog/2026-07-30-cost-3/,cost,"혼자 사는 직장인, 통신비 월 2만원 아끼는 알뜰폰+인터넷 vs 3사 결합, 현명한 선택 가이드",무조건,2,"이렇게 하면 오히려 악화됩니다
*   **'혹시 모르니까' 비싼 요금제 고집하기:** 실제 사용량을 냉철하게 분석하지 않고, '데이터는 무조건 무제한'이라며 불필요하게 비싼 요금제를 선택하는 것은 가장 흔한 낭비입니다.",REVIEW,,,2026-08-18
2026-07-30-housing-45,https://honsamnote.co.kr/blog/2026-07-30-housing-45/,housing,"1인 가구 이사, 퇴근 후 틈틈이 준비해도 시간과 돈 아끼는 최적의 체크리스트",반드시,4,**현 거주지 계약 해지 통보**: 임대차 계약서상 해지 통보 기한(보통 계약 만료 1~2개월 전)을 반드시 확인하고 집주인 또는 부동산에 이사 계획을 알립니다.,KEEP,"법적 의무 절차 강조 — ""반드시"" 사용 적절. 단 법률 내용 정확성 별도 확인 필요.",,2026-08-18
2026-07-30-housing-45,https://honsamnote.co.kr/blog/2026-07-30-housing-45/,housing,"1인 가구 이사, 퇴근 후 틈틈이 준비해도 시간과 돈 아끼는 최적의 체크리스트",무조건,2,"*   **업체 비교 없이 무조건 싼 곳 선택**: 이삿짐센터 선정 시 가격만 보고 가장 저렴한 곳을 선택하면, 서비스의 질이 떨어지거나 짐 파손, 분실, 불친절 등으로 이어질 수 있습니다.",REVIEW,,,2026-08-18
2026-07-30-housing-45,https://honsamnote.co.kr/blog/2026-07-30-housing-45/,housing,"1인 가구 이사, 퇴근 후 틈틈이 준비해도 시간과 돈 아끼는 최적의 체크리스트",완전히,1,**세탁기 물 빼기**: 세탁기 잔수를 완전히 빼내지 않으면 이사 중 고장의 원인이 될 수 있습니다.,REVIEW,,,2026-08-18
2026-08-01-cost-auto-44803f,https://honsamnote.co.kr/blog/2026-08-01-cost-auto-44803f/,cost,"혼자 사는 직장인, 매년 놓치는 연말정산 환급금! 내 돈 최대로 돌려받는 실전 가이드",반드시,4,월세 이체는 반드시 본인 명의 계좌에서 임대인 명의 계좌로 이체해야 합니다.,REVIEW,,,2026-08-18
2026-08-01-cost-auto-44803f,https://honsamnote.co.kr/blog/2026-08-01-cost-auto-44803f/,cost,"혼자 사는 직장인, 매년 놓치는 연말정산 환급금! 내 돈 최대로 돌려받는 실전 가이드",절대,1,*   **근거 없는 지출:** 세액공제를 받기 위해 불필요한 지출을 늘리는 것은 절대 금물입니다.,REVIEW,,,2026-08-18
2026-08-01-cost-auto-44803f,https://honsamnote.co.kr/blog/2026-08-01-cost-auto-44803f/,cost,"혼자 사는 직장인, 매년 놓치는 연말정산 환급금! 내 돈 최대로 돌려받는 실전 가이드",완벽하게,1,"*   **간소화 서비스 맹신:** 홈택스 간소화 서비스는 매우 편리하지만, 모든 자료가 완벽하게 반영되는 것은 아닙니다.",SOFTEN,,"""완벽하게"" 표현 — 절대적 보장 불가. ""크게 줄일 수 있습니다"" 또는 ""효과가 있을 수 있습니다"" 수준으로 완화 권고.",2026-08-18
2026-08-01-cost-auto-8e14b1,https://honsamnote.co.kr/blog/2026-08-01-cost-auto-8e14b1/,cost,"혼자 사는 직장인, 대용량 생필품/식료품, 사야 할까? 말아야 할까? 내게 맞는 구매 기준 3단계",반드시,4,"*   **무엇을?**
    *   매주 또는 격주로 반드시 구매하는 품목은 무엇인가요?",REVIEW,,,2026-08-18
2026-08-01-cost-auto-8e14b1,https://honsamnote.co.kr/blog/2026-08-01-cost-auto-8e14b1/,cost,"혼자 사는 직장인, 대용량 생필품/식료품, 사야 할까? 말아야 할까? 내게 맞는 구매 기준 3단계",무조건,2,"먼저 확인할 결론
혼자 사는 직장인에게 대용량 구매가 무조건적인 생활비 절약으로 이어지는 것은 아닙니다.",REVIEW,,,2026-08-18
2026-08-01-cost-auto-8e14b1,https://honsamnote.co.kr/blog/2026-08-01-cost-auto-8e14b1/,cost,"혼자 사는 직장인, 대용량 생필품/식료품, 사야 할까? 말아야 할까? 내게 맞는 구매 기준 3단계",확실히,2,"1단계: 내 소비 패턴 '확실히' 분석하기
막연하게 '자주 쓰는 것 같아'가 아닌, 구체적인 데이터를 바탕으로 나만의 소비 패턴을 파악하세요.",REVIEW,,,2026-08-18
2026-08-01-housing-auto-e6f8ea,https://honsamnote.co.kr/blog/2026-08-01-housing-auto-e6f8ea/,housing,"혼자 사는 직장인, 이사 갈 때 포장·반포장·용달 이사 중 뭘 고를까? 내 상황에 맞는 최적의 선택 가이드",반드시,4,"전화나 온라인 견적은 실제와 다를 수 있으니, 반드시 **방문 견적**을 받는 것이 좋습니다.",REVIEW,,,2026-08-18
2026-08-01-housing-auto-e6f8ea,https://honsamnote.co.kr/blog/2026-08-01-housing-auto-e6f8ea/,housing,"혼자 사는 직장인, 이사 갈 때 포장·반포장·용달 이사 중 뭘 고를까? 내 상황에 맞는 최적의 선택 가이드",무조건,2,"*   **공통 주의사항:**
    *   **견적 비교:** 무조건 가장 저렴한 곳보다는 최소 3곳 이상의 업체 견적을 비교하고, 서비스 내용과 후기를 종합적으로 고려하는 것이 현명합니다.",REVIEW,,,2026-08-18
2026-08-01-safety-auto-0e6262,https://honsamnote.co.kr/blog/2026-08-01-safety-auto-0e6262/,safety,일산화탄소 중독 해결 방법｜보일러 이상,반드시,3,"**의료 진료 받기:**
    *   증상이 호전되더라도 반드시 병원에 방문하여 의사의 진료를 받으세요.",REVIEW,,,2026-08-18
2026-08-01-safety-auto-0e6262,https://honsamnote.co.kr/blog/2026-08-01-safety-auto-0e6262/,safety,일산화탄소 중독 해결 방법｜보일러 이상,절대,3,"**집 안 안전 점검 및 조치:**
    *   119와 가스안전공사 또는 해당 보일러 회사 전문가의 지시가 있기 전까지는 절대로 다시 집 안으로 들어가서는 안 됩니다.",KEEP,안전 지침 문맥 — 강한 지시 표현이 적절. 사용자 보호에 필요.,,2026-08-18
2026-08-01-safety-auto-0e6262,https://honsamnote.co.kr/blog/2026-08-01-safety-auto-0e6262/,safety,일산화탄소 중독 해결 방법｜보일러 이상,100%,1,만약 경보기가 울린다면 100% 일산화탄소 누출이므로 즉시 대처해야 합니다.,SOFTEN,,"""100%"" 표현 — 절대적 보장 불가. ""크게 줄일 수 있습니다"" 또는 ""효과가 있을 수 있습니다"" 수준으로 완화 권고.",2026-08-18
2026-08-01-safety-auto-4f0708,https://honsamnote.co.kr/blog/2026-08-01-safety-auto-4f0708/,safety,"혼자 사는 당신, 늦은 밤 갑자기 정전될 때? 당황하지 않고 안전하게 대처하는 현실적인 방법",반드시,2,"반드시 받침대에 고정하고, 주변에 가연성 물질이 없는지 확인 후 제한적으로 사용하세요.",REVIEW,,,2026-08-18
2026-08-01-safety-auto-4f0708,https://honsamnote.co.kr/blog/2026-08-01-safety-auto-4f0708/,safety,"혼자 사는 당신, 늦은 밤 갑자기 정전될 때? 당황하지 않고 안전하게 대처하는 현실적인 방법",절대,3,"*   **주의사항**:
    *   **절대 촛불만 사용하지 마세요**: 양초는 이동 시 매우 위험하며, 불티로 인한 화재 발생 가능성이 높습니다.",KEEP,안전 지침 문맥 — 강한 지시 표현이 적절. 사용자 보호에 필요.,,2026-08-18
2026-08-01-safety-auto-4f0708,https://honsamnote.co.kr/blog/2026-08-01-safety-auto-4f0708/,safety,"혼자 사는 당신, 늦은 밤 갑자기 정전될 때? 당황하지 않고 안전하게 대처하는 현실적인 방법",즉시해결,1,"*   **복구까지의 시간**: 내부 문제의 경우 차단기 재작동으로 즉시 해결될 수 있으나, 외부 광역 정전의 경우 몇 시간에서 길게는 하루 이상 소요될 수도 있습니다.",KEEP,안전 지침 문맥 — 강한 지시 표현이 적절. 사용자 보호에 필요.,,2026-08-18
2026-08-01-safety-auto-909169,https://honsamnote.co.kr/blog/2026-08-01-safety-auto-909169/,safety,"혼자 사는 당신, 퇴근 후 문이 잠겼을 때? 열쇠 분실 대비, 현명한 선택 가이드",반드시,4,"단, 외부 노출 위험이 있으므로 주변 환경의 보안 상태를 면밀히 고려하고, 설치 시 반드시 단단히 고정해야 합니다.",REVIEW,,,2026-08-18
2026-08-01-safety-auto-909169,https://honsamnote.co.kr/blog/2026-08-01-safety-auto-909169/,safety,"혼자 사는 당신, 퇴근 후 문이 잠겼을 때? 열쇠 분실 대비, 현명한 선택 가이드",절대,1,아무리 급해도 신뢰가 없는 사람에게 집 열쇠를 맡기는 것은 절대 금물입니다.,REVIEW,,,2026-08-18
2026-08-01-safety-auto-909169,https://honsamnote.co.kr/blog/2026-08-01-safety-auto-909169/,safety,"혼자 사는 당신, 퇴근 후 문이 잠겼을 때? 열쇠 분실 대비, 현명한 선택 가이드",가장안전,1,이곳을 통해 소개받는 것이 가장 안전하고 신뢰할 수 있습니다.,REVIEW,,,2026-08-18
2026-08-03-cost-auto-d01191,https://honsamnote.co.kr/blog/2026-08-03-cost-auto-d01191/,cost,1인 가구 청소 서비스 방법｜생활비 절약,반드시,4,"*   **최소 계약 기간과 위약금:** 반드시 계약서 내용을 확인하여 최소 계약 기간이 얼마인지, 기간 내 해지 시 위약금은 어떻게 되는지 정확히 숙지해야 합니다.",SOFTEN,,"""반드시"" 삭제 또는 ""권장합니다""로 완화",2026-08-18
2026-08-03-cost-auto-d01191,https://honsamnote.co.kr/blog/2026-08-03-cost-auto-d01191/,cost,1인 가구 청소 서비스 방법｜생활비 절약,무조건,2,"먼저 확인할 결론
혼자 사는 직장인의 홈 서비스 구독, **무조건 '좋다'거나 '나쁘다'고 단정할 수는 없습니다.** 핵심은 **‘내 라이프스타일과 예산’**에 맞춰 신중하게 결정해야 한다는 것입니다.",REVIEW,,,2026-08-18
2026-08-03-safety-auto-7bde55,https://honsamnote.co.kr/blog/2026-08-03-safety-auto-7bde55/,safety,"혼자 사는 당신, 주방 화재 발생 시? 소화기 vs. 소방 담요, 나에게 더 효과적인 것은?",반드시,1,*   **사용 후 환기:** 화재 진압 후에는 반드시 창문을 열어 연기를 배출하고 환기하세요.,KEEP,안전 지침 문맥 — 강한 지시 표현이 적절. 사용자 보호에 필요.,,2026-08-18
2026-08-03-safety-auto-7bde55,https://honsamnote.co.kr/blog/2026-08-03-safety-auto-7bde55/,safety,"혼자 사는 당신, 주방 화재 발생 시? 소화기 vs. 소방 담요, 나에게 더 효과적인 것은?",절대,4,절대 담요를 성급하게 걷어내지 마세요.,REVIEW,,,2026-08-18
2026-08-03-safety-auto-7bde55,https://honsamnote.co.kr/blog/2026-08-03-safety-auto-7bde55/,safety,"혼자 사는 당신, 주방 화재 발생 시? 소화기 vs. 소방 담요, 나에게 더 효과적인 것은?",완전히,3,불꽃 위를 완전히 덮어 산소를 차단합니다.,KEEP,안전 지침 문맥 — 강한 지시 표현이 적절. 사용자 보호에 필요.,,2026-08-18
2026-08-03-safety-auto-7bde55,https://honsamnote.co.kr/blog/2026-08-03-safety-auto-7bde55/,safety,"혼자 사는 당신, 주방 화재 발생 시? 소화기 vs. 소방 담요, 나에게 더 효과적인 것은?",가장안전,1,"소방 담요는 주방에, 소화기는 현관 근처나 거실 등 동선이 편리한 곳에 두어 어떤 화재 상황에도 대비하는 것이 가장 안전합니다.",KEEP,안전 지침 문맥 — 강한 지시 표현이 적절. 사용자 보호에 필요.,,2026-08-18
2026-08-04-housing-auto-24e082,https://honsamnote.co.kr/blog/2026-08-04-housing-auto-24e082/,housing,"혼자 사는 직장인, 빈집 걱정 이제 그만! 우리 집 지키는 스마트 홈CCTV vs 보안 서비스, 뭘 골라야 현명할까?",반드시,5,"*   **보안 및 프라이버시 설정:** 반드시 초기 비밀번호를 변경하고, 촬영 각도를 외부가 아닌 집 내부 위주로 설정하며, 민감한 영상은 암호화된 클라우드에 저장하는지 확인하세요.",REVIEW,,,2026-08-18
2026-08-04-housing-auto-24e082,https://honsamnote.co.kr/blog/2026-08-04-housing-auto-24e082/,housing,"혼자 사는 직장인, 빈집 걱정 이제 그만! 우리 집 지키는 스마트 홈CCTV vs 보안 서비스, 뭘 골라야 현명할까?",가장안전,1,"혼자 사는 당신에게 집은 온전히 나만의 공간이자 가장 안전해야 할 곳이지만, 막상 집을 비우면 수많은 걱정이 따라옵니다.",REVIEW,,,2026-08-18
2026-08-06-cost-auto-c59747,https://honsamnote.co.kr/blog/2026-08-06-cost-auto-c59747/,cost,"혼자 사는 직장인, 밤마다 OTT 유목민이라면? 나에게 딱 맞는 구독 전략으로 매달 만원 아끼는 법",반드시,3,"(단, 각 OTT의 계정 공유 정책을 반드시 확인해야 합니다.)

5.",REVIEW,,,2026-08-18
2026-08-06-cost-auto-c59747,https://honsamnote.co.kr/blog/2026-08-06-cost-auto-c59747/,cost,"혼자 사는 직장인, 밤마다 OTT 유목민이라면? 나에게 딱 맞는 구독 전략으로 매달 만원 아끼는 법",무조건,2,"하지만 무조건 많이 구독하거나, 반대로 무조건 아낀다고 모든 것을 해지하는 것이 능사는 아닙니다.",REVIEW,,,2026-08-18
2026-08-06-safety-auto-0b96ff,https://honsamnote.co.kr/blog/2026-08-06-safety-auto-0b96ff/,safety,일산화탄소 경보기 비교｜경보기 오작동,반드시,3,하지만 오작동이라 확신하기 전까지는 반드시 안전 조치를 취해야 합니다.,REVIEW,,,2026-08-18
2026-08-06-safety-auto-0b96ff,https://honsamnote.co.kr/blog/2026-08-06-safety-auto-0b96ff/,safety,일산화탄소 경보기 비교｜경보기 오작동,절대,2,절대 경보기를 무시하거나 무턱대고 끄지 마세요.,REVIEW,,,2026-08-18
2026-08-06-safety-auto-0b96ff,https://honsamnote.co.kr/blog/2026-08-06-safety-auto-0b96ff/,safety,일산화탄소 경보기 비교｜경보기 오작동,무조건,1,"먼저 확인할 결론
한밤중 일산화탄소 경보기가 울린다면, **무조건 '진짜 위험일 수도 있다'는 전제하에 대응**해야 합니다.",REVIEW,,,2026-08-18
2026-08-07-cost-auto-7256ba,https://honsamnote.co.kr/blog/2026-08-07-cost-auto-7256ba/,cost,"혼자 사는 직장인, 안 쓰는 대형 가구/가전 버리려니 막막하다면? 무료 수거 vs 유료 폐기, 돈 아끼는 현명한 처분 전략",반드시,4,"**반드시 해당 지자체 홈페이지에서 정확한 품목별 금액을 확인하세요.**
*   **배출 방법**: 구매한 스티커를 품목에 부착한 후, 지정된 배출 장소(보통 거주지 건물 앞 또는 지정된 폐기물 수거 장소)에 배출합니다.",REVIEW,,,2026-08-18
2026-08-07-cost-auto-7256ba,https://honsamnote.co.kr/blog/2026-08-07-cost-auto-7256ba/,cost,"혼자 사는 직장인, 안 쓰는 대형 가구/가전 버리려니 막막하다면? 무료 수거 vs 유료 폐기, 돈 아끼는 현명한 처분 전략",절대,2,절대 시도하지 마세요.,REVIEW,,,2026-08-18
2026-08-07-cost-auto-7256ba,https://honsamnote.co.kr/blog/2026-08-07-cost-auto-7256ba/,cost,"혼자 사는 직장인, 안 쓰는 대형 가구/가전 버리려니 막막하다면? 무료 수거 vs 유료 폐기, 돈 아끼는 현명한 처분 전략",완전히,1,"**품목의 종류와 상태**: 버리려는 것이 '가전제품'인지 '가구'인지, 그리고 '사용 가능한 상태'인지 '완전히 고장 나거나 낡은 상태'인지가 중요합니다.",REVIEW,,,2026-08-18
2026-08-07-housing-auto-eb35f1,https://honsamnote.co.kr/blog/2026-08-07-housing-auto-eb35f1/,housing,"혼자 사는 직장인, 우리 집 소소한 고장! 매번 사람 부를까, 직접 고쳐볼까? DIY vs. 출장 수리, 내 돈 아끼는 현명한 선택 가이드",반드시,5,"3단계: 작업 진행 및 마무리
*   **DIY 시:**
    *   **안전 확보:** 전기나 가스 관련 문제라면 반드시 전원을 차단하거나 가스 밸브를 잠그는 등 안전 조치를 취한 후 작업합니다.",KEEP,안전 지침 문맥 — 강한 지시 표현이 적절. 사용자 보호에 필요.,,2026-08-18
2026-08-07-housing-auto-eb35f1,https://honsamnote.co.kr/blog/2026-08-07-housing-auto-eb35f1/,housing,"혼자 사는 직장인, 우리 집 소소한 고장! 매번 사람 부를까, 직접 고쳐볼까? DIY vs. 출장 수리, 내 돈 아끼는 현명한 선택 가이드",무조건,1,"*   **가장 싼 업체만 고집하기:** 여러 업체 비교 없이 무조건 가장 저렴한 곳만 선택하면 부실 수리, 불량 부품 사용, 또는 나중에 추가 비용을 요구하는 등의 문제가 발생할 수 있습니다.",REVIEW,,,2026-08-18
2026-08-07-safety-auto-a9b07e,https://honsamnote.co.kr/blog/2026-08-07-safety-auto-a9b07e/,safety,"혼자 사는 당신, 우리 집 말고 다른 곳에서 건물 전체 화재 경보기가 울릴 때: 당황하지 않고 안전하게 상황을 판단하고 대피하는 현실적인 방법",반드시,2,"(위험에 처한 타인 구호는 소방관의 몫입니다.)
    *   **문을 열 때에는 반드시 손등으로 손잡이 온도를 확인하고, 몸을 문 뒤에 숨긴 채 조심스럽게 문을 열어야 합니다.**

이렇게 하면 오히려 악화됩니다

*   **'오작동이겠지' 하고 경보를 무시하고 다시 잠들기:** 가장 위험한 행동입니다.",KEEP,안전 지침 문맥 — 강한 지시 표현이 적절. 사용자 보호에 필요.,,2026-08-18
2026-08-07-safety-auto-a9b07e,https://honsamnote.co.kr/blog/2026-08-07-safety-auto-a9b07e/,safety,"혼자 사는 당신, 우리 집 말고 다른 곳에서 건물 전체 화재 경보기가 울릴 때: 당황하지 않고 안전하게 상황을 판단하고 대피하는 현실적인 방법",절대,4,"먼저 확인할 결론
건물 전체 화재 경보기가 울린다면 **절대 무시하지 마세요.** 오작동일 가능성도 있지만, 1인 가구에게 가장 위험한 것은 ‘설마’하는 방심입니다.",KEEP,안전 지침 문맥 — 강한 지시 표현이 적절. 사용자 보호에 필요.,,2026-08-18
2026-08-07-safety-auto-e50d7a,https://honsamnote.co.kr/blog/2026-08-07-safety-auto-e50d7a/,safety,"혼자 사는 당신, 집에서 미끄러지거나 넘어져 몸을 움직이기 힘들 때: 당황하지 않고 부상 상태 확인 및 도움 요청하는 현실적인 방법",반드시,2,반드시 상황을 정확히 설명하고 이용 여부를 결정하세요.,REVIEW,,,2026-08-18
2026-08-07-safety-auto-e50d7a,https://honsamnote.co.kr/blog/2026-08-07-safety-auto-e50d7a/,safety,"혼자 사는 당신, 집에서 미끄러지거나 넘어져 몸을 움직이기 힘들 때: 당황하지 않고 부상 상태 확인 및 도움 요청하는 현실적인 방법",절대,2,"먼저 확인할 결론
넘어졌을 때 **절대 서두르거나 무리하게 몸을 움직이지 마세요.** 우선 현재 자세 그대로 통증 부위를 움직이지 않고 가만히 있는 것이 중요합니다.",REVIEW,,,2026-08-18
2026-08-07-safety-auto-e50d7a,https://honsamnote.co.kr/blog/2026-08-07-safety-auto-e50d7a/,safety,"혼자 사는 당신, 집에서 미끄러지거나 넘어져 몸을 움직이기 힘들 때: 당황하지 않고 부상 상태 확인 및 도움 요청하는 현실적인 방법",무조건,2,"스스로 판단하는 기준
넘어졌다고 무조건 119를 부를 필요는 없습니다.",KEEP,안전 지침 문맥 — 강한 지시 표현이 적절. 사용자 보호에 필요.,,2026-08-18
2026-08-10-cost-auto-78f79c,https://honsamnote.co.kr/blog/2026-08-10-cost-auto-78f79c/,cost,1인 가구 집 수리 비교｜자가 수리 비용,반드시,3,"*   **주의사항:**
    *   **안전이 최우선:** 전기 관련 문제는 반드시 전원을 차단하고 진행하며, 가스 관련 문제는 절대 직접 건드리지 마세요.",KEEP,안전 지침 문맥 — 강한 지시 표현이 적절. 사용자 보호에 필요.,,2026-08-18
2026-08-10-cost-auto-78f79c,https://honsamnote.co.kr/blog/2026-08-10-cost-auto-78f79c/,cost,1인 가구 집 수리 비교｜자가 수리 비용,절대,1,"*   **주의사항:**
    *   **안전이 최우선:** 전기 관련 문제는 반드시 전원을 차단하고 진행하며, 가스 관련 문제는 절대 직접 건드리지 마세요.",KEEP,안전 지침 문맥 — 강한 지시 표현이 적절. 사용자 보호에 필요.,,2026-08-18
2026-08-10-cost-auto-78f79c,https://honsamnote.co.kr/blog/2026-08-10-cost-auto-78f79c/,cost,1인 가구 집 수리 비교｜자가 수리 비용,무조건,1,"무조건 전문가를 부르거나, 반대로 무조건 직접 해결하려 하기보다는 **'문제의 난이도'와 '나의 시간/비용 투자 여력'을 현실적으로 판단하여 현명하게 접근**하는 것이 시간과 돈을 최적화하는 핵심입니다.",REVIEW,,,2026-08-18
2026-08-11-safety-auto-3045ad,https://honsamnote.co.kr/blog/2026-08-11-safety-auto-3045ad/,safety,"혼자 사는 당신, 요리하다 칼에 베이거나 뜨거운 물에 데였을 때: 당황하지 않고 신속하게 응급처치하고 병원 갈지 판단하는 현실적인 방법",반드시,2,반드시 병원 방문.,REVIEW,,,2026-08-18
2026-08-11-safety-auto-3045ad,https://honsamnote.co.kr/blog/2026-08-11-safety-auto-3045ad/,safety,"혼자 사는 당신, 요리하다 칼에 베이거나 뜨거운 물에 데였을 때: 당황하지 않고 신속하게 응급처치하고 병원 갈지 판단하는 현실적인 방법",절대,3,"화상 연고나 민간요법(된장, 소주, 감자 등)은 절대 바르지 마세요.",REVIEW,,,2026-08-18
2026-08-11-safety-auto-3045ad,https://honsamnote.co.kr/blog/2026-08-11-safety-auto-3045ad/,safety,"혼자 사는 당신, 요리하다 칼에 베이거나 뜨거운 물에 데였을 때: 당황하지 않고 신속하게 응급처치하고 병원 갈지 판단하는 현실적인 방법",가장안전,1,"*   **혼자 판단이 어려울 때**: 상처가 애매하거나 통증이 심해 혼자 판단하기 어렵다면, 지체 없이 병원에 방문하거나 119에 연락하여 도움을 요청하는 것이 가장 안전합니다.",KEEP,안전 지침 문맥 — 강한 지시 표현이 적절. 사용자 보호에 필요.,,2026-08-18
2026-08-12-safety-auto-52e6c7,https://honsamnote.co.kr/blog/2026-08-12-safety-auto-52e6c7/,safety,혼자 화재 경보기 방법｜화재 경보기 오작동,반드시,3,"**단, 이 방법은 확실히 화재가 아님을 확인했을 때만 사용하고, 배터리 분리 후에는 반드시 배터리를 새로 넣어 작동 상태로 복원해야 합니다.** (화재 위험 상시 노출)
*   **내부 청소:** 먼지로 인한 오작동이 의심된다면, 마른 수건이나 면봉으로 경보기 외부와 흡입구를 조심스럽게 닦아주세요.",KEEP,안전 지침 문맥 — 강한 지시 표현이 적절. 사용자 보호에 필요.,,2026-08-18
2026-08-12-safety-auto-52e6c7,https://honsamnote.co.kr/blog/2026-08-12-safety-auto-52e6c7/,safety,혼자 화재 경보기 방법｜화재 경보기 오작동,절대,2,*   엘리베이터는 절대 사용하지 않고 비상계단을 이용합니다.,REVIEW,,,2026-08-18
2026-08-12-safety-auto-52e6c7,https://honsamnote.co.kr/blog/2026-08-12-safety-auto-52e6c7/,safety,혼자 화재 경보기 방법｜화재 경보기 오작동,확실히,1,"**단, 이 방법은 확실히 화재가 아님을 확인했을 때만 사용하고, 배터리 분리 후에는 반드시 배터리를 새로 넣어 작동 상태로 복원해야 합니다.** (화재 위험 상시 노출)
*   **내부 청소:** 먼지로 인한 오작동이 의심된다면, 마른 수건이나 면봉으로 경보기 외부와 흡입구를 조심스럽게 닦아주세요.",KEEP,안전 지침 문맥 — 강한 지시 표현이 적절. 사용자 보호에 필요.,,2026-08-18
2026-07-30-cost-2,https://honsamnote.co.kr/blog/2026-07-30-cost-2/,cost,"혼자 사는 직장인, 예상치 못한 공과금 폭탄 피하는 전기·가스·수도 요금 절약 실전 가이드",반드시,2,구매 전 반드시 에너지 효율 등급과 자신의 사용량을 고려해야 합니다.,REVIEW,,,2026-08-18
2026-07-30-cost-2,https://honsamnote.co.kr/blog/2026-07-30-cost-2/,cost,"혼자 사는 직장인, 예상치 못한 공과금 폭탄 피하는 전기·가스·수도 요금 절약 실전 가이드",절대,1,"체크리스트
[ ] 매월 공과금 고지서(전기, 가스, 수도) 확인하고 전월 대비 증감률 비교하기
[ ] 대기전력 차단 습관화 (사용하지 않는 플러그 뽑기, 멀티탭 스위치 활용)
[ ] 냉난방기(에어컨, 히터) 적정 온도(여름 26~28℃, 겨울 18~20℃) 유지 및 필터 주기적 청소
[ ] 보일러 외출 모드 활용, 겨울철 동파 방지 신경 쓰기 (절대",REVIEW,,,2026-08-18
2026-07-30-cost-2,https://honsamnote.co.kr/blog/2026-07-30-cost-2/,cost,"혼자 사는 직장인, 예상치 못한 공과금 폭탄 피하는 전기·가스·수도 요금 절약 실전 가이드",무조건,2,"먼저 확인할 결론
전기, 가스, 수도 요금은 '무조건 아끼기'보다 '현명하게 사용하고 관리하기'에서 절약의 답을 찾을 수 있습니다.",REVIEW,,,2026-08-18
2026-07-30-cost-2,https://honsamnote.co.kr/blog/2026-07-30-cost-2/,cost,"혼자 사는 직장인, 예상치 못한 공과금 폭탄 피하는 전기·가스·수도 요금 절약 실전 가이드",완전히,5,"**2단계: 전기 요금 잡는 '보이는 절약' 습관 만들기**
*   **대기전력 차단**: 사용하지 않는 가전제품의 플러그를 뽑거나, 스위치 달린 멀티탭을 이용해 전원을 완전히 차단하는 것이 가장 중요합니다.",KEEP,안전 지침 문맥 — 강한 지시 표현이 적절. 사용자 보호에 필요.,,2026-08-18
2026-07-30-housing-44,https://honsamnote.co.kr/blog/2026-07-30-housing-44/,housing,"혼자 사는 직장인, 내 전월세 보증금 지키는 법: 이사 후 전입신고·확정일자 한 번에 끝내기",반드시,3,"**반드시 임대차 계약서 '원본' 지참:** 주민센터나 등기소 방문 시에는 원본을 제출해야 하며, 온라인 신청 시에도 원본을 스캔하여 첨부해야 합니다.",KEEP,"법적 의무 절차 강조 — ""반드시"" 사용 적절. 단 법률 내용 정확성 별도 확인 필요.",,2026-08-18
2026-07-30-housing-44,https://honsamnote.co.kr/blog/2026-07-30-housing-44/,housing,"혼자 사는 직장인, 내 전월세 보증금 지키는 법: 이사 후 전입신고·확정일자 한 번에 끝내기",완벽하게,2,"즉, 전월세 계약을 통해 새로운 집에 입주했다면, 당신의 소중한 보증금을 법적으로 완벽하게 보호받기 위해 전입신고와 확정일자는 선택이 아닌 필수 절차입니다.",SOFTEN,,"""완벽하게 보호""→""보호받기 위해"" (완벽 보장 불가)",2026-08-18
2026-07-30-housing-48,https://honsamnote.co.kr/blog/2026-07-30-housing-48/,housing,옵션 가전 고장 알아보기｜세입자 책임,반드시,3,"세입자가 먼저 수리비를 지불했다면, **영수증을 반드시 보관하고 임대인에게 제출하여 정산**받아야 합니다.",REVIEW,,,2026-08-18
2026-07-30-housing-48,https://honsamnote.co.kr/blog/2026-07-30-housing-48/,housing,옵션 가전 고장 알아보기｜세입자 책임,절대,1,"주의사항

*   **절대 임의로 분해하거나 수리 시도 금지**: 전문 지식 없이 수리하려다 더 큰 고장을 유발하거나, 수리 과정에서 발생한 추가 파손의 책임을 세입자가 지게 될 수 있습니다.",REVIEW,,,2026-08-18
2026-07-30-housing-48,https://honsamnote.co.kr/blog/2026-07-30-housing-48/,housing,옵션 가전 고장 알아보기｜세입자 책임,가장안전,1,임대인이 지정한 업체나 제조사 AS를 이용하는 것이 가장 안전합니다.,REVIEW,,,2026-08-18
2026-07-30-safety-40,https://honsamnote.co.kr/blog/2026-07-30-safety-40/,safety,"해외여행/출장 떠나는 1인 가구, 집 비우기 전 잊지 말아야 할 안전 점검 순서",반드시,1,"특히 TV, 컴퓨터, 충전기 등 대기 전력을 소모하는 기기들은 반드시 뽑아두세요.",REVIEW,,,2026-08-18
2026-07-30-safety-40,https://honsamnote.co.kr/blog/2026-07-30-safety-40/,safety,"해외여행/출장 떠나는 1인 가구, 집 비우기 전 잊지 말아야 할 안전 점검 순서",완전히,3,"(일부 빌라/아파트는 계량기함 안에 있습니다.)
*   세탁기는 내부 물기를 완전히 빼고, 싱크대나 화장실 배수구에 물을 한 번 더 흘려보내 물이 고이지 않게 합니다.",REVIEW,,,2026-08-18
2026-07-30-safety-40,https://honsamnote.co.kr/blog/2026-07-30-safety-40/,safety,"해외여행/출장 떠나는 1인 가구, 집 비우기 전 잊지 말아야 할 안전 점검 순서",확실히,2,"'가스 밸브는 확실히 잠갔나?', '혹시 수도에서 물이 새면 어쩌지?', '도둑이라도 들면 어떡하지?' 혼자 사는 우리에게 집을 비우는 일은 그저 문단속의 문제가 아닙니다.",REVIEW,,,2026-08-18
2026-07-30-safety-40,https://honsamnote.co.kr/blog/2026-07-30-safety-40/,safety,"해외여행/출장 떠나는 1인 가구, 집 비우기 전 잊지 말아야 할 안전 점검 순서",완벽하게,1,"꼼꼼하게 짐을 싸고, 공항 가는 길까지 완벽하게 계획을 마쳤죠.",SOFTEN,,"""완벽하게"" 표현 — 절대적 보장 불가. ""크게 줄일 수 있습니다"" 또는 ""효과가 있을 수 있습니다"" 수준으로 완화 권고.",2026-08-18
2026-07-31-safety-73,https://honsamnote.co.kr/blog/2026-07-31-safety-73/,safety,"혼자 사는 당신, 퇴근 후 갑자기 고열이 날 때 병원까지 안전하게 가는 현실적인 대처법",반드시,2,"아세트아미노펜 계열(타이레놀 등)이나 이부프로펜 계열(부루펜, 이부펜 등) 중 하나를 선택하되, 설명서에 기재된 용법과 용량을 반드시 지켜야 합니다.",REVIEW,,,2026-08-18
2026-07-31-safety-73,https://honsamnote.co.kr/blog/2026-07-31-safety-73/,safety,"혼자 사는 당신, 퇴근 후 갑자기 고열이 날 때 병원까지 안전하게 가는 현실적인 대처법",절대,3,"이동 시에는 자가 운전은 절대 피하고, 택시나 대중교통(몸 상태가 허락하는 선에서)을 이용하거나, 여의치 않을 경우 주변에 연락해 도움을 요청하는 것이 안전합니다.",REVIEW,,,2026-08-18
2026-08-01-housing-auto-1c1518,https://honsamnote.co.kr/blog/2026-08-01-housing-auto-1c1518/,housing,"혼자 사는 직장인, 이사 갈 때 대형 폐기물 처리? 시간과 돈 아끼는 3가지 선택 비교",반드시,3,일반 쓰레기와 달리 대형 폐기물은 반드시 한 후 해 배출해야 하기 때문입니다.,REVIEW,,,2026-08-18
2026-08-01-housing-auto-1c1518,https://honsamnote.co.kr/blog/2026-08-01-housing-auto-1c1518/,housing,"혼자 사는 직장인, 이사 갈 때 대형 폐기물 처리? 시간과 돈 아끼는 3가지 선택 비교",절대,1,"이렇게 하면 오히려 악화됩니다
*   **대형 폐기물 무단 투기:** '설마 들키겠어?' 하는 마음에 몰래 버리는 행위는 절대 금물입니다.",REVIEW,,,2026-08-18
2026-08-01-housing-auto-1c1518,https://honsamnote.co.kr/blog/2026-08-01-housing-auto-1c1518/,housing,"혼자 사는 직장인, 이사 갈 때 대형 폐기물 처리? 시간과 돈 아끼는 3가지 선택 비교",무조건,1,*   **가격만 보고 무조건 저렴한 전문 업체 선택:** 검증되지 않은 저렴한 업체는 불법 처리 가능성이 높습니다.,REVIEW,,,2026-08-18
2026-08-01-housing-auto-ace922,https://honsamnote.co.kr/blog/2026-08-01-housing-auto-ace922/,housing,"혼자 사는 직장인, 살던 집 주인이 바뀌었다고 연락 왔을 때? 내 보증금 지키고 계약 유지하는 똑똑한 대처법",반드시,3,"(이후 등기 변동이 있다면 법적 보호 시점이 달라질 수 있으므로, 매매 전 미리 조치하는 것이 최선입니다.)

**2단계: 새로운 집주인 및 매매 사실 확인 (10~20분 소요)**
*   부동산 중개업자나 기존 집주인으로부터 매매 예정이라는 연락을 받았다면, **반드시 해당 주택의 등기부등본을 열람**하여 소유권 이전 여부와 새로운 소유자가 누구인지",REVIEW,,,2026-08-18
2026-08-01-housing-auto-ace922,https://honsamnote.co.kr/blog/2026-08-01-housing-auto-ace922/,housing,"혼자 사는 직장인, 살던 집 주인이 바뀌었다고 연락 왔을 때? 내 보증금 지키고 계약 유지하는 똑똑한 대처법",절대,1,**절대 서두르지 말고 기존 계약 내용을 꼼꼼히 대조하여 불리한 내용은 없는지 확인**하세요.,REVIEW,,,2026-08-18
2026-08-01-housing-auto-ace922,https://honsamnote.co.kr/blog/2026-08-01-housing-auto-ace922/,housing,"혼자 사는 직장인, 살던 집 주인이 바뀌었다고 연락 왔을 때? 내 보증금 지키고 계약 유지하는 똑똑한 대처법",무조건,1,"이렇게 하면 오히려 악화됩니다

*   **패닉에 빠져 무조건 이사 갈 준비부터 하기:** 여러분의 권리를 제대로 알지 못한 채 이사를 서두르면, 불필요한 비용(이사비, 중개수수료 등)이 발생하고 정신적으로도 지치게 됩니다.",REVIEW,,,2026-08-18
2026-08-04-cost-auto-dac7b3,https://honsamnote.co.kr/blog/2026-08-04-cost-auto-dac7b3/,cost,"혼자 사는 직장인, 건강 관리 돈 아끼려면? 헬스장 vs 홈트 vs 야외 운동, 내게 맞는 선택 기준 3가지",반드시,2,"*   **주의사항:**
        *   **환불 규정:** 장기 계약 전 반드시 중도 해지 및 환불 규정을 꼼꼼히 확인하세요.",KEEP,"법적 의무 절차 강조 — ""반드시"" 사용 적절. 단 법률 내용 정확성 별도 확인 필요.",,2026-08-18
2026-08-04-cost-auto-dac7b3,https://honsamnote.co.kr/blog/2026-08-04-cost-auto-dac7b3/,cost,"혼자 사는 직장인, 건강 관리 돈 아끼려면? 헬스장 vs 홈트 vs 야외 운동, 내게 맞는 선택 기준 3가지",절대,1,*   **시간 부족:** 퇴근 후 개인 시간이 절대적으로 부족합니다.,REVIEW,,,2026-08-18
2026-08-04-cost-auto-dac7b3,https://honsamnote.co.kr/blog/2026-08-04-cost-auto-dac7b3/,cost,"혼자 사는 직장인, 건강 관리 돈 아끼려면? 헬스장 vs 홈트 vs 야외 운동, 내게 맞는 선택 기준 3가지",무조건,2,"*   **'무조건 싸게' 혹은 '남들 다 하는' 식의 맹목적인 선택:** 저렴하다는 이유만으로 먼 헬스장에 등록하거나, 유행하는 운동을 무작정 따라 하면 결국 흥미를 잃고 포기하게 됩니다.",REVIEW,,,2026-08-18
2026-08-05-housing-auto-7ef549,https://honsamnote.co.kr/blog/2026-08-05-housing-auto-7ef549/,housing,"혼자 사는 직장인, 새집 인터넷·TV 가입! 통신 3사 vs 알뜰 결합 vs 지역 케이블, 내 돈 아끼는 현명한 선택 가이드",반드시,3,"*   **약정 기간 및 위약금 명확히 확인:** 계약 전 약정 기간, 중도 해지 시 위약금 산정 방식, 면제 조건 등을 반드시 확인하고 기록해 두세요.",KEEP,"법적 의무 절차 강조 — ""반드시"" 사용 적절. 단 법률 내용 정확성 별도 확인 필요.",,2026-08-18
2026-08-05-housing-auto-7ef549,https://honsamnote.co.kr/blog/2026-08-05-housing-auto-7ef549/,housing,"혼자 사는 직장인, 새집 인터넷·TV 가입! 통신 3사 vs 알뜰 결합 vs 지역 케이블, 내 돈 아끼는 현명한 선택 가이드",무조건,2,*   무조건 저렴한 요금을 최우선으로 생각하는 사람.,REVIEW,,,2026-08-18
2026-08-06-cost-auto-b32a96,https://honsamnote.co.kr/blog/2026-08-06-cost-auto-b32a96/,cost,온라인 쇼핑 배송비 기준｜배송비 아끼는 법,무조건,4,"먼저 확인할 결론
혼자 사는 직장인의 온라인 쇼핑 배송비 폭탄을 피하는 가장 빠른 조치는 **'계획적인 합배송 전략'을 세우고, '배송비 지불의 가치를 인정'하는 것입니다.** 무조건 무료배송을 쫓아 필요 없는 물건을 사는 것보다, 때로는 적정 배송비를 내거나 계획적으로 한 번에 몰아 주문하는 것이 훨씬 경제적이고 합리적입니다.",REVIEW,,,2026-08-18
2026-08-06-safety-auto-8dc9e3,https://honsamnote.co.kr/blog/2026-08-06-safety-auto-8dc9e3/,safety,"혼자 사는 당신, 스마트 기기 많아 정전에 불안하다면? 휴대용 파워뱅크 vs. UPS, 나에게 맞는 정전 대비책은?",반드시,4,"1단계: 내게 필요한 비상 전력 시나리오 정하기
정전 시 당신의 집에서 '반드시' 작동해야 하는 기기는 무엇이며, '얼마나 오래' 작동해야 하는지 목록을 만들어 보세요.",REVIEW,,,2026-08-18
2026-08-06-safety-auto-8dc9e3,https://honsamnote.co.kr/blog/2026-08-06-safety-auto-8dc9e3/,safety,"혼자 사는 당신, 스마트 기기 많아 정전에 불안하다면? 휴대용 파워뱅크 vs. UPS, 나에게 맞는 정전 대비책은?",절대,1,"**전력을 공급하고 싶은 기기의 종류와 중요도:** 공유기처럼 '절대 끊기면 안 되는' 기기인지, 노트북처럼 '잠시 끊겨도 되지만 이어서 사용해야 하는' 기기인지, 혹은 휴대폰 충전처럼 '나중에 해도 되는' 기기인지 분류합니다.",REVIEW,,,2026-08-18
2026-08-06-safety-auto-8dc9e3,https://honsamnote.co.kr/blog/2026-08-06-safety-auto-8dc9e3/,safety,"혼자 사는 당신, 스마트 기기 많아 정전에 불안하다면? 휴대용 파워뱅크 vs. UPS, 나에게 맞는 정전 대비책은?",무조건,1,"이렇게 하면 오히려 악화됩니다

*   **용량만 보고 무조건 저렴한 제품 구매:** 저가 제품 중에는 표기 용량이 허위이거나, 내부 부품의 품질이 떨어져 실제 성능이 기대에 못 미치거나 안전 문제가 발생할 수 있습니다.",REVIEW,,,2026-08-18
2026-08-06-safety-auto-b04dc4,https://honsamnote.co.kr/blog/2026-08-06-safety-auto-b04dc4/,safety,배수구 막혔을 때 방법｜싱크대 역류,반드시,4,책임 소재에 따라 수리 비용 부담이 달라질 수 있으므로 반드시 미리 상의하세요.,REVIEW,,,2026-08-18
2026-08-06-safety-auto-b04dc4,https://honsamnote.co.kr/blog/2026-08-06-safety-auto-b04dc4/,safety,배수구 막혔을 때 방법｜싱크대 역류,절대,1,"*   **문제가 해결되지 않았는데 물을 계속 사용:** 이는 아랫집 누수나 더 큰 역류 피해로 이어질 수 있으므로, 막힘이 해결되기 전까지는 절대 물을 사용하지 마세요.",REVIEW,,,2026-08-18
2026-08-07-cost-auto-431981,https://honsamnote.co.kr/blog/2026-08-07-cost-auto-431981/,cost,"혼자 사는 직장인, 덥고 추울 때마다 전기요금 폭탄 걱정된다면? 숨은 전력 도둑 잡고 요금 확 줄이는 3단계 전략",반드시,3,"전기난방기는 타이머 기능을 활용해 필요한 시간 동안만 가동하고, 외출 시에는 반드시 끄세요.",REVIEW,,,2026-08-18
2026-08-07-cost-auto-431981,https://honsamnote.co.kr/blog/2026-08-07-cost-auto-431981/,cost,"혼자 사는 직장인, 덥고 추울 때마다 전기요금 폭탄 걱정된다면? 숨은 전력 도둑 잡고 요금 확 줄이는 3단계 전략",절대,2,혼자 산다고 절대 안심할 수 없는 이유입니다.,REVIEW,,,2026-08-18
2026-08-07-housing-auto-e33294,https://honsamnote.co.kr/blog/2026-08-07-housing-auto-e33294/,housing,"혼자 사는 직장인, 입주 며칠 만에 새 집에서 누수 발견! 당황 말고 수리비 책임 따지고 해결하는 법",반드시,1,"전화 통화 시에는 반드시 녹음하고, 문자 메시지나 카카오톡 등 서면 기록이 남는 방식으로도 상황을 다시 한번 알리는 것이 좋습니다.",REVIEW,,,2026-08-18
2026-08-07-housing-auto-e33294,https://honsamnote.co.kr/blog/2026-08-07-housing-auto-e33294/,housing,"혼자 사는 직장인, 입주 며칠 만에 새 집에서 누수 발견! 당황 말고 수리비 책임 따지고 해결하는 법",절대,3,"먼저 확인할 결론
새 집 입주 후 예상치 못한 시설 결함을 발견했다면, 절대 혼자서 끙끙 앓거나 임의로 수리하지 마세요.",REVIEW,,,2026-08-18
2026-08-07-housing-auto-e33294,https://honsamnote.co.kr/blog/2026-08-07-housing-auto-e33294/,housing,"혼자 사는 직장인, 입주 며칠 만에 새 집에서 누수 발견! 당황 말고 수리비 책임 따지고 해결하는 법",무조건,1,*   **막연하게 '이사 전부터 이랬다'고 주장하기:** 명확한 증거 없이 무조건 입주 전 하자라고 주장하면 신뢰를 잃을 수 있습니다.,REVIEW,,,2026-08-18
2026-08-07-safety-auto-580f1f,https://honsamnote.co.kr/blog/2026-08-07-safety-auto-580f1f/,safety,1인 가구 알레르기 기준｜혼자 알레르기,반드시,2,*   **식품 성분표 확인:** 혼자서 새로운 음식을 시도할 때는 반드시 성분표를 꼼꼼히 확인하는 습관을 들이세요.,REVIEW,,,2026-08-18
2026-08-07-safety-auto-580f1f,https://honsamnote.co.kr/blog/2026-08-07-safety-auto-580f1f/,safety,1인 가구 알레르기 기준｜혼자 알레르기,절대,3,"없어도 당황하지 말고 119의 지시를 따릅니다.)
        *   **금식:** 절대 음식이나 물을 섭취하려 하지 마세요.",KEEP,안전 지침 문맥 — 강한 지시 표현이 적절. 사용자 보호에 필요.,,2026-08-18
2026-08-07-safety-auto-580f1f,https://honsamnote.co.kr/blog/2026-08-07-safety-auto-580f1f/,safety,1인 가구 알레르기 기준｜혼자 알레르기,완전히,1,"먼저 확인할 결론
갑작스러운 알레르기 반응은 그 심각도에 따라 대처법이 완전히 달라집니다.",REVIEW,,,2026-08-18
2026-08-07-safety-auto-5a549d,https://honsamnote.co.kr/blog/2026-08-07-safety-auto-5a549d/,safety,"혼자 사는 당신, 중요한 서류나 귀중품을 안전하게 보관할 때: 방화/방수 금고 vs. 보안 서류함, 나에게 맞는 선택은?",반드시,1,벽이나 바닥에 고정할 수 있는 모델을 선택하고 반드시 고정하세요.,REVIEW,,,2026-08-18
2026-08-07-safety-auto-5a549d,https://honsamnote.co.kr/blog/2026-08-07-safety-auto-5a549d/,safety,"혼자 사는 당신, 중요한 서류나 귀중품을 안전하게 보관할 때: 방화/방수 금고 vs. 보안 서류함, 나에게 맞는 선택은?",절대,1,"*   **비밀번호 관리:** 금고나 보안 서류함의 비밀번호는 절대 외부에 노출하거나 쉬운 번호(생년월일, 연속된 숫자)를 사용하지 마세요.",REVIEW,,,2026-08-18
2026-08-07-safety-auto-5a549d,https://honsamnote.co.kr/blog/2026-08-07-safety-auto-5a549d/,safety,"혼자 사는 당신, 중요한 서류나 귀중품을 안전하게 보관할 때: 방화/방수 금고 vs. 보안 서류함, 나에게 맞는 선택은?",무조건,1,"먼저 확인할 결론
혼자 사는 당신이 중요한 서류나 귀중품을 안전하게 보관하고 싶다면, **보관할 물품의 종류와 가치, 그리고 필요한 보호 수준(화재, 방수, 도난)을 명확히 한 뒤, 예산과 설치 공간을 고려하여 '방화/방수 금고' 또는 '가정용 보안 서류함/스마트 보관함' 중 나에게 맞는 것을 선택해야 합니다.** 무조건 비싸고 큰 것이 좋다는 생각보다는",KEEP,안전 지침 문맥 — 강한 지시 표현이 적절. 사용자 보호에 필요.,,2026-08-18
2026-08-07-safety-auto-5a549d,https://honsamnote.co.kr/blog/2026-08-07-safety-auto-5a549d/,safety,"혼자 사는 당신, 중요한 서류나 귀중품을 안전하게 보관할 때: 방화/방수 금고 vs. 보안 서류함, 나에게 맞는 선택은?",100%,1,*   **100%는 없다:** 어떤 보관 솔루션도 100% 안전을 보장하지 않습니다.,SOFTEN,,"""100%"" 표현 — 절대적 보장 불가. ""크게 줄일 수 있습니다"" 또는 ""효과가 있을 수 있습니다"" 수준으로 완화 권고.",2026-08-18
2026-08-07-safety-auto-7d89fc,https://honsamnote.co.kr/blog/2026-08-07-safety-auto-7d89fc/,safety,"혼자 사는 당신, 우리 집 복도·엘리베이터·주차장에서 수상한 사람을 마주쳤을 때: 당황하지 않고 나를 지키는 현실적인 대처법",반드시,1,"**5단계: 사건 접수 및 건물 관리자와 소통**
상황이 종료된 후에는 반드시 경찰에 정식으로 사건을 접수하고, 거주 중인 건물의 관리사무소나 경비실에 해당 사실을 알려야 합니다.",REVIEW,,,2026-08-18
2026-08-07-safety-auto-7d89fc,https://honsamnote.co.kr/blog/2026-08-07-safety-auto-7d89fc/,safety,"혼자 사는 당신, 우리 집 복도·엘리베이터·주차장에서 수상한 사람을 마주쳤을 때: 당황하지 않고 나를 지키는 현실적인 대처법",절대,5,"먼저 확인할 결론
가장 중요한 것은 **'안전한 거리 확보'**와 **'절대 반응하지 않는 것'**입니다.",REVIEW,,,2026-08-18
2026-08-08-housing-auto-82f28f,https://honsamnote.co.kr/blog/2026-08-08-housing-auto-82f28f/,housing,"혼자 사는 직장인, 숨겨진 관리비 폭탄 피하고 내 돈 아끼는 현명한 분석법",반드시,3,"**계약 전, 관리비 내역을 최대한 꼼꼼히 확인하세요.**
    *   **중개인 및 집주인에게 문의**: 계약 전 반드시 관리비에 어떤 항목이 포함되어 있고(전기, 수도, 가스, 난방, 인터넷 등), 어떤 항목은 불포함되어 별도로 납부해야 하는지 상세히 물어보세요.",KEEP,"법적 의무 절차 강조 — ""반드시"" 사용 적절. 단 법률 내용 정확성 별도 확인 필요.",,2026-08-18
2026-08-08-housing-auto-82f28f,https://honsamnote.co.kr/blog/2026-08-08-housing-auto-82f28f/,housing,"혼자 사는 직장인, 숨겨진 관리비 폭탄 피하고 내 돈 아끼는 현명한 분석법",무조건,2,"먼저 확인할 결론
내 집 관리비를 무조건 납부하기 전에, 매월 고지서에 명시된 항목들을 꼼꼼히 확인하고 분석하는 습관을 들이세요.",REVIEW,,,2026-08-18
2026-08-08-housing-auto-8b0461,https://honsamnote.co.kr/blog/2026-08-08-housing-auto-8b0461/,housing,"혼자 사는 직장인, 새집 입주 후 당황스러운 전기·가스·수도 명의 변경! 순서대로 해결하고 요금 폭탄 피하는 법",반드시,4,반드시 관리사무소에 먼저 문의하세요.,REVIEW,,,2026-08-18
2026-08-08-housing-auto-8b0461,https://honsamnote.co.kr/blog/2026-08-08-housing-auto-8b0461/,housing,"혼자 사는 직장인, 새집 입주 후 당황스러운 전기·가스·수도 명의 변경! 순서대로 해결하고 요금 폭탄 피하는 법",완벽하게,1,"*   **관리사무소에만 맹목적으로 의존하기:** 아파트나 오피스텔이라도 관리사무소에서 모든 것을 완벽하게 처리해주리라 믿고 내가 직접 확인하지 않으면, 간혹 누락되거나 잘못된 정보로 인해 문제가 발생할 수 있습니다.",SOFTEN,,"""완벽하게"" 표현 — 절대적 보장 불가. ""크게 줄일 수 있습니다"" 또는 ""효과가 있을 수 있습니다"" 수준으로 완화 권고.",2026-08-18
2026-08-09-housing-auto-da13ec,https://honsamnote.co.kr/blog/2026-08-09-housing-auto-da13ec/,housing,나 홀로 이사 체크리스트｜이사 당일,반드시,3,"**전입신고 및 확정일자:** 새 집으로 전입신고를 하고, 전월세 계약서에 확정일자를 반드시 받아야 합니다.",KEEP,"법적 의무 절차 강조 — ""반드시"" 사용 적절. 단 법률 내용 정확성 별도 확인 필요.",,2026-08-18
2026-08-09-housing-auto-da13ec,https://honsamnote.co.kr/blog/2026-08-09-housing-auto-da13ec/,housing,나 홀로 이사 체크리스트｜이사 당일,무조건,1,그리고 가장 중요한 것은 중요 서류 및 귀중품은 무조건 '내 몸'에 지니고 다니는 것입니다.,REVIEW,,,2026-08-18
2026-08-09-housing-auto-da13ec,https://honsamnote.co.kr/blog/2026-08-09-housing-auto-da13ec/,housing,나 홀로 이사 체크리스트｜이사 당일,완벽하게,1,"체크리스트

혼자 사는 당신의 이사 당일, 이 체크리스트 하나로 모든 것을 완벽하게 관리하세요.",SOFTEN,,"""완벽하게"" 표현 — 절대적 보장 불가. ""크게 줄일 수 있습니다"" 또는 ""효과가 있을 수 있습니다"" 수준으로 완화 권고.",2026-08-18
2026-08-09-safety-auto-eb5e4c,https://honsamnote.co.kr/blog/2026-08-09-safety-auto-eb5e4c/,safety,"혼자 사는 당신, 퇴근 후 현관문이 잠겨 집 못 들어갈 때: 당황하지 않고 안전하게 집으로 돌아가는 현실적인 방법",반드시,3,*   **※ 중요:** 열쇠공이 도착하면 반드시 **본인이 해당 주택의 거주자임을 증명**해야 합니다.,REVIEW,,,2026-08-18
2026-08-09-safety-auto-eb5e4c,https://honsamnote.co.kr/blog/2026-08-09-safety-auto-eb5e4c/,safety,"혼자 사는 당신, 퇴근 후 현관문이 잠겨 집 못 들어갈 때: 당황하지 않고 안전하게 집으로 돌아가는 현실적인 방법",절대,2,"먼저 확인할 결론
현관문이 잠겨 집에 들어갈 수 없을 때는 절대 당황하지 마세요.",REVIEW,,,2026-08-18
2026-08-09-safety-auto-eb5e4c,https://honsamnote.co.kr/blog/2026-08-09-safety-auto-eb5e4c/,safety,"혼자 사는 당신, 퇴근 후 현관문이 잠겨 집 못 들어갈 때: 당황하지 않고 안전하게 집으로 돌아가는 현실적인 방법",완전히,1,완전히 방전되면 작동하지 않습니다.,REVIEW,,,2026-08-18
2026-08-10-housing-auto-4bca9b,https://honsamnote.co.kr/blog/2026-08-10-housing-auto-4bca9b/,housing,"혼자 사는 직장인, 집주인이 내가 사는 집을 팔겠다고? 잦은 방문 요청에도 사생활 지키며 현명하게 대처하는 법",반드시,2,"*   **모든 소통 기록:** 집주인이나 부동산과의 통화 내용은 중요할 경우 녹취하고, 문자 메시지나 메일은 반드시 기록으로 남겨두세요.",REVIEW,,,2026-08-18
2026-08-10-housing-auto-4bca9b,https://honsamnote.co.kr/blog/2026-08-10-housing-auto-4bca9b/,housing,"혼자 사는 직장인, 집주인이 내가 사는 집을 팔겠다고? 잦은 방문 요청에도 사생활 지키며 현명하게 대처하는 법",절대,2,"(도어락 비밀번호 공유는 절대 금지!)

**단계 2: 부동산 중개인과의 소통 원칙 세우기**
집주인에게 가이드라인을 제시했더라도, 실제로 당신과 직접 대면하는 것은 부동산 중개인일 경우가 많습니다.",REVIEW,,,2026-08-18
2026-08-10-housing-auto-4bca9b,https://honsamnote.co.kr/blog/2026-08-10-housing-auto-4bca9b/,housing,"혼자 사는 직장인, 집주인이 내가 사는 집을 팔겠다고? 잦은 방문 요청에도 사생활 지키며 현명하게 대처하는 법",무조건,1,"이렇게 하면 오히려 악화됩니다

*   **무작정 문을 열어주거나, 요구에 무조건 응하는 것:** 처음부터 쉽게 응해주면 부동산이나 집주인은 이를 당연하게 여기고 더욱 무리한 요청을 할 수 있습니다.",REVIEW,,,2026-08-18
2026-08-12-cost-auto-b175c0,https://honsamnote.co.kr/blog/2026-08-12-cost-auto-b175c0/,cost,"혼자 사는 직장인, 빈방에 가구 채워 넣으려니 막막하다면? 구매 vs 렌탈, 내게 맞는 최적의 가구 선택 가이드",반드시,2,"*   **중고 가구:**
    *   **실물 확인 필수:** 사진과 실물이 다를 수 있으므로, 반드시 직접 보고 상태를 확인하세요.",SOFTEN,,"""완전히 제거""→""곰팡이 발생 정도와 위치에 따라 효과가 다를 수 있음""",2026-08-18
2026-08-12-cost-auto-b175c0,https://honsamnote.co.kr/blog/2026-08-12-cost-auto-b175c0/,cost,"혼자 사는 직장인, 빈방에 가구 채워 넣으려니 막막하다면? 구매 vs 렌탈, 내게 맞는 최적의 가구 선택 가이드",무조건,2,"먼저 확인할 결론
결론부터 말씀드리자면, 혼자 사는 직장인에게 '무조건 좋은' 가구 선택지는 없습니다.",REVIEW,,,2026-08-18
2026-08-14-safety-auto-2f3ee3,https://honsamnote.co.kr/blog/2026-08-14-safety-auto-2f3ee3/,safety,"혼자 사는 당신, 겨울철 강추위에 갑자기 수도 동파가 걱정될 때: 당황하지 않고 예방하고 대처하는 현실적인 방법",반드시,2,반드시 따뜻한 물수건 등을 이용하세요.,REVIEW,,,2026-08-18
2026-08-14-safety-auto-2f3ee3,https://honsamnote.co.kr/blog/2026-08-14-safety-auto-2f3ee3/,safety,"혼자 사는 당신, 겨울철 강추위에 갑자기 수도 동파가 걱정될 때: 당황하지 않고 예방하고 대처하는 현실적인 방법",절대,2,절대 뜨거운 물(끓는 물)을 직접 붓지 마세요!,REVIEW,,,2026-08-18
2026-08-14-safety-auto-2f3ee3,https://honsamnote.co.kr/blog/2026-08-14-safety-auto-2f3ee3/,safety,"혼자 사는 당신, 겨울철 강추위에 갑자기 수도 동파가 걱정될 때: 당황하지 않고 예방하고 대처하는 현실적인 방법",완전히,3,잠시 집을 비우더라도 난방을 완전히 끄지 않는 것이 좋습니다.,REVIEW,,,2026-08-18
2026-07-30-cost-6,https://honsamnote.co.kr/blog/2026-07-30-cost-6/,cost,"내 돈 새는 줄도 몰랐죠? 1인 가구 직장인, 숨은 보험료 줄이는 3단계 점검법",반드시,3,*   **해지 환급금 및 재가입 조건 확인:** 보험 해지 시 발생할 수 있는 해지 환급금(원금 손실 가능성)과 만약 새로운 보험에 가입해야 할 경우의 심사 조건(건강 상태에 따라 보험료가 오르거나 가입이 어려울 수 있음)을 반드시 확인하세요.,KEEP,"법적 의무 절차 강조 — ""반드시"" 사용 적절. 단 법률 내용 정확성 별도 확인 필요.",,2026-08-18
2026-07-30-cost-6,https://honsamnote.co.kr/blog/2026-07-30-cost-6/,cost,"내 돈 새는 줄도 몰랐죠? 1인 가구 직장인, 숨은 보험료 줄이는 3단계 점검법",무조건,2,*   **'무조건 해지' 원칙**: 보험료가 아깝다는 생각에 무작정 모든 보험을 해지하는 것은 매우 위험합니다.,REVIEW,,,2026-08-18
2026-07-30-cost-70,https://honsamnote.co.kr/blog/2026-07-30-cost-70/,cost,"혼자 사는 직장인, 갑자기 늘어난 수도요금: 숨은 누수 찾고 해결하는 실전 가이드",반드시,3,*   **영수증 및 확인서 발급:** 수리 완료 후에는 반드시 수리 비용 영수증과 함께 '누수 확인서' 또는 '수리 보고서'를 요청하여 받아두세요.,REVIEW,,,2026-08-18
2026-07-30-cost-70,https://honsamnote.co.kr/blog/2026-07-30-cost-70/,cost,"혼자 사는 직장인, 갑자기 늘어난 수도요금: 숨은 누수 찾고 해결하는 실전 가이드",무조건,1,"검증 없이 무조건 저렴한 업체에 맡기는 것:** 저렴한 비용만 보고 급하게 업체를 선정하면 부실 공사로 인해 누수가 재발하거나, 결국 더 비싼 비용을 치르게 될 수 있습니다.",REVIEW,,,2026-08-18
2026-07-30-cost-70,https://honsamnote.co.kr/blog/2026-07-30-cost-70/,cost,"혼자 사는 직장인, 갑자기 늘어난 수도요금: 숨은 누수 찾고 해결하는 실전 가이드",완전히,1,"*   **모든 수도 잠그기:** 집 안의 모든 수도꼭지(싱크대, 세면대, 샤워기 등)를 완전히 잠급니다.",REVIEW,,,2026-08-18
2026-07-30-housing-43,https://honsamnote.co.kr/blog/2026-07-30-housing-43/,housing,"첫 관리비 고지서, 뭉뚱그려진 금액에 헷갈리는 1인 가구? 내 돈 지키는 항목별 확인법",반드시,4,반드시 지난달 대비 이번 달 사용량이 맞는지 확인해야 합니다.,REVIEW,,,2026-08-18
2026-07-30-housing-43,https://honsamnote.co.kr/blog/2026-07-30-housing-43/,housing,"첫 관리비 고지서, 뭉뚱그려진 금액에 헷갈리는 1인 가구? 내 돈 지키는 항목별 확인법",무조건,1,"*   **옆집과 무조건적인 비교:** 옆집과 평수가 같고 같은 건물이라고 해도, 전출입 시점에 따른 정산 방식, 사용 기간, 개별 사용량 등에 따라 관리비는 다를 수 있습니다.",REVIEW,,,2026-08-18
2026-07-30-housing-47,https://honsamnote.co.kr/blog/2026-07-30-housing-47/,housing,"원룸/오피스텔 고장났나요? 혼자 끙끙 앓지 말고, 집주인에게 스마트하게 수리 요청하는 법",반드시,3,"*   단, 이 경우 사전에 수리 업체로부터 **견적서를 받아 집주인에게 통보**하고, 수리 후에는 **영수증을 반드시 보관**해야 합니다.",REVIEW,,,2026-08-18
2026-07-30-housing-47,https://honsamnote.co.kr/blog/2026-07-30-housing-47/,housing,"원룸/오피스텔 고장났나요? 혼자 끙끙 앓지 말고, 집주인에게 스마트하게 수리 요청하는 법",무조건,1,*   **무리한 요구는 금물**: 노후화된 시설이라고 해서 무조건 최신 제품으로 교체해달라는 식의 무리한 요구는 지양해야 합니다.,REVIEW,,,2026-08-18
2026-07-30-housing-69,https://honsamnote.co.kr/blog/2026-07-30-housing-69/,housing,"한겨울 밤, 1인 가구 보일러 고장? 당황 말고 이 순서대로 대처하세요",반드시,2,수리 비용 부담 주체에 대해 관리사무소나 집주인과 반드시 사전 협의를 해야 불필요한 마찰을 피할 수 있습니다.,REVIEW,,,2026-08-18
2026-07-30-housing-69,https://honsamnote.co.kr/blog/2026-07-30-housing-69/,housing,"한겨울 밤, 1인 가구 보일러 고장? 당황 말고 이 순서대로 대처하세요",절대,2,"(※ 절대 뜨거운 물을 직접 붓거나 토치 등 화기를 사용하지 마세요!)

2.",REVIEW,,,2026-08-18
2026-08-01-housing-auto-bd24e0,https://honsamnote.co.kr/blog/2026-08-01-housing-auto-bd24e0/,housing,"혼자 사는 직장인, 늦은 밤 이웃 소음에 잠 못 들 때? 감정 소모 줄이고 똑똑하게 해결하는 순서",절대,3,"먼저 확인할 결론
늦은 밤 이웃 소음으로 고통받고 있다면, **절대 감정적으로 직접 찾아가 항의하지 마세요.** 가장 먼저 해야 할 일은 소음 발생 시간, 종류, 강도 등을 **객관적으로 기록하는 것**입니다.",REVIEW,,,2026-08-18
2026-08-01-housing-auto-bd24e0,https://honsamnote.co.kr/blog/2026-08-01-housing-auto-bd24e0/,housing,"혼자 사는 직장인, 늦은 밤 이웃 소음에 잠 못 들 때? 감정 소모 줄이고 똑똑하게 해결하는 순서",완전히,2,승소한다고 해도 소음이 완전히 사라진다는 보장이 없으므로 신중하게 판단해야 합니다.,REVIEW,,,2026-08-18
2026-08-01-housing-auto-bd24e0,https://honsamnote.co.kr/blog/2026-08-01-housing-auto-bd24e0/,housing,"혼자 사는 직장인, 늦은 밤 이웃 소음에 잠 못 들 때? 감정 소모 줄이고 똑똑하게 해결하는 순서",가장안전,1,직접 대면을 피하고 간접적으로 문제 해결을 시도하는 가장 안전한 방법입니다.,REVIEW,,,2026-08-18
2026-08-01-housing-auto-c039f6,https://honsamnote.co.kr/blog/2026-08-01-housing-auto-c039f6/,housing,전월세 계약 갱신 방법｜묵시적 갱신,반드시,4,"먼저 확인할 결론
혼자 사는 직장인이라면 전월세 계약 만료일 2개월~6개월 전까지 집주인에게 '계약을 연장할지, 종료할지' 명확하게 의사를 전달하고, 연장한다면 반드시 '새로운 계약서'를 작성하거나 최소한 '묵시적 갱신 상태임을 증명할 기록'을 남겨야 합니다.",KEEP,"법적 의무 절차 강조 — ""반드시"" 사용 적절. 단 법률 내용 정확성 별도 확인 필요.",,2026-08-18
2026-08-01-safety-auto-b177af,https://honsamnote.co.kr/blog/2026-08-01-safety-auto-b177af/,safety,"혼자 사는 당신, 갑자기 천장에서 물이 새거나 벽이 젖을 때 당황하지 않고 대처하는 방법",반드시,4,"*   **전문 업체 선정:** 누수 탐지 및 수리는 전문성이 요구되는 작업이므로, 반드시 여러 업체의 견적을 비교하고, 시공 경험과 후기가 좋은 곳을 선택하세요.",REVIEW,,,2026-08-18
2026-08-01-safety-auto-b177af,https://honsamnote.co.kr/blog/2026-08-01-safety-auto-b177af/,safety,"혼자 사는 당신, 갑자기 천장에서 물이 새거나 벽이 젖을 때 당황하지 않고 대처하는 방법",완전히,1,"*   **건조 및 복구:** 수리 후 벽이나 바닥을 완전히 건조시키는 데 수일에서 수주가 걸릴 수 있으며, 이후 도배나 장판 교체 등의 복구 작업이 진행됩니다.",REVIEW,,,2026-08-18
2026-08-03-housing-auto-5b4f05,https://honsamnote.co.kr/blog/2026-08-03-housing-auto-5b4f05/,housing,"혼자 사는 직장인, 이사 당일 보증금 못 받을 위기? 당황 말고 내 돈 지키는 3단계 대처법",반드시,2,"2단계: 이사가 급하다면 ‘임차권등기명령’ 신청 (대항력 및 우선변제권 유지)
내용증명 발송 후에도 보증금이 반환되지 않고, 다음 집으로 **이사해야 하는 상황이라면 반드시** 이 절차를 거쳐야 합니다.",KEEP,"법적 의무 절차 강조 — ""반드시"" 사용 적절. 단 법률 내용 정확성 별도 확인 필요.",,2026-08-18
2026-08-03-housing-auto-5b4f05,https://honsamnote.co.kr/blog/2026-08-03-housing-auto-5b4f05/,housing,"혼자 사는 직장인, 이사 당일 보증금 못 받을 위기? 당황 말고 내 돈 지키는 3단계 대처법",절대,2,"먼저 확인할 결론
이사 당일 보증금을 못 받을 위기에 처했다면, 절대 당황하지 마세요.",REVIEW,,,2026-08-18
2026-08-03-housing-auto-f53851,https://honsamnote.co.kr/blog/2026-08-03-housing-auto-f53851/,housing,"혼자 사는 직장인, 빈집 vs 풀옵션 원룸/오피스텔, 뭘 골라야 현명할까? 시간과 돈 아끼는 최적의 선택 가이드",반드시,2,"주의사항
*   **풀옵션의 경우:** 계약 전 반드시 옵션 가전/가구의 **정상 작동 여부와 파손 여부를 꼼꼼히 확인하고 사진이나 영상으로 남겨두세요.** 입주 후 문제가 발생했을 때 누구의 책임인지 명확히 할 수 있습니다.",KEEP,"법적 의무 절차 강조 — ""반드시"" 사용 적절. 단 법률 내용 정확성 별도 확인 필요.",,2026-08-18
2026-08-03-housing-auto-f53851,https://honsamnote.co.kr/blog/2026-08-03-housing-auto-f53851/,housing,"혼자 사는 직장인, 빈집 vs 풀옵션 원룸/오피스텔, 뭘 골라야 현명할까? 시간과 돈 아끼는 최적의 선택 가이드",무조건,2,"**무조건 월세만 보고 빈집 계약하기:** 당장 월세 몇만 원 아끼려고 빈집을 계약했는데, 막상 가전/가구를 새로 구매하려니 생각보다 훨씬 큰 초기 비용에 당황하는 경우가 많습니다.",SOFTEN,,"""완전히 제거""→""곰팡이 발생 정도와 위치에 따라 효과가 다를 수 있음""",2026-08-18
2026-08-03-safety-auto-273fdf,https://honsamnote.co.kr/blog/2026-08-03-safety-auto-273fdf/,safety,"혼자 사는 당신, 한밤중 갑자기 대형 바퀴벌레나 쥐를 발견했을 때: 패닉 없이 안전하게 퇴치하고 예방하는 법",반드시,2,**사체 처리:** 해충 사체는 반드시 휴지 여러 장으로 감싸 봉투에 넣어 밀봉한 뒤 일반 쓰레기통에 버립니다.,REVIEW,,,2026-08-18
2026-08-03-safety-auto-273fdf,https://honsamnote.co.kr/blog/2026-08-03-safety-auto-273fdf/,safety,"혼자 사는 당신, 한밤중 갑자기 대형 바퀴벌레나 쥐를 발견했을 때: 패닉 없이 안전하게 퇴치하고 예방하는 법",절대,2,절대 소리 지르거나 도망가지만 마세요.,REVIEW,,,2026-08-18
2026-08-04-cost-auto-7e7d88,https://honsamnote.co.kr/blog/2026-08-04-cost-auto-7e7d88/,cost,"혼자 사는 직장인, 난방비 폭탄 걱정될 때! 우리 집 겨울, 후회 없이 따뜻하고 저렴하게 나는 법",반드시,3,특히 전열 기기는 화재 위험이 있으므로 반드시 안전 인증 여부를 확인해야 합니다.,KEEP,안전 지침 문맥 — 강한 지시 표현이 적절. 사용자 보호에 필요.,,2026-08-18
2026-08-04-cost-auto-7e7d88,https://honsamnote.co.kr/blog/2026-08-04-cost-auto-7e7d88/,cost,"혼자 사는 직장인, 난방비 폭탄 걱정될 때! 우리 집 겨울, 후회 없이 따뜻하고 저렴하게 나는 법",절대,1,"*   **주의사항:**
    *   **화재 예방:** 전기장판, 전기히터 등 전열 기기는 절대 이불이나 옷 등으로 덮지 마세요.",KEEP,안전 지침 문맥 — 강한 지시 표현이 적절. 사용자 보호에 필요.,,2026-08-18
2026-08-04-cost-auto-7e7d88,https://honsamnote.co.kr/blog/2026-08-04-cost-auto-7e7d88/,cost,"혼자 사는 직장인, 난방비 폭탄 걱정될 때! 우리 집 겨울, 후회 없이 따뜻하고 저렴하게 나는 법",완전히,2,"*   **보일러 활용 팁:** 외출 시 완전히 끄지 말고 '외출 모드'나 '최소 온도(18~20도)'로 설정하여 동파를 방지하고, 다시 데울 때 필요한 에너지 소모를 줄입니다.",REVIEW,,,2026-08-18
2026-08-04-safety-auto-ceca45,https://honsamnote.co.kr/blog/2026-08-04-safety-auto-ceca45/,safety,창문 깨짐 방법｜유리 파편,반드시,2,반드시 두꺼운 보호 장비를 착용하세요.,REVIEW,,,2026-08-18
2026-08-04-safety-auto-ceca45,https://honsamnote.co.kr/blog/2026-08-04-safety-auto-ceca45/,safety,창문 깨짐 방법｜유리 파편,절대,2,"맨손으로 절대 만지지 말고, 빗자루와 쓰레받기를 이용하거나 신문지/두꺼운 종이로 감싸 일반 쓰레기봉투가 아닌 **특수 마대자루나 두꺼운 종이박스에 담아** '유리 조심' 표시 후 배출합니다.",REVIEW,,,2026-08-18
2026-08-05-housing-auto-580e50,https://honsamnote.co.kr/blog/2026-08-05-housing-auto-580e50/,housing,"혼자 사는 직장인, 반려동물 키우고 싶은데 계약 위반 걱정? 집주인과 현명하게 합의하는 3단계",반드시,3,"*   **합의서(특약) 작성:** 집주인이 동의한다면, 구두 합의는 추후 분쟁의 소지가 있으므로 반드시 임대차 계약서에 반려동물 사육 허용에 대한 특약 사항을 추가해야 합니다.",KEEP,"법적 의무 절차 강조 — ""반드시"" 사용 적절. 단 법률 내용 정확성 별도 확인 필요.",,2026-08-18
2026-08-05-housing-auto-580e50,https://honsamnote.co.kr/blog/2026-08-05-housing-auto-580e50/,housing,"혼자 사는 직장인, 반려동물 키우고 싶은데 계약 위반 걱정? 집주인과 현명하게 합의하는 3단계",절대,1,절대 시도하지 마세요.,REVIEW,,,2026-08-18
2026-08-05-housing-auto-580e50,https://honsamnote.co.kr/blog/2026-08-05-housing-auto-580e50/,housing,"혼자 사는 직장인, 반려동물 키우고 싶은데 계약 위반 걱정? 집주인과 현명하게 합의하는 3단계",완전히,2,"만약 명시되어 있지 않다면, 사육이 완전히 자유롭다고 보기는 어렵지만 협상의 여지가 더 크다고 볼 수 있습니다.",REVIEW,,,2026-08-18
2026-08-05-safety-auto-9a8ad6,https://honsamnote.co.kr/blog/2026-08-05-safety-auto-9a8ad6/,safety,"혼자 사는 당신, 퇴근 후 안전하게 택배를 받을 때? 스마트 무인 택배함 vs. 문 앞 비대면 배송, 나에게 맞는 선택은?",반드시,3,"단, 일부 서비스는 보관 기간 초과 시 추가 요금이 발생할 수 있으며, 지자체에서 운영하는 공공 무인 택배함도 보관 기간 이후에는 요금이 부과될 수 있으니 반드시 확인해야 합니다.",REVIEW,,,2026-08-18
2026-08-05-safety-auto-9a8ad6,https://honsamnote.co.kr/blog/2026-08-05-safety-auto-9a8ad6/,safety,"혼자 사는 당신, 퇴근 후 안전하게 택배를 받을 때? 스마트 무인 택배함 vs. 문 앞 비대면 배송, 나에게 맞는 선택은?",가장안전,1,"*   ✅ 고가품이나 신선식품 등은 가급적 직접 수령하거나 가장 안전한 방법(무인 택배함, 경비실)으로 설정했나요?",REVIEW,,,2026-08-18
2026-08-06-housing-auto-778093,https://honsamnote.co.kr/blog/2026-08-06-housing-auto-778093/,housing,"혼자 사는 직장인, 우리 집 안전 지킴이! 디지털 도어락 vs 보조키, 내게 맞는 현명한 선택은?",반드시,2,"*   **집주인의 동의를 얻을 수 있고, 이사 시 원상복구가 가능한 경우:** 기존 현관문에 타공이 필요할 수 있으므로, 반드시 집주인과의 협의가 필수적입니다.",REVIEW,,,2026-08-18
2026-08-06-housing-auto-778093,https://honsamnote.co.kr/blog/2026-08-06-housing-auto-778093/,housing,"혼자 사는 직장인, 우리 집 안전 지킴이! 디지털 도어락 vs 보조키, 내게 맞는 현명한 선택은?",절대,1,"*   **집주인이 도어락 설치를 절대 허락하지 않는 경우:** 불법 설치는 추후 분쟁의 원인이 될 수 있으므로, 이런 경우에는 다른 방법을 찾아야 합니다.",REVIEW,,,2026-08-18
2026-08-06-housing-auto-778093,https://honsamnote.co.kr/blog/2026-08-06-housing-auto-778093/,housing,"혼자 사는 직장인, 우리 집 안전 지킴이! 디지털 도어락 vs 보조키, 내게 맞는 현명한 선택은?",무조건,1,"**무조건 저렴한 제품만 고르는 행위:** 특히 디지털 도어락의 경우, 너무 저렴한 제품은 보안 기능이 취약하거나 내구성이 떨어져 쉽게 고장 날 수 있습니다.",REVIEW,,,2026-08-18
2026-08-06-housing-auto-849c13,https://honsamnote.co.kr/blog/2026-08-06-housing-auto-849c13/,housing,"혼자 사는 직장인, 내 공간 꾸미고 싶은데 벽 손상 걱정될 때? 못 vs 무타공 인테리어, 현명하게 결정하는 법",절대,2,*   **주의:** 집주인이 '못 박는 건 절대 안 된다'고 하면 무타공 방법만 고려해야 합니다.,REVIEW,,,2026-08-18
2026-08-06-housing-auto-849c13,https://honsamnote.co.kr/blog/2026-08-06-housing-auto-849c13/,housing,"혼자 사는 직장인, 내 공간 꾸미고 싶은데 벽 손상 걱정될 때? 못 vs 무타공 인테리어, 현명하게 결정하는 법",완전히,1,*   특히 접착식 제품은 벽 표면을 깨끗하게 닦고 완전히 건조시킨 후 부착해야 접착력을 극대화할 수 있습니다.,REVIEW,,,2026-08-18
2026-08-06-housing-auto-849c13,https://honsamnote.co.kr/blog/2026-08-06-housing-auto-849c13/,housing,"혼자 사는 직장인, 내 공간 꾸미고 싶은데 벽 손상 걱정될 때? 못 vs 무타공 인테리어, 현명하게 결정하는 법",가장안전,2,이사 시 최대한 복구하겠습니다'라고 미리 문의하는 것이 가장 안전합니다.,REVIEW,,,2026-08-18
2026-08-06-safety-auto-21374d,https://honsamnote.co.kr/blog/2026-08-06-safety-auto-21374d/,safety,"혼자 사는 당신, 늦은 밤 위층/옆집 소음 때문에 잠 못 들 때: 감정 소모 없이 안전하게 대처하는 현실적인 방법",절대,4,"먼저 확인할 결론
지금 당장 소음이 너무 심하고 참기 어렵다면, **감정을 앞세우기보다 먼저 '소음 발생 시간, 종류, 정도'를 최대한 객관적으로 기록하고 관리사무소(아파트/오피스텔)나 관할 경찰서(빌라/주택 등)에 도움을 요청하세요.** 절대 혼자 해결하려 직접 찾아가거나 감정적으로 대응하지 마세요.",REVIEW,,,2026-08-18
2026-08-06-safety-auto-9df39e,https://honsamnote.co.kr/blog/2026-08-06-safety-auto-9df39e/,safety,1인 가구 응급 해결 방법｜혼자 살다 아플 때,절대,2,특히 뇌졸중이나 심장 마비가 의심될 때는 절대 무리한 이동을 시도하지 마세요.,REVIEW,,,2026-08-18
2026-08-06-safety-auto-9df39e,https://honsamnote.co.kr/blog/2026-08-06-safety-auto-9df39e/,safety,1인 가구 응급 해결 방법｜혼자 살다 아플 때,무조건,1,"**⚠️ 병원 방문 또는 자가 이동이 가능한 경우 (비응급 상황)**
*   가벼운 감기 증상 (콧물, 기침)
*   만성 통증이 갑자기 심해지지 않은 경우
*   경미한 상처 (소독 후 자가 치료 가능)
*   단순 두통이나 소화 불량 등 평소 겪던 가벼운 증상

판단이 어렵다면, 증상이 '갑자기 나타났고', '평소와 다르게 심하며', '시간이",KEEP,안전 지침 문맥 — 강한 지시 표현이 적절. 사용자 보호에 필요.,,2026-08-18
2026-08-06-safety-auto-9df39e,https://honsamnote.co.kr/blog/2026-08-06-safety-auto-9df39e/,safety,1인 가구 응급 해결 방법｜혼자 살다 아플 때,가장안전,1,"나 혼자이기 때문에 더 막막하고, 골든 타임을 놓칠까 두려워지는 이 상황, 어떻게 해야 가장 안전하고 빠르게 도움을 받을 수 있을까요?",REVIEW,,,2026-08-18
2026-08-07-cost-auto-24b43b,https://honsamnote.co.kr/blog/2026-08-07-cost-auto-24b43b/,cost,"혼자 사는 직장인, 쌓여가는 먼지에 한숨만 나온다면? 로봇청소기 vs 일반 청소기, 내게 맞는 효율적인 청소법은?",반드시,2,반드시 정리해야 합니다.,SOFTEN,,"""반드시"" 삭제 또는 ""권장합니다""로 완화",2026-08-18
2026-08-07-cost-auto-24b43b,https://honsamnote.co.kr/blog/2026-08-07-cost-auto-24b43b/,cost,"혼자 사는 직장인, 쌓여가는 먼지에 한숨만 나온다면? 로봇청소기 vs 일반 청소기, 내게 맞는 효율적인 청소법은?",완벽하게,2,"*   **청결 기준이 매우 높거나 꼼꼼한 청소를 선호하는 사람:** 로봇청소기는 구석이나 틈새, 오염이 심한 곳까지 완벽하게 청소하기 어렵습니다.",SOFTEN,,"""완벽하게"" 표현 — 절대적 보장 불가. ""크게 줄일 수 있습니다"" 또는 ""효과가 있을 수 있습니다"" 수준으로 완화 권고.",2026-08-18
2026-08-08-cost-auto-bbb3d7,https://honsamnote.co.kr/blog/2026-08-08-cost-auto-bbb3d7/,cost,"혼자 사는 직장인, 매달 아파트/오피스텔 관리비 폭탄 막고 지출 최적화하는 3단계 전략",반드시,3,"*   **장기수선충당금 확인:**
    *   세입자라면 이 항목이 있는지, 그리고 매달 얼마가 부과되는지 반드시 확인해야 합니다.",REVIEW,,,2026-08-18
2026-08-08-cost-auto-bbb3d7,https://honsamnote.co.kr/blog/2026-08-08-cost-auto-bbb3d7/,cost,"혼자 사는 직장인, 매달 아파트/오피스텔 관리비 폭탄 막고 지출 최적화하는 3단계 전략",절대,1,*   **불법적인 방법으로 사용량을 줄이려는 시도:** 계량기 조작 등은 절대 해서는 안 되는 불법 행위입니다.,REVIEW,,,2026-08-18
2026-08-08-housing-auto-d2c1ed,https://honsamnote.co.kr/blog/2026-08-08-housing-auto-d2c1ed/,housing,"혼자 사는 직장인, 이사 갈 때 퇴실 청소? 셀프 vs 전문 업체, 보증금 지키는 현명한 선택 가이드",반드시,1,"*   **주의사항:**
    *   **불량 업체 주의:** 너무 저렴한 가격만 내세우는 곳은 피하고, 반드시 사업자 등록 및 보험 가입 여부를 확인하세요.",KEEP,"법적 의무 절차 강조 — ""반드시"" 사용 적절. 단 법률 내용 정확성 별도 확인 필요.",,2026-08-18
2026-08-08-housing-auto-d2c1ed,https://honsamnote.co.kr/blog/2026-08-08-housing-auto-d2c1ed/,housing,"혼자 사는 직장인, 이사 갈 때 퇴실 청소? 셀프 vs 전문 업체, 보증금 지키는 현명한 선택 가이드",절대,1,"(이사 당일 청소는 절대 금지)
*   [ ] (셀프 청소 시) 각 구역별 청소 계획과 필요한 도구를 미리 준비했는가?",REVIEW,,,2026-08-18
2026-08-08-housing-auto-d2c1ed,https://honsamnote.co.kr/blog/2026-08-08-housing-auto-d2c1ed/,housing,"혼자 사는 직장인, 이사 갈 때 퇴실 청소? 셀프 vs 전문 업체, 보증금 지키는 현명한 선택 가이드",무조건,1,"결론적으로 무조건 어느 한쪽을 선택하기보다는, 당신의 현 상황을 객관적으로 분석하는 것이 중요합니다.",REVIEW,,,2026-08-18
2026-08-08-housing-auto-d2c1ed,https://honsamnote.co.kr/blog/2026-08-08-housing-auto-d2c1ed/,housing,"혼자 사는 직장인, 이사 갈 때 퇴실 청소? 셀프 vs 전문 업체, 보증금 지키는 현명한 선택 가이드",완벽하게,1,"*   **청소에 대한 부담감이나 스트레스가 큰 사람:** 완벽하게 청소해야 한다는 압박감에 시달리고 싶지 않다면, 마음의 평화를 사는 비용이라 생각할 수 있습니다.",SOFTEN,,"""완벽하게"" 표현 — 절대적 보장 불가. ""크게 줄일 수 있습니다"" 또는 ""효과가 있을 수 있습니다"" 수준으로 완화 권고.",2026-08-18
2026-08-08-safety-auto-ee80c6,https://honsamnote.co.kr/blog/2026-08-08-safety-auto-ee80c6/,safety,"혼자 사는 당신, 갑자기 천장이나 벽에서 물이 샐 때: 당황하지 않고 원인 파악부터 안전하게 대처하는 현실적인 방법",반드시,2,반드시 전문가의 도움을 받으세요.,REVIEW,,,2026-08-18
2026-08-08-safety-auto-ee80c6,https://honsamnote.co.kr/blog/2026-08-08-safety-auto-ee80c6/,safety,"혼자 사는 당신, 갑자기 천장이나 벽에서 물이 샐 때: 당황하지 않고 원인 파악부터 안전하게 대처하는 현실적인 방법",가장안전,2,"**1단계: 전기 안전 확보 및 추가 피해 방지 (발견 즉시)**
*   **전원 차단**: 누수 부위 주변의 콘센트에 꽂힌 모든 가전제품의 전원을 뽑고, 가장 중요한 것은 두꺼비집(분전반)을 열어 해당 구역의 차단기를 내리거나, 혹시 모를 감전 위험에 대비해 메인 전원 차단기를 내리는 것이 가장 안전합니다.",KEEP,안전 지침 문맥 — 강한 지시 표현이 적절. 사용자 보호에 필요.,,2026-08-18
2026-08-09-safety-auto-14bba7,https://honsamnote.co.kr/blog/2026-08-09-safety-auto-14bba7/,safety,"혼자 사는 당신, 주방이나 콘센트에서 작은 불이 났을 때: 스프레이형 간이 소화기 vs. 일반 분말 소화기, 나에게 맞는 선택은?",반드시,1,반드시 전원을 차단하고 소화기를 사용해야 합니다.,KEEP,안전 지침 문맥 — 강한 지시 표현이 적절. 사용자 보호에 필요.,,2026-08-18
2026-08-09-safety-auto-14bba7,https://honsamnote.co.kr/blog/2026-08-09-safety-auto-14bba7/,safety,"혼자 사는 당신, 주방이나 콘센트에서 작은 불이 났을 때: 스프레이형 간이 소화기 vs. 일반 분말 소화기, 나에게 맞는 선택은?",절대,2,"대피 시 문을 닫아 연기 확산을 막고, 절대 엘리베이터를 이용하지 않습니다.",KEEP,안전 지침 문맥 — 강한 지시 표현이 적절. 사용자 보호에 필요.,,2026-08-18
2026-08-09-safety-auto-14bba7,https://honsamnote.co.kr/blog/2026-08-09-safety-auto-14bba7/,safety,"혼자 사는 당신, 주방이나 콘센트에서 작은 불이 났을 때: 스프레이형 간이 소화기 vs. 일반 분말 소화기, 나에게 맞는 선택은?",무조건,1,"물을 부어야 할지, 전기 코드를 뽑아야 할지, 아니면 무조건 도망쳐야 할지, 패닉에 빠져 우왕좌왕하다가 골든타임을 놓치기 십상이죠.",REVIEW,,,2026-08-18
2026-08-10-safety-auto-1af8f5,https://honsamnote.co.kr/blog/2026-08-10-safety-auto-1af8f5/,safety,"혼자 사는 당신, 우리 집 바퀴벌레/쥐 발견했을 때: DIY 셀프 퇴치 vs. 전문 방역 서비스, 나에게 맞는 선택은?",반드시,2,사용 시 반드시 환기하고 반려동물이나 음식에 닿지 않도록 주의합니다.,SOFTEN,,"""반드시 완전히 제거""→""효과가 다를 수 있으며, 지속 발생 시 전문 방역 검토 권장""",2026-08-18
2026-08-10-safety-auto-1af8f5,https://honsamnote.co.kr/blog/2026-08-10-safety-auto-1af8f5/,safety,"혼자 사는 당신, 우리 집 바퀴벌레/쥐 발견했을 때: DIY 셀프 퇴치 vs. 전문 방역 서비스, 나에게 맞는 선택은?",무조건,1,"*   **주의사항:**
    *   **업체 선정:** 가격이 싸다고 무조건 좋은 것은 아닙니다.",REVIEW,,,2026-08-18
2026-08-10-safety-auto-1af8f5,https://honsamnote.co.kr/blog/2026-08-10-safety-auto-1af8f5/,safety,"혼자 사는 당신, 우리 집 바퀴벌레/쥐 발견했을 때: DIY 셀프 퇴치 vs. 전문 방역 서비스, 나에게 맞는 선택은?",완벽하게,1,"*   **완벽한 퇴치 어려움:** 눈에 보이는 해충만 잡는 데 그칠 수 있고, 알집이나 숨어있는 개체까지 완벽하게 제거하기 어려워 재발 가능성이 높습니다.",SOFTEN,,"""완벽하게"" 표현 — 절대적 보장 불가. ""크게 줄일 수 있습니다"" 또는 ""효과가 있을 수 있습니다"" 수준으로 완화 권고.",2026-08-18
2026-08-11-housing-auto-2bfaff,https://honsamnote.co.kr/blog/2026-08-11-housing-auto-2bfaff/,housing,"혼자 사는 직장인, 조립 가구 앞에서 한숨 쉬지 마세요! 셀프 vs 전문가 조립, 시간과 돈 아끼는 현명한 선택 가이드",반드시,3,"*   플랫폼을 이용하는 경우, 출장비나 주말/야간 할증이 붙을 수 있으므로 반드시 최종 견적을 꼼꼼히 비교해야 합니다.",REVIEW,,,2026-08-18
2026-08-11-housing-auto-2bfaff,https://honsamnote.co.kr/blog/2026-08-11-housing-auto-2bfaff/,housing,"혼자 사는 직장인, 조립 가구 앞에서 한숨 쉬지 마세요! 셀프 vs 전문가 조립, 시간과 돈 아끼는 현명한 선택 가이드",무조건,1,*   **전문가 견적 비교 없이 무조건 맡기기:** 조립 서비스마다 가격이 천차만별입니다.,REVIEW,,,2026-08-18
2026-08-11-safety-auto-197473,https://honsamnote.co.kr/blog/2026-08-11-safety-auto-197473/,safety,"혼자 사는 당신, 집에서 넘어져 움직일 수 없을까 걱정될 때: 웨어러블 낙상 감지기 vs. 공간형 비접촉 센서, 나에게 맞는 안전 선택은?",반드시,1,*   **시험 작동 및 숙지:** 설치 후에는 반드시 몇 차례 시험 작동을 해봅니다.,REVIEW,,,2026-08-18
2026-08-11-safety-auto-197473,https://honsamnote.co.kr/blog/2026-08-11-safety-auto-197473/,safety,"혼자 사는 당신, 집에서 넘어져 움직일 수 없을까 걱정될 때: 웨어러블 낙상 감지기 vs. 공간형 비접촉 센서, 나에게 맞는 안전 선택은?",100%,2,"중요한 것은 어떤 시스템이든 100% 완벽하지 않다는 점을 인지하고, 본인의 활동성, 프라이버시 민감도, 예산 등을 종합적으로 고려하여 결정해야 합니다.",SOFTEN,,"""100%"" 표현 — 절대적 보장 불가. ""크게 줄일 수 있습니다"" 또는 ""효과가 있을 수 있습니다"" 수준으로 완화 권고.",2026-08-18
2026-08-11-safety-auto-197473,https://honsamnote.co.kr/blog/2026-08-11-safety-auto-197473/,safety,"혼자 사는 당신, 집에서 넘어져 움직일 수 없을까 걱정될 때: 웨어러블 낙상 감지기 vs. 공간형 비접촉 센서, 나에게 맞는 안전 선택은?",완벽하게,1,"*   비상 연락망 설정 및 테스트: 30분~1시간
*   **주의사항:**
    *   **완벽한 시스템은 없습니다:** 어떤 낙상 감지 시스템이든 100% 완벽하게 모든 낙상을 감지하거나, 오작동이 전혀 없는 것은 아닙니다.",SOFTEN,,"""완벽하게"" 표현 — 절대적 보장 불가. ""크게 줄일 수 있습니다"" 또는 ""효과가 있을 수 있습니다"" 수준으로 완화 권고.",2026-08-18
2026-08-12-cost-auto-b36efb,https://honsamnote.co.kr/blog/2026-08-12-cost-auto-b36efb/,cost,"혼자 사는 직장인, 새 가구/가전 장만할 때마다 지갑 텅 비는 기분이라면? 새것 vs 중고 vs 렌탈, 후회 없는 선택 가이드",반드시,4,"**팁**: 직거래 시에는 반드시 직접 방문하여 제품의 작동 여부, 외관 상태, 오염 여부 등을 꼼꼼히 확인하세요.",REVIEW,,,2026-08-18
2026-08-14-housing-auto-189ec3,https://honsamnote.co.kr/blog/2026-08-14-housing-auto-189ec3/,housing,"혼자 사는 직장인, 이사/대청소 앞둔 대형 폐기물 처리! 비용 아끼고 깔끔하게 끝내는 현실 가이드",반드시,3,**지정 장소/시간 준수:** 배출 날짜와 장소를 반드시 지켜야 합니다.,REVIEW,,,2026-08-18
2026-08-14-housing-auto-189ec3,https://honsamnote.co.kr/blog/2026-08-14-housing-auto-189ec3/,housing,"혼자 사는 직장인, 이사/대청소 앞둔 대형 폐기물 처리! 비용 아끼고 깔끔하게 끝내는 현실 가이드",절대,1,절대 하지 마세요.,REVIEW,,,2026-08-18
2026-08-14-housing-auto-189ec3,https://honsamnote.co.kr/blog/2026-08-14-housing-auto-189ec3/,housing,"혼자 사는 직장인, 이사/대청소 앞둔 대형 폐기물 처리! 비용 아끼고 깔끔하게 끝내는 현실 가이드",완전히,2,"**개인 정보 보호:** 컴퓨터, 스마트폰, TV 등 개인 정보가 담길 수 있는 가전제품은 반드시 내부 데이터를 완전히 삭제한 후 배출하세요.",REVIEW,,,2026-08-18
2026-07-30-housing-46,https://honsamnote.co.kr/blog/2026-07-30-housing-46/,housing,"이사 나가는 1인 가구, 복비·공과금 덤터기 없이 보증금 100% 안전하게 돌려받는 준비",반드시,3,*   **납부 영수증 보관:** 최종 납부한 영수증은 반드시 보관하여 임대인에게 보여줄 수 있도록 준비합니다.,REVIEW,,,2026-08-18
2026-07-31-housing-71,https://honsamnote.co.kr/blog/2026-07-31-housing-71/,housing,"혼자 사는 집 고장! 집주인이 수리 미룰 때, 내 돈 아끼는 현실적인 해결 순서",반드시,3,*   **영수증 및 내역 확보**: 수리 후에는 반드시 '세금계산서' 또는 '현금영수증'과 상세 수리 내역서를 받아두세요.,KEEP,"법적 의무 절차 강조 — ""반드시"" 사용 적절. 단 법률 내용 정확성 별도 확인 필요.",,2026-08-18
2026-07-31-safety-72,https://honsamnote.co.kr/blog/2026-07-31-safety-72/,safety,"장기 출장/휴가, 혼자 사는 집을 비울 때 빈집털이, 고지서 폭탄 걱정 없이 안전하게 떠나는 법",반드시,1,*   **가스 중간 밸브 잠그기:** 주방 싱크대 아래나 보일러 옆에 있는 가스 중간 밸브를 반드시 잠급니다.,REVIEW,,,2026-08-18
2026-07-31-safety-72,https://honsamnote.co.kr/blog/2026-07-31-safety-72/,safety,"장기 출장/휴가, 혼자 사는 집을 비울 때 빈집털이, 고지서 폭탄 걱정 없이 안전하게 떠나는 법",절대,1,"언제 집을 비우는지, 어디로 가는지 등 상세한 계획은 절대 SNS에 올리지 마세요.",REVIEW,,,2026-08-18
2026-07-31-safety-72,https://honsamnote.co.kr/blog/2026-07-31-safety-72/,safety,"장기 출장/휴가, 혼자 사는 집을 비울 때 빈집털이, 고지서 폭탄 걱정 없이 안전하게 떠나는 법",완전히,2,"*   **음식물 쓰레기 완벽 처리:** 남은 음식물 쓰레기는 완전히 비우고, 싱크대 배수구도 깨끗하게 청소합니다.",REVIEW,,,2026-08-18
2026-07-31-safety-72,https://honsamnote.co.kr/blog/2026-07-31-safety-72/,safety,"장기 출장/휴가, 혼자 사는 집을 비울 때 빈집털이, 고지서 폭탄 걱정 없이 안전하게 떠나는 법",확실히,1,"*   **[보안]**
    *   현관문 이중 잠금 및 보조 잠금장치 작동 확인
    *   모든 창문(방범창 포함) 단단히 잠금 확인
    *   디지털 도어록 비밀번호 변경 또는 외부인에게 알려줄 비밀번호 해제
    *   택배함, 우유 투입구 등 비우고 잠금
    *   CCTV 또는 방범 시스템 작동 확인 (앱 알림 설정)
* ",REVIEW,,,2026-08-18
2026-08-01-safety-auto-c574d6,https://honsamnote.co.kr/blog/2026-08-01-safety-auto-c574d6/,safety,"혼자 사는 당신, 외부 침입 대비할 때? 스마트 도어벨 vs. 가정용 CCTV, 나에게 맞는 현관 보안은?",반드시,3,"월세/전세의 경우, 임대인이나 관리사무소에 외부 장치 설치 가능 여부를 반드시 확인해야 합니다.",REVIEW,,,2026-08-18
2026-08-03-cost-auto-4d199c,https://honsamnote.co.kr/blog/2026-08-03-cost-auto-4d199c/,cost,교통비 비교｜대중교통,무조건,3,"먼저 확인할 결론
무조건 싼 이동 수단만 고집하거나 반대로 편의성만 좇는 대신, **'내 생활 패턴'과 '이동 목적'을 먼저 파악하고 그에 맞는 이동 수단의 '최적 조합'을 찾는 것이 핵심입니다.** 지금 당장 통장 내역을 열어 지난 한 달간 교통비를 어디에 얼마나 썼는지부터 확인해 보세요.",REVIEW,,,2026-08-18
2026-08-05-cost-auto-9715f2,https://honsamnote.co.kr/blog/2026-08-05-cost-auto-9715f2/,cost,"혼자 사는 직장인, 물값 매달 낭비 말고! 생수 vs. 정수기 vs. 필터, 내게 맞는 최적의 선택은?",반드시,2,반드시 사전에 임대인 또는 관리사무소에 문의하세요.,REVIEW,,,2026-08-18
2026-08-05-cost-auto-9715f2,https://honsamnote.co.kr/blog/2026-08-05-cost-auto-9715f2/,cost,"혼자 사는 직장인, 물값 매달 낭비 말고! 생수 vs. 정수기 vs. 필터, 내게 맞는 최적의 선택은?",무조건,1,"이렇게 하면 오히려 악화됩니다

*   **물 소비량과 관계없이 무조건 비싼 정수기를 들이는 것:** 물을 적게 마시는데 비싼 렌탈료를 내면, 오히려 생수를 사 마시는 것보다 더 큰 지출이 발생합니다.",REVIEW,,,2026-08-18
2026-08-05-cost-auto-9715f2,https://honsamnote.co.kr/blog/2026-08-05-cost-auto-9715f2/,cost,"혼자 사는 직장인, 물값 매달 낭비 말고! 생수 vs. 정수기 vs. 필터, 내게 맞는 최적의 선택은?",완전히,2,무거운 생수 운반과 플라스틱 쓰레기 문제에서 완전히 해방됩니다.,REVIEW,,,2026-08-18
2026-08-06-cost-auto-3826dd,https://honsamnote.co.kr/blog/2026-08-06-cost-auto-3826dd/,cost,1인 가구 보안 비교｜스마트 도어락,반드시,3,잠깐의 외출이라도 반드시 문단속을 철저히 하세요.,REVIEW,,,2026-08-18
2026-08-06-cost-auto-9d0ea4,https://honsamnote.co.kr/blog/2026-08-06-cost-auto-9d0ea4/,cost,1인 가구 해충 비교｜해충 박멸 비용,반드시,2,"*   **계약 확인:** 계약 전 반드시 서비스 내용, 방역 비용, 재방문 및 AS 보증 기간, 사용 약품의 안전성 등을 꼼꼼히 확인하고 서면으로 남겨두세요.",KEEP,"법적 의무 절차 강조 — ""반드시"" 사용 적절. 단 법률 내용 정확성 별도 확인 필요.",,2026-08-18
2026-08-06-cost-auto-9d0ea4,https://honsamnote.co.kr/blog/2026-08-06-cost-auto-9d0ea4/,cost,1인 가구 해충 비교｜해충 박멸 비용,절대,1,작은 문제라도 절대 간과하지 마세요.,REVIEW,,,2026-08-18
2026-08-06-cost-auto-bf984a,https://honsamnote.co.kr/blog/2026-08-06-cost-auto-bf984a/,cost,1인 가구 식비 절약 비교｜에어프라이어 구매,반드시,1,"*   **화상 주의:** 두 가전 모두 고온으로 작동하므로, 조리 후 음식을 꺼낼 때는 반드시 장갑이나 주방 도구를 사용해야 합니다.",REVIEW,,,2026-08-18
2026-08-06-cost-auto-bf984a,https://honsamnote.co.kr/blog/2026-08-06-cost-auto-bf984a/,cost,1인 가구 식비 절약 비교｜에어프라이어 구매,무조건,1,"이렇게 하면 오히려 악화됩니다

*   **남들이 좋다고 하니까 무조건 에어프라이어를 사는 경우:** 친구나 SNS에서 '에어프라이어는 필수템!'이라는 말을 듣고 자신의 식습관과 맞지 않는데도 구매하면, 결국 몇 번 쓰다 처박아두는 애물단지가 되기 쉽습니다.",REVIEW,,,2026-08-18
2026-08-06-cost-auto-bf984a,https://honsamnote.co.kr/blog/2026-08-06-cost-auto-bf984a/,cost,1인 가구 식비 절약 비교｜에어프라이어 구매,완벽하게,1,*   **복합형 가전제품에 대한 과도한 기대:** '에어프라이어+전자레인지+오븐' 같은 복합 제품이 모든 기능을 완벽하게 수행할 것이라고 기대하면 실망할 수 있습니다.,SOFTEN,,"""완벽하게"" 표현 — 절대적 보장 불가. ""크게 줄일 수 있습니다"" 또는 ""효과가 있을 수 있습니다"" 수준으로 완화 권고.",2026-08-18
2026-08-06-housing-auto-9d6fe3,https://honsamnote.co.kr/blog/2026-08-06-housing-auto-9d6fe3/,housing,"혼자 사는 직장인, 전월세 계약 만료로 이사 가려는데? 집주인에게 현명하게 통보하고 보증금 지키는 법",반드시,2,이때 반드시 '증거가 남는 방식'을 사용해야 합니다.,REVIEW,,,2026-08-18
2026-08-06-housing-auto-9d6fe3,https://honsamnote.co.kr/blog/2026-08-06-housing-auto-9d6fe3/,housing,"혼자 사는 직장인, 전월세 계약 만료로 이사 가려는데? 집주인에게 현명하게 통보하고 보증금 지키는 법",무조건,1,"*   **집주인의 부당한 요구에 무조건 응하기:** '새로운 세입자가 안 구해지면 중개 수수료를 내라', '내가 다음 세입자 구하기 전까지 보증금을 줄 수 없다'는 식의 부당한 요구에 주눅 들 필요 없습니다.",REVIEW,,,2026-08-18
2026-08-06-housing-auto-baef02,https://honsamnote.co.kr/blog/2026-08-06-housing-auto-baef02/,housing,"혼자 사는 직장인, 집에 바퀴벌레가 출몰했다면? 당황 말고 내 돈 아끼며 완벽 박멸하는 법",반드시,1,"*   **주의사항:**
    *   **유해성분 확인:** 살충제나 독먹이 젤 사용 시 반드시 제품 사용 설명서를 읽고 환기를 충분히 시켜야 합니다.",REVIEW,,,2026-08-18
2026-08-06-housing-auto-baef02,https://honsamnote.co.kr/blog/2026-08-06-housing-auto-baef02/,housing,"혼자 사는 직장인, 집에 바퀴벌레가 출몰했다면? 당황 말고 내 돈 아끼며 완벽 박멸하는 법",무조건,1,*   **집주인에게 무조건 책임 전가하기:** 아무런 증거 없이 무조건 집주인에게 책임을 요구하면 갈등만 커질 수 있습니다.,REVIEW,,,2026-08-18
2026-08-06-safety-auto-063890,https://honsamnote.co.kr/blog/2026-08-06-safety-auto-063890/,safety,1인 가구 식중독 기준｜혼자 살 때 아플 때,반드시,2,반드시 의사 또는 약사와 상담 후 복용해야 합니다.,REVIEW,,,2026-08-18
2026-08-06-safety-auto-063890,https://honsamnote.co.kr/blog/2026-08-06-safety-auto-063890/,safety,1인 가구 식중독 기준｜혼자 살 때 아플 때,절대,1,"**위험 신호가 보이면 즉시 도움을 요청하세요:**
    *   위에서 언급한 '병원 방문 판단 기준'에 해당하는 심각한 증상(고열, 혈변, 의식 혼미, 극심한 통증 등)이 하나라도 나타난다면 절대 시간을 지체하지 마세요.",REVIEW,,,2026-08-18
2026-08-06-safety-auto-063890,https://honsamnote.co.kr/blog/2026-08-06-safety-auto-063890/,safety,1인 가구 식중독 기준｜혼자 살 때 아플 때,완전히,1,"완전히 잠들기보다는 옆으로 누워 구토물이 기도로 넘어가지 않도록 주의하고, 스마트폰 등으로 주기적으로 의식을 확인하는 알람을 설정해 두는 것이 좋습니다.",REVIEW,,,2026-08-18
2026-08-06-safety-auto-3d7ecc,https://honsamnote.co.kr/blog/2026-08-06-safety-auto-3d7ecc/,safety,"혼자 사는 당신, 퇴근 후 현관문이 훼손되었거나 집안이 어수선할 때: 빈집털이 침입 의심 시 안전하게 대처하는 최우선 행동 수칙",절대,3,"먼저 확인할 결론

가장 중요한 첫 번째 행동은 **절대 집 안으로 들어가지 않는 것입니다.** 현관문이 훼손되었거나 집안이 어수선해 침입이 의심된다면, 즉시 문을 닫고 안전한 곳(이웃집, 주변 상가 등)으로 대피한 뒤 지체 없이 **112에 신고하세요.** 혼자 상황을 확인하려 들지 말고, 자신의 안전을 최우선으로 확보하는 것이 무엇보다 중요합니다.",KEEP,안전 지침 문맥 — 강한 지시 표현이 적절. 사용자 보호에 필요.,,2026-08-18
2026-08-06-safety-auto-425601,https://honsamnote.co.kr/blog/2026-08-06-safety-auto-425601/,safety,물 끊김 방법｜전기 끊김,절대,4,절대 스위치나 콘센트를 만지지 마세요.,REVIEW,,,2026-08-18
2026-08-06-safety-auto-425601,https://honsamnote.co.kr/blog/2026-08-06-safety-auto-425601/,safety,물 끊김 방법｜전기 끊김,완전히,1,"먼저 확인할 결론
갑작스러운 유틸리티(물, 전기, 가스) 공급 중단 상황에서는 **'우리 집만 문제가 생긴 건지' 아니면 '건물 전체 또는 주변 지역의 문제인지'를 먼저 파악하는 것이 핵심입니다.** 이 판단에 따라 대처 방법과 연락할 곳이 완전히 달라집니다.",REVIEW,,,2026-08-18
2026-08-06-safety-auto-669f80,https://honsamnote.co.kr/blog/2026-08-06-safety-auto-669f80/,safety,"혼자 사는 당신, 예기치 못한 사고에 재산 보호는? 일반 주택화재보험 vs. 1인 가구 맞춤 종합보험, 어떤 보험이 나에게 유리할까?",반드시,3,"만약 명시되어 있다면, 해당 조건을 충족하는 보험을 반드시 가입해야 합니다.",KEEP,"법적 의무 절차 강조 — ""반드시"" 사용 적절. 단 법률 내용 정확성 별도 확인 필요.",,2026-08-18
2026-08-07-cost-auto-efcd2f,https://honsamnote.co.kr/blog/2026-08-07-cost-auto-efcd2f/,cost,"혼자 사는 직장인, 사랑하는 반려동물 병원비 폭탄 걱정된다면? 펫보험 vs 예방 관리, 내게 맞는 최적의 선택은?",반드시,1,*   **기존 질병 여부:** 이미 앓고 있는 질병이나 약물 복용 이력이 있다면 보험 가입 시 제한이 될 수 있으니 반드시 확인합니다.,KEEP,"법적 의무 절차 강조 — ""반드시"" 사용 적절. 단 법률 내용 정확성 별도 확인 필요.",,2026-08-18
2026-08-07-cost-auto-efcd2f,https://honsamnote.co.kr/blog/2026-08-07-cost-auto-efcd2f/,cost,"혼자 사는 직장인, 사랑하는 반려동물 병원비 폭탄 걱정된다면? 펫보험 vs 예방 관리, 내게 맞는 최적의 선택은?",무조건,2,"무조건적인 보험 가입보다는 우리 아이에게 정말 필요한 보장이 무엇인지, 그리고 나의 재정적 여력이 얼마나 되는지를 따져보는 것이 중요합니다.",REVIEW,,,2026-08-18
2026-08-07-cost-auto-efcd2f,https://honsamnote.co.kr/blog/2026-08-07-cost-auto-efcd2f/,cost,"혼자 사는 직장인, 사랑하는 반려동물 병원비 폭탄 걱정된다면? 펫보험 vs 예방 관리, 내게 맞는 최적의 선택은?",100%,1,"*   **'보험료=만능'이라는 생각 금지:** 펫보험은 보장 한도와 자기부담금이 존재하며, 모든 질병을 100% 보장해주지 않습니다.",SOFTEN,,"""100%"" 표현 — 절대적 보장 불가. ""크게 줄일 수 있습니다"" 또는 ""효과가 있을 수 있습니다"" 수준으로 완화 권고.",2026-08-18
2026-08-07-housing-auto-0bc6a2,https://honsamnote.co.kr/blog/2026-08-07-housing-auto-0bc6a2/,housing,"혼자 사는 직장인, 좁은 집 짐 처치 곤란? 셀프 스토리지 vs 비우기, 내 돈 아끼는 현명한 선택 가이드",반드시,2,"(직접 운반 시)
*   **주의사항:**
    *   **보험 여부 확인:** 귀중품을 보관할 경우, 업체에서 제공하는 보험이 있는지, 있다면 보상 범위가 어디까지인지 반드시 확인하세요.",KEEP,"법적 의무 절차 강조 — ""반드시"" 사용 적절. 단 법률 내용 정확성 별도 확인 필요.",,2026-08-18
2026-08-07-housing-auto-0bc6a2,https://honsamnote.co.kr/blog/2026-08-07-housing-auto-0bc6a2/,housing,"혼자 사는 직장인, 좁은 집 짐 처치 곤란? 셀프 스토리지 vs 비우기, 내 돈 아끼는 현명한 선택 가이드",무조건,1,*   **무조건 저렴한 스토리지 선택:** 보관 비용만 보고 보안이나 온습도 관리가 제대로 되지 않는 곳을 선택하면 짐이 훼손되거나 도난당할 위험이 있습니다.,REVIEW,,,2026-08-18
2026-08-07-safety-auto-7d0e1d,https://honsamnote.co.kr/blog/2026-08-07-safety-auto-7d0e1d/,safety,"혼자 사는 당신, 쓰러지거나 의식 없을 때: 스마트 비상 연락 시스템 vs. 비상 키 공유, 어떤 대비책이 나에게 맞을까?",반드시,1,"(예: 1차 연락 담당, 2차 연락 담당 등)
*   **작동 테스트:** 설치 후 반드시 주기적으로 작동 테스트를 하여 문제가 없는지 확인합니다.",REVIEW,,,2026-08-18
2026-08-07-safety-auto-7d0e1d,https://honsamnote.co.kr/blog/2026-08-07-safety-auto-7d0e1d/,safety,"혼자 사는 당신, 쓰러지거나 의식 없을 때: 스마트 비상 연락 시스템 vs. 비상 키 공유, 어떤 대비책이 나에게 맞을까?",절대,1,"*   **절대 피해야 할 방식:** 현관문 위, 화분 밑, 신발장 안 등 외부에 쉽게 노출되는 곳에 숨겨두는 것은 절대 피해야 합니다.",REVIEW,,,2026-08-18
2026-08-08-cost-auto-770f4a,https://honsamnote.co.kr/blog/2026-08-08-cost-auto-770f4a/,cost,"혼자 사는 직장인, 답답한 실내 공기, 어떻게 관리해야 할까? 공기청정기 vs 제습기 vs 환기, 내게 맞는 최적의 선택은?",절대,1,"이 셋은 각각 다른 역할을 하므로, 어느 하나가 절대적으로 우위에 있다고 할 수 없습니다.",REVIEW,,,2026-08-18
2026-08-08-cost-auto-770f4a,https://honsamnote.co.kr/blog/2026-08-08-cost-auto-770f4a/,cost,"혼자 사는 직장인, 답답한 실내 공기, 어떻게 관리해야 할까? 공기청정기 vs 제습기 vs 환기, 내게 맞는 최적의 선택은?",무조건,3,"**3단계: '나에게 맞는 최적의 조합' 결정하기**
1인 가구는 공간과 예산이 한정적이므로 무조건 다 갖추기보다 효율적인 조합이 중요합니다.",REVIEW,,,2026-08-18
2026-08-08-cost-auto-770f4a,https://honsamnote.co.kr/blog/2026-08-08-cost-auto-770f4a/,cost,"혼자 사는 직장인, 답답한 실내 공기, 어떻게 관리해야 할까? 공기청정기 vs 제습기 vs 환기, 내게 맞는 최적의 선택은?",완벽하게,1,"이렇게 하면 오히려 악화됩니다

*   **환기 없이 공기청정기만 믿기:** 공기청정기는 미세먼지를 제거하지만, 이산화탄소 농도나 특정 유해 가스(새집증후군 유발 물질 등)를 완벽하게 제거하지 못합니다.",SOFTEN,,"""완벽하게"" 표현 — 절대적 보장 불가. ""크게 줄일 수 있습니다"" 또는 ""효과가 있을 수 있습니다"" 수준으로 완화 권고.",2026-08-18
2026-08-08-safety-auto-2186aa,https://honsamnote.co.kr/blog/2026-08-08-safety-auto-2186aa/,safety,"혼자 사는 당신, 응급상황 시 내 몸이 말 못 할 때? 비상 의료 정보 카드 vs. 스마트폰 응급 ID, 어떤 대비가 나에게 맞을까?",반드시,2,*   **아이폰 (iPhone):** '건강' 앱 실행 → 우측 상단 프로필 사진 클릭 → '의료 정보' 선택 → '편집'을 눌러 정보를 입력하고 '잠겨 있을 때 보기'를 반드시 활성화합니다.,REVIEW,,,2026-08-18
2026-08-08-safety-auto-2186aa,https://honsamnote.co.kr/blog/2026-08-08-safety-auto-2186aa/,safety,"혼자 사는 당신, 응급상황 시 내 몸이 말 못 할 때? 비상 의료 정보 카드 vs. 스마트폰 응급 ID, 어떤 대비가 나에게 맞을까?",가장안전,1,*   **복합 사용의 이점:** 카드/팔찌와 스마트폰 응급 ID를 함께 사용하는 것이 가장 안전하고 확실한 방법입니다.,REVIEW,,,2026-08-18
2026-08-08-safety-auto-985515,https://honsamnote.co.kr/blog/2026-08-08-safety-auto-985515/,safety,혼자 사는 집 누수 방법｜아파트 누수,반드시,2,"누수 지점 주변의 콘센트, 조명 등 전기가 흐르는 곳은 반드시 두꺼비집(차단기)을 내려 전원을 차단하세요.",KEEP,안전 지침 문맥 — 강한 지시 표현이 적절. 사용자 보호에 필요.,,2026-08-18
2026-08-08-safety-auto-985515,https://honsamnote.co.kr/blog/2026-08-08-safety-auto-985515/,safety,혼자 사는 집 누수 방법｜아파트 누수,절대,1,"*   **주의사항**:
    *   **감전 위험**: 절대 물이 새는 곳 주변의 전기 시설을 맨손으로 만지거나, 전원을 차단하지 않은 채 접근하지 마세요.",KEEP,안전 지침 문맥 — 강한 지시 표현이 적절. 사용자 보호에 필요.,,2026-08-18
2026-08-08-safety-auto-be207d,https://honsamnote.co.kr/blog/2026-08-08-safety-auto-be207d/,safety,"혼자 사는 당신, 집에서 원인 모를 이상한 냄새가 날 때: 위험 신호인지, 단순한 문제인지 판단하고 안전하게 대처하는 법",절대,2,"*   **주의사항:**
    *   **절대 당황하지 마세요:** 혼자일수록 냉정함을 유지하고 위 해결 순서를 따르는 것이 중요합니다.",REVIEW,,,2026-08-18
2026-08-08-safety-auto-be207d,https://honsamnote.co.kr/blog/2026-08-08-safety-auto-be207d/,safety,"혼자 사는 당신, 집에서 원인 모를 이상한 냄새가 날 때: 위험 신호인지, 단순한 문제인지 판단하고 안전하게 대처하는 법",완전히,1,"원인과 판단 기준
집에서 나는 이상한 냄새는 생각보다 다양한 원인이 있을 수 있으며, 어떤 냄새냐에 따라 대처법이 완전히 달라집니다.",SOFTEN,,"""완전히 제거""→""냄새를 크게 줄일 수 있으며""",2026-08-18
2026-08-08-safety-auto-be207d,https://honsamnote.co.kr/blog/2026-08-08-safety-auto-be207d/,safety,"혼자 사는 당신, 집에서 원인 모를 이상한 냄새가 날 때: 위험 신호인지, 단순한 문제인지 판단하고 안전하게 대처하는 법",가장안전,1,*   **안전이 최우선:** 원인 불명의 강한 냄새나 몸에 이상 증상이 있다면 일단 집 밖으로 대피하는 것이 가장 안전합니다.,KEEP,안전 지침 문맥 — 강한 지시 표현이 적절. 사용자 보호에 필요.,,2026-08-18
2026-08-08-safety-auto-fcd8d6,https://honsamnote.co.kr/blog/2026-08-08-safety-auto-fcd8d6/,safety,1인가구 응급상황 비용 정리｜늦은 밤 병원,반드시,1,"*   **병원에 전화 확인:** 방문 전 반드시 전화하여 현재 진료가 가능한지, 나의 증상에 대해 진료를 받을 수 있는지 확인하는 것이 좋습니다.",REVIEW,,,2026-08-18
2026-08-08-safety-auto-fcd8d6,https://honsamnote.co.kr/blog/2026-08-08-safety-auto-fcd8d6/,safety,1인가구 응급상황 비용 정리｜늦은 밤 병원,절대,2,"3단계: 이동 수단 결정하기
*   **자차 운전은 신중하게:** 어지럽거나 통증이 심한 경우, 졸음이 오는 경우 등 운전에 집중하기 어려운 상황이라면 절대 운전하지 마세요.",REVIEW,,,2026-08-18
2026-08-09-cost-auto-80b3c9,https://honsamnote.co.kr/blog/2026-08-09-cost-auto-80b3c9/,cost,"혼자 사는 직장인, 매주 장보기 귀찮고 음식물 쓰레기 걱정된다면? 식료품 정기배송 vs 직접 장보기, 내게 맞는 최적의 선택은?",무조건,2,"어떤 방법이 무조건 좋다고 단정하기보다, 나의 현재 상황과 습관을 먼저 분석하고 각 방법의 장단점을 명확히 이해하여 '나에게 맞는' 최적의 선택을 내리는 것이 중요합니다.",REVIEW,,,2026-08-18
2026-08-09-cost-auto-80b3c9,https://honsamnote.co.kr/blog/2026-08-09-cost-auto-80b3c9/,cost,"혼자 사는 직장인, 매주 장보기 귀찮고 음식물 쓰레기 걱정된다면? 식료품 정기배송 vs 직접 장보기, 내게 맞는 최적의 선택은?",100%,1,*   **선택의 제약:** 구성 품목을 내가 원하는 대로 100% 고르기 어려울 수 있습니다.,SOFTEN,,"""100%"" 표현 — 절대적 보장 불가. ""크게 줄일 수 있습니다"" 또는 ""효과가 있을 수 있습니다"" 수준으로 완화 권고.",2026-08-18
2026-08-11-cost-auto-bf7238,https://honsamnote.co.kr/blog/2026-08-11-cost-auto-bf7238/,cost,"혼자 사는 직장인, '오늘 뭐 먹지?' 고민에 매번 지갑 열린다면? 식비 확 줄이는 1인 가구 맞춤 식단 계획법",무조건,1,"*   **너무 타이트한 식비 예산 설정:** '무조건 한 달 식비 10만원!' 같은 비현실적인 목표를 세우면, 먹고 싶은 것을 참다가 스트레스가 극에 달해 결국 폭식이나 비싼 외식으로 이어질 수 있습니다.",REVIEW,,,2026-08-18
2026-08-11-cost-auto-bf7238,https://honsamnote.co.kr/blog/2026-08-11-cost-auto-bf7238/,cost,"혼자 사는 직장인, '오늘 뭐 먹지?' 고민에 매번 지갑 열린다면? 식비 확 줄이는 1인 가구 맞춤 식단 계획법",100%,1,"**주의사항:**
*   **완벽주의는 금물:** 식단 계획을 100% 지키지 못해도 괜찮습니다.",SOFTEN,,"""100%"" 표현 — 절대적 보장 불가. ""크게 줄일 수 있습니다"" 또는 ""효과가 있을 수 있습니다"" 수준으로 완화 권고.",2026-08-18
2026-08-11-cost-auto-bf7238,https://honsamnote.co.kr/blog/2026-08-11-cost-auto-bf7238/,cost,"혼자 사는 직장인, '오늘 뭐 먹지?' 고민에 매번 지갑 열린다면? 식비 확 줄이는 1인 가구 맞춤 식단 계획법",완벽하게,1,"먼저 확인할 결론
혼자 사는 직장인의 식비 고민을 해결하고 싶다면, **'미리 주 단위 식단 계획'을 세우는 것이 핵심입니다.** 단, 완벽하게 짜여진 식단표를 지키려 하기보다, 본인의 라이프스타일과 요리 역량을 고려한 **'현실적인 유연성'**이 중요합니다.",SOFTEN,,"""완벽하게"" 표현 — 절대적 보장 불가. ""크게 줄일 수 있습니다"" 또는 ""효과가 있을 수 있습니다"" 수준으로 완화 권고.",2026-08-18
2026-08-11-cost-auto-ff0274,https://honsamnote.co.kr/blog/2026-08-11-cost-auto-ff0274/,cost,"혼자 사는 직장인, 매번 휴지·키친타월 살 때마다 후회된다면? 대용량 vs 소량, 현명한 선택 가이드",반드시,1,*   **배송비/운반 비용 고려:** 온라인 구매 시 무료배송 기준과 배송비를 반드시 확인하세요.,REVIEW,,,2026-08-18
2026-08-11-cost-auto-ff0274,https://honsamnote.co.kr/blog/2026-08-11-cost-auto-ff0274/,cost,"혼자 사는 직장인, 매번 휴지·키친타월 살 때마다 후회된다면? 대용량 vs 소량, 현명한 선택 가이드",무조건,2,"무조건 대용량이 저렴하다는 생각은 착각일 수 있으며, 오히려 소량 구매가 합리적일 때도 있습니다.",REVIEW,,,2026-08-18
2026-08-11-safety-auto-d99e57,https://honsamnote.co.kr/blog/2026-08-11-safety-auto-d99e57/,safety,"혼자 사는 당신, 갑자기 일부 전등이 나가거나 특정 콘센트가 작동 안 할 때: 당황하지 않고 안전하게 원인 파악 및 해결하는 현실적인 방법",반드시,1,이런 경우 반드시 전문가의 진단을 받아야 합니다.,REVIEW,,,2026-08-18
2026-08-11-safety-auto-d99e57,https://honsamnote.co.kr/blog/2026-08-11-safety-auto-d99e57/,safety,"혼자 사는 당신, 갑자기 일부 전등이 나가거나 특정 콘센트가 작동 안 할 때: 당황하지 않고 안전하게 원인 파악 및 해결하는 현실적인 방법",절대,3,"1단계: 안전 확보 및 문제 구역 확인
*   **감전 위험 차단:** 가장 먼저 젖은 손으로는 절대 전기 관련 기기나 차단기를 만지지 마세요.",KEEP,안전 지침 문맥 — 강한 지시 표현이 적절. 사용자 보호에 필요.,,2026-08-18
2026-08-11-safety-auto-d99e57,https://honsamnote.co.kr/blog/2026-08-11-safety-auto-d99e57/,safety,"혼자 사는 당신, 갑자기 일부 전등이 나가거나 특정 콘센트가 작동 안 할 때: 당황하지 않고 안전하게 원인 파악 및 해결하는 현실적인 방법",완전히,5,"전기가 끊겼다고 무턱대고 만지지 말고, 전원을 완전히 차단한 후 침착하게 원인을 파악하는 것이 우선입니다.",KEEP,안전 지침 문맥 — 강한 지시 표현이 적절. 사용자 보호에 필요.,,2026-08-18
2026-08-12-housing-auto-f420ec,https://honsamnote.co.kr/blog/2026-08-12-housing-auto-f420ec/,housing,"혼자 사는 직장인, 집주인이 몰래 문 따고 들어왔다면? 내 사생활과 보증금 지키는 똑똑한 대처법",반드시,2,"다만, 이는 임대인의 재산에 대한 변형이므로, 반드시 **집주인과 미리 협의**하고 동의를 받아야 합니다.",REVIEW,,,2026-08-18
2026-08-12-housing-auto-f420ec,https://honsamnote.co.kr/blog/2026-08-12-housing-auto-f420ec/,housing,"혼자 사는 직장인, 집주인이 몰래 문 따고 들어왔다면? 내 사생활과 보증금 지키는 똑똑한 대처법",절대,1,앞으로는 제 허락 없이 절대 들어오지 말아 주십시오.'와 같이 구체적이고 단호한 메시지를 전달합니다.,REVIEW,,,2026-08-18
2026-08-12-safety-auto-15ca61,https://honsamnote.co.kr/blog/2026-08-12-safety-auto-15ca61/,safety,"혼자 사는 당신, 갑자기 정전될 때? 배터리식 비상등 vs. 충전식 자가발전/태양광 비상등, 나에게 맞는 안전 선택은?",반드시,2,"특히 촛불은 주변 가연성 물질과 떨어뜨려 놓고, 잠깐이라도 자리를 비울 때는 반드시 끄세요.",REVIEW,,,2026-08-18
2026-08-12-safety-auto-15ca61,https://honsamnote.co.kr/blog/2026-08-12-safety-auto-15ca61/,safety,"혼자 사는 당신, 갑자기 정전될 때? 배터리식 비상등 vs. 충전식 자가발전/태양광 비상등, 나에게 맞는 안전 선택은?",절대,1,촛불은 절대 켜둔 채 자리를 비우지 마세요.,REVIEW,,,2026-08-18
2026-08-13-cost-auto-b1e536,https://honsamnote.co.kr/blog/2026-08-13-cost-auto-b1e536/,cost,1인 가구 공구 비교｜멀티 공구 세트,반드시,1,*   **주의사항:** 공구 사용 시 안전 수칙을 반드시 숙지해야 합니다.,REVIEW,,,2026-08-18
2026-08-13-cost-auto-b1e536,https://honsamnote.co.kr/blog/2026-08-13-cost-auto-b1e536/,cost,1인 가구 공구 비교｜멀티 공구 세트,무조건,1,무조건 '소유'하거나 '맡기는' 것보다 자신의 라이프스타일에 맞춰 최적의 방법을 찾는 것이 중요합니다.,REVIEW,,,2026-08-18
2026-08-13-cost-auto-b1e536,https://honsamnote.co.kr/blog/2026-08-13-cost-auto-b1e536/,cost,1인 가구 공구 비교｜멀티 공구 세트,즉시해결,1,"*   **언제든 갑작스러운 상황에 대비하고 싶은 사람:** 밤늦게 전등을 갈아야 하거나 갑자기 나사가 풀려 수리가 필요할 때, 즉시 해결할 수 있는 환경을 선호한다면 좋습니다.",REVIEW,,,2026-08-18
2026-08-13-housing-auto-5aa38a,https://honsamnote.co.kr/blog/2026-08-13-housing-auto-5aa38a/,housing,"혼자 사는 직장인, 택배 분실·도난 걱정으로 스트레스받지 마세요! 우리 집 현관 앞 택배 100% 안전하게 받는 현실적인 방법",가장안전,3,"**솔루션 1: 관리사무소/경비실 적극 활용 (아파트, 관리동 있는 오피스텔 거주 시)**
*   **가장 안전하고 확실한 방법입니다.** 관리사무소나 경비실에 미리 택배 수령에 대한 규정을 확인하고, 택배 기사님들에게도 이곳으로 맡겨달라는 요청사항을 설정해 둡니다.",REVIEW,,,2026-08-18
2026-08-13-safety-auto-dcd18d,https://honsamnote.co.kr/blog/2026-08-13-safety-auto-dcd18d/,safety,"혼자 사는 당신, 비상식량·비상용 물, 어떻게 준비해야 할까? 시판 비상식량 키트 vs. DIY 식료품 로테이션, 나에게 맞는 안전 선택은?",반드시,3,"**유통기한 확인:** 구매 전 반드시 유통기한을 확인하고, 가능한 한 긴 유통기한의 제품을 선택합니다.",REVIEW,,,2026-08-18
2026-07-29-cost-1,https://honsamnote.co.kr/blog/2026-07-29-cost-1/,cost,"월급날 한숨만? 1인 가구 직장인의 한 달 고정비, 이대로 따라 하면 무조건 줄어듭니다",절대,1,"3단계: 똑똑하게 따지고 더 싸게 이용하기 (필수 고정비 최적화)
절대 줄일 수 없는 필수 고정비라고 해서 손 놓을 필요는 없습니다.",REVIEW,,,2026-08-18
2026-07-29-cost-1,https://honsamnote.co.kr/blog/2026-07-29-cost-1/,cost,"월급날 한숨만? 1인 가구 직장인의 한 달 고정비, 이대로 따라 하면 무조건 줄어듭니다",확실히,1,"먼저 확인할 결론
매달 나가는 고정비를 확실히 줄이고 싶다면, 단 3단계만 기억하고 실천하세요.",REVIEW,,,2026-08-18
2026-07-30-housing-49,https://honsamnote.co.kr/blog/2026-07-30-housing-49/,housing,퇴실청소 분쟁 체크리스트｜원상복구 의무,반드시,2,"특히 '퇴실 시 전문 청소 의무', '특정 부분 원상복구' 등 특약이 있는지 반드시 확인해야 합니다.",SOFTEN,,"""반드시"" 삭제 또는 ""권장합니다""로 완화",2026-08-18
2026-07-30-safety-34,https://honsamnote.co.kr/blog/2026-07-30-safety-34/,safety,"혼자 사는 내가 갑자기 아플 때, 응급실 가기 전 챙길 물건 최소화 리스트",반드시,1,"**필수품 챙기기 (최소화):**
    *   **신분증:** 건강보험 적용을 위해 반드시 필요하며, 본인 확인에도 사용됩니다.",KEEP,"법적 의무 절차 강조 — ""반드시"" 사용 적절. 단 법률 내용 정확성 별도 확인 필요.",,2026-08-18
2026-07-30-safety-34,https://honsamnote.co.kr/blog/2026-07-30-safety-34/,safety,"혼자 사는 내가 갑자기 아플 때, 응급실 가기 전 챙길 물건 최소화 리스트",무조건,1,"단순히 열이 나거나 배가 아프다고 무조건 응급실로 달려가는 것은 불필요한 비용을 발생시키고, 정작 위급한 환자에게 돌아갈 의료 자원을 낭비하는 일입니다.",REVIEW,,,2026-08-18
2026-07-30-safety-41,https://honsamnote.co.kr/blog/2026-07-30-safety-41/,safety,"혼자 사는 당신이 아프거나 연락 안 될 때: 위기 상황 대비 비상연락망, 이렇게 만드세요!",반드시,2,"**개인 정보 보호:** 핵심 비상 연락인에게 집 비밀번호나 민감한 건강 정보를 공유할 때는 반드시 신뢰를 바탕으로 최소한의 정보만 공유하고, 오용될 여지는 없는지 신중하게 판단해야 합니다.",REVIEW,,,2026-08-18
2026-08-01-cost-auto-0d71f8,https://honsamnote.co.kr/blog/2026-08-01-cost-auto-0d71f8/,cost,"혼자 사는 직장인, 배달 앱 유료 멤버십, 나에게 진짜 이득일까? 손익분기점 계산해 후회 없이 결정하는 법",반드시,2,"현재 제공되는 대표적인 유료 멤버십은 다음과 같습니다 (정확한 명칭과 혜택은 변동될 수 있으므로, 반드시 각 앱에서 최신 정보를 확인하세요).",REVIEW,,,2026-08-18
2026-08-01-cost-auto-e9d2d3,https://honsamnote.co.kr/blog/2026-08-01-cost-auto-e9d2d3/,cost,"혼자 사는 직장인, 새집 꾸밀 가전·가구, 사야 할까? 빌려야 할까? 후회 없는 결정 가이드",반드시,2,"**렌탈 서비스의 세부 조건 및 관리 범위 확인하기**:
    *   렌탈 계약 전, **의무 사용 기간**과 **중도 해지 위약금 규정**을 반드시 확인하세요.",KEEP,"법적 의무 절차 강조 — ""반드시"" 사용 적절. 단 법률 내용 정확성 별도 확인 필요.",,2026-08-18
2026-08-01-cost-auto-f9f9ca,https://honsamnote.co.kr/blog/2026-08-01-cost-auto-f9f9ca/,cost,"혼자 사는 직장인, 냉장고 속 음식물 쓰레기 없이 식비 절반으로 줄이는 3단계 장보기 & 보관 전략",반드시,2,냉동 보관 시에는 반드시 구매일(또는 냉동 보관 시작일)을 라벨링하여 부착하세요.,REVIEW,,,2026-08-18
2026-08-01-safety-auto-1a5c71,https://honsamnote.co.kr/blog/2026-08-01-safety-auto-1a5c71/,safety,"혼자 사는 당신, 늦은 밤 현관문 비밀번호를 잊었거나 열쇠를 잃어버렸을 때 대처법",반드시,2,예상치 못한 파손이 발생했거나 추가 비용을 요구한다면 반드시 이유를 정확히 확인하고 이해한 후 결정하세요.,REVIEW,,,2026-08-18
2026-08-01-safety-auto-1a5c71,https://honsamnote.co.kr/blog/2026-08-01-safety-auto-1a5c71/,safety,"혼자 사는 당신, 늦은 밤 현관문 비밀번호를 잊었거나 열쇠를 잃어버렸을 때 대처법",완전히,1,"*   **문이 완전히 닫히지 않아 잠긴 경우 (내부 잠금):** 문이 덜 닫힌 상태에서 잠금장치가 작동했거나, 내부에서 문을 잠그고 나갔을 때 발생합니다.",REVIEW,,,2026-08-18
2026-08-03-safety-auto-75476d,https://honsamnote.co.kr/blog/2026-08-03-safety-auto-75476d/,safety,1인 가구 지진 방법｜지진 대피 요령,반드시,1,"*   **유언비어에 현혹되지 않기:** 확인되지 않은 정보나 유언비어에 휩쓸리지 말고, 반드시 정부 기관(기상청, 행정안전부)에서 제공하는 공식 정보를 따르세요.",REVIEW,,,2026-08-18
2026-08-03-safety-auto-75476d,https://honsamnote.co.kr/blog/2026-08-03-safety-auto-75476d/,safety,1인 가구 지진 방법｜지진 대피 요령,절대,1,"*   **주의사항:**
    *   **엘리베이터 사용 금지:** 지진 발생 시 절대 엘리베이터를 사용하지 마세요.",REVIEW,,,2026-08-18
2026-08-04-housing-auto-e8de0c,https://honsamnote.co.kr/blog/2026-08-04-housing-auto-e8de0c/,housing,"혼자 사는 직장인, 집주인/관리사무소의 갑작스러운 방문 요청, 내 사생활 지키며 똑똑하게 대처하는 법",무조건,3,"먼저 확인할 결론
갑작스러운 방문 요청에 당황하셨다면, **무조건 '네'라고 답하기보다 일단 방문 목적의 정당성을 확인하고, 내 일정과 사생활 보호를 우선시하여 합리적인 방문 일정을 조율하는 것이 중요합니다.** 무조건적인 거부도, 무조건적인 수락도 답이 아닙니다.",REVIEW,,,2026-08-18
2026-08-04-safety-auto-3547d2,https://honsamnote.co.kr/blog/2026-08-04-safety-auto-3547d2/,safety,"혼자 사는 당신, 집에 불이 났을 때? 일반 vs. 스마트 화재경보기, 나에게 맞는 선택은?",반드시,2,제품 설명서에 명시된 권장 설치 높이와 간격을 반드시 준수하세요.,REVIEW,,,2026-08-18
2026-08-05-cost-auto-e4ec33,https://honsamnote.co.kr/blog/2026-08-05-cost-auto-e4ec33/,cost,"혼자 사는 직장인, 매달 쓰레기 봉투값도 아깝다면? 생활 폐기물 비용 줄이고 버리는 스트레스 없애는 법",반드시,1,"*   **주의사항:**
    *   **지자체 규정 준수:** 쓰레기 배출 시간, 요일, 장소 등은 반드시 거주 지역의 규정을 따라야 합니다.",REVIEW,,,2026-08-18
2026-08-05-cost-auto-e4ec33,https://honsamnote.co.kr/blog/2026-08-05-cost-auto-e4ec33/,cost,"혼자 사는 직장인, 매달 쓰레기 봉투값도 아깝다면? 생활 폐기물 비용 줄이고 버리는 스트레스 없애는 법",무조건,1,"이렇게 하면 오히려 악화됩니다

*   **'어차피 똑같겠지' 하며 무조건 큰 봉투 구매:** 쓰레기가 다 차지 않아도 봉투를 묶어 버리게 되면, 결국 돈을 낭비하는 꼴이 됩니다.",REVIEW,,,2026-08-18
2026-08-06-cost-auto-515c77,https://honsamnote.co.kr/blog/2026-08-06-cost-auto-515c77/,cost,"혼자 사는 직장인, 매년 이사 갈 때마다 막막하다면? 직접 vs 전문 이사 서비스, 후회 없는 결정 가이드",반드시,1,"**구체적인 계약서 작성:** 이사 비용, 추가 요금 규정 (사다리차, 에어컨 탈부착 등), 파손 및 분실 보상 규정, 작업 인원, 작업 시간 등을 상세히 명시한 계약서를 반드시 받아야 합니다.",KEEP,"법적 의무 절차 강조 — ""반드시"" 사용 적절. 단 법률 내용 정확성 별도 확인 필요.",,2026-08-18
2026-08-06-cost-auto-515c77,https://honsamnote.co.kr/blog/2026-08-06-cost-auto-515c77/,cost,"혼자 사는 직장인, 매년 이사 갈 때마다 막막하다면? 직접 vs 전문 이사 서비스, 후회 없는 결정 가이드",절대,1,이사 준비에 할애할 물리적인 시간이 절대적으로 부족합니다.,REVIEW,,,2026-08-18
2026-08-06-cost-auto-515c77,https://honsamnote.co.kr/blog/2026-08-06-cost-auto-515c77/,cost,"혼자 사는 직장인, 매년 이사 갈 때마다 막막하다면? 직접 vs 전문 이사 서비스, 후회 없는 결정 가이드",무조건,1,"*   **무조건 가장 저렴한 업체만 고집:** 너무 낮은 견적은 서비스 품질 저하, 이사 당일 추가 요금 요구, 물품 파손 시 불충분한 보상 등으로 이어질 수 있습니다.",REVIEW,,,2026-08-18
2026-08-06-cost-auto-515c77,https://honsamnote.co.kr/blog/2026-08-06-cost-auto-515c77/,cost,"혼자 사는 직장인, 매년 이사 갈 때마다 막막하다면? 직접 vs 전문 이사 서비스, 후회 없는 결정 가이드",확실히,1,"*   **도와줄 든든한 지인이 (확실히!) 있는 경우**: 이사 당일 포장부터 운반, 정리까지 함께 해줄 수 있는 친구나 가족이 있다면 큰 도움이 됩니다.",REVIEW,,,2026-08-18
2026-08-06-cost-auto-cfda8d,https://honsamnote.co.kr/blog/2026-08-06-cost-auto-cfda8d/,cost,"혼자 사는 직장인, 매일 마시는 커피값에 지갑이 텅 빈다면? 홈 카페 vs 외부 구매, 내게 맞는 경제적인 선택은?",절대,1,"**◎ 어떤 사람에게 '외부 구매'가 합리적일까요?**
*   **시간이 절대적으로 부족한 사람:** 아침 출근길에 1분 1초가 아까운 경우, 점심시간 외출이 유일한 휴식인 경우.",REVIEW,,,2026-08-18
2026-08-06-cost-auto-cfda8d,https://honsamnote.co.kr/blog/2026-08-06-cost-auto-cfda8d/,cost,"혼자 사는 직장인, 매일 마시는 커피값에 지갑이 텅 빈다면? 홈 카페 vs 외부 구매, 내게 맞는 경제적인 선택은?",무조건,1,"**지나친 절약으로 인한 스트레스:** '무조건 집에서만 마셔야 해!'라는 강박에 사로잡혀 외부 커피를 완전히 끊어버리면, 오히려 커피 맛에 대한 갈증이나 작은 일탈의 즐거움을 잃어 스트레스로 이어질 수 있습니다.",REVIEW,,,2026-08-18
2026-08-06-cost-auto-cfda8d,https://honsamnote.co.kr/blog/2026-08-06-cost-auto-cfda8d/,cost,"혼자 사는 직장인, 매일 마시는 커피값에 지갑이 텅 빈다면? 홈 카페 vs 외부 구매, 내게 맞는 경제적인 선택은?",완전히,2,"외부 커피를 완전히 끊는 것이 힘들다면, 횟수를 줄이는 것부터 시작하는 겁니다.",REVIEW,,,2026-08-18
2026-08-06-cost-auto-cfda8d,https://honsamnote.co.kr/blog/2026-08-06-cost-auto-cfda8d/,cost,"혼자 사는 직장인, 매일 마시는 커피값에 지갑이 텅 빈다면? 홈 카페 vs 외부 구매, 내게 맞는 경제적인 선택은?",확실히,1,*   **커피 한 잔에 대한 비용 부담을 크게 느끼는 사람:** 월별 지출을 확실히 줄이고 싶은 경우.,REVIEW,,,2026-08-18
2026-08-06-cost-auto-e2088d,https://honsamnote.co.kr/blog/2026-08-06-cost-auto-e2088d/,cost,"혼자 사는 직장인, 냉장고 속 '애매한' 남은 음식물, 버리기 아깝다면? 식비 절약하고 건강까지 챙기는 현명한 처리법",반드시,1,반드시 충분히 식혀서 보관하세요.,REVIEW,,,2026-08-18
2026-08-06-cost-auto-e2088d,https://honsamnote.co.kr/blog/2026-08-06-cost-auto-e2088d/,cost,"혼자 사는 직장인, 냉장고 속 '애매한' 남은 음식물, 버리기 아깝다면? 식비 절약하고 건강까지 챙기는 현명한 처리법",무조건,1,"먼저 확인할 결론
남은 음식물을 무조건 버릴 필요는 없습니다!",REVIEW,,,2026-08-18
2026-08-06-cost-auto-e2088d,https://honsamnote.co.kr/blog/2026-08-06-cost-auto-e2088d/,cost,"혼자 사는 직장인, 냉장고 속 '애매한' 남은 음식물, 버리기 아깝다면? 식비 절약하고 건강까지 챙기는 현명한 처리법",완전히,1,"이렇게 하면 오히려 악화됩니다

*   **'냉장고는 만능 보관함'이라는 착각:** 냉장고도 세균 번식을 늦출 뿐, 완전히 막지 못합니다.",REVIEW,,,2026-08-18
2026-08-06-cost-auto-e8c32b,https://honsamnote.co.kr/blog/2026-08-06-cost-auto-e8c32b/,cost,"혼자 사는 직장인, 예상치 못한 지출에 늘 불안하다면? 나만의 비상금 통장, 어떻게 만들어야 할까?",반드시,1,"5단계: 사용 후에는 반드시 채워 넣기
만약 비상금을 사용했다면, 통장의 잔고를 다시 목표 금액만큼 채워 넣는 것이 중요합니다.",REVIEW,,,2026-08-18
2026-08-06-cost-auto-e8c32b,https://honsamnote.co.kr/blog/2026-08-06-cost-auto-e8c32b/,cost,"혼자 사는 직장인, 예상치 못한 지출에 늘 불안하다면? 나만의 비상금 통장, 어떻게 만들어야 할까?",절대,1,비상 상황이 아니라면 절대 건드리지 않겠다는 원칙을 세워야 합니다.,REVIEW,,,2026-08-18
2026-08-06-housing-auto-1870eb,https://honsamnote.co.kr/blog/2026-08-06-housing-auto-1870eb/,housing,"혼자 사는 직장인, 새 집 어디로 갈까? 빌라 vs 오피스텔 vs 아파트, 시간과 돈 아끼는 현명한 선택 가이드",반드시,2,"*   **주의:** 관리비에 포함되는 항목(인터넷, TV, 수도 등)을 반드시 확인하여 총 지출액을 정확히 계산하세요.",REVIEW,,,2026-08-18
2026-08-06-housing-auto-1a9827,https://honsamnote.co.kr/blog/2026-08-06-housing-auto-1a9827/,housing,"혼자 사는 직장인, 급하게 작은 짐 옮길 때? 카셰어링 탑차 vs 용달 서비스, 내 돈 아끼는 현명한 선택은?",반드시,2,"*   **용달 서비스가 유리한 경우:**
    *   운전이 어렵거나, 짐이 많아 상하차 도움이 반드시 필요한 경우.",REVIEW,,,2026-08-18
2026-08-06-safety-auto-5817e5,https://honsamnote.co.kr/blog/2026-08-06-safety-auto-5817e5/,safety,1인가구 재난대비 체크리스트｜태풍 대비,절대,2,"**재해 발생 시 행동 요령 (재해 발생 중):**
    *   **외출 자제:** 강풍과 호우가 심할 때는 절대 외출하지 마세요.",REVIEW,,,2026-08-18
2026-08-06-safety-auto-a5c266,https://honsamnote.co.kr/blog/2026-08-06-safety-auto-a5c266/,safety,"혼자 사는 당신, 외출 중 갑자기 가스·누수 사고 걱정될 때? 스마트 가스 감지기 vs. 스마트 누수 센서, 나에게 맞는 원격 모니터링은?",100%,1,"**❌ 사지 않아도 되는 경우**
*   **인덕션 등 전기 조리 기구만 사용하고 가스 보일러가 없는 100% 비가스 주택 거주자:** 가스 누출 위험 자체가 없습니다.",SOFTEN,,"""100%"" 표현 — 절대적 보장 불가. ""크게 줄일 수 있습니다"" 또는 ""효과가 있을 수 있습니다"" 수준으로 완화 권고.",2026-08-18
2026-08-06-safety-auto-a5c266,https://honsamnote.co.kr/blog/2026-08-06-safety-auto-a5c266/,safety,"혼자 사는 당신, 외출 중 갑자기 가스·누수 사고 걱정될 때? 스마트 가스 감지기 vs. 스마트 누수 센서, 나에게 맞는 원격 모니터링은?",완벽하게,1,"*   **만능은 아님:** 스마트 감지기는 사고를 '조기에 알려주는' 도구이지, 사고 자체를 '완벽하게 막아주는' 도구는 아닙니다.",SOFTEN,,"""완벽하게"" 표현 — 절대적 보장 불가. ""크게 줄일 수 있습니다"" 또는 ""효과가 있을 수 있습니다"" 수준으로 완화 권고.",2026-08-18
2026-08-06-safety-auto-d2f981,https://honsamnote.co.kr/blog/2026-08-06-safety-auto-d2f981/,safety,"혼자 사는 당신, 늦은 밤 귀갓길 불안할 때? 호신용 경보기 vs. 스마트폰 호신 앱, 나에게 맞는 선택은?",무조건,2,"두 가지 모두 장단점이 명확하기 때문에, 어느 한쪽이 무조건 좋다고 단정할 수는 없습니다.",REVIEW,,,2026-08-18
2026-08-06-safety-auto-ec7c17,https://honsamnote.co.kr/blog/2026-08-06-safety-auto-ec7c17/,safety,"혼자 사는 당신, 겨울철 일산화탄소 걱정된다면? 일반형 vs. 스마트 CO 경보기, 나에게 맞는 안전 선택은?",반드시,2,"4단계: 제품 구매 및 설치
*   **구매 시 고려사항:**
    *   **KC 인증 마크 확인:** 반드시 국내 안전 기준을 통과한 KC 인증 제품을 구매하세요.",REVIEW,,,2026-08-18
2026-08-07-housing-auto-5dd703,https://honsamnote.co.kr/blog/2026-08-07-housing-auto-5dd703/,housing,"혼자 사는 직장인, 갑자기 이사 가야 하는데 다음 세입자 직접 구하라니? 계약 중도 해지 부담 줄이는 현실적인 방법",반드시,2,"*   **안전 문제:** 낯선 사람에게 집을 보여줄 때는 반드시 안전에 유의하고, 귀중품 관리에 신경 써야 합니다.",REVIEW,,,2026-08-18
2026-08-07-safety-auto-0d1c1b,https://honsamnote.co.kr/blog/2026-08-07-safety-auto-0d1c1b/,safety,인터넷 공유기 해킹 방법｜라우터 보안,반드시,1,"반드시 위 해결 순서를 따른 후, 마지막 수단으로 고려하세요.",REVIEW,,,2026-08-18
2026-08-07-safety-auto-0d1c1b,https://honsamnote.co.kr/blog/2026-08-07-safety-auto-0d1c1b/,safety,인터넷 공유기 해킹 방법｜라우터 보안,절대,1,"*   **비밀번호 관리:** 새로 설정한 강력한 비밀번호들은 안전한 곳에 따로 기록해두고, 다른 사람에게 절대 노출되지 않도록 주의해야 합니다.",REVIEW,,,2026-08-18
2026-08-07-safety-auto-22735c,https://honsamnote.co.kr/blog/2026-08-07-safety-auto-22735c/,safety,"혼자 사는 당신, 한밤중 반려동물 응급 상황 발생 시? 24시 동물병원 vs. 방문 진료 앱, 어떤 선택이 더 빠르고 안전할까?",반드시,2,"*   **과장된 정보 주의:** 인터넷 커뮤니티나 블로그의 정보는 참고만 하고, 반드시 전문가인 수의사의 진단을 따르세요.",REVIEW,,,2026-08-18
2026-08-08-cost-auto-123a00,https://honsamnote.co.kr/blog/2026-08-08-cost-auto-123a00/,cost,"혼자 사는 직장인, 매달 새는 통신비 아까울 때! 메이저 vs 알뜰폰, 내게 맞는 후회 없는 선택 가이드",반드시,2,"*   **소액 결제/콘텐츠 이용**: 일부 알뜰폰 통신사는 소액 결제나 구글/애플 앱스토어 결제가 제한될 수 있으니, 평소 자주 이용한다면 가입 전 반드시 확인하세요.",REVIEW,,,2026-08-18
2026-08-08-cost-auto-c1b0b5,https://honsamnote.co.kr/blog/2026-08-08-cost-auto-c1b0b5/,cost,"혼자 사는 직장인, 가끔 차 필요할 때마다 택시비 부담되고 대중교통 불편하다면? 카셰어링 vs 중고차 vs 렌터카, 내게 맞는 최적의 이동 수단 찾는 법",반드시,2,차량 구매 전 반드시 전문가와 동행하여 꼼꼼히 점검해야 합니다.,REVIEW,,,2026-08-18
2026-08-08-housing-auto-4e32dc,https://honsamnote.co.kr/blog/2026-08-08-housing-auto-4e32dc/,housing,"혼자 사는 직장인, 새집 입주 후 예상 못한 숨은 하자 발견! 내 권리 지키며 계약 조정하는 현실 가이드",반드시,2,"*   **협의 내용 서면화:** 어떤 방식으로 문제가 해결될지, 누가 비용을 부담할지, 언제까지 조치를 취할지 등 모든 협의 내용을 반드시 서면(문자, 이메일 등)으로 남겨두세요.",REVIEW,,,2026-08-18
2026-08-08-safety-auto-55b509,https://honsamnote.co.kr/blog/2026-08-08-safety-auto-55b509/,safety,"혼자 사는 당신, 작은 부상에도 덜컥 겁나는 순간: DIY 구급상자 vs. 시판 기성품, 나에게 맞는 선택은?",반드시,2,"**Step 2: 필수 품목 리스트업**
*   **공통 필수품 (DIY든 시판이든 반드시 확인):**
    *   **상처 소독 및 처치:** 소독약(과산화수소, 포비돈 등), 알코올 솜, 멸균 거즈, 밴드(다양한 크기), 면봉, 일회용 장갑.",REVIEW,,,2026-08-18
2026-08-08-safety-auto-71a5f3,https://honsamnote.co.kr/blog/2026-08-08-safety-auto-71a5f3/,safety,"혼자 사는 당신, 빈집털이 걱정될 때? DIY 스마트 보안 시스템 vs. 전문 경비 서비스, 나에게 맞는 선택은?",반드시,1,*   **약정 기간 및 해지 위약금:** 중간에 서비스를 해지할 경우 발생하는 위약금 규정을 반드시 확인하세요.,REVIEW,,,2026-08-18
2026-08-08-safety-auto-71a5f3,https://honsamnote.co.kr/blog/2026-08-08-safety-auto-71a5f3/,safety,"혼자 사는 당신, 빈집털이 걱정될 때? DIY 스마트 보안 시스템 vs. 전문 경비 서비스, 나에게 맞는 선택은?",무조건,1,"*   **정보 확인 없이 무조건 저렴한 것만 선택하는 것:** 전문 경비 서비스의 경우, 최저가만 쫓다가 서비스 품질이 현저히 떨어지거나 불리한 약정 조건에 묶일 수 있습니다.",REVIEW,,,2026-08-18
2026-08-08-safety-auto-9834c4,https://honsamnote.co.kr/blog/2026-08-08-safety-auto-9834c4/,safety,"혼자 사는 당신, 냉장고 속 식재료 유통기한 때문에 고민될 때: 식중독 걱정 없이 안전하게 관리하고 섭취하는 현실적인 방법",반드시,1,"*   **기본 위생 철저:** 식재료를 만지기 전후, 조리 전후에는 반드시 비누로 손을 깨끗이 씻는 습관을 들여야 합니다.",REVIEW,,,2026-08-18
2026-08-08-safety-auto-9834c4,https://honsamnote.co.kr/blog/2026-08-08-safety-auto-9834c4/,safety,"혼자 사는 당신, 냉장고 속 식재료 유통기한 때문에 고민될 때: 식중독 걱정 없이 안전하게 관리하고 섭취하는 현실적인 방법",무조건,1,"2단계: '선입선출' 원칙 적용 및 라벨링 습관화
새로운 식재료를 사 오면 무조건 안쪽으로 밀어 넣는 습관은 버려야 합니다.",REVIEW,,,2026-08-18
2026-08-08-safety-auto-9834c4,https://honsamnote.co.kr/blog/2026-08-08-safety-auto-9834c4/,safety,"혼자 사는 당신, 냉장고 속 식재료 유통기한 때문에 고민될 때: 식중독 걱정 없이 안전하게 관리하고 섭취하는 현실적인 방법",완전히,1,"*   **조리된 반찬:** 완전히 식힌 후 밀폐용기에 담아 냉장 보관하며, 2~3일 내에 섭취합니다.",REVIEW,,,2026-08-18
2026-08-10-safety-auto-e68c91,https://honsamnote.co.kr/blog/2026-08-10-safety-auto-e68c91/,safety,바퀴벌레 방법｜바퀴벌레 퇴치,반드시,1,사용 설명서를 반드시 따르세요.,REVIEW,,,2026-08-18
2026-08-10-safety-auto-e68c91,https://honsamnote.co.kr/blog/2026-08-10-safety-auto-e68c91/,safety,바퀴벌레 방법｜바퀴벌레 퇴치,완전박멸,1,"*   **자가 방역:** 독먹이 효과는 1~2주 후부터 나타나며, 완전 박멸까지는 한 달 이상 꾸준한 관리가 필요할 수 있습니다.",REVIEW,,,2026-08-18
2026-08-13-housing-auto-0fa740,https://honsamnote.co.kr/blog/2026-08-13-housing-auto-0fa740/,housing,"혼자 사는 직장인, 보증금 떼일까 불안하다면? 전월세 보증보험 vs 셀프 대비, 내 돈 지키는 현명한 선택 가이드",반드시,2,"*   **집주인의 재정 상태나 신뢰도를 알기 어려운 경우:** 개인적인 정보 파악이 어렵거나, 빚이 많은 집주인이라면 반드시 가입을 추천합니다.",REVIEW,,,2026-08-18
