post_id,url,category,title,phrases_found,total_occurrences,priority,first_context,review_note
2026-07-30-housing-42,https://honsamnote.co.kr/blog/2026-07-30-housing-42/,housing,"내 첫 원룸 계약, 퇴근 후 15분으로 손해 없이 똑똑하게 확인하는 법",반드시; 절대; 가장 안전,13,HIGH,비용' 이 네 가지 핵심 포인트를 반드시 꼼꼼히 확인하고 기록해야 합니다. 당장의 설렘에 앞서,고위험 카테고리에서 강한 단정 다수 — 근거 없는 표현 수정 검토 필요
2026-07-30-safety-36,https://honsamnote.co.kr/blog/2026-07-30-safety-36/,safety,"혼자 사는 당신, 퇴근 후 집에 들어서자마자 섬뜩한 가스 냄새가 날 때, 이렇게 행동하세요",반드시; 무조건; 절대; 확실히,13,HIGH,"된다면 ""괜찮겠지""라고 넘기지 말고 반드시 다음 해결 순서에 따라 행동해야 합니다. 해결 순서 S",고위험 카테고리에서 강한 단정 다수 — 근거 없는 표현 수정 검토 필요
2026-08-06-housing-auto-5c27e6,https://honsamnote.co.kr/blog/2026-08-06-housing-auto-5c27e6/,housing,"혼자 사는 직장인, 해외 파견/장기 출장 갈 때? 내 원룸 현명하게 단기 임대주고 돈 버는 법",반드시; 100%; 절대; 가장 안전,11,HIGH,분쟁 시 아무런 효력이 없습니다. 반드시 서면으로 명확하게 조건들을 합의하고 집주인의 서명(또는,고위험 카테고리에서 강한 단정 다수 — 근거 없는 표현 수정 검토 필요
2026-08-08-safety-auto-84a0bd,https://honsamnote.co.kr/blog/2026-08-08-safety-auto-84a0bd/,safety,"혼자 사는 당신, 주방이나 보일러실에서 가스 냄새가 희미하게 날 때: 당황하지 않고 안전하게 확인하고 대처하는 현실적인 방법",반드시; 절대; 가장 안전,11,HIGH,언제든 다시 심해질 수 있습니다. 반드시 전문가의 점검을 받아 원인을 해결해야 합니다. 혼자서,고위험 카테고리에서 강한 단정 다수 — 근거 없는 표현 수정 검토 필요
2026-07-30-safety-35,https://honsamnote.co.kr/blog/2026-07-30-safety-35/,safety,"혼자 사는 당신, 늦은 밤 퇴근 후 불안한 현관 보안 이대로 강화하세요",반드시; 무조건,10,HIGH,생활 침해 논란의 소지가 있습니다. 반드시 본인 현관문 앞 공간만 촬영하고， 카메라 설치에 대한,고위험 카테고리에서 강한 단정 다수 — 근거 없는 표현 수정 검토 필요
2026-08-01-safety-auto-835af8,https://honsamnote.co.kr/blog/2026-08-01-safety-auto-835af8/,safety,"혼자 사는 당신, 보일러나 난방기 사용 중 갑자기 어지럽고 메스꺼울 때? 침묵의 살인자 일산화탄소 대처법",반드시; 무조건; 절대,10,HIGH,구를 장시간 사용하거나 요리 후에는 반드시 환기를 시켜 유해 가스 축적을 막아야 합니다. CO 경,고위험 카테고리에서 강한 단정 다수 — 근거 없는 표현 수정 검토 필요
2026-08-10-cost-auto-88aeb7,https://honsamnote.co.kr/blog/2026-08-10-cost-auto-88aeb7/,cost,1인 가구 주방 비교｜전기레인지 추천,반드시,10,HIGH,/전세라면: 빌트인 설치는 집주인과 반드시 상의해야 합니다. 대부분의 경우 휴대용(1구 또는 2구,고위험 카테고리에서 강한 단정 다수 — 근거 없는 표현 수정 검토 필요
2026-07-30-safety-37,https://honsamnote.co.kr/blog/2026-07-30-safety-37/,safety,나 혼자 사는 집에 불이 났다면? 당황하지 않고 대피하는 5단계 행동 수칙,반드시; 무조건; 절대; 가장 안전,9,HIGH,절대 엘리베이터를 이용하지 말고， 반드시 계단을 이용합니다. 밖으로 나가는 길에 다른 사람들을,고위험 카테고리에서 강한 단정 다수 — 근거 없는 표현 수정 검토 필요
2026-07-30-safety-38,https://honsamnote.co.kr/blog/2026-07-30-safety-38/,safety,"퇴근 후 쌓이는 택배 송장, 개인정보 노출 없이 안전하게 버리는 확실한 방법",반드시; 완벽하게; 절대; 완전히 제거,9,HIGH,심각한 범죄로 이어질 수 있으므로， 반드시 완벽하게 파기해야 합니다. 가장 확실하고 효율적인 방법,고위험 카테고리에서 강한 단정 다수 — 근거 없는 표현 수정 검토 필요
2026-08-06-safety-auto-b35351,https://honsamnote.co.kr/blog/2026-08-06-safety-auto-b35351/,safety,방문자 응대 체크리스트｜현관문,반드시; 절대; 가장 안전,9,HIGH,처는 위조되었을 가능성이 있습니다. 반드시 공식적인 경로로 확인해야 합니다. 택배나 배달 기사라고,고위험 카테고리에서 강한 단정 다수 — 근거 없는 표현 수정 검토 필요
2026-08-07-safety-auto-6b24c5,https://honsamnote.co.kr/blog/2026-08-07-safety-auto-6b24c5/,safety,"혼자 사는 당신, 새 집 이사 직후 '이것' 안 하면 위험! 도어락 비밀번호와 열쇠 관리 안전 가이드",반드시; 절대,9,HIGH,다른 어떤 일보다 도어락 비밀번호는 반드시 즉시 변경하고， 기존 열쇠는 모두 회수하거나 필요하다면,고위험 카테고리에서 강한 단정 다수 — 근거 없는 표현 수정 검토 필요
2026-08-12-safety-auto-020b2f,https://honsamnote.co.kr/blog/2026-08-12-safety-auto-020b2f/,safety,배수구 냄새 제거 방법｜싱크대 악취,반드시; 절대; 확실히,9,HIGH,는 제품을 선택합니다. 사용 방법: 반드시 제품 설명서에 따라 사용합니다. 보통 일정량을 배수구에,고위험 카테고리에서 강한 단정 다수 — 근거 없는 표현 수정 검토 필요
2026-07-30-cost-80,https://honsamnote.co.kr/blog/2026-07-30-cost-80/,cost,알뜰폰 비교｜통신 3사,반드시; 무조건,8,HIGH,한도 상향 등 특정 부가 서비스가 반드시 필요한 분 문제 발생 시 빠르고 편리한 고객센터 응대나,고위험 카테고리에서 강한 단정 다수 — 근거 없는 표현 수정 검토 필요
2026-08-01-cost-auto-aa6f9d,https://honsamnote.co.kr/blog/2026-08-01-cost-auto-aa6f9d/,cost,"혼자 사는 직장인, 큰돈 드는 가전·가구! 새것 vs 중고 vs 렌탈, 내게 맞는 선택 기준 3가지",반드시; 무조건; 가장 안전,8,HIGH,상태를 직접 확인하고 작동 여부를 반드시 점검하세요. 운반/설치 비용도 고려해야 합니다. 렌탈,고위험 카테고리에서 강한 단정 다수 — 근거 없는 표현 수정 검토 필요
2026-08-01-housing-auto-abec0f,https://honsamnote.co.kr/blog/2026-08-01-housing-auto-abec0f/,housing,"내 첫 전월세 계약 만료, 집주인 무리한 요구에 당황? 계약갱신청구권으로 당당하게 대처하는 법",반드시; 무조건; 절대,8,HIGH,거가 없어서 불리해질 수 있습니다. 반드시 증거를 남길 수 있는 방법(문자 메시지， 카카오톡， 이,고위험 카테고리에서 강한 단정 다수 — 근거 없는 표현 수정 검토 필요
2026-08-03-housing-auto-e4e5c4,https://honsamnote.co.kr/blog/2026-08-03-housing-auto-e4e5c4/,housing,"혼자 사는 직장인, 이사 전 빈집 점검 소홀하면 보증금 날릴 수도! 꼼꼼하게 현장 확인하는 순서",반드시; 무조건; 절대,8,HIGH,으로 꼼꼼히 기록 문제점을 발견하면 반드시 사진을 찍고， 가능하면 동영상으로도 촬영하세요. 동영상,고위험 카테고리에서 강한 단정 다수 — 근거 없는 표현 수정 검토 필요
2026-08-05-safety-auto-d98bca,https://honsamnote.co.kr/blog/2026-08-05-safety-auto-d98bca/,safety,"혼자 사는 당신, 늦은 밤 갑자기 두꺼비집이 내려가거나 콘센트에서 스파크가 튈 때: 당황하지 않고 안전하게 확인하고 대처하는 법",반드시; 절대,8,HIGH,주의사항: 절연 장비: 작업 시에는 반드시 마른 고무장갑 등을 착용하여 감전 위험을 줄이세요. 무,고위험 카테고리에서 강한 단정 다수 — 근거 없는 표현 수정 검토 필요
2026-08-07-cost-auto-0c25d9,https://honsamnote.co.kr/blog/2026-08-07-cost-auto-0c25d9/,cost,"혼자 사는 직장인, 매달 알게 모르게 새는 퍼스널 케어 비용! 나에게 딱 맞는 '스마트 지출'로 피부도 지갑도 지키는 법",반드시; 무조건,8,HIGH,는 것이 중요합니다. 새로운 제품은 반드시 샘플이나 소용량으로 테스트해보세요. 해결 순서 이제 실,고위험 카테고리에서 강한 단정 다수 — 근거 없는 표현 수정 검토 필요
2026-08-13-cost-auto-590148,https://honsamnote.co.kr/blog/2026-08-13-cost-auto-590148/,cost,1인 가구 구독 서비스 비용 정리｜디지털 구독료 절약,반드시; 무조건; 확실히,8,HIGH,해지: 다음 결제일이 도래하기 전에 반드시 해지해야 추가 과금을 막을 수 있습니다. 환불 규정 확,고위험 카테고리에서 강한 단정 다수 — 근거 없는 표현 수정 검토 필요
2026-08-13-safety-auto-6b585a,https://honsamnote.co.kr/blog/2026-08-13-safety-auto-6b585a/,safety,1인 가구 이웃 소음 기준｜밤늦은 소리,절대,8,HIGH,물 파손， 도움 요청)라고 판단되면 절대 직접 찾아가지 말고 즉시 112에 신고하세요. 단순 소,고위험 카테고리에서 강한 단정 다수 — 근거 없는 표현 수정 검토 필요
2026-08-01-housing-auto-ecfb76,https://honsamnote.co.kr/blog/2026-08-01-housing-auto-ecfb76/,housing,"혼자 사는 직장인, 갑자기 이사 가야 할 때? 전월세 계약 중도 해지, 손해 최소화하는 현명한 대처법",반드시; 절대; 확실히,7,HIGH,임대인에게 알리세요. 전화 통화 후 반드시 문자 메시지나 이메일 등 기록이 남는 방법으로 다시 한,고위험 카테고리에서 강한 단정 다수 — 근거 없는 표현 수정 검토 필요
2026-08-01-safety-auto-a71046,https://honsamnote.co.kr/blog/2026-08-01-safety-auto-a71046/,safety,"혼자 사는 당신, 늦은 밤 집 문 앞에서 열쇠를 잃어버렸을 때 안전하게 귀가하고 문을 여는 방법",반드시; 절대; 가장 안전,7,HIGH,간이라 미안하더라도 안전 문제이므로 반드시 연락해 도움을 요청하세요. 만약 시설물 고장(도어록 자,고위험 카테고리에서 강한 단정 다수 — 근거 없는 표현 수정 검토 필요
2026-08-04-housing-auto-cbaa3c,https://honsamnote.co.kr/blog/2026-08-04-housing-auto-cbaa3c/,housing,"혼자 사는 직장인, 첫 집 계약 전세 vs 월세? 내 돈 아끼는 현명한 선택 가이드",반드시; 무조건,7,HIGH,금 반환보증보험: 전세를 선택한다면 반드시 전세금 반환보증보험 가입을 검토해야 합니다. 주택도시보,고위험 카테고리에서 강한 단정 다수 — 근거 없는 표현 수정 검토 필요
2026-08-05-housing-auto-f0090f,https://honsamnote.co.kr/blog/2026-08-05-housing-auto-f0090f/,housing,"혼자 사는 직장인, 다음 집 어디로 갈까? 퇴근 후 짬 내서 내게 맞는 전월세집 똑똑하게 찾는 순서",반드시; 절대,7,HIGH,하여 시간을 절약하고， 계약 전에는 반드시 등기부등본을 직접 확인하는 것이 핵심입니다. 원인과 판,고위험 카테고리에서 강한 단정 다수 — 근거 없는 표현 수정 검토 필요
2026-08-05-safety-auto-4e7f26,https://honsamnote.co.kr/blog/2026-08-05-safety-auto-4e7f26/,safety,"혼자 사는 당신, 콘센트에서 타는 냄새나 스파크가 튈 때: 감전과 화재 위험 없이 안전하게 대처하는 법",무조건; 절대; 가장 안전,7,HIGH,， 주방 등) 하지만 확실치 않다면 무조건 메인 차단기를 내리는 것이 좋습니다. 주의: 전원 차단,고위험 카테고리에서 강한 단정 다수 — 근거 없는 표현 수정 검토 필요
2026-08-06-cost-auto-177634,https://honsamnote.co.kr/blog/2026-08-06-cost-auto-177634/,cost,1인 가구 드라이클리닝 비교｜드라이클리닝 비용,반드시; 무조건; 완벽하게; 절대,7,HIGH,제거하세요. 세탁기 울/섬세 코스: 반드시 세탁망에 옷을 넣어 세탁기가 옷감에 가하는 충격을 줄여,고위험 카테고리에서 강한 단정 다수 — 근거 없는 표현 수정 검토 필요
2026-08-11-housing-auto-a2f088,https://honsamnote.co.kr/blog/2026-08-11-housing-auto-a2f088/,housing,문제성 집 체크리스트｜전월세 계약,반드시; 100%; 절대,7,HIGH,등본， 건축물대장 같은 공적 서류를 반드시 직접 떼어보고， 의심스러운 부분이 있다면 계약을 보류하,고위험 카테고리에서 강한 단정 다수 — 근거 없는 표현 수정 검토 필요
2026-08-13-safety-auto-c86e8c,https://honsamnote.co.kr/blog/2026-08-13-safety-auto-c86e8c/,safety,집 흔들림 기준｜지진 대처,반드시; 무조건; 절대; 무조건 안전,7,HIGH,위한 현실적인 비용， 시간， 그리고 반드시 알아야 할 주의사항입니다. 비용: 비상용품 키트: 생수,고위험 카테고리에서 강한 단정 다수 — 근거 없는 표현 수정 검토 필요
2026-07-30-cost-3,https://honsamnote.co.kr/blog/2026-07-30-cost-3/,cost,"혼자 사는 직장인, 통신비 월 2만원 아끼는 알뜰폰+인터넷 vs 3사 결합, 현명한 선택 가이드",반드시; 무조건,6,HIGH,을 지키는 '투자'라고 생각하세요. 반드시 알아둘 주의사항 약정 기간 확인은 필수: 현재 약정 잔,고위험 카테고리에서 강한 단정 다수 — 근거 없는 표현 수정 검토 필요
2026-07-30-housing-45,https://honsamnote.co.kr/blog/2026-07-30-housing-45/,housing,"1인 가구 이사, 퇴근 후 틈틈이 준비해도 시간과 돈 아끼는 최적의 체크리스트",반드시; 무조건,6,HIGH,(보통 계약 만료 1~2개월 전)을 반드시 확인하고 집주인 또는 부동산에 이사 계획을 알립니다.,고위험 카테고리에서 강한 단정 다수 — 근거 없는 표현 수정 검토 필요
2026-08-01-cost-auto-44803f,https://honsamnote.co.kr/blog/2026-08-01-cost-auto-44803f/,cost,"혼자 사는 직장인, 매년 놓치는 연말정산 환급금! 내 돈 최대로 돌려받는 실전 가이드",반드시; 완벽하게; 절대,6,HIGH,내역， 주민등록등본. 월세 이체는 반드시 본인 명의 계좌에서 임대인 명의 계좌로 이체해야 합니다,고위험 카테고리에서 강한 단정 다수 — 근거 없는 표현 수정 검토 필요
2026-08-01-cost-auto-8e14b1,https://honsamnote.co.kr/blog/2026-08-01-cost-auto-8e14b1/,cost,"혼자 사는 직장인, 대용량 생필품/식료품, 사야 할까? 말아야 할까? 내게 맞는 구매 기준 3단계",반드시; 무조건; 확실히,6,HIGH,보세요. 무엇을? 매주 또는 격주로 반드시 구매하는 품목은 무엇인가요? (예: 우유， 계란， 햇반,고위험 카테고리에서 강한 단정 다수 — 근거 없는 표현 수정 검토 필요
2026-08-01-housing-auto-e6f8ea,https://honsamnote.co.kr/blog/2026-08-01-housing-auto-e6f8ea/,housing,"혼자 사는 직장인, 이사 갈 때 포장·반포장·용달 이사 중 뭘 고를까? 내 상황에 맞는 최적의 선택 가이드",반드시; 무조건,6,HIGH,인 견적은 실제와 다를 수 있으니， 반드시 방문 견적을 받는 것이 좋습니다. 방문 견적 시에는 짐,고위험 카테고리에서 강한 단정 다수 — 근거 없는 표현 수정 검토 필요
2026-08-01-safety-auto-0e6262,https://honsamnote.co.kr/blog/2026-08-01-safety-auto-0e6262/,safety,일산화탄소 중독 해결 방법｜보일러 이상,반드시; 100%; 절대,6,HIGH,료 진료 받기: 증상이 호전되더라도 반드시 병원에 방문하여 의사의 진료를 받으세요. 일산화탄소 중,고위험 카테고리에서 강한 단정 다수 — 근거 없는 표현 수정 검토 필요
2026-08-01-safety-auto-4f0708,https://honsamnote.co.kr/blog/2026-08-01-safety-auto-4f0708/,safety,"혼자 사는 당신, 늦은 밤 갑자기 정전될 때? 당황하지 않고 안전하게 대처하는 현실적인 방법",반드시; 절대; 즉시 해결,6,HIGH,인한 화재 발생 가능성이 높습니다. 반드시 받침대에 고정하고， 주변에 가연성 물질이 없는지 확인,고위험 카테고리에서 강한 단정 다수 — 근거 없는 표현 수정 검토 필요
2026-08-01-safety-auto-909169,https://honsamnote.co.kr/blog/2026-08-01-safety-auto-909169/,safety,"혼자 사는 당신, 퇴근 후 문이 잠겼을 때? 열쇠 분실 대비, 현명한 선택 가이드",반드시; 절대; 가장 안전,6,HIGH,상태를 면밀히 고려하고， 설치 시 반드시 단단히 고정해야 합니다. (아파트， 빌라 등 공동 주택,고위험 카테고리에서 강한 단정 다수 — 근거 없는 표현 수정 검토 필요
2026-08-03-cost-auto-d01191,https://honsamnote.co.kr/blog/2026-08-03-cost-auto-d01191/,cost,1인 가구 청소 서비스 방법｜생활비 절약,반드시; 무조건,6,HIGH,입니다. 최소 계약 기간과 위약금: 반드시 계약서 내용을 확인하여 최소 계약 기간이 얼마인지， 기,고위험 카테고리에서 강한 단정 다수 — 근거 없는 표현 수정 검토 필요
2026-08-03-safety-auto-7bde55,https://honsamnote.co.kr/blog/2026-08-03-safety-auto-7bde55/,safety,"혼자 사는 당신, 주방 화재 발생 시? 소화기 vs. 소방 담요, 나에게 더 효과적인 것은?",반드시; 절대; 가장 안전,6,HIGH,사용 후 환기: 화재 진압 후에는 반드시 창문을 열어 연기를 배출하고 환기하세요. 이렇게 하면,고위험 카테고리에서 강한 단정 다수 — 근거 없는 표현 수정 검토 필요
2026-08-04-housing-auto-24e082,https://honsamnote.co.kr/blog/2026-08-04-housing-auto-24e082/,housing,"혼자 사는 직장인, 빈집 걱정 이제 그만! 우리 집 지키는 스마트 홈CCTV vs 보안 서비스, 뭘 골라야 현명할까?",반드시; 가장 안전,6,HIGH,하세요. 보안 및 프라이버시 설정: 반드시 초기 비밀번호를 변경하고， 촬영 각도를 외부가 아닌 집,고위험 카테고리에서 강한 단정 다수 — 근거 없는 표현 수정 검토 필요
2026-08-06-cost-auto-c59747,https://honsamnote.co.kr/blog/2026-08-06-cost-auto-c59747/,cost,"혼자 사는 직장인, 밤마다 OTT 유목민이라면? 나에게 딱 맞는 구독 전략으로 매달 만원 아끼는 법",반드시; 무조건,6,HIGH,단， 각 OTT의 계정 공유 정책을 반드시 확인해야 합니다.) 부가 서비스도 고려하나요? 쿠팡플레,고위험 카테고리에서 강한 단정 다수 — 근거 없는 표현 수정 검토 필요
2026-08-06-safety-auto-0b96ff,https://honsamnote.co.kr/blog/2026-08-06-safety-auto-0b96ff/,safety,일산화탄소 경보기 비교｜경보기 오작동,반드시; 무조건; 절대,6,HIGH,하지만 오작동이라 확신하기 전까지는 반드시 안전 조치를 취해야 합니다. 해결 순서 1단계: 신체,고위험 카테고리에서 강한 단정 다수 — 근거 없는 표현 수정 검토 필요
2026-08-07-cost-auto-7256ba,https://honsamnote.co.kr/blog/2026-08-07-cost-auto-7256ba/,cost,"혼자 사는 직장인, 안 쓰는 대형 가구/가전 버리려니 막막하다면? 무료 수거 vs 유료 폐기, 돈 아끼는 현명한 처분 전략",반드시; 절대,6,HIGH,장 5천원， 소파 1만원~2만원). 반드시 해당 지자체 홈페이지에서 정확한 품목별 금액을 확인하세,고위험 카테고리에서 강한 단정 다수 — 근거 없는 표현 수정 검토 필요
2026-08-07-housing-auto-eb35f1,https://honsamnote.co.kr/blog/2026-08-07-housing-auto-eb35f1/,housing,"혼자 사는 직장인, 우리 집 소소한 고장! 매번 사람 부를까, 직접 고쳐볼까? DIY vs. 출장 수리, 내 돈 아끼는 현명한 선택 가이드",반드시; 무조건,6,HIGH,확보: 전기나 가스 관련 문제라면 반드시 전원을 차단하거나 가스 밸브를 잠그는 등 안전 조치를,고위험 카테고리에서 강한 단정 다수 — 근거 없는 표현 수정 검토 필요
2026-08-07-safety-auto-a9b07e,https://honsamnote.co.kr/blog/2026-08-07-safety-auto-a9b07e/,safety,"혼자 사는 당신, 우리 집 말고 다른 곳에서 건물 전체 화재 경보기가 울릴 때: 당황하지 않고 안전하게 상황을 판단하고 대피하는 현실적인 방법",반드시; 절대,6,HIGH,방관의 몫입니다.) 문을 열 때에는 반드시 손등으로 손잡이 온도를 확인하고， 몸을 문 뒤에 숨긴,고위험 카테고리에서 강한 단정 다수 — 근거 없는 표현 수정 검토 필요
2026-08-07-safety-auto-e50d7a,https://honsamnote.co.kr/blog/2026-08-07-safety-auto-e50d7a/,safety,"혼자 사는 당신, 집에서 미끄러지거나 넘어져 몸을 움직이기 힘들 때: 당황하지 않고 부상 상태 확인 및 도움 요청하는 현실적인 방법",반드시; 무조건; 절대,6,HIGH,이용 비용이 발생할 수 있습니다. 반드시 상황을 정확히 설명하고 이용 여부를 결정하세요. 택시/,고위험 카테고리에서 강한 단정 다수 — 근거 없는 표현 수정 검토 필요
2026-08-10-cost-auto-78f79c,https://honsamnote.co.kr/blog/2026-08-10-cost-auto-78f79c/,cost,1인 가구 집 수리 비교｜자가 수리 비용,반드시; 무조건; 절대,6,HIGH,안전이 최우선: 전기 관련 문제는 반드시 전원을 차단하고 진행하며， 가스 관련 문제는 절대 직접,고위험 카테고리에서 강한 단정 다수 — 근거 없는 표현 수정 검토 필요
2026-08-11-safety-auto-3045ad,https://honsamnote.co.kr/blog/2026-08-11-safety-auto-3045ad/,safety,"혼자 사는 당신, 요리하다 칼에 베이거나 뜨거운 물에 데였을 때: 당황하지 않고 신속하게 응급처치하고 병원 갈지 판단하는 현실적인 방법",반드시; 절대; 가장 안전,6,HIGH,동반됨. 진피층까지 손상된 상태. 반드시 병원 방문. 3도 화상: 피부색이 흰색， 갈색， 검은색,고위험 카테고리에서 강한 단정 다수 — 근거 없는 표현 수정 검토 필요
2026-08-12-safety-auto-52e6c7,https://honsamnote.co.kr/blog/2026-08-12-safety-auto-52e6c7/,safety,혼자 화재 경보기 방법｜화재 경보기 오작동,반드시; 절대; 확실히,6,HIGH,때만 사용하고， 배터리 분리 후에는 반드시 배터리를 새로 넣어 작동 상태로 복원해야 합니다. (화,고위험 카테고리에서 강한 단정 다수 — 근거 없는 표현 수정 검토 필요
2026-07-30-cost-2,https://honsamnote.co.kr/blog/2026-07-30-cost-2/,cost,"혼자 사는 직장인, 예상치 못한 공과금 폭탄 피하는 전기·가스·수도 요금 절약 실전 가이드",반드시; 무조건; 절대,5,HIGH,이득이 될 수 있습니다. 구매 전 반드시 에너지 효율 등급과 자신의 사용량을 고려해야 합니다.,고위험 카테고리에서 강한 단정 다수 — 근거 없는 표현 수정 검토 필요
2026-07-30-housing-44,https://honsamnote.co.kr/blog/2026-07-30-housing-44/,housing,"혼자 사는 직장인, 내 전월세 보증금 지키는 법: 이사 후 전입신고·확정일자 한 번에 끝내기",반드시; 완벽하게,5,HIGH,한 빨리 처리하는 것이 중요합니다. 반드시 임대차 계약서 '원본' 지참: 주민센터나 등기소 방문,고위험 카테고리에서 강한 단정 다수 — 근거 없는 표현 수정 검토 필요
2026-07-30-housing-48,https://honsamnote.co.kr/blog/2026-07-30-housing-48/,housing,옵션 가전 고장 알아보기｜세입자 책임,반드시; 절대; 가장 안전,5,HIGH,먼저 수리비를 지불했다면， 영수증을 반드시 보관하고 임대인에게 제출하여 정산받아야 합니다. 세입자,고위험 카테고리에서 강한 단정 다수 — 근거 없는 표현 수정 검토 필요
2026-07-30-safety-40,https://honsamnote.co.kr/blog/2026-07-30-safety-40/,safety,"해외여행/출장 떠나는 1인 가구, 집 비우기 전 잊지 말아야 할 안전 점검 순서",반드시; 완벽하게; 확실히; 완전히 제거,5,HIGH,등 대기 전력을 소모하는 기기들은 반드시 뽑아두세요. 주의: 냉장고는 음식물을 모두 비우고 전원,고위험 카테고리에서 강한 단정 다수 — 근거 없는 표현 수정 검토 필요
2026-07-31-safety-73,https://honsamnote.co.kr/blog/2026-07-31-safety-73/,safety,"혼자 사는 당신, 퇴근 후 갑자기 고열이 날 때 병원까지 안전하게 가는 현실적인 대처법",반드시; 절대,5,HIGH,되， 설명서에 기재된 용법과 용량을 반드시 지켜야 합니다. 이전에 복용한 적이 있다면 어떤 약이,고위험 카테고리에서 강한 단정 다수 — 근거 없는 표현 수정 검토 필요
2026-08-01-housing-auto-1c1518,https://honsamnote.co.kr/blog/2026-08-01-housing-auto-1c1518/,housing,"혼자 사는 직장인, 이사 갈 때 대형 폐기물 처리? 시간과 돈 아끼는 3가지 선택 비교",반드시; 무조건; 절대,5,HIGH,일반 쓰레기와 달리 대형 폐기물은 반드시 한 후 해 배출해야 하기 때문입니다. 규정 위반 시 과,고위험 카테고리에서 강한 단정 다수 — 근거 없는 표현 수정 검토 필요
2026-08-01-housing-auto-ace922,https://honsamnote.co.kr/blog/2026-08-01-housing-auto-ace922/,housing,"혼자 사는 직장인, 살던 집 주인이 바뀌었다고 연락 왔을 때? 내 보증금 지키고 계약 유지하는 똑똑한 대처법",반드시; 무조건; 절대,5,HIGH,매매 예정이라는 연락을 받았다면， 반드시 해당 주택의 등기부등본을 열람하여 소유권 이전 여부와,고위험 카테고리에서 강한 단정 다수 — 근거 없는 표현 수정 검토 필요
2026-08-04-cost-auto-dac7b3,https://honsamnote.co.kr/blog/2026-08-04-cost-auto-dac7b3/,cost,"혼자 사는 직장인, 건강 관리 돈 아끼려면? 헬스장 vs 홈트 vs 야외 운동, 내게 맞는 선택 기준 3가지",반드시; 무조건,5,HIGH,의사항: 환불 규정: 장기 계약 전 반드시 중도 해지 및 환불 규정을 꼼꼼히 확인하세요. 소비자,고위험 카테고리에서 강한 단정 다수 — 근거 없는 표현 수정 검토 필요
2026-08-05-housing-auto-7ef549,https://honsamnote.co.kr/blog/2026-08-05-housing-auto-7ef549/,housing,"혼자 사는 직장인, 새집 인터넷·TV 가입! 통신 3사 vs 알뜰 결합 vs 지역 케이블, 내 돈 아끼는 현명한 선택 가이드",반드시; 무조건,5,HIGH,위약금 산정 방식， 면제 조건 등을 반드시 확인하고 기록해 두세요. 결합 할인 조건 꼼꼼히 체크:,고위험 카테고리에서 강한 단정 다수 — 근거 없는 표현 수정 검토 필요
2026-08-06-cost-auto-b32a96,https://honsamnote.co.kr/blog/2026-08-06-cost-auto-b32a96/,cost,온라인 쇼핑 배송비 기준｜배송비 아끼는 법,무조건,5,HIGH,지불의 가치를 인정'하는 것입니다. 무조건 무료배송을 쫓아 필요 없는 물건을 사는 것보다， 때로는,고위험 카테고리에서 강한 단정 다수 — 근거 없는 표현 수정 검토 필요
2026-08-06-safety-auto-8dc9e3,https://honsamnote.co.kr/blog/2026-08-06-safety-auto-8dc9e3/,safety,"혼자 사는 당신, 스마트 기기 많아 정전에 불안하다면? 휴대용 파워뱅크 vs. UPS, 나에게 맞는 정전 대비책은?",반드시; 무조건; 절대,5,HIGH,) 주의사항: 용량 확인: 구매 전 반드시 지원하는 용량(Wh)과 최대 출력(W)을 확인하여 내가,고위험 카테고리에서 강한 단정 다수 — 근거 없는 표현 수정 검토 필요
2026-08-06-safety-auto-b04dc4,https://honsamnote.co.kr/blog/2026-08-06-safety-auto-b04dc4/,safety,배수구 막혔을 때 방법｜싱크대 역류,반드시; 절대,5,HIGH,리 비용 부담이 달라질 수 있으므로 반드시 미리 상의하세요. 전문 업체 검색: '하수구 막힘'，,고위험 카테고리에서 강한 단정 다수 — 근거 없는 표현 수정 검토 필요
2026-08-07-cost-auto-431981,https://honsamnote.co.kr/blog/2026-08-07-cost-auto-431981/,cost,"혼자 사는 직장인, 덥고 추울 때마다 전기요금 폭탄 걱정된다면? 숨은 전력 도둑 잡고 요금 확 줄이는 3단계 전략",반드시; 절대,5,HIGH,시간 동안만 가동하고， 외출 시에는 반드시 끄세요. 문풍지나 에어캡 등으로 창문 틈새 단열을 보강,고위험 카테고리에서 강한 단정 다수 — 근거 없는 표현 수정 검토 필요
2026-08-07-housing-auto-e33294,https://honsamnote.co.kr/blog/2026-08-07-housing-auto-e33294/,housing,"혼자 사는 직장인, 입주 며칠 만에 새 집에서 누수 발견! 당황 말고 수리비 책임 따지고 해결하는 법",반드시; 무조건; 절대,5,HIGH,즉시 연락합니다. 전화 통화 시에는 반드시 녹음하고， 문자 메시지나 카카오톡 등 서면 기록이 남는,고위험 카테고리에서 강한 단정 다수 — 근거 없는 표현 수정 검토 필요
2026-08-07-safety-auto-580f1f,https://honsamnote.co.kr/blog/2026-08-07-safety-auto-580f1f/,safety,1인 가구 알레르기 기준｜혼자 알레르기,반드시; 절대,5,HIGH,혼자서 새로운 음식을 시도할 때는 반드시 성분표를 꼼꼼히 확인하는 습관을 들이세요. 특히 평소,고위험 카테고리에서 강한 단정 다수 — 근거 없는 표현 수정 검토 필요
2026-08-07-safety-auto-5a549d,https://honsamnote.co.kr/blog/2026-08-07-safety-auto-5a549d/,safety,"혼자 사는 당신, 중요한 서류나 귀중품을 안전하게 보관할 때: 방화/방수 금고 vs. 보안 서류함, 나에게 맞는 선택은?",반드시; 무조건; 100%; 절대,5,HIGH,에 고정할 수 있는 모델을 선택하고 반드시 고정하세요. 비밀번호 관리: 금고나 보안 서류함의 비밀,고위험 카테고리에서 강한 단정 다수 — 근거 없는 표현 수정 검토 필요
2026-08-07-safety-auto-7d89fc,https://honsamnote.co.kr/blog/2026-08-07-safety-auto-7d89fc/,safety,"혼자 사는 당신, 우리 집 복도·엘리베이터·주차장에서 수상한 사람을 마주쳤을 때: 당황하지 않고 나를 지키는 현실적인 대처법",반드시; 절대,5,HIGH,관리자와 소통 상황이 종료된 후에는 반드시 경찰에 정식으로 사건을 접수하고， 거주 중인 건물의 관,고위험 카테고리에서 강한 단정 다수 — 근거 없는 표현 수정 검토 필요
2026-08-08-housing-auto-82f28f,https://honsamnote.co.kr/blog/2026-08-08-housing-auto-82f28f/,housing,"혼자 사는 직장인, 숨겨진 관리비 폭탄 피하고 내 돈 아끼는 현명한 분석법",반드시; 무조건,5,HIGH,개인 및 집주인에게 문의: 계약 전 반드시 관리비에 어떤 항목이 포함되어 있고(전기， 수도， 가스,고위험 카테고리에서 강한 단정 다수 — 근거 없는 표현 수정 검토 필요
2026-08-08-housing-auto-8b0461,https://honsamnote.co.kr/blog/2026-08-08-housing-auto-8b0461/,housing,"혼자 사는 직장인, 새집 입주 후 당황스러운 전기·가스·수도 명의 변경! 순서대로 해결하고 요금 폭탄 피하는 법",반드시; 완벽하게,5,HIGH,경을 대행해 주는 경우가 많습니다. 반드시 관리사무소에 먼저 문의하세요. 필수 정보 준비: 이사,고위험 카테고리에서 강한 단정 다수 — 근거 없는 표현 수정 검토 필요
2026-08-09-housing-auto-da13ec,https://honsamnote.co.kr/blog/2026-08-09-housing-auto-da13ec/,housing,나 홀로 이사 체크리스트｜이사 당일,반드시; 무조건; 완벽하게,5,HIGH,하고， 전월세 계약서에 확정일자를 반드시 받아야 합니다. 이는 당신의 보증금을 보호하는 가장 중,고위험 카테고리에서 강한 단정 다수 — 근거 없는 표현 수정 검토 필요
2026-08-09-safety-auto-eb5e4c,https://honsamnote.co.kr/blog/2026-08-09-safety-auto-eb5e4c/,safety,"혼자 사는 당신, 퇴근 후 현관문이 잠겨 집 못 들어갈 때: 당황하지 않고 안전하게 집으로 돌아가는 현실적인 방법",반드시; 절대,5,HIGH,니다. ※ 중요: 열쇠공이 도착하면 반드시 본인이 해당 주택의 거주자임을 증명해야 합니다. 신분증,고위험 카테고리에서 강한 단정 다수 — 근거 없는 표현 수정 검토 필요
2026-08-10-housing-auto-4bca9b,https://honsamnote.co.kr/blog/2026-08-10-housing-auto-4bca9b/,housing,"혼자 사는 직장인, 집주인이 내가 사는 집을 팔겠다고? 잦은 방문 요청에도 사생활 지키며 현명하게 대처하는 법",반드시; 무조건; 절대,5,HIGH,우 녹취하고， 문자 메시지나 메일은 반드시 기록으로 남겨두세요. 추후 분쟁 발생 시 중요한 증거가,고위험 카테고리에서 강한 단정 다수 — 근거 없는 표현 수정 검토 필요
2026-08-12-cost-auto-b175c0,https://honsamnote.co.kr/blog/2026-08-12-cost-auto-b175c0/,cost,"혼자 사는 직장인, 빈방에 가구 채워 넣으려니 막막하다면? 구매 vs 렌탈, 내게 맞는 최적의 가구 선택 가이드",반드시; 무조건,5,HIGH,사진과 실물이 다를 수 있으므로， 반드시 직접 보고 상태를 확인하세요. 곰팡이， 벌레 흔적， 파,고위험 카테고리에서 강한 단정 다수 — 근거 없는 표현 수정 검토 필요
2026-08-14-safety-auto-2f3ee3,https://honsamnote.co.kr/blog/2026-08-14-safety-auto-2f3ee3/,safety,"혼자 사는 당신, 겨울철 강추위에 갑자기 수도 동파가 걱정될 때: 당황하지 않고 예방하고 대처하는 현실적인 방법",반드시; 절대,5,HIGH,파열을 더 심화시킬 수 있습니다. 반드시 따뜻한 물수건 등을 이용하세요. 전기 안전: 해동 작업,고위험 카테고리에서 강한 단정 다수 — 근거 없는 표현 수정 검토 필요
2026-07-30-cost-6,https://honsamnote.co.kr/blog/2026-07-30-cost-6/,cost,"내 돈 새는 줄도 몰랐죠? 1인 가구 직장인, 숨은 보험료 줄이는 3단계 점검법",반드시; 무조건,4,HIGH,오르거나 가입이 어려울 수 있음)을 반드시 확인하세요. 신중한 결정: 새로운 보험으로 갈아타기 전,고위험 카테고리에서 강한 단정 다수 — 근거 없는 표현 수정 검토 필요
2026-07-30-cost-70,https://honsamnote.co.kr/blog/2026-07-30-cost-70/,cost,"혼자 사는 직장인, 갑자기 늘어난 수도요금: 숨은 누수 찾고 해결하는 실전 가이드",반드시; 무조건,4,HIGH,및 확인서 발급: 수리 완료 후에는 반드시 수리 비용 영수증과 함께 '누수 확인서' 또는 '수리,고위험 카테고리에서 강한 단정 다수 — 근거 없는 표현 수정 검토 필요
2026-07-30-housing-43,https://honsamnote.co.kr/blog/2026-07-30-housing-43/,housing,"첫 관리비 고지서, 뭉뚱그려진 금액에 헷갈리는 1인 가구? 내 돈 지키는 항목별 확인법",반드시,4,HIGH,량기 등) 수치에 따라 부과됩니다. 반드시 지난달 대비 이번 달 사용량이 맞는지 확인해야 합니다.,고위험 카테고리에서 강한 단정 다수 — 근거 없는 표현 수정 검토 필요
2026-07-30-housing-47,https://honsamnote.co.kr/blog/2026-07-30-housing-47/,housing,"원룸/오피스텔 고장났나요? 혼자 끙끙 앓지 말고, 집주인에게 스마트하게 수리 요청하는 법",반드시; 무조건,4,HIGH,게 통보하고， 수리 후에는 영수증을 반드시 보관해야 합니다. 이러한 절차는 법적 분쟁으로 이어질,고위험 카테고리에서 강한 단정 다수 — 근거 없는 표현 수정 검토 필요
2026-07-30-housing-69,https://honsamnote.co.kr/blog/2026-07-30-housing-69/,housing,"한겨울 밤, 1인 가구 보일러 고장? 당황 말고 이 순서대로 대처하세요",반드시; 절대,4,HIGH,주체에 대해 관리사무소나 집주인과 반드시 사전 협의를 해야 불필요한 마찰을 피할 수 있습니다.,고위험 카테고리에서 강한 단정 다수 — 근거 없는 표현 수정 검토 필요
2026-08-01-housing-auto-bd24e0,https://honsamnote.co.kr/blog/2026-08-01-housing-auto-bd24e0/,housing,"혼자 사는 직장인, 늦은 밤 이웃 소음에 잠 못 들 때? 감정 소모 줄이고 똑똑하게 해결하는 순서",절대; 가장 안전,4,HIGH,밤 이웃 소음으로 고통받고 있다면， 절대 감정적으로 직접 찾아가 항의하지 마세요. 가장 먼저 해,고위험 카테고리에서 강한 단정 다수 — 근거 없는 표현 수정 검토 필요
2026-08-01-housing-auto-c039f6,https://honsamnote.co.kr/blog/2026-08-01-housing-auto-c039f6/,housing,전월세 계약 갱신 방법｜묵시적 갱신,반드시,4,HIGH,확하게 의사를 전달하고， 연장한다면 반드시 '새로운 계약서'를 작성하거나 최소한 '묵시적 갱신 상,고위험 카테고리에서 강한 단정 다수 — 근거 없는 표현 수정 검토 필요
2026-08-01-safety-auto-b177af,https://honsamnote.co.kr/blog/2026-08-01-safety-auto-b177af/,safety,"혼자 사는 당신, 갑자기 천장에서 물이 새거나 벽이 젖을 때 당황하지 않고 대처하는 방법",반드시,4,HIGH,리는 전문성이 요구되는 작업이므로， 반드시 여러 업체의 견적을 비교하고， 시공 경험과 후기가 좋은,고위험 카테고리에서 강한 단정 다수 — 근거 없는 표현 수정 검토 필요
2026-08-03-housing-auto-5b4f05,https://honsamnote.co.kr/blog/2026-08-03-housing-auto-5b4f05/,housing,"혼자 사는 직장인, 이사 당일 보증금 못 받을 위기? 당황 말고 내 돈 지키는 3단계 대처법",반드시; 절대,4,HIGH,음 집으로 이사해야 하는 상황이라면 반드시 이 절차를 거쳐야 합니다. 신청 조건: 임대차 계약이,고위험 카테고리에서 강한 단정 다수 — 근거 없는 표현 수정 검토 필요
2026-08-03-housing-auto-f53851,https://honsamnote.co.kr/blog/2026-08-03-housing-auto-f53851/,housing,"혼자 사는 직장인, 빈집 vs 풀옵션 원룸/오피스텔, 뭘 골라야 현명할까? 시간과 돈 아끼는 최적의 선택 가이드",반드시; 무조건,4,HIGH,주의사항 풀옵션의 경우: 계약 전 반드시 옵션 가전/가구의 정상 작동 여부와 파손 여부를 꼼꼼히,고위험 카테고리에서 강한 단정 다수 — 근거 없는 표현 수정 검토 필요
2026-08-03-safety-auto-273fdf,https://honsamnote.co.kr/blog/2026-08-03-safety-auto-273fdf/,safety,"혼자 사는 당신, 한밤중 갑자기 대형 바퀴벌레나 쥐를 발견했을 때: 패닉 없이 안전하게 퇴치하고 예방하는 법",반드시; 절대,4,HIGH,초기 방역 사체 처리: 해충 사체는 반드시 휴지 여러 장으로 감싸 봉투에 넣어 밀봉한 뒤 일반 쓰,고위험 카테고리에서 강한 단정 다수 — 근거 없는 표현 수정 검토 필요
2026-08-04-cost-auto-7e7d88,https://honsamnote.co.kr/blog/2026-08-04-cost-auto-7e7d88/,cost,"혼자 사는 직장인, 난방비 폭탄 걱정될 때! 우리 집 겨울, 후회 없이 따뜻하고 저렴하게 나는 법",반드시; 절대,4,HIGH,전열 기기는 화재 위험이 있으므로 반드시 안전 인증 여부를 확인해야 합니다. 해결 순서 1단계:,고위험 카테고리에서 강한 단정 다수 — 근거 없는 표현 수정 검토 필요
2026-08-04-safety-auto-ceca45,https://honsamnote.co.kr/blog/2026-08-04-safety-auto-ceca45/,safety,창문 깨짐 방법｜유리 파편,반드시; 절대,4,HIGH,파편은 매우 날카롭고 위험합니다. 반드시 두꺼운 보호 장비를 착용하세요. 섣부른 DIY 수리 금,고위험 카테고리에서 강한 단정 다수 — 근거 없는 표현 수정 검토 필요
2026-08-05-housing-auto-580e50,https://honsamnote.co.kr/blog/2026-08-05-housing-auto-580e50/,housing,"혼자 사는 직장인, 반려동물 키우고 싶은데 계약 위반 걱정? 집주인과 현명하게 합의하는 3단계",반드시; 절대,4,HIGH,합의는 추후 분쟁의 소지가 있으므로 반드시 임대차 계약서에 반려동물 사육 허용에 대한 특약 사항을,고위험 카테고리에서 강한 단정 다수 — 근거 없는 표현 수정 검토 필요
2026-08-05-safety-auto-9a8ad6,https://honsamnote.co.kr/blog/2026-08-05-safety-auto-9a8ad6/,safety,"혼자 사는 당신, 퇴근 후 안전하게 택배를 받을 때? 스마트 무인 택배함 vs. 문 앞 비대면 배송, 나에게 맞는 선택은?",반드시; 가장 안전,4,HIGH,이후에는 요금이 부과될 수 있으니 반드시 확인해야 합니다. 문 앞 비대면 배송: 기본적으로 무료,고위험 카테고리에서 강한 단정 다수 — 근거 없는 표현 수정 검토 필요
2026-08-06-housing-auto-778093,https://honsamnote.co.kr/blog/2026-08-06-housing-auto-778093/,housing,"혼자 사는 직장인, 우리 집 안전 지킴이! 디지털 도어락 vs 보조키, 내게 맞는 현명한 선택은?",반드시; 무조건; 절대,4,HIGH,관문에 타공이 필요할 수 있으므로， 반드시 집주인과의 협의가 필수적입니다. 이사 시 도어락을 떼어,고위험 카테고리에서 강한 단정 다수 — 근거 없는 표현 수정 검토 필요
2026-08-06-housing-auto-849c13,https://honsamnote.co.kr/blog/2026-08-06-housing-auto-849c13/,housing,"혼자 사는 직장인, 내 공간 꾸미고 싶은데 벽 손상 걱정될 때? 못 vs 무타공 인테리어, 현명하게 결정하는 법",절대; 가장 안전,4,HIGH,요. 주의: 집주인이 '못 박는 건 절대 안 된다'고 하면 무타공 방법만 고려해야 합니다. 2단,고위험 카테고리에서 강한 단정 다수 — 근거 없는 표현 수정 검토 필요
2026-08-06-safety-auto-21374d,https://honsamnote.co.kr/blog/2026-08-06-safety-auto-21374d/,safety,"혼자 사는 당신, 늦은 밤 위층/옆집 소음 때문에 잠 못 들 때: 감정 소모 없이 안전하게 대처하는 현실적인 방법",절대,4,HIGH,라/주택 등)에 도움을 요청하세요. 절대 혼자 해결하려 직접 찾아가거나 감정적으로 대응하지 마세,고위험 카테고리에서 강한 단정 다수 — 근거 없는 표현 수정 검토 필요
2026-08-06-safety-auto-9df39e,https://honsamnote.co.kr/blog/2026-08-06-safety-auto-9df39e/,safety,1인 가구 응급 해결 방법｜혼자 살다 아플 때,무조건; 절대; 가장 안전,4,HIGH,이 갈수록 악화될 가능성이 있다면' 무조건 119에 신고하는 것이 안전합니다. '혹시나 괜찮겠지',고위험 카테고리에서 강한 단정 다수 — 근거 없는 표현 수정 검토 필요
2026-08-07-cost-auto-24b43b,https://honsamnote.co.kr/blog/2026-08-07-cost-auto-24b43b/,cost,"혼자 사는 직장인, 쌓여가는 먼지에 한숨만 나온다면? 로봇청소기 vs 일반 청소기, 내게 맞는 효율적인 청소법은?",반드시; 완벽하게,4,HIGH,봇청소기가 엉키는 주요 원인입니다. 반드시 정리해야 합니다. 반려동물 배설물: 반려동물이 있다면,고위험 카테고리에서 강한 단정 다수 — 근거 없는 표현 수정 검토 필요
2026-08-08-cost-auto-bbb3d7,https://honsamnote.co.kr/blog/2026-08-08-cost-auto-bbb3d7/,cost,"혼자 사는 직장인, 매달 아파트/오피스텔 관리비 폭탄 막고 지출 최적화하는 3단계 전략",반드시; 절대,4,HIGH,지， 그리고 매달 얼마가 부과되는지 반드시 확인해야 합니다. 이 비용은 소유주가 부담하는 것이므로,고위험 카테고리에서 강한 단정 다수 — 근거 없는 표현 수정 검토 필요
2026-08-08-housing-auto-d2c1ed,https://honsamnote.co.kr/blog/2026-08-08-housing-auto-d2c1ed/,housing,"혼자 사는 직장인, 이사 갈 때 퇴실 청소? 셀프 vs 전문 업체, 보증금 지키는 현명한 선택 가이드",반드시; 무조건; 완벽하게; 절대,4,HIGH,렴한 가격만 내세우는 곳은 피하고， 반드시 사업자 등록 및 보험 가입 여부를 확인하세요. 계약 내,고위험 카테고리에서 강한 단정 다수 — 근거 없는 표현 수정 검토 필요
2026-08-08-safety-auto-ee80c6,https://honsamnote.co.kr/blog/2026-08-08-safety-auto-ee80c6/,safety,"혼자 사는 당신, 갑자기 천장이나 벽에서 물이 샐 때: 당황하지 않고 원인 파악부터 안전하게 대처하는 현실적인 방법",반드시; 가장 안전,4,HIGH,소재를 복잡하게 만들 수 있습니다. 반드시 전문가의 도움을 받으세요. 기록의 중요성: 누수 상황，,고위험 카테고리에서 강한 단정 다수 — 근거 없는 표현 수정 검토 필요
2026-08-09-safety-auto-14bba7,https://honsamnote.co.kr/blog/2026-08-09-safety-auto-14bba7/,safety,"혼자 사는 당신, 주방이나 콘센트에서 작은 불이 났을 때: 스프레이형 간이 소화기 vs. 일반 분말 소화기, 나에게 맞는 선택은?",반드시; 무조건; 절대,4,HIGH,재에는 절대 물을 사용하지 마세요. 반드시 전원을 차단하고 소화기를 사용해야 합니다. 기름 화재,고위험 카테고리에서 강한 단정 다수 — 근거 없는 표현 수정 검토 필요
2026-08-10-safety-auto-1af8f5,https://honsamnote.co.kr/blog/2026-08-10-safety-auto-1af8f5/,safety,"혼자 사는 당신, 우리 집 바퀴벌레/쥐 발견했을 때: DIY 셀프 퇴치 vs. 전문 방역 서비스, 나에게 맞는 선택은?",반드시; 무조건; 완벽하게,4,HIGH,지 박멸하기는 어렵습니다. 사용 시 반드시 환기하고 반려동물이나 음식에 닿지 않도록 주의합니다.,고위험 카테고리에서 강한 단정 다수 — 근거 없는 표현 수정 검토 필요
2026-08-11-housing-auto-2bfaff,https://honsamnote.co.kr/blog/2026-08-11-housing-auto-2bfaff/,housing,"혼자 사는 직장인, 조립 가구 앞에서 한숨 쉬지 마세요! 셀프 vs 전문가 조립, 시간과 돈 아끼는 현명한 선택 가이드",반드시; 무조건,4,HIGH,주말/야간 할증이 붙을 수 있으므로 반드시 최종 견적을 꼼꼼히 비교해야 합니다. ⏳ 시간: 셀프,고위험 카테고리에서 강한 단정 다수 — 근거 없는 표현 수정 검토 필요
2026-08-11-safety-auto-197473,https://honsamnote.co.kr/blog/2026-08-11-safety-auto-197473/,safety,"혼자 사는 당신, 집에서 넘어져 움직일 수 없을까 걱정될 때: 웨어러블 낙상 감지기 vs. 공간형 비접촉 센서, 나에게 맞는 안전 선택은?",반드시; 완벽하게; 100%,4,HIGH,시험 작동 및 숙지: 설치 후에는 반드시 몇 차례 시험 작동을 해봅니다. 의도적으로 넘어져 보거,고위험 카테고리에서 강한 단정 다수 — 근거 없는 표현 수정 검토 필요
2026-08-12-cost-auto-b36efb,https://honsamnote.co.kr/blog/2026-08-12-cost-auto-b36efb/,cost,"혼자 사는 직장인, 새 가구/가전 장만할 때마다 지갑 텅 비는 기분이라면? 새것 vs 중고 vs 렌탈, 후회 없는 선택 가이드",반드시,4,HIGH,가 있는 경우. 팁: 직거래 시에는 반드시 직접 방문하여 제품의 작동 여부， 외관 상태， 오염 여,고위험 카테고리에서 강한 단정 다수 — 근거 없는 표현 수정 검토 필요
2026-08-14-housing-auto-189ec3,https://honsamnote.co.kr/blog/2026-08-14-housing-auto-189ec3/,housing,"혼자 사는 직장인, 이사/대청소 앞둔 대형 폐기물 처리! 비용 아끼고 깔끔하게 끝내는 현실 가이드",반드시; 절대,4,HIGH,소/시간 준수: 배출 날짜와 장소를 반드시 지켜야 합니다. 무단 투기 시 폐기물관리법에 따라 최대,고위험 카테고리에서 강한 단정 다수 — 근거 없는 표현 수정 검토 필요
2026-07-30-housing-46,https://honsamnote.co.kr/blog/2026-07-30-housing-46/,housing,"이사 나가는 1인 가구, 복비·공과금 덤터기 없이 보증금 100% 안전하게 돌려받는 준비",반드시,3,HIGH,영수증 보관: 최종 납부한 영수증은 반드시 보관하여 임대인에게 보여줄 수 있도록 준비합니다. 집,고위험 카테고리에서 강한 단정 다수 — 근거 없는 표현 수정 검토 필요
2026-07-31-housing-71,https://honsamnote.co.kr/blog/2026-07-31-housing-71/,housing,"혼자 사는 집 고장! 집주인이 수리 미룰 때, 내 돈 아끼는 현실적인 해결 순서",반드시,3,HIGH,영수증 및 내역 확보: 수리 후에는 반드시 '세금계산서' 또는 '현금영수증'과 상세 수리 내역서를,고위험 카테고리에서 강한 단정 다수 — 근거 없는 표현 수정 검토 필요
2026-07-31-safety-72,https://honsamnote.co.kr/blog/2026-07-31-safety-72/,safety,"장기 출장/휴가, 혼자 사는 집을 비울 때 빈집털이, 고지서 폭탄 걱정 없이 안전하게 떠나는 법",반드시; 절대; 확실히,3,HIGH,보일러 옆에 있는 가스 중간 밸브를 반드시 잠급니다. 가스 누출로 인한 화재나 폭발 사고를 막는,고위험 카테고리에서 강한 단정 다수 — 근거 없는 표현 수정 검토 필요
2026-08-01-safety-auto-c574d6,https://honsamnote.co.kr/blog/2026-08-01-safety-auto-c574d6/,safety,"혼자 사는 당신, 외부 침입 대비할 때? 스마트 도어벨 vs. 가정용 CCTV, 나에게 맞는 현관 보안은?",반드시,3,HIGH,무소에 외부 장치 설치 가능 여부를 반드시 확인해야 합니다. 전원 및 통신 환경: 무선 제품이더라,고위험 카테고리에서 강한 단정 다수 — 근거 없는 표현 수정 검토 필요
2026-08-03-cost-auto-4d199c,https://honsamnote.co.kr/blog/2026-08-03-cost-auto-4d199c/,cost,교통비 비교｜대중교통,무조건,3,HIGH,이 되곤 합니다. 먼저 확인할 결론 무조건 싼 이동 수단만 고집하거나 반대로 편의성만 좇는 대신，,고위험 카테고리에서 강한 단정 다수 — 근거 없는 표현 수정 검토 필요
2026-08-05-cost-auto-9715f2,https://honsamnote.co.kr/blog/2026-08-05-cost-auto-9715f2/,cost,"혼자 사는 직장인, 물값 매달 낭비 말고! 생수 vs. 정수기 vs. 필터, 내게 맞는 최적의 선택은?",반드시; 무조건,3,HIGH,설치할 수 없는 경우가 많습니다. 반드시 사전에 임대인 또는 관리사무소에 문의하세요. 수도관 상,고위험 카테고리에서 강한 단정 다수 — 근거 없는 표현 수정 검토 필요
2026-08-06-cost-auto-3826dd,https://honsamnote.co.kr/blog/2026-08-06-cost-auto-3826dd/,cost,1인 가구 보안 비교｜스마트 도어락,반드시,3,HIGH,을 습관화합니다. 잠깐의 외출이라도 반드시 문단속을 철저히 하세요. 2단계: 나에게 맞는 스마트,고위험 카테고리에서 강한 단정 다수 — 근거 없는 표현 수정 검토 필요
2026-08-06-cost-auto-9d0ea4,https://honsamnote.co.kr/blog/2026-08-06-cost-auto-9d0ea4/,cost,1인 가구 해충 비교｜해충 박멸 비용,반드시; 절대,3,HIGH,경청합니다. 계약 확인: 계약 전 반드시 서비스 내용， 방역 비용， 재방문 및 AS 보증 기간，,고위험 카테고리에서 강한 단정 다수 — 근거 없는 표현 수정 검토 필요
2026-08-06-cost-auto-bf984a,https://honsamnote.co.kr/blog/2026-08-06-cost-auto-bf984a/,cost,1인 가구 식비 절약 비교｜에어프라이어 구매,반드시; 무조건; 완벽하게,3,HIGH,하므로， 조리 후 음식을 꺼낼 때는 반드시 장갑이나 주방 도구를 사용해야 합니다. 과부하 주의:,고위험 카테고리에서 강한 단정 다수 — 근거 없는 표현 수정 검토 필요
2026-08-06-housing-auto-9d6fe3,https://honsamnote.co.kr/blog/2026-08-06-housing-auto-9d6fe3/,housing,"혼자 사는 직장인, 전월세 계약 만료로 이사 가려는데? 집주인에게 현명하게 통보하고 보증금 지키는 법",반드시; 무조건,3,HIGH,"예정""임을 명확히 알립니다. 이때 반드시 '증거가 남는 방식'을 사용해야 합니다. 문자 메시지/",고위험 카테고리에서 강한 단정 다수 — 근거 없는 표현 수정 검토 필요
2026-08-06-housing-auto-baef02,https://honsamnote.co.kr/blog/2026-08-06-housing-auto-baef02/,housing,"혼자 사는 직장인, 집에 바퀴벌레가 출몰했다면? 당황 말고 내 돈 아끼며 완벽 박멸하는 법",반드시; 무조건,3,HIGH,확인: 살충제나 독먹이 젤 사용 시 반드시 제품 사용 설명서를 읽고 환기를 충분히 시켜야 합니다.,고위험 카테고리에서 강한 단정 다수 — 근거 없는 표현 수정 검토 필요
2026-08-06-safety-auto-063890,https://honsamnote.co.kr/blog/2026-08-06-safety-auto-063890/,safety,1인 가구 식중독 기준｜혼자 살 때 아플 때,반드시; 절대,3,HIGH,되거나 회복이 늦어질 수 있습니다. 반드시 의사 또는 약사와 상담 후 복용해야 합니다. 혼자 운전,고위험 카테고리에서 강한 단정 다수 — 근거 없는 표현 수정 검토 필요
2026-08-06-safety-auto-3d7ecc,https://honsamnote.co.kr/blog/2026-08-06-safety-auto-3d7ecc/,safety,"혼자 사는 당신, 퇴근 후 현관문이 훼손되었거나 집안이 어수선할 때: 빈집털이 침입 의심 시 안전하게 대처하는 최우선 행동 수칙",절대,3,HIGH,결론 가장 중요한 첫 번째 행동은 절대 집 안으로 들어가지 않는 것입니다. 현관문이 훼손되었거,고위험 카테고리에서 강한 단정 다수 — 근거 없는 표현 수정 검토 필요
2026-08-06-safety-auto-425601,https://honsamnote.co.kr/blog/2026-08-06-safety-auto-425601/,safety,물 끊김 방법｜전기 끊김,절대,3,HIGH,무소나 가스 공급업체에 신고하세요. 절대 스위치나 콘센트를 만지지 마세요. 전기: 손전등이나 휴,고위험 카테고리에서 강한 단정 다수 — 근거 없는 표현 수정 검토 필요
2026-08-06-safety-auto-669f80,https://honsamnote.co.kr/blog/2026-08-06-safety-auto-669f80/,safety,"혼자 사는 당신, 예기치 못한 사고에 재산 보호는? 일반 주택화재보험 vs. 1인 가구 맞춤 종합보험, 어떤 보험이 나에게 유리할까?",반드시,3,HIGH,다면， 해당 조건을 충족하는 보험을 반드시 가입해야 합니다. Step 2: 일반 주택화재보험의 특,고위험 카테고리에서 강한 단정 다수 — 근거 없는 표현 수정 검토 필요
2026-08-07-cost-auto-efcd2f,https://honsamnote.co.kr/blog/2026-08-07-cost-auto-efcd2f/,cost,"혼자 사는 직장인, 사랑하는 반려동물 병원비 폭탄 걱정된다면? 펫보험 vs 예방 관리, 내게 맞는 최적의 선택은?",반드시; 무조건; 100%,3,HIGH,보험 가입 시 제한이 될 수 있으니 반드시 확인합니다. 품종별 취약 질병 확인: 우리 아이의 품종,고위험 카테고리에서 강한 단정 다수 — 근거 없는 표현 수정 검토 필요
2026-08-07-housing-auto-0bc6a2,https://honsamnote.co.kr/blog/2026-08-07-housing-auto-0bc6a2/,housing,"혼자 사는 직장인, 좁은 집 짐 처치 곤란? 셀프 스토리지 vs 비우기, 내 돈 아끼는 현명한 선택 가이드",반드시; 무조건,3,HIGH,， 있다면 보상 범위가 어디까지인지 반드시 확인하세요. 접근성: 24시간 출입이 가능한지， 주차,고위험 카테고리에서 강한 단정 다수 — 근거 없는 표현 수정 검토 필요
2026-08-07-safety-auto-7d0e1d,https://honsamnote.co.kr/blog/2026-08-07-safety-auto-7d0e1d/,safety,"혼자 사는 당신, 쓰러지거나 의식 없을 때: 스마트 비상 연락 시스템 vs. 비상 키 공유, 어떤 대비책이 나에게 맞을까?",반드시; 절대,3,HIGH,담당 등) 작동 테스트: 설치 후 반드시 주기적으로 작동 테스트를 하여 문제가 없는지 확인합니다,고위험 카테고리에서 강한 단정 다수 — 근거 없는 표현 수정 검토 필요
2026-08-08-cost-auto-770f4a,https://honsamnote.co.kr/blog/2026-08-08-cost-auto-770f4a/,cost,"혼자 사는 직장인, 답답한 실내 공기, 어떻게 관리해야 할까? 공기청정기 vs 제습기 vs 환기, 내게 맞는 최적의 선택은?",무조건; 완벽하게,3,HIGH,가구는 공간과 예산이 한정적이므로 무조건 다 갖추기보다 효율적인 조합이 중요합니다. 미세먼지가,고위험 카테고리에서 강한 단정 다수 — 근거 없는 표현 수정 검토 필요
2026-08-08-safety-auto-2186aa,https://honsamnote.co.kr/blog/2026-08-08-safety-auto-2186aa/,safety,"혼자 사는 당신, 응급상황 시 내 몸이 말 못 할 때? 비상 의료 정보 카드 vs. 스마트폰 응급 ID, 어떤 대비가 나에게 맞을까?",반드시; 가장 안전,3,HIGH,입력하고 '잠겨 있을 때 보기'를 반드시 활성화합니다. 필요 정보 입력: 위에 정리한 의료 정보,고위험 카테고리에서 강한 단정 다수 — 근거 없는 표현 수정 검토 필요
2026-08-08-safety-auto-985515,https://honsamnote.co.kr/blog/2026-08-08-safety-auto-985515/,safety,혼자 사는 집 누수 방법｜아파트 누수,반드시; 절대,3,HIGH,센트， 조명 등 전기가 흐르는 곳은 반드시 두꺼비집(차단기)을 내려 전원을 차단하세요. 물과 전기,고위험 카테고리에서 강한 단정 다수 — 근거 없는 표현 수정 검토 필요
2026-08-08-safety-auto-be207d,https://honsamnote.co.kr/blog/2026-08-08-safety-auto-be207d/,safety,"혼자 사는 당신, 집에서 원인 모를 이상한 냄새가 날 때: 위험 신호인지, 단순한 문제인지 판단하고 안전하게 대처하는 법",절대; 가장 안전,3,HIGH,칠 소요될 수 있습니다. 주의사항: 절대 당황하지 마세요: 혼자일수록 냉정함을 유지하고 위 해결,고위험 카테고리에서 강한 단정 다수 — 근거 없는 표현 수정 검토 필요
2026-08-08-safety-auto-fcd8d6,https://honsamnote.co.kr/blog/2026-08-08-safety-auto-fcd8d6/,safety,1인가구 응급상황 비용 정리｜늦은 밤 병원,반드시; 절대,3,HIGH,니다. 병원에 전화 확인: 방문 전 반드시 전화하여 현재 진료가 가능한지， 나의 증상에 대해 진료,고위험 카테고리에서 강한 단정 다수 — 근거 없는 표현 수정 검토 필요
2026-08-09-cost-auto-80b3c9,https://honsamnote.co.kr/blog/2026-08-09-cost-auto-80b3c9/,cost,"혼자 사는 직장인, 매주 장보기 귀찮고 음식물 쓰레기 걱정된다면? 식료품 정기배송 vs 직접 장보기, 내게 맞는 최적의 선택은?",무조건; 100%,3,HIGH,)에 따라 달라집니다. 어떤 방법이 무조건 좋다고 단정하기보다， 나의 현재 상황과 습관을 먼저 분,고위험 카테고리에서 강한 단정 다수 — 근거 없는 표현 수정 검토 필요
2026-08-11-cost-auto-bf7238,https://honsamnote.co.kr/blog/2026-08-11-cost-auto-bf7238/,cost,"혼자 사는 직장인, '오늘 뭐 먹지?' 고민에 매번 지갑 열린다면? 식비 확 줄이는 1인 가구 맞춤 식단 계획법",무조건; 완벽하게; 100%,3,HIGH,너무 타이트한 식비 예산 설정: '무조건 한 달 식비 10만원!' 같은 비현실적인 목표를 세우면,고위험 카테고리에서 강한 단정 다수 — 근거 없는 표현 수정 검토 필요
2026-08-11-cost-auto-ff0274,https://honsamnote.co.kr/blog/2026-08-11-cost-auto-ff0274/,cost,"혼자 사는 직장인, 매번 휴지·키친타월 살 때마다 후회된다면? 대용량 vs 소량, 현명한 선택 가이드",반드시; 무조건,3,HIGH,구매 시 무료배송 기준과 배송비를 반드시 확인하세요. 무거운 묶음을 직접 들고 오는 시간과 수고,고위험 카테고리에서 강한 단정 다수 — 근거 없는 표현 수정 검토 필요
2026-08-11-safety-auto-d99e57,https://honsamnote.co.kr/blog/2026-08-11-safety-auto-d99e57/,safety,"혼자 사는 당신, 갑자기 일부 전등이 나가거나 특정 콘센트가 작동 안 할 때: 당황하지 않고 안전하게 원인 파악 및 해결하는 현실적인 방법",반드시; 절대,3,HIGH,)이 있을 수 있습니다. 이런 경우 반드시 전문가의 진단을 받아야 합니다. 이렇게 하면 오히려 악,고위험 카테고리에서 강한 단정 다수 — 근거 없는 표현 수정 검토 필요
2026-08-12-housing-auto-f420ec,https://honsamnote.co.kr/blog/2026-08-12-housing-auto-f420ec/,housing,"혼자 사는 직장인, 집주인이 몰래 문 따고 들어왔다면? 내 사생활과 보증금 지키는 똑똑한 대처법",반드시; 절대,3,HIGH,임대인의 재산에 대한 변형이므로， 반드시 집주인과 미리 협의하고 동의를 받아야 합니다. 퇴거 시,고위험 카테고리에서 강한 단정 다수 — 근거 없는 표현 수정 검토 필요
2026-08-12-safety-auto-15ca61,https://honsamnote.co.kr/blog/2026-08-12-safety-auto-15ca61/,safety,"혼자 사는 당신, 갑자기 정전될 때? 배터리식 비상등 vs. 충전식 자가발전/태양광 비상등, 나에게 맞는 안전 선택은?",반드시; 절대,3,HIGH,놓고， 잠깐이라도 자리를 비울 때는 반드시 끄세요. 비용·시간·주의사항 비용: 건전지 교체형 비상,고위험 카테고리에서 강한 단정 다수 — 근거 없는 표현 수정 검토 필요
2026-08-13-cost-auto-b1e536,https://honsamnote.co.kr/blog/2026-08-13-cost-auto-b1e536/,cost,1인 가구 공구 비교｜멀티 공구 세트,반드시; 무조건; 즉시 해결,3,HIGH,의사항: 공구 사용 시 안전 수칙을 반드시 숙지해야 합니다. 보관 시에는 습기가 없는 곳에 두어,고위험 카테고리에서 강한 단정 다수 — 근거 없는 표현 수정 검토 필요
2026-08-13-housing-auto-5aa38a,https://honsamnote.co.kr/blog/2026-08-13-housing-auto-5aa38a/,housing,"혼자 사는 직장인, 택배 분실·도난 걱정으로 스트레스받지 마세요! 우리 집 현관 앞 택배 100% 안전하게 받는 현실적인 방법",가장 안전,3,HIGH,， 관리동 있는 오피스텔 거주 시) 가장 안전하고 확실한 방법입니다. 관리사무소나 경비실에 미리 택,고위험 카테고리에서 강한 단정 다수 — 근거 없는 표현 수정 검토 필요
2026-08-13-safety-auto-dcd18d,https://honsamnote.co.kr/blog/2026-08-13-safety-auto-dcd18d/,safety,"혼자 사는 당신, 비상식량·비상용 물, 어떻게 준비해야 할까? 시판 비상식량 키트 vs. DIY 식료품 로테이션, 나에게 맞는 안전 선택은?",반드시,3,HIGH,도 고려) 유통기한 확인: 구매 전 반드시 유통기한을 확인하고， 가능한 한 긴 유통기한의 제품을,고위험 카테고리에서 강한 단정 다수 — 근거 없는 표현 수정 검토 필요
2026-07-29-cost-1,https://honsamnote.co.kr/blog/2026-07-29-cost-1/,cost,"월급날 한숨만? 1인 가구 직장인의 한 달 고정비, 이대로 따라 하면 무조건 줄어듭니다",절대; 확실히,2,HIGH,게 이용하기 (필수 고정비 최적화) 절대 줄일 수 없는 필수 고정비라고 해서 손 놓을 필요는 없,고위험 카테고리에서 강한 단정 다수 — 근거 없는 표현 수정 검토 필요
2026-07-30-housing-49,https://honsamnote.co.kr/blog/2026-07-30-housing-49/,housing,퇴실청소 분쟁 체크리스트｜원상복구 의무,반드시,2,HIGH,부분 원상복구' 등 특약이 있는지 반드시 확인해야 합니다. 만약 계약서에 명확한 특약이 없다면,고위험 카테고리에서 강한 단정 다수 — 근거 없는 표현 수정 검토 필요
2026-07-30-safety-34,https://honsamnote.co.kr/blog/2026-07-30-safety-34/,safety,"혼자 사는 내가 갑자기 아플 때, 응급실 가기 전 챙길 물건 최소화 리스트",반드시; 무조건,2,HIGH,): 신분증: 건강보험 적용을 위해 반드시 필요하며， 본인 확인에도 사용됩니다. 모바일 신분증도,고위험 카테고리에서 강한 단정 다수 — 근거 없는 표현 수정 검토 필요
2026-07-30-safety-41,https://honsamnote.co.kr/blog/2026-07-30-safety-41/,safety,"혼자 사는 당신이 아프거나 연락 안 될 때: 위기 상황 대비 비상연락망, 이렇게 만드세요!",반드시,2,HIGH,나 민감한 건강 정보를 공유할 때는 반드시 신뢰를 바탕으로 최소한의 정보만 공유하고， 오용될 여지,고위험 카테고리에서 강한 단정 다수 — 근거 없는 표현 수정 검토 필요
2026-08-01-cost-auto-0d71f8,https://honsamnote.co.kr/blog/2026-08-01-cost-auto-0d71f8/,cost,"혼자 사는 직장인, 배달 앱 유료 멤버십, 나에게 진짜 이득일까? 손익분기점 계산해 후회 없이 결정하는 법",반드시,2,HIGH,명칭과 혜택은 변동될 수 있으므로， 반드시 각 앱에서 최신 정보를 확인하세요). 배달의민족 '배민,고위험 카테고리에서 강한 단정 다수 — 근거 없는 표현 수정 검토 필요
2026-08-01-cost-auto-e9d2d3,https://honsamnote.co.kr/blog/2026-08-01-cost-auto-e9d2d3/,cost,"혼자 사는 직장인, 새집 꾸밀 가전·가구, 사야 할까? 빌려야 할까? 후회 없는 결정 가이드",반드시,2,HIGH,용 기간과 중도 해지 위약금 규정을 반드시 확인하세요. 예상보다 일찍 이사할 경우 큰 손해가 될,고위험 카테고리에서 강한 단정 다수 — 근거 없는 표현 수정 검토 필요
2026-08-01-cost-auto-f9f9ca,https://honsamnote.co.kr/blog/2026-08-01-cost-auto-f9f9ca/,cost,"혼자 사는 직장인, 냉장고 속 음식물 쓰레기 없이 식비 절반으로 줄이는 3단계 장보기 & 보관 전략",반드시,2,HIGH,할 수 있습니다. 냉동 보관 시에는 반드시 구매일(또는 냉동 보관 시작일)을 라벨링하여 부착하세요,고위험 카테고리에서 강한 단정 다수 — 근거 없는 표현 수정 검토 필요
2026-08-01-safety-auto-1a5c71,https://honsamnote.co.kr/blog/2026-08-01-safety-auto-1a5c71/,safety,"혼자 사는 당신, 늦은 밤 현관문 비밀번호를 잊었거나 열쇠를 잃어버렸을 때 대처법",반드시,2,HIGH,발생했거나 추가 비용을 요구한다면 반드시 이유를 정확히 확인하고 이해한 후 결정하세요. 4단계:,고위험 카테고리에서 강한 단정 다수 — 근거 없는 표현 수정 검토 필요
2026-08-03-safety-auto-75476d,https://honsamnote.co.kr/blog/2026-08-03-safety-auto-75476d/,safety,1인 가구 지진 방법｜지진 대피 요령,반드시; 절대,2,HIGH,정보나 유언비어에 휩쓸리지 말고， 반드시 정부 기관(기상청， 행정안전부)에서 제공하는 공식 정보,고위험 카테고리에서 강한 단정 다수 — 근거 없는 표현 수정 검토 필요
2026-08-04-housing-auto-e8de0c,https://honsamnote.co.kr/blog/2026-08-04-housing-auto-e8de0c/,housing,"혼자 사는 직장인, 집주인/관리사무소의 갑작스러운 방문 요청, 내 사생활 지키며 똑똑하게 대처하는 법",무조건,2,HIGH,작스러운 방문 요청에 당황하셨다면， 무조건 '네'라고 답하기보다 일단 방문 목적의 정당성을 확인하,고위험 카테고리에서 강한 단정 다수 — 근거 없는 표현 수정 검토 필요
2026-08-04-safety-auto-3547d2,https://honsamnote.co.kr/blog/2026-08-04-safety-auto-3547d2/,safety,"혼자 사는 당신, 집에 불이 났을 때? 일반 vs. 스마트 화재경보기, 나에게 맞는 선택은?",반드시,2,HIGH,에 명시된 권장 설치 높이와 간격을 반드시 준수하세요. STEP 4: 설치 및 초기 설정 (스마트,고위험 카테고리에서 강한 단정 다수 — 근거 없는 표현 수정 검토 필요
2026-08-05-cost-auto-e4ec33,https://honsamnote.co.kr/blog/2026-08-05-cost-auto-e4ec33/,cost,"혼자 사는 직장인, 매달 쓰레기 봉투값도 아깝다면? 생활 폐기물 비용 줄이고 버리는 스트레스 없애는 법",반드시; 무조건,2,HIGH,레기 배출 시간， 요일， 장소 등은 반드시 거주 지역의 규정을 따라야 합니다. 위반 시 과태료가,고위험 카테고리에서 강한 단정 다수 — 근거 없는 표현 수정 검토 필요
2026-08-06-cost-auto-515c77,https://honsamnote.co.kr/blog/2026-08-06-cost-auto-515c77/,cost,"혼자 사는 직장인, 매년 이사 갈 때마다 막막하다면? 직접 vs 전문 이사 서비스, 후회 없는 결정 가이드",반드시; 무조건,2,HIGH,시간 등을 상세히 명시한 계약서를 반드시 받아야 합니다. 구두 계약은 분쟁의 씨앗입니다. 귀중품,고위험 카테고리에서 강한 단정 다수 — 근거 없는 표현 수정 검토 필요
2026-08-06-cost-auto-cfda8d,https://honsamnote.co.kr/blog/2026-08-06-cost-auto-cfda8d/,cost,"혼자 사는 직장인, 매일 마시는 커피값에 지갑이 텅 빈다면? 홈 카페 vs 외부 구매, 내게 맞는 경제적인 선택은?",무조건; 확실히,2,HIGH,지나친 절약으로 인한 스트레스: '무조건 집에서만 마셔야 해!'라는 강박에 사로잡혀 외부 커피를,고위험 카테고리에서 강한 단정 다수 — 근거 없는 표현 수정 검토 필요
2026-08-06-cost-auto-e2088d,https://honsamnote.co.kr/blog/2026-08-06-cost-auto-e2088d/,cost,"혼자 사는 직장인, 냉장고 속 '애매한' 남은 음식물, 버리기 아깝다면? 식비 절약하고 건강까지 챙기는 현명한 처리법",반드시; 무조건,2,HIGH,음식까지 상하게 할 수 있습니다. 반드시 충분히 식혀서 보관하세요. 체크리스트 [ ] 남은 음식,고위험 카테고리에서 강한 단정 다수 — 근거 없는 표현 수정 검토 필요
2026-08-06-cost-auto-e8c32b,https://honsamnote.co.kr/blog/2026-08-06-cost-auto-e8c32b/,cost,"혼자 사는 직장인, 예상치 못한 지출에 늘 불안하다면? 나만의 비상금 통장, 어떻게 만들어야 할까?",반드시; 절대,2,HIGH,방법입니다. 5단계: 사용 후에는 반드시 채워 넣기 만약 비상금을 사용했다면， 통장의 잔고를 다,고위험 카테고리에서 강한 단정 다수 — 근거 없는 표현 수정 검토 필요
2026-08-06-housing-auto-1870eb,https://honsamnote.co.kr/blog/2026-08-06-housing-auto-1870eb/,housing,"혼자 사는 직장인, 새 집 어디로 갈까? 빌라 vs 오피스텔 vs 아파트, 시간과 돈 아끼는 현명한 선택 가이드",반드시,2,HIGH,항목(인터넷， TV， 수도 등)을 반드시 확인하여 총 지출액을 정확히 계산하세요. 오피스텔은 전,고위험 카테고리에서 강한 단정 다수 — 근거 없는 표현 수정 검토 필요
2026-08-06-housing-auto-1a9827,https://honsamnote.co.kr/blog/2026-08-06-housing-auto-1a9827/,housing,"혼자 사는 직장인, 급하게 작은 짐 옮길 때? 카셰어링 탑차 vs 용달 서비스, 내 돈 아끼는 현명한 선택은?",반드시,2,HIGH,어렵거나， 짐이 많아 상하차 도움이 반드시 필요한 경우. 이동 거리가 다소 길거나， 물건 파손 위,고위험 카테고리에서 강한 단정 다수 — 근거 없는 표현 수정 검토 필요
2026-08-06-safety-auto-5817e5,https://honsamnote.co.kr/blog/2026-08-06-safety-auto-5817e5/,safety,1인가구 재난대비 체크리스트｜태풍 대비,절대,2,HIGH,출 자제: 강풍과 호우가 심할 때는 절대 외출하지 마세요. 특히 저지대나 하천 근처는 침수 위험,고위험 카테고리에서 강한 단정 다수 — 근거 없는 표현 수정 검토 필요
2026-08-06-safety-auto-a5c266,https://honsamnote.co.kr/blog/2026-08-06-safety-auto-a5c266/,safety,"혼자 사는 당신, 외출 중 갑자기 가스·누수 사고 걱정될 때? 스마트 가스 감지기 vs. 스마트 누수 센서, 나에게 맞는 원격 모니터링은?",완벽하게; 100%,2,HIGH,알려주는' 도구이지， 사고 자체를 '완벽하게 막아주는' 도구는 아닙니다. 알림을 받았을 때의 대처,고위험 카테고리에서 강한 단정 다수 — 근거 없는 표현 수정 검토 필요
2026-08-06-safety-auto-d2f981,https://honsamnote.co.kr/blog/2026-08-06-safety-auto-d2f981/,safety,"혼자 사는 당신, 늦은 밤 귀갓길 불안할 때? 호신용 경보기 vs. 스마트폰 호신 앱, 나에게 맞는 선택은?",무조건,2,HIGH,점이 명확하기 때문에， 어느 한쪽이 무조건 좋다고 단정할 수는 없습니다. 중요한 건 당신의 생활,고위험 카테고리에서 강한 단정 다수 — 근거 없는 표현 수정 검토 필요
2026-08-06-safety-auto-ec7c17,https://honsamnote.co.kr/blog/2026-08-06-safety-auto-ec7c17/,safety,"혼자 사는 당신, 겨울철 일산화탄소 걱정된다면? 일반형 vs. 스마트 CO 경보기, 나에게 맞는 안전 선택은?",반드시,2,HIGH,고려사항: KC 인증 마크 확인: 반드시 국내 안전 기준을 통과한 KC 인증 제품을 구매하세요.,고위험 카테고리에서 강한 단정 다수 — 근거 없는 표현 수정 검토 필요
2026-08-07-housing-auto-5dd703,https://honsamnote.co.kr/blog/2026-08-07-housing-auto-5dd703/,housing,"혼자 사는 직장인, 갑자기 이사 가야 하는데 다음 세입자 직접 구하라니? 계약 중도 해지 부담 줄이는 현실적인 방법",반드시,2,HIGH,: 낯선 사람에게 집을 보여줄 때는 반드시 안전에 유의하고， 귀중품 관리에 신경 써야 합니다. 대,고위험 카테고리에서 강한 단정 다수 — 근거 없는 표현 수정 검토 필요
2026-08-07-safety-auto-0d1c1b,https://honsamnote.co.kr/blog/2026-08-07-safety-auto-0d1c1b/,safety,인터넷 공유기 해킹 방법｜라우터 보안,반드시; 절대,2,HIGH,면 다시 해킹당할 위험이 높습니다. 반드시 위 해결 순서를 따른 후， 마지막 수단으로 고려하세요.,고위험 카테고리에서 강한 단정 다수 — 근거 없는 표현 수정 검토 필요
2026-08-07-safety-auto-22735c,https://honsamnote.co.kr/blog/2026-08-07-safety-auto-22735c/,safety,"혼자 사는 당신, 한밤중 반려동물 응급 상황 발생 시? 24시 동물병원 vs. 방문 진료 앱, 어떤 선택이 더 빠르고 안전할까?",반드시,2,HIGH,티나 블로그의 정보는 참고만 하고， 반드시 전문가인 수의사의 진단을 따르세요. 잘못된 자가 처치는,고위험 카테고리에서 강한 단정 다수 — 근거 없는 표현 수정 검토 필요
2026-08-08-cost-auto-123a00,https://honsamnote.co.kr/blog/2026-08-08-cost-auto-123a00/,cost,"혼자 사는 직장인, 매달 새는 통신비 아까울 때! 메이저 vs 알뜰폰, 내게 맞는 후회 없는 선택 가이드",반드시,2,HIGH,니， 평소 자주 이용한다면 가입 전 반드시 확인하세요. 자급제폰 + 알뜰폰 조합: 휴대폰 기기값과,고위험 카테고리에서 강한 단정 다수 — 근거 없는 표현 수정 검토 필요
2026-08-08-cost-auto-c1b0b5,https://honsamnote.co.kr/blog/2026-08-08-cost-auto-c1b0b5/,cost,"혼자 사는 직장인, 가끔 차 필요할 때마다 택시비 부담되고 대중교통 불편하다면? 카셰어링 vs 중고차 vs 렌터카, 내게 맞는 최적의 이동 수단 찾는 법",반드시,2,HIGH,계획이 필수입니다. 차량 구매 전 반드시 전문가와 동행하여 꼼꼼히 점검해야 합니다. 비용·시간·,고위험 카테고리에서 강한 단정 다수 — 근거 없는 표현 수정 검토 필요
2026-08-08-housing-auto-4e32dc,https://honsamnote.co.kr/blog/2026-08-08-housing-auto-4e32dc/,housing,"혼자 사는 직장인, 새집 입주 후 예상 못한 숨은 하자 발견! 내 권리 지키며 계약 조정하는 현실 가이드",반드시,2,HIGH,조치를 취할지 등 모든 협의 내용을 반드시 서면(문자， 이메일 등)으로 남겨두세요. 비용·시간·주,고위험 카테고리에서 강한 단정 다수 — 근거 없는 표현 수정 검토 필요
2026-08-08-safety-auto-55b509,https://honsamnote.co.kr/blog/2026-08-08-safety-auto-55b509/,safety,"혼자 사는 당신, 작은 부상에도 덜컥 겁나는 순간: DIY 구급상자 vs. 시판 기성품, 나에게 맞는 선택은?",반드시,2,HIGH,업 공통 필수품 (DIY든 시판이든 반드시 확인): 상처 소독 및 처치: 소독약(과산화수소， 포비,고위험 카테고리에서 강한 단정 다수 — 근거 없는 표현 수정 검토 필요
2026-08-08-safety-auto-71a5f3,https://honsamnote.co.kr/blog/2026-08-08-safety-auto-71a5f3/,safety,"혼자 사는 당신, 빈집털이 걱정될 때? DIY 스마트 보안 시스템 vs. 전문 경비 서비스, 나에게 맞는 선택은?",반드시; 무조건,2,HIGH,해지할 경우 발생하는 위약금 규정을 반드시 확인하세요. 출동 시간 및 서비스 품질: 실제 긴급 상,고위험 카테고리에서 강한 단정 다수 — 근거 없는 표현 수정 검토 필요
2026-08-08-safety-auto-9834c4,https://honsamnote.co.kr/blog/2026-08-08-safety-auto-9834c4/,safety,"혼자 사는 당신, 냉장고 속 식재료 유통기한 때문에 고민될 때: 식중독 걱정 없이 안전하게 관리하고 섭취하는 현실적인 방법",반드시; 무조건,2,HIGH,재료를 만지기 전후， 조리 전후에는 반드시 비누로 손을 깨끗이 씻는 습관을 들여야 합니다. 이렇게,고위험 카테고리에서 강한 단정 다수 — 근거 없는 표현 수정 검토 필요
2026-08-10-safety-auto-e68c91,https://honsamnote.co.kr/blog/2026-08-10-safety-auto-e68c91/,safety,바퀴벌레 방법｜바퀴벌레 퇴치,반드시; 완전 박멸,2,HIGH,않도록 주의합니다. 사용 설명서를 반드시 따르세요. 이웃집 피해: 아파트나 빌라 등 공동주택에,고위험 카테고리에서 강한 단정 다수 — 근거 없는 표현 수정 검토 필요
2026-08-13-housing-auto-0fa740,https://honsamnote.co.kr/blog/2026-08-13-housing-auto-0fa740/,housing,"혼자 사는 직장인, 보증금 떼일까 불안하다면? 전월세 보증보험 vs 셀프 대비, 내 돈 지키는 현명한 선택 가이드",반드시,2,HIGH,어렵거나， 빚이 많은 집주인이라면 반드시 가입을 추천합니다. 심리적 안정감을 중요하게 여기는 경,고위험 카테고리에서 강한 단정 다수 — 근거 없는 표현 수정 검토 필요
2026-08-07-cleaning-auto-5100a8,https://honsamnote.co.kr/blog/2026-08-07-cleaning-auto-5100a8/,cleaning,"혼자 사는 당신, '드라이클리닝 전용' 라벨 옷, 세탁소 없이 집에서 안전하게 세탁하는 현실 가이드",반드시; 무조건; 절대; 가장 안전,13,MEDIUM,세테이트， 큐프라 등. 이 소재들은 반드시 중성세제를 사용한 찬물 또는 미지근한 물의 손세탁으로,단정 표현 존재 — 맥락 확인 후 필요시 완화
2026-08-10-cleaning-auto-6e0644,https://honsamnote.co.kr/blog/2026-08-10-cleaning-auto-6e0644/,cleaning,"혼자 사는 당신, 아끼던 옷에 갑자기 얼룩이 묻었다면? 5분 만에 황금 골든타임을 잡는 응급처치와 완벽 제거 현실 가이드",반드시; 완벽하게; 절대; 가장 안전; 완전히 제거,12,MEDIUM,성분 얼룩은 뜨거운 물에 응고되므로 반드시 찬물을 사용해야 합니다. 오염 부위 고립: 얼룩이 더,단정 표현 존재 — 맥락 확인 후 필요시 완화
2026-08-12-cleaning-auto-85acce,https://honsamnote.co.kr/blog/2026-08-12-cleaning-auto-85acce/,cleaning,창문 청소 비교｜유리창 청소,반드시; 무조건; 완벽하게; 절대,12,MEDIUM,절대 무리하게 몸을 내밀지 마세요. 반드시 튼튼한 사다리나 발판을 이용하고， 넘어지지 않도록 주의,단정 표현 존재 — 맥락 확인 후 필요시 완화
2026-08-01-cleaning-auto-2b8bbd,https://honsamnote.co.kr/blog/2026-08-01-cleaning-auto-2b8bbd/,cleaning,"출근길 커피 얼룩, 퇴근 후 저녁 식사 흔적? 혼자 사는 당신의 옷 얼룩, 망치지 않고 빠르게 지우는 법",반드시; 절대; 완전히 제거,10,MEDIUM,닿으면 응고되어 고착될 수 있으므로 반드시 찬물을 사용해야 합니다. 색소 얼룩 (김치 국물， 카레,단정 표현 존재 — 맥락 확인 후 필요시 완화
2026-07-30-storage-21,https://honsamnote.co.kr/blog/2026-07-30-storage-21/,storage,"현관 열자마자 꿉꿉한 냄새? 1인 가구 신발장 냄새, 근본부터 해결하는 현실 관리법",반드시; 완벽하게; 절대,9,MEDIUM,각하거나 오랫동안 청소하지 않았다면 반드시 거쳐야 합니다. 신발장 비우기: 안에 있는 모든 신발을,단정 표현 존재 — 맥락 확인 후 필요시 완화
2026-08-04-cleaning-auto-123d17,https://honsamnote.co.kr/blog/2026-08-04-cleaning-auto-123d17/,cleaning,"혼자 사는 당신, 아끼던 니트/티셔츠가 빨래 후 줄어들거나 늘어났다고? 망가진 옷 되살리고 예방하는 현실적인 솔루션",반드시; 완벽하게; 100%; 절대,9,MEDIUM,벨 필독: 세탁 전 옷 안쪽 라벨을 반드시 확인하세요. 물 온도， 세탁 방식(손세탁/드라이클리닝),단정 표현 존재 — 맥락 확인 후 필요시 완화
2026-08-06-products-auto-a2fa71,https://honsamnote.co.kr/blog/2026-08-06-products-auto-a2fa71/,products,1인 가구 에어컨 기준｜에어컨 냄새,반드시; 완벽하게,9,MEDIUM,): 전문 장비와 기술이 필요하므로 반드시 전문 업체를 불러야 합니다. 1년 이내 사용한 에어컨:,단정 표현 존재 — 맥락 확인 후 필요시 완화
2026-08-07-storage-auto-18dbcb,https://honsamnote.co.kr/blog/2026-08-07-storage-auto-18dbcb/,storage,1인 가구 자전거 비교｜원룸 자전거 보관,반드시; 완벽하게; 절대,9,MEDIUM,리를 줄 수 있으므로 하중 지지력을 반드시 확인해야 합니다. 벽걸이형을 사야 하는 사람: 자가 주,단정 표현 존재 — 맥락 확인 후 필요시 완화
2026-08-08-cleaning-auto-a4c61f,https://honsamnote.co.kr/blog/2026-08-08-cleaning-auto-a4c61f/,cleaning,"혼자 사는 당신, 가습기/제습기 속 검은 물때와 퀴퀴한 냄새? 15분 만에 세균 걱정 없이 쾌적하게 만드는 현실 솔루션",반드시; 절대; 완전히 제거,9,MEDIUM,최우선입니다. 청소를 시작하기 전에 반드시 전원을 끄고 콘센트에서 플러그를 뽑으세요. A. 가습기,단정 표현 존재 — 맥락 확인 후 필요시 완화
2026-08-08-products-auto-3477b8,https://honsamnote.co.kr/blog/2026-08-08-products-auto-3477b8/,products,"혼자 사는 직장인, 퇴근 후 좁은 집 공기가 답답하고 쾨쾨하다면? 1인 가구 맞춤 공기청정기, '이 3가지' 따져보고 고르세요!",반드시; 무조건; 완벽하게,9,MEDIUM,스를 제거하는 활성탄(탈취) 필터가 반드시 포함된 제품을 고르세요. 필터 구성이 복합적일수록 좋습,단정 표현 존재 — 맥락 확인 후 필요시 완화
2026-08-09-cleaning-auto-117267,https://honsamnote.co.kr/blog/2026-08-09-cleaning-auto-117267/,cleaning,실리콘 곰팡이 제거 알아보기｜욕실 곰팡이,반드시; 절대; 완전히 제거,9,MEDIUM,계 성분을 포함하는 경우가 많으므로 반드시 고무장갑과 마스크를 착용해 피부와 호흡기를 보호하세요.,단정 표현 존재 — 맥락 확인 후 필요시 완화
2026-07-30-products-56,https://honsamnote.co.kr/blog/2026-07-30-products-56/,products,"빈집 걱정 끝! 1인 가구를 위한 가정용 보안카메라, 이 5가지만 보고 고르세요",반드시; 무조건; 절대,8,MEDIUM,도 등 공용 공간을 비추는 경우라면 반드시 법적 문제를 확인하고 주변 이웃과의 충분한 합의가 필요,단정 표현 존재 — 맥락 확인 후 필요시 완화
2026-07-31-cleaning-79,https://honsamnote.co.kr/blog/2026-07-31-cleaning-79/,cleaning,"주말 순삭하는 청소 지옥? 1인 가구, 정기 청소 vs 직접 청소 딱 맞는 답 찾는 법",반드시; 완벽하게; 100%,8,MEDIUM,적이지만， 현실적으로는 어렵습니다. 반드시 깨끗해야 하는 곳: 침실 (숙면)， 화장실 (위생)，,단정 표현 존재 — 맥락 확인 후 필요시 완화
2026-08-01-cleaning-auto-b67a07,https://honsamnote.co.kr/blog/2026-08-01-cleaning-auto-b67a07/,cleaning,1인 가구 세탁 비교｜대형 이불 세탁,반드시; 무조건; 완벽하게; 절대,8,MEDIUM,상되거나 부풀림이 줄어들 수 있으니 반드시 저온 건조나 섬세 건조 코스를 이용하세요. 세탁물 분실,단정 표현 존재 — 맥락 확인 후 필요시 완화
2026-08-01-food-auto-2c9171,https://honsamnote.co.kr/blog/2026-08-01-food-auto-2c9171/,food,"1인 가구 직장인, 대형마트 대용량 식재료 앞에서 망설일 때? 현명하게 구매하고 다 쓰는 전략",반드시; 확실히,8,MEDIUM,크게 높아집니다. 구매 목록 작성: 반드시 필요한 식재료만 목록에 적고， 대용량 구매를 고려하는,단정 표현 존재 — 맥락 확인 후 필요시 완화
2026-08-03-food-auto-b8f8a0,https://honsamnote.co.kr/blog/2026-08-03-food-auto-b8f8a0/,food,"1인 가구 직장인, 신선한 고기·생선 한 팩이 부담될 때? 버리지 않고 맛있게 즐기는 구매부터 소분, 냉동 보관까지의 현실적인 루틴",완벽하게; 절대; 가장 안전,8,MEDIUM,이 가장 이상적입니다. 밀폐 용기: 완벽하게 밀폐되는 유리나 플라스틱 용기를 활용해도 좋습니다. 단,단정 표현 존재 — 맥락 확인 후 필요시 완화
2026-08-03-storage-auto-45d4eb,https://honsamnote.co.kr/blog/2026-08-03-storage-auto-45d4eb/,storage,1인 가구 수납 비교｜좁은 집 이불,반드시; 완벽하게; 절대,8,MEDIUM,및 건조: 보관 전 모든 침구류는 반드시 세탁하고 완벽하게 건조해야 합니다. 습기가 남아있으면,단정 표현 존재 — 맥락 확인 후 필요시 완화
2026-08-05-products-auto-8d663c,https://honsamnote.co.kr/blog/2026-08-05-products-auto-8d663c/,products,"혼자 사는 직장인, 퇴근 후 드라이클리닝 번거롭다면? 동네 세탁소 vs 세탁 앱 vs 홈케어, 내게 맞는 선택은?",반드시; 100%; 절대,8,MEDIUM,다. 의류 라벨의 세탁 지시 사항을 반드시 확인하세요. 오염의 정도: 단순한 구김 제거， 옷에 밴,단정 표현 존재 — 맥락 확인 후 필요시 완화
2026-08-06-cleaning-auto-467d7f,https://honsamnote.co.kr/blog/2026-08-06-cleaning-auto-467d7f/,cleaning,전동청소솔 비교｜손청소도구,반드시; 무조건,8,MEDIUM,X 등급이 높은 완전 방수 제품인지 반드시 확인해야 합니다. 낮은 등급의 제품은 고장의 원인이 될,단정 표현 존재 — 맥락 확인 후 필요시 완화
2026-08-06-cleaning-auto-f4b529,https://honsamnote.co.kr/blog/2026-08-06-cleaning-auto-f4b529/,cleaning,"혼자 사는 당신, 빨래 망치는 습관 아직도? 옷감 손상 없이 세탁하는 스마트 분리 세탁법",반드시; 무조건; 절대; 가장 안전,8,MEDIUM,류)은 물 빠짐이 심할 수 있으므로 반드시 단독 세탁하거나 같은 계열 진한 색상 옷끼리만 모아서,단정 표현 존재 — 맥락 확인 후 필요시 완화
2026-08-08-cleaning-auto-4d4ce4,https://honsamnote.co.kr/blog/2026-08-08-cleaning-auto-4d4ce4/,cleaning,싱크대 냄새 제거 알아보기｜싱크대 물 빠짐,반드시; 절대,8,MEDIUM,독가스가 발생하여 매우 위험합니다. 반드시 단독으로 사용해야 합니다. 4단계: 뜨거운 물로 헹궈내,단정 표현 존재 — 맥락 확인 후 필요시 완화
2026-08-09-cleaning-auto-e21eb5,https://honsamnote.co.kr/blog/2026-08-09-cleaning-auto-e21eb5/,cleaning,"혼자 사는 당신, 잠자리가 꿉꿉하고 간지럽다면? 매트리스 위생, 딱 30분이면 충분합니다!",반드시; 완벽하게; 절대; 가장 안전,8,MEDIUM,으니 관리에 더 신경 써야 합니다. 반드시 구매 시 제공된 제품 관리 설명서를 참고하세요. 전문,단정 표현 존재 — 맥락 확인 후 필요시 완화
2026-08-14-cleaning-auto-0fc7dd,https://honsamnote.co.kr/blog/2026-08-14-cleaning-auto-0fc7dd/,cleaning,"혼자 사는 당신, 에어컨에서 퀴퀴한 냄새가 나고 시원하지 않다고요? 딱 20분, 필터 청소로 냉방 효율 높이고 전기료 아끼는 현실 솔루션",반드시; 완벽하게; 절대,8,MEDIUM,중요!): 감전 위험 방지를 위해 반드시 에어컨 전원 코드를 뽑거나 차단기를 내립니다. 청소 중,단정 표현 존재 — 맥락 확인 후 필요시 완화
2026-07-30-cleaning-28,https://honsamnote.co.kr/blog/2026-07-30-cleaning-28/,cleaning,"퇴근 후 급하게 돌린 빨래, 쉰 냄새 고민 끝! 1인 가구를 위한 초간단 세탁 관리법",반드시; 절대; 확실히; 완전히 제거,7,MEDIUM,에 변형되거나 수축될 수 있습니다. 반드시 옷 안쪽의 섬유 라벨을 확인하고 적정 온도를 지켜주세요,단정 표현 존재 — 맥락 확인 후 필요시 완화
2026-07-31-cleaning-68,https://honsamnote.co.kr/blog/2026-07-31-cleaning-68/,cleaning,"퇴근 후 발견한 화장실 날벌레, 하룻밤 만에 뿌리 뽑는 현실적인 초고속 퇴치법",반드시; 완벽하게; 100%; 절대,7,MEDIUM,합니다. Tip: 락스 사용 시에는 반드시 환기를 충분히 하고， 고무장갑을 착용하세요. 산성 세제,단정 표현 존재 — 맥락 확인 후 필요시 완화
2026-08-01-products-auto-7e3829,https://honsamnote.co.kr/blog/2026-08-01-products-auto-7e3829/,products,"혼자 사는 직장인, 가구·가전제품 폐기 막막하다면? 대형 폐기물 현명하게 버리는 4가지 방법 비교",반드시; 무조건,7,MEDIUM,처리 대상이 아닌 경우가 많으니， 반드시 지자체에 문의해야 합니다. 사용 가능 여부: 망가지지,단정 표현 존재 — 맥락 확인 후 필요시 완화
2026-08-06-products-auto-44e274,https://honsamnote.co.kr/blog/2026-08-06-products-auto-44e274/,products,1인 가구 인터넷 비교｜인터넷 요금제 비교,반드시; 무조건,7,MEDIUM,우가 있습니다. 이 부분은 계약 전 반드시 확인해야 합니다. 해결 순서 혼자 사는 직장인이 인터넷,단정 표현 존재 — 맥락 확인 후 필요시 완화
2026-08-06-storage-auto-5477a3,https://honsamnote.co.kr/blog/2026-08-06-storage-auto-5477a3/,storage,1인 가구 다림질 비교｜좁은 집 다리미,반드시; 무조건; 완벽하게,7,MEDIUM,야 합니다. 옷감 확인: 다림질 전 반드시 옷 안쪽 라벨을 확인하여 적정 온도(다리미) 또는 스팀,단정 표현 존재 — 맥락 확인 후 필요시 완화
2026-08-07-products-auto-0e769c,https://honsamnote.co.kr/blog/2026-08-07-products-auto-0e769c/,products,"혼자 사는 직장인, 좁은 주방 조리 기구 선택에 고민된다면? 1인 가구 인덕션 vs 휴대용 가스레인지, 내게 맞는 최적의 선택은?",반드시; 절대,7,MEDIUM,2000W 이상 되는 경우가 많으니 반드시 확인) 소음: 작동 시 팬 소음이 발생할 수 있습니다.,단정 표현 존재 — 맥락 확인 후 필요시 완화
2026-08-13-food-auto-f7b0fc,https://honsamnote.co.kr/blog/2026-08-13-food-auto-f7b0fc/,food,"혼자 사는 직장인, 대용량 장류(고추장, 된장, 간장) 앞에서 망설일 때: 냉장고 공간, 맛, 위생 다 잡는 현명한 구매부터 보관, 활용법",반드시; 무조건; 확실히,7,MEDIUM,대용량을 구매했다면， 1인 가구는 반드시 ‘개봉 즉시 소분 보관’과 ‘빠른 회전율’을 핵심으로,단정 표현 존재 — 맥락 확인 후 필요시 완화
2026-08-13-products-auto-8b83e4,https://honsamnote.co.kr/blog/2026-08-13-products-auto-8b83e4/,products,"혼자 사는 직장인, 퇴근 후 현관문 앞에서 열쇠 잃어버렸거나 도어락 고장났다면? 1인 가구 긴급 문 개방/수리, 현명하게 대처하는 법",반드시; 절대,7,MEDIUM,부담이 달라집니다. 전월세의 경우 반드시 임대인에게 먼저 알리고 협의해야 합니다. 비용과 시간:,단정 표현 존재 — 맥락 확인 후 필요시 완화
2026-08-14-products-auto-da7759,https://honsamnote.co.kr/blog/2026-08-14-products-auto-da7759/,products,"혼자 사는 직장인, 혹시 모를 사고에 내 보증금·월세 가구 지켜줄 '이 보험' 꼭 확인하세요!",반드시,7,MEDIUM,도로 가입할 필요가 없을 수 있으니 반드시 확인하세요. 2단계: 나에게 필요한 보장 범위 결정 현,단정 표현 존재 — 맥락 확인 후 필요시 완화
2026-07-30-cleaning-27,https://honsamnote.co.kr/blog/2026-07-30-cleaning-27/,cleaning,"혼자 사는 당신, 샤워실 배수구 냄새? 퇴근 후 15분 만에 잡는 법",반드시; 100%; 절대,6,MEDIUM,환풍기를 돌려 욕실을 환기시키고， 반드시 고무장갑을 착용합니다. 맨손으로 작업하면 세균 감염의,단정 표현 존재 — 맥락 확인 후 필요시 완화
2026-07-30-products-58,https://honsamnote.co.kr/blog/2026-07-30-products-58/,products,"퇴근 후 지친 1인 가구 직장인, 쌓여가는 먼지 속에서 해방! 청소대행 서비스, 현명하게 선택하는 법",반드시; 무조건; 완벽하게,6,MEDIUM,: 만약의 사태에 대비하여 청소 전 반드시 귀중품은 따로 보관하거나 잠금장치가 있는 곳에 두세요.,단정 표현 존재 — 맥락 확인 후 필요시 완화
2026-07-31-cleaning-74,https://honsamnote.co.kr/blog/2026-07-31-cleaning-74/,cleaning,"퇴근 후 빨래에서 쉰 냄새가 난다고? 세탁기 속 퀴퀴한 곰팡이 냄새, 이렇게 없애세요!",반드시; 절대,6,MEDIUM,문 열어두기: 세탁이 끝난 후에는 반드시 세탁기 문을 활짝 열어 세탁조 내부를 건조하게 유지해야,단정 표현 존재 — 맥락 확인 후 필요시 완화
2026-08-01-storage-auto-c94563,https://honsamnote.co.kr/blog/2026-08-01-storage-auto-c94563/,storage,"퇴근 후 1인 가구, 현관문 열자마자 어지럽다면? 1평 현관, '비우는 공간'으로 만드는 현실 수납법",반드시; 무조건; 완벽하게; 절대,6,MEDIUM,정말' 필요한 물건인가?: 외출 시 반드시 필요하거나， 외출 직후 반드시 처리해야 할 물건(키，,단정 표현 존재 — 맥락 확인 후 필요시 완화
2026-08-03-cleaning-auto-fd154a,https://honsamnote.co.kr/blog/2026-08-03-cleaning-auto-fd154a/,cleaning,"혼자 사는 당신, 퇴근 후 전자레인지 속 찌든 때? 냄새와 얼룩, 10분 만에 새것처럼 되돌리는 초간단 청소법",반드시; 완벽하게; 절대,6,MEDIUM,용기를 꺼낼 때나 내부를 닦을 때 반드시 두꺼운 장갑이나 행주를 이용하세요. 전원 콘센트 확인:,단정 표현 존재 — 맥락 확인 후 필요시 완화
2026-08-04-cleaning-auto-99cb94,https://honsamnote.co.kr/blog/2026-08-04-cleaning-auto-99cb94/,cleaning,"혼자 사는 당신, 퇴근 후 끈적이는 바닥? 손 걸레질 vs 스팀 청소기, 후회 없는 선택 기준",반드시; 완벽하게; 절대,6,MEDIUM,. 걸레 위생 관리: 사용한 걸레는 반드시 즉시 세탁하고 햇볕에 말려 살균하세요. 세탁기 사용 시,단정 표현 존재 — 맥락 확인 후 필요시 완화
2026-08-04-food-auto-8d3bfc,https://honsamnote.co.kr/blog/2026-08-04-food-auto-8d3bfc/,food,"1인 가구 직장인, 마트에서 산 감자 싹 나고 양파 물러질 때, 버릴까 말까? 알뜰하게 살리고 안전하게 먹는 법",반드시; 무조건; 확실히; 완전히 제거,6,MEDIUM,서로 에틸렌 가스에 영향을 주므로， 반드시 따로 보관해야 합니다. 손질 후 보관: 껍질을 벗겨 자,단정 표현 존재 — 맥락 확인 후 필요시 완화
2026-08-05-cleaning-auto-b9c84f,https://honsamnote.co.kr/blog/2026-08-05-cleaning-auto-b9c84f/,cleaning,"혼자 사는 당신, 답답한 원룸 창문 밖 뿌연 먼지와 물때? 딱 30분, 안전하게 시야 트는 초간단 청소법",반드시; 절대; 완전히 제거,6,MEDIUM,지 않는 의자나 사다리를 사용하고， 반드시 안전하게 고정되었는지 확인하세요. 청소 중에는 다른 생,단정 표현 존재 — 맥락 확인 후 필요시 완화
2026-08-06-cleaning-auto-643cdf,https://honsamnote.co.kr/blog/2026-08-06-cleaning-auto-643cdf/,cleaning,"혼자 사는 당신, 이사/대청소 후 버릴 곳 없는 가구·가전·매트리스? 10분 만에 깔끔하게 처리하는 현실 가이드",반드시; 절대,6,MEDIUM,로 폐기물을 처리하는 경우가 있으니 반드시 정식 허가 업체인지 확인해야 합니다. 비용·시간·주의사,단정 표현 존재 — 맥락 확인 후 필요시 완화
2026-08-06-cleaning-auto-eb5789,https://honsamnote.co.kr/blog/2026-08-06-cleaning-auto-eb5789/,cleaning,"혼자 사는 당신, 매일 쓰는 세탁기, 속까지 깨끗하게 관리하고 있나요? 세탁 효율 높이고 고장 막는 구석구석 청소 가이드",반드시; 완전히 제거,6,MEDIUM,사용 중인 세탁기의 제품 설명서를 반드시 확인하는 것입니다. 필터 위치， 분리 방법， 권장 통세,단정 표현 존재 — 맥락 확인 후 필요시 완화
2026-08-06-products-auto-17f494,https://honsamnote.co.kr/blog/2026-08-06-products-auto-17f494/,products,"혼자 사는 직장인, 구겨진 옷 때문에 출근길 스트레스받는다면? 1인 가구 스팀다리미 vs 의류관리기, 내게 맞는 최적의 선택은?",반드시; 무조건,6,MEDIUM,현실적인 비용， 소요 시간， 그리고 반드시 알아야 할 주의사항을 정리했습니다. 비용 핸디형 스팀다,단정 표현 존재 — 맥락 확인 후 필요시 완화
2026-08-06-products-auto-6e0ac5,https://honsamnote.co.kr/blog/2026-08-06-products-auto-6e0ac5/,products,1인 가구 이사 비용 정리｜이사 서비스,반드시; 무조건,6,MEDIUM,계약서 작성: 구두 계약은 피하고， 반드시 서면 계약서를 작성하여 서비스 내용， 비용， 보상 기준,단정 표현 존재 — 맥락 확인 후 필요시 완화
2026-08-07-cleaning-auto-21d8af,https://honsamnote.co.kr/blog/2026-08-07-cleaning-auto-21d8af/,cleaning,다림질 매트 비교｜다리미판,반드시; 절대,6,MEDIUM,거나 방치하지 마세요. 사용 후에는 반드시 전원 코드를 뽑고， 다리미가 완전히 식은 후 보관해야,단정 표현 존재 — 맥락 확인 후 필요시 완화
2026-08-07-cleaning-auto-d3c72b,https://honsamnote.co.kr/blog/2026-08-07-cleaning-auto-d3c72b/,cleaning,변기 얼룩 제거 알아보기｜변기 물때 청소,반드시; 절대; 가장 안전; 완전히 제거,6,MEDIUM,부터 피부와 호흡기를 보호하기 위해 반드시 고무장갑을 착용하고， 화장실 문과 창문을 활짝 열어 환,단정 표현 존재 — 맥락 확인 후 필요시 완화
2026-08-07-cleaning-auto-e52e72,https://honsamnote.co.kr/blog/2026-08-07-cleaning-auto-e52e72/,cleaning,커튼 먼지 제거 알아보기｜커튼 세탁 주기,반드시; 무조건; 완벽하게; 가장 안전,6,MEDIUM,단이 손상되거나 변형될 수 있으므로 반드시 제품 라벨의 세탁 방법을 확인해야 합니다. 라벨이 없다,단정 표현 존재 — 맥락 확인 후 필요시 완화
2026-08-07-storage-auto-613d62,https://honsamnote.co.kr/blog/2026-08-07-storage-auto-613d62/,storage,"1인 가구 직장인, 계절 바뀌는 좁은 옷장 '철 지난 옷' 때문에 스트레스라면? 손상 없이 깔끔하게 보관하는 현실 수납법",반드시; 무조건; 완벽하게; 절대,6,MEDIUM,됩니다. 완벽 건조: 세탁 후에는 반드시 완벽하게 건조해야 합니다. 덜 마른 옷을 보관하면 곰팡,단정 표현 존재 — 맥락 확인 후 필요시 완화
2026-08-08-cleaning-auto-176b73,https://honsamnote.co.kr/blog/2026-08-08-cleaning-auto-176b73/,cleaning,밥솥 냄새 알아보기｜밥솥 밥맛,반드시; 완벽하게; 절대; 가장 안전,6,MEDIUM,기 가장 먼저 밥솥의 전원 플러그를 반드시 뽑아주세요. 감전의 위험이 있습니다. 그 다음， 내솥을,단정 표현 존재 — 맥락 확인 후 필요시 완화
2026-08-09-products-auto-b63f8d,https://honsamnote.co.kr/blog/2026-08-09-products-auto-b63f8d/,products,"혼자 사는 직장인, 좁은 집 꽉 찬 옷장, 계절 옷 수납 때문에 골치 아프다면? 1인 가구 맞춤 계절 옷 보관, 이 3가지 방법으로 공간을 되찾으세요!",반드시; 완벽하게,6,MEDIUM,활용법: 세탁/건조: 보관할 옷은 반드시 깨끗하게 세탁하고 완전히 건조해야 합니다. 습기는 곰팡,단정 표현 존재 — 맥락 확인 후 필요시 완화
2026-08-10-food-auto-b034b3,https://honsamnote.co.kr/blog/2026-08-10-food-auto-b034b3/,food,"혼자 사는 직장인, 점심 도시락 망설일 때: 귀찮음 없이 매일 든든한 '나만의 스마트 도시락' 만드는 법",반드시; 완벽하게; 가장 안전,6,MEDIUM,기가 차 세균이 번식하기 쉽습니다. 반드시 완전히 식힌 후 용기에 담아 밀봉하세요. 특히 전날 저,단정 표현 존재 — 맥락 확인 후 필요시 완화
2026-08-11-food-auto-a86ad1,https://honsamnote.co.kr/blog/2026-08-11-food-auto-a86ad1/,food,"혼자 사는 직장인, 빵 한 팩 앞에서 망설일 때: 버리지 않고 끝까지 촉촉하게 즐기는 구매부터 보관, 활용법",반드시; 완벽하게; 절대,6,MEDIUM,있습니다. 대용량 제품을 살 때는 반드시 냉동 보관을 전제로 해야 합니다. 해결 순서 혼자 사는,단정 표현 존재 — 맥락 확인 후 필요시 완화
2026-08-11-products-auto-056afc,https://honsamnote.co.kr/blog/2026-08-11-products-auto-056afc/,products,"혼자 사는 직장인, 집 비울 때나 혼자 있을 때 우리 집 보안 걱정된다면? 1인 가구 홈 CCTV vs. 전문 보안 서비스, 내게 맞는 최적의 선택은?",반드시; 무조건,6,MEDIUM,동과 경찰 신고 등 전문가의 개입이 반드시 필요하다고 생각하는 경우. 보안 시스템 설치 및 관리에,단정 표현 존재 — 맥락 확인 후 필요시 완화
2026-08-13-products-auto-ae3976,https://honsamnote.co.kr/blog/2026-08-13-products-auto-ae3976/,products,"혼자 사는 직장인, 옆집 소음에 잠 못 이루거나 내 소음이 혹시 피해줄까 불안하다면? 1인 가구 맞춤 층간/벽간 소음 해결, 이 3단계로 조용하고 편안한 나만의 공간 만들기!",반드시; 완벽하게,6,MEDIUM,나 영구적인 시설물을 설치하기 전에 반드시 임대인이나 관리사무소에 확인해야 합니다. 나중에 원상복,단정 표현 존재 — 맥락 확인 후 필요시 완화
2026-07-30-food-12,https://honsamnote.co.kr/blog/2026-07-30-food-12/,food,"혼자 사는 당신, 냉장고 속 남은 음식 버릴지 말지 망설일 때, 안전하고 맛있게 활용하는 법",반드시; 무조건; 절대; 가장 안전,5,MEDIUM,다. 충분한 재가열: 재활용 시에는 반드시 75°C 이상으로 충분히 가열하여 섭취해야 합니다. 특,단정 표현 존재 — 맥락 확인 후 필요시 완화
2026-07-30-lifestyle-64,https://honsamnote.co.kr/blog/2026-07-30-lifestyle-64/,lifestyle,"퇴근 후 무기력함에 지친 1인 가구 직장인, 잠들기 전 2시간으로 내일을 바꾸는 저녁 루틴",무조건; 완벽하게; 100%; 절대,5,MEDIUM,나를 위한 것: 타인의 멋진 루틴을 무조건 따라 하기보다， 나의 생활 패턴， 체력， 취향을 반영하,단정 표현 존재 — 맥락 확인 후 필요시 완화
2026-07-30-products-51,https://honsamnote.co.kr/blog/2026-07-30-products-51/,products,"꿉꿉한 빨래, 좁은 방에 널지 마세요! 1인 가구 직장인을 위한 미니 건조기, 실패 없이 선택하는 법",반드시; 무조건,5,MEDIUM,수 있습니다. 제품의 실측 크기를 반드시 확인하여 설치할 공간에 무리 없이 들어가는지 확인해야,단정 표현 존재 — 맥락 확인 후 필요시 완화
2026-07-30-storage-17,https://honsamnote.co.kr/blog/2026-07-30-storage-17/,storage,"직장인 원룸러, 좁은 집도 넓게 쓰는 '침실-거실' 공간분리 현실 가이드",반드시; 무조건; 확실히,5,MEDIUM,영구적인 시설물을 설치하기 전에는 반드시 임대인에게 문의하고， 계약서의 원상복구 의무 조항을 확,단정 표현 존재 — 맥락 확인 후 필요시 완화
2026-07-31-products-76,https://honsamnote.co.kr/blog/2026-07-31-products-76/,products,"자취생, 퇴근 후 음식물쓰레기 악취 탈출? 우리집에 딱 맞는 처리기 고르는 법",반드시,5,MEDIUM,음이 발생할 수 있습니다. 선택 전 반드시 고려해야 할 판단 기준: 음식물 쓰레기 발생량과 주기:,단정 표현 존재 — 맥락 확인 후 필요시 완화
2026-08-01-cleaning-auto-84665e,https://honsamnote.co.kr/blog/2026-08-01-cleaning-auto-84665e/,cleaning,"혼자 사는 직장인, 좁은 원룸 쓰레기 산? 악취 없이 깔끔하게 버리는 스마트 분리배출 루틴",반드시; 무조건; 완벽하게,5,MEDIUM,체 관리 규정이 있는 경우가 많으니 반드시 관리사무소에 문의하거나 게시물을 확인하세요. (예: 특,단정 표현 존재 — 맥락 확인 후 필요시 완화
2026-08-01-products-auto-4d32dc,https://honsamnote.co.kr/blog/2026-08-01-products-auto-4d32dc/,products,"퇴근 후 쌓인 설거지, 스트레스받지 마세요! 1인 가구에 딱 맞는 식기세척기, 현명하게 고르는 법",반드시; 무조건,5,MEDIUM,도하게 발생하여 고장의 원인이 되니 반드시 전용 세제를 사용해야 합니다. 전기세/수도세: 제품마다,단정 표현 존재 — 맥락 확인 후 필요시 완화
2026-08-03-products-auto-c75a1a,https://honsamnote.co.kr/blog/2026-08-03-products-auto-c75a1a/,products,"혼자 사는 직장인, 퇴근 후 집에서 사소한 고장 발견 시 전문가 부를까 직접 고칠까?",반드시; 무조건; 절대,5,MEDIUM,꼭지 패킹을 교체하는 등) 수리 전 반드시 안전을 확보하세요. 전기 관련 문제라면 두꺼비집의 해당,단정 표현 존재 — 맥락 확인 후 필요시 완화
2026-08-05-food-auto-1636b6,https://honsamnote.co.kr/blog/2026-08-05-food-auto-1636b6/,food,"혼자 사는 직장인, 직접 요리한 음식 식탁에 뒀거나 여러 번 데워 먹을 때: 배탈 없이 안전하게 먹을 현실적인 기준",무조건; 100%; 가장 안전,5,MEDIUM,이상하다고 느껴진다면 아까워 말고 무조건 버리세요. 당신의 건강과 다음 날 출근이 더 중요합니다,단정 표현 존재 — 맥락 확인 후 필요시 완화
2026-08-05-food-auto-c06744,https://honsamnote.co.kr/blog/2026-08-05-food-auto-c06744/,food,"1인 가구 직장인, 요리에 쓰고 남은 신선 허브, 시들기 전에 이렇게 하세요! 버리지 않고 오래 쓰는 보관법",완벽하게,5,MEDIUM,물에 가볍게 흔들어 씻은 후 물기를 완벽하게 제거해야 합니다. 물기가 남아있으면 오히려 곰팡이가 생,단정 표현 존재 — 맥락 확인 후 필요시 완화
2026-08-05-products-auto-9973a7,https://honsamnote.co.kr/blog/2026-08-05-products-auto-9973a7/,products,1인 가구 택배 기준｜스마트 택배함,반드시; 무조건; 절대,5,MEDIUM,인 물품(택배함)을 설치해도 되는지 반드시 문의하세요. 사전에 동의를 구하는 것이 나중에 불필요한,단정 표현 존재 — 맥락 확인 후 필요시 완화
2026-08-06-cleaning-auto-96ff36,https://honsamnote.co.kr/blog/2026-08-06-cleaning-auto-96ff36/,cleaning,"혼자 사는 당신, 새벽에 마주한 바퀴벌레? 1시간 만에 뿌리 뽑고 다시는 안 보는 현실 솔루션",반드시; 완전히 제거,5,MEDIUM,밀봉해서 냉동 보관합니다. 설거지도 반드시 하고 주방을 깨끗하게 비우세요. 2단계: 근본적인 박멸,단정 표현 존재 — 맥락 확인 후 필요시 완화
2026-08-06-cleaning-auto-ba24cc,https://honsamnote.co.kr/blog/2026-08-06-cleaning-auto-ba24cc/,cleaning,"혼자 사는 당신, 설거지 후 주방 싱크대 물이 안 내려가? 지금 당장 막힌 배수구 뻥 뚫는 현실적인 솔루션",반드시; 절대,5,MEDIUM,다 사용법과 대기 시간이 다르므로， 반드시 설명서를 꼼꼼히 읽고 지시를 따릅니다. 특히 권장량을,단정 표현 존재 — 맥락 확인 후 필요시 완화
2026-08-06-cleaning-auto-ec8541,https://honsamnote.co.kr/blog/2026-08-06-cleaning-auto-ec8541/,cleaning,"혼자 사는 당신, 주방 후드에서 끈적한 기름때 뚝뚝? 퇴근 후 30분, 새것처럼 되돌리는 초간단 청소법",반드시; 완벽하게; 가장 안전,5,MEDIUM,가장 중요! 감전 사고를 막기 위해 반드시 주방 후드의 전원 플러그를 뽑거나， 가능하다면 주방 차,단정 표현 존재 — 맥락 확인 후 필요시 완화
2026-08-06-food-auto-834b6e,https://honsamnote.co.kr/blog/2026-08-06-food-auto-834b6e/,food,"1인 가구 직장인, 냉동실 식재료 신선하게 오래 보관할 때: 진공포장기 vs. 지퍼백, 당신의 최적 선택 가이드",반드시; 무조건; 완벽하게,5,MEDIUM,면 좋습니다. 전용 진공 팩 사용: 반드시 해당 기기에 맞는 전용 팩을 사용해야 합니다. (엠보싱,단정 표현 존재 — 맥락 확인 후 필요시 완화
2026-08-06-food-auto-9e2cfe,https://honsamnote.co.kr/blog/2026-08-06-food-auto-9e2cfe/,food,"1인 가구 직장인, 냉장고 속 개봉한 소스·반찬류, 언제까지 먹어야 할지 헷갈릴 때? 버리지 않고 안전하게 끝까지 다 먹는 법",반드시; 무조건; 절대; 가장 안전,5,MEDIUM,있습니다. 청결한 사용 루틴 확립 반드시 마른 수저 사용: 음식을 덜어낼 때는 물기나 침이 묻지,단정 표현 존재 — 맥락 확인 후 필요시 완화
2026-08-06-food-auto-c5562a,https://honsamnote.co.kr/blog/2026-08-06-food-auto-c5562a/,food,"1인 가구 직장인, 달걀 한 판 앞에서 망설일 때: 신선도 낭비 없이 끝까지 알뜰하게 즐기는 구매부터 보관, 활용법",반드시; 무조건; 절대,5,MEDIUM,생식(날달걀)으로 섭취하지 말고， 반드시 익혀서 먹는 것이 안전합니다. 완전 폐기: 아무리 아깝,단정 표현 존재 — 맥락 확인 후 필요시 완화
2026-08-06-storage-auto-c14a3a,https://honsamnote.co.kr/blog/2026-08-06-storage-auto-c14a3a/,storage,1인 가구 서류 정리 알아보기｜원룸 수납,반드시; 무조건; 완벽하게,5,MEDIUM,정보가 담겨 있는가? (버릴 때는 반드시 파쇄) 이 기준에 따라 종이를 분류하면 '버려도 될 것,단정 표현 존재 — 맥락 확인 후 필요시 완화
2026-08-07-cleaning-auto-c3121d,https://honsamnote.co.kr/blog/2026-08-07-cleaning-auto-c3121d/,cleaning,"혼자 사는 당신, 냉장고 속 퀴퀴한 냄새와 정체불명 식재료, 1시간 만에 깨끗하게 비우고 효율적으로 채우는 현실 솔루션",반드시; 무조건; 완전히 제거,5,MEDIUM,리스트 작성: 쇼핑을 가기 전에는 반드시 냉장고 속 재고를 확인하고 필요한 것만 메모해서 구매합,단정 표현 존재 — 맥락 확인 후 필요시 완화
2026-08-07-food-auto-e08b8c,https://honsamnote.co.kr/blog/2026-08-07-food-auto-e08b8c/,food,"바쁜 1인 가구 직장인, 매일 요리 VS 냉동 간편식: 시간과 건강, 지갑까지 잡는 최적의 한 끼 가이드",무조건,5,MEDIUM,이죠. 중요한 것은 두 가지 방법을 무조건 배척하지 않고， 당신의 라이프스타일에 맞춰 영리하게 조,단정 표현 존재 — 맥락 확인 후 필요시 완화
2026-08-07-storage-auto-fcc47d,https://honsamnote.co.kr/blog/2026-08-07-storage-auto-fcc47d/,storage,"1인 가구 직장인, 좁은 원룸 '계절 가전' 어디에 보관해야 할지 막막하다면? 깔끔하게 숨기고 효율적으로 쓰는 현실 수납법",반드시,5,MEDIUM,(선풍기， 가습기 필터 부분 등): 반드시 먼지가 쌓이지 않도록 박스나 커버를 씌워 보관해야 합니,단정 표현 존재 — 맥락 확인 후 필요시 완화
2026-08-08-cleaning-auto-c188df,https://honsamnote.co.kr/blog/2026-08-08-cleaning-auto-c188df/,cleaning,"혼자 사는 당신, 쓰고 남은 기름, 아무렇게나 버렸다간 큰코다쳐요! 폐식용유 깔끔하게 버리고 환경 지키는 현실 가이드",반드시; 절대,5,MEDIUM,용기가 녹거나 찢어질 수 있습니다. 반드시 충분히 식힌 후에 처리하세요. 완전히 밀봉하세요: 일반,단정 표현 존재 — 맥락 확인 후 필요시 완화
2026-08-08-food-auto-6f0a23,https://honsamnote.co.kr/blog/2026-08-08-food-auto-6f0a23/,food,"1인 가구 직장인, 국물 요리 후 남은 대파·무·양파 자투리, 버릴까 말까? 낭비 없이 알뜰하게 활용하는 현실적인 전략",반드시; 무조건; 완벽하게; 확실히,5,MEDIUM,판매하기 때문에， 한두 번 요리하면 반드시 남게 됩니다. 특히 대파， 무， 양파 같은 기본 채소는,단정 표현 존재 — 맥락 확인 후 필요시 완화
2026-08-08-products-auto-613b49,https://honsamnote.co.kr/blog/2026-08-08-products-auto-613b49/,products,1인 가구 해충 비교｜벌레 퇴치법,반드시; 무조건; 완전히 제거,5,MEDIUM,종류， 업체의 정책에 따라 상이함. 반드시 여러 업체에 견적을 요청하여 비교해야 합니다.) 정기,단정 표현 존재 — 맥락 확인 후 필요시 완화
2026-08-08-products-auto-b03456,https://honsamnote.co.kr/blog/2026-08-08-products-auto-b03456/,products,"혼자 사는 직장인, 밤중에 갑자기 나타난 해충에 소름 돋았다면? 1인 가구 맞춤 해충 방역, 셀프 vs 전문가 현명하게 결정하는 법",반드시; 무조건,5,MEDIUM,: 환기 필수: 살충제 사용 시에는 반드시 창문을 열고 충분히 환기해야 합니다. 안전 수칙 준수:,단정 표현 존재 — 맥락 확인 후 필요시 완화
2026-08-08-storage-auto-12975c,https://honsamnote.co.kr/blog/2026-08-08-storage-auto-12975c/,storage,"1인 가구 직장인, 좁은 집에 '자주 쓰는 청소 도구'가 발에 걸린다면? 깔끔하게 숨기고 효율적으로 쓰는 현실 수납법",반드시; 무조건,5,MEDIUM,기세요. 이때， 물기가 있는 도구는 반드시 완전히 말린 후 수납해야 합니다. 원인과 판단 기준 왜,단정 표현 존재 — 맥락 확인 후 필요시 완화
2026-08-09-storage-auto-b54398,https://honsamnote.co.kr/blog/2026-08-09-storage-auto-b54398/,storage,1인 가구 이불 수납 알아보기｜원룸 이불 보관,반드시; 무조건; 완벽하게; 완전히 제거,5,MEDIUM,이불 등) 세탁/건조: 보관 전에는 반드시 깨끗하게 세탁하고， 햇볕에 충분히 말려 습기를 완전히,단정 표현 존재 — 맥락 확인 후 필요시 완화
2026-08-11-cleaning-auto-5be420,https://honsamnote.co.kr/blog/2026-08-11-cleaning-auto-5be420/,cleaning,액체 세제 비교｜캡슐 세제,반드시; 무조건,5,MEDIUM,세제: 제품에 표기된 계량 기준을 반드시 따르세요. 세탁물 양과 오염도에 맞춰 조절하되， 과다,단정 표현 존재 — 맥락 확인 후 필요시 완화
2026-08-11-products-auto-fb26b6,https://honsamnote.co.kr/blog/2026-08-11-products-auto-fb26b6/,products,"혼자 사는 직장인, 온라인으로 산 조립 가구 앞에서 막막하다면? 셀프 조립 vs. 전문가 서비스, 내게 딱 맞는 선택은?",반드시; 무조건; 절대,5,MEDIUM,다. (업체 및 지역별로 상이하므로 반드시 견적을 받아보세요). 시간: 서비스 신청 후 방문까지,단정 표현 존재 — 맥락 확인 후 필요시 완화
2026-08-12-cleaning-auto-868b91,https://honsamnote.co.kr/blog/2026-08-12-cleaning-auto-868b91/,cleaning,"혼자 사는 당신, 답답하고 칙칙한 유리창? 1시간 만에 밝고 시원하게 되돌리는 현실 솔루션",반드시; 절대,5,MEDIUM,안전 확보: 높은 곳을 청소할 때는 반드시 튼튼한 의자나 안전 사다리를 사용하세요. 절대 창문 밖,단정 표현 존재 — 맥락 확인 후 필요시 완화
2026-08-13-food-auto-05f1fc,https://honsamnote.co.kr/blog/2026-08-13-food-auto-05f1fc/,food,"혼자 사는 직장인, 신선 채소는 썩히기 일쑤, 냉동 채소는 맛없을까 걱정될 때: 혼밥러를 위한 최적의 채소 선택 가이드",반드시; 무조건; 절대; 가장 안전,5,MEDIUM,라벨링: 내용물과 구매/소분 일자를 반드시 적어둡니다. 선입선출: 먼저 구매한 것을 먼저 소비하는,단정 표현 존재 — 맥락 확인 후 필요시 완화
2026-08-14-food-auto-0030b0,https://honsamnote.co.kr/blog/2026-08-14-food-auto-0030b0/,food,"혼자 사는 직장인, 개봉한 통조림·병조림·소분팩 소스 앞에서 망설일 때: 버리지 않고 끝까지 알뜰하게 즐기는 현실적인 보관 & 활용 전략",반드시; 절대,5,MEDIUM,제작되어， 혼자 한 끼를 먹고 나면 반드시 남습니다. 개봉 후 급격히 짧아지는 보존 기한: 밀봉,단정 표현 존재 — 맥락 확인 후 필요시 완화
2026-08-14-storage-auto-fcf546,https://honsamnote.co.kr/blog/2026-08-14-storage-auto-fcf546/,storage,"1인 가구 직장인, 좁은 주방 '넘쳐나는 텀블러·물병·도시락 통' 때문에 싱크대 문이 닫히지 않는다면? 깔끔하게 정리하고 위생적으로 쓰는 현실 수납법",반드시; 무조건; 완벽하게,5,MEDIUM,공기가 순환되도록 합니다. 뚜껑은 반드시 분리하여 따로 보관해야 합니다. 3단계: 수납 공간 최,단정 표현 존재 — 맥락 확인 후 필요시 완화
2026-07-30-cleaning-26,https://honsamnote.co.kr/blog/2026-07-30-cleaning-26/,cleaning,"퇴근 후 마주한 눅눅한 욕실, 1인 가구 화장실 곰팡이, 딱 30분이면 끝내는 완벽 제거 가이드",반드시; 절대,4,MEDIUM,다. 고무장갑， 마스크， 보호안경을 반드시 착용합니다. 곰팡이 제거제는 독한 화학물질이므로 피부나,단정 표현 존재 — 맥락 확인 후 필요시 완화
2026-07-30-cleaning-31,https://honsamnote.co.kr/blog/2026-07-30-cleaning-31/,cleaning,"혼자 사는 직장인, 요리 후 쌓이는 주방 기름때 찌든 때 되기 전에 싹 지우는 현실적인 루틴",반드시; 완전히 제거,4,MEDIUM,보호하고 피부 자극을 방지하기 위해 반드시 고무장갑을 착용하세요. 표면 손상 주의: 강력한 수세미,단정 표현 존재 — 맥락 확인 후 필요시 완화
2026-07-30-cleaning-67,https://honsamnote.co.kr/blog/2026-07-30-cleaning-67/,cleaning,냉장고 냄새 방법｜냉장고 청소법,반드시; 완벽하게,4,MEDIUM,을 마친 냉장고 내부와 모든 부품은 반드시 완전히 건조시켜야 합니다. 물기가 남아있으면 다시 곰팡,단정 표현 존재 — 맥락 확인 후 필요시 완화
2026-07-30-food-10,https://honsamnote.co.kr/blog/2026-07-30-food-10/,food,"퇴근 후 요리 스트레스 줄여줄 1인 가구 필수템, 식재료 소분과 냉동 보관 완벽 가이드",반드시; 완벽하게; 절대,4,MEDIUM,. 라벨링: 내용물과 냉동한 날짜를 반드시 기재합니다. 네임펜으로 용기나 지퍼백에 직접 쓰거나 스,단정 표현 존재 — 맥락 확인 후 필요시 완화
2026-07-30-products-53,https://honsamnote.co.kr/blog/2026-07-30-products-53/,products,퇴근 후 음식물 쓰레기 냄새? 1인 가구에 딱 맞는 음식물처리기 현명하게 고르는 법,반드시; 무조건,4,MEDIUM,크대 일체형은 관리사무소나 지자체에 반드시 문의해야 합니다. 예산: 초기 구매/렌탈 비용뿐만 아니,단정 표현 존재 — 맥락 확인 후 필요시 완화
2026-07-30-storage-18,https://honsamnote.co.kr/blog/2026-07-30-storage-18/,storage,"퇴근 후 좁은 원룸, 넘쳐나는 계절옷을 깔끔하게 정리하고 보관하는 현실적인 팁",반드시; 절대,4,MEDIUM,항: 습기 관리: 옷을 보관할 때는 반드시 옷이 완전히 마른 상태여야 합니다. 곰팡이를 막기 위해,단정 표현 존재 — 맥락 확인 후 필요시 완화
2026-07-30-storage-19,https://honsamnote.co.kr/blog/2026-07-30-storage-19/,storage,"1인 가구 직장인, 침대 밑 빈 공간에 짐 넣기 전 반드시 확인해야 할 3가지",반드시; 완벽하게,4,MEDIUM,한 물건(의류， 서류， 전자제품)은 반드시 밀폐 용기나 방습 기능이 있는 수납함에 보관해야 합니다,단정 표현 존재 — 맥락 확인 후 필요시 완화
2026-08-01-cleaning-auto-48265b,https://honsamnote.co.kr/blog/2026-08-01-cleaning-auto-48265b/,cleaning,"혼자 사는 당신, 퇴근 후 마주하는 음식물 쓰레기 냄새? 지금 당장 싹 잡고 깔끔하게 처리하는 법",반드시; 완벽하게,4,MEDIUM,용: 주방에 두는 음식물 쓰레기통은 반드시 뚜껑이 밀폐되는 제품으로 사용하세요. 냄새를 가두고 초,단정 표현 존재 — 맥락 확인 후 필요시 완화
2026-08-01-food-auto-0f5d02,https://honsamnote.co.kr/blog/2026-08-01-food-auto-0f5d02/,food,"퇴근 후 지친 1인 가구 직장인, 오프라인 마트 vs. 온라인 장보기, 당신의 시간과 돈을 아껴줄 현명한 선택",반드시; 무조건,4,MEDIUM,품(채소， 과일， 육류， 해산물)은 반드시 눈으로 확인하고 골라야 마음이 놓이는 편인가요? 계획적,단정 표현 존재 — 맥락 확인 후 필요시 완화
2026-08-01-food-auto-7f290f,https://honsamnote.co.kr/blog/2026-08-01-food-auto-7f290f/,food,"퇴근 후 요리 시간 아끼는 1인 가구 직장인, 미니 다지기 vs. 칼질: 당신의 손목과 시간을 위한 현명한 선택",무조건; 절대; 확실히,4,MEDIUM,"""남들도 다 있으니 나도 사야지"" 무조건 구매: 자신의 요리 패턴이나 필요성을 충분히 고려하지",단정 표현 존재 — 맥락 확인 후 필요시 완화
2026-08-01-lifestyle-auto-976633,https://honsamnote.co.kr/blog/2026-08-01-lifestyle-auto-976633/,lifestyle,"1인 가구 직장인, '혼자라서 시간 많지?' 오해에 지쳤다면? 퇴근 후 내 시간 지키는 현명한 거절법",무조건; 절대,4,MEDIUM,줄까 말까? 판단 기준 모든 부탁을 무조건 거절할 필요는 없습니다. 하지만 당신의 시간과 에너지를,단정 표현 존재 — 맥락 확인 후 필요시 완화
2026-08-01-products-auto-153ac4,https://honsamnote.co.kr/blog/2026-08-01-products-auto-153ac4/,products,"혼자 사는 직장인, 환기 어려운 집에 꿉꿉한 냄새가 밴다면? 1인 가구 공기 케어, 공기청정기 vs 제습기 현명하게 고르는 법",반드시; 무조건,4,MEDIUM,요하며， 어떤 제품이든 구입 전에는 반드시 우리 집 환경을 면밀히 진단하고 따져봐야 합니다. 두,단정 표현 존재 — 맥락 확인 후 필요시 완화
2026-08-01-products-auto-b433a0,https://honsamnote.co.kr/blog/2026-08-01-products-auto-b433a0/,products,"퇴근 후 설거지 산더미, 미니 식기세척기 1인 가구에겐 사치일까? 딱 맞는 모델 고르는 3가지 기준",반드시,4,MEDIUM,기에 넣기 전， 큰 음식물 찌꺼기는 반드시 제거해야 배수 막힘이나 냄새를 방지할 수 있습니다. 전,단정 표현 존재 — 맥락 확인 후 필요시 완화
2026-08-01-storage-auto-f1fb81,https://honsamnote.co.kr/blog/2026-08-01-storage-auto-f1fb81/,storage,"1인 가구 직장인, 큰 물건 둘 곳 없어 발에 걸린다면? '자주 쓰는 부피 큰 짐' 숨기는 현실 수납법",반드시; 무조건,4,MEDIUM,활용할 여지가 있습니다. 보기 싫어 반드시 감춰야 하는가? (예: 지저분해 보이는 공구함， 오래된,단정 표현 존재 — 맥락 확인 후 필요시 완화
2026-08-03-storage-auto-747118,https://honsamnote.co.kr/blog/2026-08-03-storage-auto-747118/,storage,"1인 가구 직장인, 좁은 주방 '가끔 쓰는 소형 가전' 공간만 차지한다면? '이것'부터 확인하고 똑똑하게 수납하는 법",반드시; 무조건,4,MEDIUM,. 선반에 올릴 때는 선반의 하중을 반드시 확인해야 합니다. 다용도 활용 가능성: 하나의 기능만,단정 표현 존재 — 맥락 확인 후 필요시 완화
2026-08-04-storage-auto-28ed9d,https://honsamnote.co.kr/blog/2026-08-04-storage-auto-28ed9d/,storage,1인 가구 식료품 수납 알아보기｜좁은 주방 정리,무조건,4,MEDIUM,장고 밖 식재료와 간식 수납 문제는 무조건 많이 사서 쌓아두지 않는 것이 첫걸음입니다. 그리고 우,단정 표현 존재 — 맥락 확인 후 필요시 완화
2026-08-05-storage-auto-1764b0,https://honsamnote.co.kr/blog/2026-08-05-storage-auto-1764b0/,storage,"1인 가구 직장인, 좁은 옷장 '꽉 찬 옷' 때문에 숨막힌다면? 옷걸이 하나라도 더 거는 현실 수납법",반드시; 무조건; 완벽하게; 100%,4,MEDIUM,세요. 세탁 후 보관: 보관할 옷은 반드시 깨끗하게 세탁하고 건조한 후 보관해야 합니다. 그렇지,단정 표현 존재 — 맥락 확인 후 필요시 완화
2026-08-06-cleaning-auto-530ba0,https://honsamnote.co.kr/blog/2026-08-06-cleaning-auto-530ba0/,cleaning,"혼자 사는 당신, 세탁 후 어깨 뿔룩! 아끼던 옷 망치는 옷걸이 자국, 지금 당장 없애는 현실 팁",반드시; 100%; 절대; 가장 안전,4,MEDIUM,말림'， '그늘 건조' 등의 표기를 반드시 확인하고 따르는 것이 가장 안전합니다. 옷 사이 간격,단정 표현 존재 — 맥락 확인 후 필요시 완화
2026-08-06-cleaning-auto-e80db8,https://honsamnote.co.kr/blog/2026-08-06-cleaning-auto-e80db8/,cleaning,"혼자 사는 당신, 냄새나는 음식물 쓰레기, 버릴까? 말릴까? 음식물처리기 vs. 간편 배출, 현명한 선택 기준",반드시; 완벽하게,4,MEDIUM,가 없으면 불법일 가능성이 높으므로 반드시 확인 필요.) 설치 공간 및 전기 사용량 확인: 건조/,단정 표현 존재 — 맥락 확인 후 필요시 완화
2026-08-06-food-auto-38c543,https://honsamnote.co.kr/blog/2026-08-06-food-auto-38c543/,food,"혼자 사는 직장인, 냉장고 문 열 때마다 스멀스멀 올라오는 퀴퀴한 냄새? 식욕도 위생도 살리는 깔끔한 해결법",반드시; 완전히 제거,4,MEDIUM,새가 강하거나 국물이 있는 식재료는 반드시 밀폐 용기나 지퍼백에 넣어 보관합니다. 정기적인 냉장고,단정 표현 존재 — 맥락 확인 후 필요시 완화
2026-08-06-food-auto-993221,https://honsamnote.co.kr/blog/2026-08-06-food-auto-993221/,food,"혼자 사는 직장인, 요리의 깊은 맛, 육수·양념: 직접 만들까 vs. 시판 농축액·분말형 제품 쓸까? 당신의 시간과 입맛을 위한 현명한 선택",반드시; 무조건,4,MEDIUM,단순히 가격만 보지 말고， 성분표를 반드시 확인합니다. 나트륨 함량， 재료 목록 (MSG， 인공,단정 표현 존재 — 맥락 확인 후 필요시 완화
2026-08-06-products-auto-b3c106,https://honsamnote.co.kr/blog/2026-08-06-products-auto-b3c106/,products,"혼자 사는 직장인, 퇴근 후 현관문 앞에서 허둥지둥? 1인 가구 스마트 도어록, 똑똑하게 선택하고 설치하는 법",반드시; 무조건,4,MEDIUM,서 숙지 및 보안 설정 설치 후에는 반드시 사용 설명서를 숙지하고， 보안 설정을 강화합니다. 초기,단정 표현 존재 — 맥락 확인 후 필요시 완화
2026-08-06-storage-auto-ae69e9,https://honsamnote.co.kr/blog/2026-08-06-storage-auto-ae69e9/,storage,틈새 선반 비교｜이동식 트롤리,반드시; 무조건; 완벽하게,4,MEDIUM,는 완제품도 있습니다.) 주의사항: 반드시 실측: 구매 전 주방의 틈새 공간， 혹은 트롤리가 이동,단정 표현 존재 — 맥락 확인 후 필요시 완화
2026-08-06-storage-auto-ee77b8,https://honsamnote.co.kr/blog/2026-08-06-storage-auto-ee77b8/,storage,"1인 가구 직장인, '언젠가 쓸모 있겠지' 빈 박스에 쌓여 답답하다면? 후회 없이 버리고 똑똑하게 보관하는 현실 수납법",반드시; 무조건,4,MEDIUM,카메라 등) 박스. AS 시 박스가 반드시 필요한 대형 가전 (단， 이런 박스는 원룸에 두기 어려,단정 표현 존재 — 맥락 확인 후 필요시 완화
2026-08-07-cleaning-auto-40f096,https://honsamnote.co.kr/blog/2026-08-07-cleaning-auto-40f096/,cleaning,"혼자 사는 당신, 퇴근 후 쌓이는 집안일 부담? 가사도우미 vs. 직접 청소, 현명한 선택 기준",반드시; 완벽하게; 가장 안전,4,MEDIUM,생 시 배상 책임 보험 가입 여부를 반드시 확인하세요. 이는 중요한 프라이버시 및 안전 문제입니다,단정 표현 존재 — 맥락 확인 후 필요시 완화
2026-08-07-cleaning-auto-f46339,https://honsamnote.co.kr/blog/2026-08-07-cleaning-auto-f46339/,cleaning,화장실 환풍기 냄새 알아보기｜환풍기 청소 주기,반드시; 무조건; 절대; 완전히 제거,4,MEDIUM,거나 악화될 수 있는 방법들입니다. 반드시 피하세요. 전원 차단 없이 청소하기: 감전 사고의 주범,단정 표현 존재 — 맥락 확인 후 필요시 완화
2026-08-07-food-auto-0e8387,https://honsamnote.co.kr/blog/2026-08-07-food-auto-0e8387/,food,"1인 가구 직장인, 혼자 시킨 배달 음식 한 끼에 다 못 먹을 때: 버리지 않고 다음 끼니까지 알뜰하게 즐기는 현실적인 전략",반드시; 절대; 가장 안전,4,MEDIUM,있도록 용기에 내용물과 보관 날짜를 반드시 표기합니다. 냄새가 강한 음식은 밀폐용기에 담아 냉장고,단정 표현 존재 — 맥락 확인 후 필요시 완화
2026-08-07-food-auto-13d75f,https://honsamnote.co.kr/blog/2026-08-07-food-auto-13d75f/,food,"1인 가구 직장인, 냉장고/팬트리 속 '유통기한 지난 미개봉 가공식품' 앞에서 망설일 때: 버릴까? 먹을까? 안전하게 판단하고 알뜰하게 활용하는 법",반드시; 무조건; 100%,4,MEDIUM,"이 ""NO""이고 섭취를 결정했다면， 반드시 가열 조리하여 드실 건가요? [습관 형성] 앞으로는 식",단정 표현 존재 — 맥락 확인 후 필요시 완화
2026-08-07-food-auto-f5cf37,https://honsamnote.co.kr/blog/2026-08-07-food-auto-f5cf37/,food,"혼자 사는 직장인, 특정 요리가 당길 때: 원팩 밀키트 vs. 개별 소량 식재료 구매, 당신의 시간과 지갑을 위한 현명한 선택",무조건; 절대,4,MEDIUM,준에 따라 달라집니다. 어떤 선택이 무조건 옳다기보다는， 당신의 상황에 가장 적합한 방법을 찾는,단정 표현 존재 — 맥락 확인 후 필요시 완화
2026-08-07-products-auto-4602dc,https://honsamnote.co.kr/blog/2026-08-07-products-auto-4602dc/,products,"혼자 사는 직장인, 좁은 집 빨래 건조가 매번 스트레스라면? 의류건조기 vs. 제습기+건조대, 내게 딱 맞는 선택은?",반드시; 무조건,4,MEDIUM,림 방향， 직렬 설치 시 높이 등을 반드시 고려해야 합니다. 소음: 작동 시 소음이 발생할 수 있,단정 표현 존재 — 맥락 확인 후 필요시 완화
2026-08-07-products-auto-bd7178,https://honsamnote.co.kr/blog/2026-08-07-products-auto-bd7178/,products,"혼자 사는 직장인, 낯선 초인종 소리에 불안하다면? 1인 가구 스마트 도어벨, 현명하게 고르는 3가지 기준",반드시; 무조건,4,MEDIUM,' 설정 기능을 제공하기도 합니다. 반드시 주변 이웃에게 불쾌감을 주지 않도록 설치 전 충분히 고,단정 표현 존재 — 맥락 확인 후 필요시 완화
2026-08-07-products-auto-d33666,https://honsamnote.co.kr/blog/2026-08-07-products-auto-d33666/,products,"혼자 사는 직장인, 좁은 욕실 물때·곰팡이 관리가 어렵다면? 1인 가구 맞춤 욕실 청소, 셀프 vs 전문가 관리 현명하게 고르는 법",반드시; 절대,4,MEDIUM,라 가격이 크게 달라질 수 있으니， 반드시 여러 업체에 견적을 문의하고 비교해 보세요. 시간: 셀,단정 표현 존재 — 맥락 확인 후 필요시 완화
2026-08-07-storage-auto-2cdaeb,https://honsamnote.co.kr/blog/2026-08-07-storage-auto-2cdaeb/,storage,"1인 가구 직장인, 좁은 현관 신발 더미에 발 걸린다면? '오픈형 vs 슬림형 신발장' 내게 맞는 선택 기준 비교",반드시; 무조건,4,MEDIUM,로 통풍이 중요합니다. 젖은 신발은 반드시 말린 후 보관하고， 신발 탈취제나 제습제를 함께 넣어주,단정 표현 존재 — 맥락 확인 후 필요시 완화
2026-08-07-storage-auto-54d5cd,https://honsamnote.co.kr/blog/2026-08-07-storage-auto-54d5cd/,storage,"1인 가구 직장인, 좁은 침대 밑 공간 '애물단지'라면? 수납형 vs 일반 침대 프레임, 내게 맞는 선택 기준 비교",반드시; 무조건,4,MEDIUM,주변에 서랍을 열 공간이 충분한지 반드시 확인해야 합니다. 일반 프레임 + 별도 수납 용품 선택,단정 표현 존재 — 맥락 확인 후 필요시 완화
2026-08-08-cleaning-auto-e0020a,https://honsamnote.co.kr/blog/2026-08-08-cleaning-auto-e0020a/,cleaning,보풀 제거 알아보기｜옷 보풀,반드시; 절대; 즉시 해결,4,MEDIUM,) 가볍게 밀어 보풀을 긁어냅니다. 반드시 한 방향으로만 밀어야 합니다. 장점: 집에 있다면 즉시,단정 표현 존재 — 맥락 확인 후 필요시 완화
2026-08-08-cleaning-auto-e6a45e,https://honsamnote.co.kr/blog/2026-08-08-cleaning-auto-e6a45e/,cleaning,"혼자 사는 당신, 세탁 후에도 옷에서 쿰쿰한 냄새? 세탁기 고무패킹과 세제 투입구 곰팡이, 딱 15분이면 끝!",반드시; 완벽하게; 절대,4,MEDIUM,전원 끄기: 안전을 위해 청소 전 반드시 세탁기 전원을 끄고， 가능하다면 플러그를 뽑아두세요.,단정 표현 존재 — 맥락 확인 후 필요시 완화
2026-08-08-food-auto-76d24e,https://honsamnote.co.kr/blog/2026-08-08-food-auto-76d24e/,food,"1인 가구 직장인, 혼자 요리하고 남은 '애매한 한 끼분' 음식, 버리지 않고 다음 끼니까지 알뜰하게 즐기는 법",반드시; 절대,4,MEDIUM,신선도를 오래 유지할 수 있습니다. 반드시 보관 일자를 표기하고， 가급적 1주일~2주 내 소비하는,단정 표현 존재 — 맥락 확인 후 필요시 완화
2026-08-09-food-auto-937ea1,https://honsamnote.co.kr/blog/2026-08-09-food-auto-937ea1/,food,1인 가구 고기 보관 알아보기｜혼밥 생선 보관,반드시; 완벽하게; 절대,4,MEDIUM,， 질감이 저하됩니다. 잊지 않도록 반드시 라벨링하세요. 체크리스트 ✔ 오늘 당장 먹을 만큼만 남,단정 표현 존재 — 맥락 확인 후 필요시 완화
2026-08-09-food-auto-bd7a7d,https://honsamnote.co.kr/blog/2026-08-09-food-auto-bd7a7d/,food,1인 가구 채소 비교｜손질 채소 구매,반드시; 무조건,4,MEDIUM,는 통 채소보다 유통기한이 짧으므로 반드시 확인하고， 개봉 후에는 최대한 빨리 소비해야 합니다.,단정 표현 존재 — 맥락 확인 후 필요시 완화
2026-08-09-food-auto-e39c1f,https://honsamnote.co.kr/blog/2026-08-09-food-auto-e39c1f/,food,"혼자 사는 직장인, 대용량 닭가슴살 앞에서 망설일 때: 버리지 않고 끝까지 촉촉하게 즐기는 구매부터 보관, 활용법",무조건; 절대; 가장 안전,4,MEDIUM,는 인식을 강화해 멀리하게 됩니다. 무조건 삶기만 하기: 닭가슴살을 건강식으로 생각하여 삶거나 찌,단정 표현 존재 — 맥락 확인 후 필요시 완화
2026-08-10-cleaning-auto-aeb4a0,https://honsamnote.co.kr/blog/2026-08-10-cleaning-auto-aeb4a0/,cleaning,"혼자 사는 당신, 좁은 집에서 빨래가 축축하고 냄새난다고요? 소형 건조기 vs 스마트 건조대, 후회 없는 선택 기준",반드시; 무조건; 확실히,4,MEDIUM,의류는 수축이나 손상될 수 있으니 반드시 의류 라벨을 확인하세요. 소음: 작동 중 발생하는 소음,단정 표현 존재 — 맥락 확인 후 필요시 완화
2026-08-10-storage-auto-0a8470,https://honsamnote.co.kr/blog/2026-08-10-storage-auto-0a8470/,storage,"1인 가구 직장인, 좁은 집에 엉킨 충전 케이블·이어폰 때문에 스트레스라면? 깔끔하게 정리하고 바로 찾아 쓰는 현실 수납법",무조건,4,MEDIUM,구매할 때마다 함께 오는 케이블을 무조건 보관하는 습관이 쌓이게 됩니다. 또한， 케이블을 체계적,단정 표현 존재 — 맥락 확인 후 필요시 완화
2026-08-11-products-auto-3a0a24,https://honsamnote.co.kr/blog/2026-08-11-products-auto-3a0a24/,products,"혼자 사는 직장인, 좁은 집에서 부피 큰 이불 빨래가 막막하다면? 코인 세탁소 vs 전문 업체, 내게 맞는 최적의 선택은?",반드시; 무조건; 완벽하게,4,MEDIUM,균 번식의 주범이 될 수 있으므로， 반드시 완벽하게 건조해야 합니다. 솜이나 구스 이불은 집에서,단정 표현 존재 — 맥락 확인 후 필요시 완화
2026-08-13-cleaning-auto-cf3699,https://honsamnote.co.kr/blog/2026-08-13-cleaning-auto-cf3699/,cleaning,욕실 배수구 청소 알아보기｜배수구 막힘 방지,반드시; 절대,4,MEDIUM,여물을 깨끗하게 헹궈냅니다. 주의: 반드시 제품 사용법을 준수하고， 환기가 잘 되는 상태에서 사용,단정 표현 존재 — 맥락 확인 후 필요시 완화
2026-08-13-products-auto-2cf601,https://honsamnote.co.kr/blog/2026-08-13-products-auto-2cf601/,products,"혼자 사는 직장인, 매번 번거로운 제모에 시간/돈 낭비 그만! 가정용 제모기 vs 전문 샵 레이저, 나에게 딱 맞는 선택은?",반드시,4,MEDIUM,사용법， 안전 수칙， 금기 사항을 반드시 숙지하세요. 피부 테스트: 첫 사용 전 피부의 민감도를,단정 표현 존재 — 맥락 확인 후 필요시 완화
2026-08-14-products-auto-50ff5a,https://honsamnote.co.kr/blog/2026-08-14-products-auto-50ff5a/,products,"혼자 사는 직장인, 낮에 배송된 택배 문 앞에 쌓여 불안하다면? 1인 가구 스마트 택배함 vs 무인택배함, 내게 맞는 최적의 선택은?",반드시; 절대; 확실히,4,MEDIUM,규정이나 집주인의 동의가 필요한지 반드시 미리 확인해야 합니다. 소방 통로를 막거나 미관을 해칠,단정 표현 존재 — 맥락 확인 후 필요시 완화
2026-08-14-products-auto-6493cd,https://honsamnote.co.kr/blog/2026-08-14-products-auto-6493cd/,products,"혼자 사는 직장인, 좁은 집에 쌓여가는 짐 때문에 한숨 쉰다면? 공유 창고 vs 집 안 공간 최적화, 내게 맞는 최적의 선택은?",반드시; 무조건,4,MEDIUM,제자리 정리: 물건을 사용한 후에는 반드시 제자리에 두는 습관을 들입니다. 정기적인 비우기: 한,단정 표현 존재 — 맥락 확인 후 필요시 완화
2026-07-30-cleaning-29,https://honsamnote.co.kr/blog/2026-07-30-cleaning-29/,cleaning,"바쁜 1인 가구, 침구 세탁 주기 헷갈릴 때? 쾌적한 잠자리를 위한 현실 가이드",반드시; 무조건; 완벽하게,3,MEDIUM,탁이 필요한 경우가 많으므로 라벨을 반드시 확인해야 합니다. 해결 순서 나에게 맞는 세탁 주기를,단정 표현 존재 — 맥락 확인 후 필요시 완화
2026-07-30-cleaning-32,https://honsamnote.co.kr/blog/2026-07-30-cleaning-32/,cleaning,"퇴근 후 녹초가 된 1인 가구 직장인, 집안일 자동화 가전으로 얻을 수 있는 시간과 돈은?",반드시; 무조건,3,MEDIUM,므로， 구매 전 에너지 효율 등급을 반드시 확인하세요. 수도세는 식기세척기가 손 설거지보다 오히려,단정 표현 존재 — 맥락 확인 후 필요시 완화
2026-07-30-food-11,https://honsamnote.co.kr/blog/2026-07-30-food-11/,food,"퇴근 후 지친 당신, 냉장고 식재료 썩히지 않고 알뜰하게 다 먹는 보관 기간 가이드",반드시; 무조건; 무조건 안전,3,MEDIUM,차 오염 방지: 육류/생선과 채소는 반드시 분리하여 보관하고， 칼/도마도 구분하여 사용하거나 세척,단정 표현 존재 — 맥락 확인 후 필요시 완화
2026-07-30-food-16,https://honsamnote.co.kr/blog/2026-07-30-food-16/,food,"퇴근 후 요리하는 1인 가구, 냄새 없이 음식물 쓰레기 줄이는 현실적인 루틴",반드시; 절대; 가장 안전,3,MEDIUM,음식물 쓰레기로 분류될 수 있으니 반드시 관할 구청이나 시청 홈페이지에서 최신 정보를 확인하세요,단정 표현 존재 — 맥락 확인 후 필요시 완화
2026-07-30-lifestyle-59,https://honsamnote.co.kr/blog/2026-07-30-lifestyle-59/,lifestyle,"1인 가구 직장인, 퇴근 후나 주말에 혼자 있을 때 자꾸 무기력해진다면? 당신의 생활 리듬을 되찾는 현실적인 방법",반드시; 무조건; 완벽하게,3,MEDIUM,원) 거창한 하루 계획 대신， 매일 반드시 지킬 '최소한의 핵심 루틴'을 1~2개만 정해두세요.,단정 표현 존재 — 맥락 확인 후 필요시 완화
2026-07-30-lifestyle-60,https://honsamnote.co.kr/blog/2026-07-30-lifestyle-60/,lifestyle,주말 무기력 해결 방법｜주말 계획,반드시; 완벽하게; 100%,3,MEDIUM,위한 휴식과 즐거움을 위한 시간을 반드시 확보해야 합니다. '해야 할 일'과 '하고 싶은 일'의,단정 표현 존재 — 맥락 확인 후 필요시 완화
2026-07-30-products-52,https://honsamnote.co.kr/blog/2026-07-30-products-52/,products,"퇴근 후 지친 당신, 로봇청소기 정말 필요할까? 1인 가구에 딱 맞는 선택 기준",무조건; 완벽하게,3,MEDIUM,할을 톡톡히 해낼 수 있죠. 하지만 무조건 비싸고 기능이 많은 최신 모델을 사야 한다는 뜻은 아닙,단정 표현 존재 — 맥락 확인 후 필요시 완화
2026-07-30-products-54,https://honsamnote.co.kr/blog/2026-07-30-products-54/,products,"바쁜 1인 가구, 남은 밥 버릴 걱정 없이 딱 맞는 전기밥솥 고르는 3가지 기준",무조건,3,MEDIUM,"택할 때 겪는 혼란의 주된 원인은 ""무조건 좋은 것， 비싼 것""이라는 막연한 생각과 ""대용량 밥솥",단정 표현 존재 — 맥락 확인 후 필요시 완화
2026-07-30-products-55,https://honsamnote.co.kr/blog/2026-07-30-products-55/,products,"냉동실 자리 부족한 1인 가구 직장인, 식비 절약 소형 냉동고 꼭 사야 할까요?",반드시; 무조건,3,MEDIUM,시 에너지 소비 효율 등급 라벨을 반드시 확인하세요. 6단계: 사용자 후기 및 가격 비교 온라인,단정 표현 존재 — 맥락 확인 후 필요시 완화
2026-07-30-storage-23,https://honsamnote.co.kr/blog/2026-07-30-storage-23/,storage,"이사 앞둔 1인 가구, 버릴 물건에 발목 잡혔다면? 손해 없이 후회 없이 짐 줄이는 현실 가이드",반드시,3,MEDIUM,다. 품목별로 스티커 가격이 다르니 반드시 확인 후 부착하여 지정된 날짜와 장소에 내놓으세요. 개,단정 표현 존재 — 맥락 확인 후 필요시 완화
2026-07-31-products-75,https://honsamnote.co.kr/blog/2026-07-31-products-75/,products,"퇴근 후 널 공간도, 마를 시간도 없는 1인 가구, 미니 건조기 정말 필요할까요?",반드시,3,MEDIUM,서 '1회 건조 시 소비 전력량'을 반드시 확인하고， 본인의 전기 사용량을 바탕으로 월 예상 전기,단정 표현 존재 — 맥락 확인 후 필요시 완화
2026-08-01-cleaning-auto-d3bef1,https://honsamnote.co.kr/blog/2026-08-01-cleaning-auto-d3bef1/,cleaning,매트리스 청소 알아보기｜침대 위생,반드시; 절대,3,MEDIUM,환기 및 건조 필수: 청소 후에는 반드시 매트리스가 완전히 건조될 때까지 충분히 환기시켜야 합니,단정 표현 존재 — 맥락 확인 후 필요시 완화
2026-08-01-cleaning-auto-e1e505,https://honsamnote.co.kr/blog/2026-08-01-cleaning-auto-e1e505/,cleaning,벽 곰팡이 알아보기｜곰팡이 없애는 법,반드시; 완벽하게; 절대,3,MEDIUM,환기는 필수: 제거제 사용 중에는 반드시 충분한 환기를 유지해야 합니다. 특히 락스 계열 제품은,단정 표현 존재 — 맥락 확인 후 필요시 완화
2026-08-01-food-auto-0ac183,https://honsamnote.co.kr/blog/2026-08-01-food-auto-0ac183/,food,"혼자 사는 직장인, 반만 쓰고 남은 채소, 싱싱하게 다음 끼니까지 보관하는 현실적인 방법",완벽하게; 절대,3,MEDIUM,입니다. 세척은 최소화하고， 물기를 완벽하게 제거하세요 (가장 중요!) 필요한 만큼만 세척: 애매하,단정 표현 존재 — 맥락 확인 후 필요시 완화
2026-08-01-food-auto-174113,https://honsamnote.co.kr/blog/2026-08-01-food-auto-174113/,food,"자주 장 볼까, 한 번에 살까? 1인 가구 직장인, 시간과 돈 아끼는 식재료 쇼핑 주기 최적화 가이드",무조건; 완벽하게,3,MEDIUM,주기'를 설정하는 것이 핵심입니다. 무조건 많이 사는 게 능사도 아니고， 너무 자주 가는 게 효율,단정 표현 존재 — 맥락 확인 후 필요시 완화
2026-08-01-food-auto-8c9a71,https://honsamnote.co.kr/blog/2026-08-01-food-auto-8c9a71/,food,"혼자 사는 직장인, 냉장고 속 식용유와 조미료, 버릴까 말까? 알뜰하게 다 쓰는 보관법",반드시; 절대,3,MEDIUM,간장， 고추장， 된장: 개봉 후에는 반드시 냉장 보관하세요. 뚜껑을 최대한 밀폐하고， 사용할 때는,단정 표현 존재 — 맥락 확인 후 필요시 완화
2026-08-01-lifestyle-auto-f56796,https://honsamnote.co.kr/blog/2026-08-01-lifestyle-auto-f56796/,lifestyle,혼자 사는 집 비교｜퇴근 후 루틴,반드시; 완벽하게; 절대,3,MEDIUM,것은 절대 해서는 안 될 일입니다. 반드시 관리사무소나 임대인에게 반려동물 사육 가능 여부를 확인,단정 표현 존재 — 맥락 확인 후 필요시 완화
2026-08-01-products-auto-9e3228,https://honsamnote.co.kr/blog/2026-08-01-products-auto-9e3228/,products,"혼자 사는 직장인, 퇴근 후 저녁 식사 고민 끝! 1인 가구 맞춤 밀키트·반찬 구독 서비스, 현명하게 고르는 법",반드시; 무조건,3,MEDIUM,등 개인적인 식단 요구사항이 있다면 반드시 확인해야 합니다. 예산: 한 끼당 지불할 수 있는 최대,단정 표현 존재 — 맥락 확인 후 필요시 완화
2026-08-01-products-auto-fee2c4,https://honsamnote.co.kr/blog/2026-08-01-products-auto-fee2c4/,products,1인 가구 공기청정기 기준｜원룸 공기정화,반드시; 무조건,3,MEDIUM,한 유지 관리 비용입니다. 구매 전 반드시 해당 모델의 필터 교체 주기와 필터 가격을 확인하세요.,단정 표현 존재 — 맥락 확인 후 필요시 완화
2026-08-01-storage-auto-4eec70,https://honsamnote.co.kr/blog/2026-08-01-storage-auto-4eec70/,storage,1인 가구 욕실 정리 비교｜원룸 욕실 수납,반드시,3,MEDIUM,질을 우선 고려하세요. 원목 제품은 반드시 방수/방습 처리가 되어 있는지， 환기가 잘 되는 곳에,단정 표현 존재 — 맥락 확인 후 필요시 완화
2026-08-01-storage-auto-c54f86,https://honsamnote.co.kr/blog/2026-08-01-storage-auto-c54f86/,storage,1인 가구 액세서리 수납 비교｜원룸 가방 정리,반드시; 무조건,3,MEDIUM,거나 벽/문이 손상될 수 있습니다. 반드시 제품의 권장 하중을 확인하세요. 통풍 및 보관 환경:,단정 표현 존재 — 맥락 확인 후 필요시 완화
2026-08-03-cleaning-auto-fc046f,https://honsamnote.co.kr/blog/2026-08-03-cleaning-auto-fc046f/,cleaning,"바쁜 1인 가구 직장인, 매일 아침 구겨진 옷? 다림질 vs 스팀다리미, 현명한 선택 기준",반드시; 완벽하게,3,MEDIUM,옷 안쪽 라벨의 다림질 가능 여부를 반드시 확인하세요. 물통 관리: 스팀다리미는 물통에 물이 고여,단정 표현 존재 — 맥락 확인 후 필요시 완화
2026-08-03-food-auto-f85a75,https://honsamnote.co.kr/blog/2026-08-03-food-auto-f85a75/,food,"1인 가구, '이거 왜 샀지?' 냉장고 속 낯선 식재료, 버릴까 말까? 알뜰하게 다 쓰는 활용법",반드시; 무조건; 절대,3,MEDIUM,어렵습니다. 실패할 확률이 높으니， 반드시 온라인 정보의 도움을 받는 것이 현명합니다. 체크리스트,단정 표현 존재 — 맥락 확인 후 필요시 완화
2026-08-04-cleaning-auto-0b0c02,https://honsamnote.co.kr/blog/2026-08-04-cleaning-auto-0b0c02/,cleaning,"혼자 사는 당신, 퇴근 후 밟히는 끈적한 바닥? 좁은 원룸 물걸레 청소, 딱 10분이면 충분합니다!",반드시,3,MEDIUM,교체하고， 극세사 걸레는 사용 후 반드시 깨끗하게 세탁하여 건조하세요. 과도한 물 사용 금지:,단정 표현 존재 — 맥락 확인 후 필요시 완화
2026-08-04-products-auto-d4b4c6,https://honsamnote.co.kr/blog/2026-08-04-products-auto-d4b4c6/,products,"혼자 사는 직장인, 좁은 원룸/오피스텔 공간 활용이 답답할 때! 1인 가구 다기능 가구, '이 3가지' 따져보고 고르세요",반드시; 무조건; 100%,3,MEDIUM,선택하는 것이 중요합니다. 구매 전 반드시 A/S 규정을 확인하세요. 무게와 이동성: 다기능 가구,단정 표현 존재 — 맥락 확인 후 필요시 완화
2026-08-04-products-auto-e91dfc,https://honsamnote.co.kr/blog/2026-08-04-products-auto-e91dfc/,products,"혼자 사는 직장인, 새 가구 조립/분해 엄두가 안 난다면? 1인 가구 맞춤 가구 조립·분해 서비스, '이 3가지'로 현명하게 고르세요",반드시,3,MEDIUM,자 작업하기 위험하다고 판단될 때는 반드시 전문가를 부르세요. 특히 높은 가구를 조립하거나 분해할,단정 표현 존재 — 맥락 확인 후 필요시 완화
2026-08-05-lifestyle-auto-420299,https://honsamnote.co.kr/blog/2026-08-05-lifestyle-auto-420299/,lifestyle,재택근무 루틴 알아보기｜재택근무 생활 리듬,완벽하게,3,MEDIUM,으로 시작할 수 있습니다. 처음부터 완벽하게 모든 것을 바꾸려 하기보다， 10분 단위의 작은 실천부,단정 표현 존재 — 맥락 확인 후 필요시 완화
2026-08-05-storage-auto-c8c36f,https://honsamnote.co.kr/blog/2026-08-05-storage-auto-c8c36f/,storage,1인 가구 벽 수납 알아보기｜원룸 못 박기,반드시; 절대,3,MEDIUM,좋습니다. 단， 물건 무게 제한을 반드시 확인하고， 주기적으로 흡착 상태를 점검해야 합니다. S,단정 표현 존재 — 맥락 확인 후 필요시 완화
2026-08-06-cleaning-auto-17f2ed,https://honsamnote.co.kr/blog/2026-08-06-cleaning-auto-17f2ed/,cleaning,"혼자 사는 당신, 세탁 세제 유목민 탈출! 액체·분말·캡슐, 나에게 맞는 현명한 선택 기준",무조건; 절대,3,MEDIUM,"장 중요하게 생각하는 가치 선택: ""무조건 세척력이 최고!"" 라면 분말 세제 쪽으로 마음을 기울이",단정 표현 존재 — 맥락 확인 후 필요시 완화
2026-08-06-food-auto-b02493,https://honsamnote.co.kr/blog/2026-08-06-food-auto-b02493/,food,"혼자 사는 직장인, 대용량 통조림·건면·소스 앞에서 망설일 때: 소량 팩 vs. 대용량, 당신의 시간과 지갑을 위한 최적의 선택",반드시; 무조건,3,MEDIUM,것을 고려합니다. 단， 개봉 후에는 반드시 밀폐용기에 담아 보관하거나， 소분하여 냉동하는 등 계획,단정 표현 존재 — 맥락 확인 후 필요시 완화
2026-08-06-food-auto-dea971,https://honsamnote.co.kr/blog/2026-08-06-food-auto-dea971/,food,"혼자 사는 직장인, 신선 채소 한 팩 앞에서 망설일 때: 버리지 않고 끝까지 신선하게 즐기는 현실적인 구매부터 소비 전략",반드시; 완벽하게; 완전히 제거,3,MEDIUM,인: 가공된 채소(세척 채소 등)는 반드시 표기된 기한을 확인하고， 신선 채소는 시각적， 후각적,단정 표현 존재 — 맥락 확인 후 필요시 완화
2026-08-06-products-auto-1d916e,https://honsamnote.co.kr/blog/2026-08-06-products-auto-1d916e/,products,1인 가구 전월세 안심보험 방법｜세입자 보험,반드시,3,MEDIUM,인 물품을 보호받기 어렵다는 사실을 반드시 인지하고 자신에게 맞는 보험을 가입해야 합니다. 원인과,단정 표현 존재 — 맥락 확인 후 필요시 완화
2026-08-06-products-auto-be51b1,https://honsamnote.co.kr/blog/2026-08-06-products-auto-be51b1/,products,1인 가구 소화기 방법｜K급 소화기,반드시,3,MEDIUM,쓰는 요리를 즐긴다면 K급 소화기는 반드시 구비해야 합니다. 화재경보기: 단독경보형 감지기 아파트,단정 표현 존재 — 맥락 확인 후 필요시 완화
2026-08-06-storage-auto-53c51c,https://honsamnote.co.kr/blog/2026-08-06-storage-auto-53c51c/,storage,1인 가구 틈새 수납 비교｜초슬림 선반,반드시,3,MEDIUM,정확한 측정: 1단계에서 강조했듯， 반드시 자로 재고 구매하세요. 1~2cm의 오차가 큰 차이를,단정 표현 존재 — 맥락 확인 후 필요시 완화
2026-08-06-storage-auto-bb011a,https://honsamnote.co.kr/blog/2026-08-06-storage-auto-bb011a/,storage,1인 가구 대용량 구매 알아보기｜원룸 생활용품 보관,반드시; 무조건,3,MEDIUM,게 떨어집니다. 사용 직전의 1개는 반드시 사용처 근처에 두어 접근성을 높여야 합니다. 하나의 공,단정 표현 존재 — 맥락 확인 후 필요시 완화
2026-08-07-cleaning-auto-cb5dfe,https://honsamnote.co.kr/blog/2026-08-07-cleaning-auto-cb5dfe/,cleaning,혼자 사는 오븐 청소 알아보기｜오븐 찌든 때,반드시,3,MEDIUM,차단: 감전이나 오작동 방지를 위해 반드시 오븐 플러그를 뽑거나 차단기를 내립니다. 내부 비우기:,단정 표현 존재 — 맥락 확인 후 필요시 완화
2026-08-07-cleaning-auto-ef484e,https://honsamnote.co.kr/blog/2026-08-07-cleaning-auto-ef484e/,cleaning,1인 가구 침구 세탁 알아보기｜베개 세탁 주기,반드시; 절대,3,MEDIUM,이 달라집니다. 라벨의 그림 기호를 반드시 확인하고 따라야 합니다. 커버와 속통 분리: 이불 커버,단정 표현 존재 — 맥락 확인 후 필요시 완화
2026-08-07-cleaning-auto-f340ae,https://honsamnote.co.kr/blog/2026-08-07-cleaning-auto-f340ae/,cleaning,"혼자 사는 당신, 냉장고 속 '이것' 안 버리면 돈 낭비에 냄새까지! 20분 만에 새것처럼 비우고 정리하는 법",무조건; 완전히 제거,3,MEDIUM,음식이나 눈으로 봐도 변질된 음식은 무조건 버리세요. 그리고 냉장고 속 내용물을 한 번 싹 꺼내,단정 표현 존재 — 맥락 확인 후 필요시 완화
2026-08-07-food-auto-44e578,https://honsamnote.co.kr/blog/2026-08-07-food-auto-44e578/,food,1인 가구 식재료 알아보기｜남은 식재료 활용,절대; 가장 안전,3,MEDIUM,거나 변질된 식재료는 아무리 비싸도 절대 섭취해서는 안 됩니다. 향이 강한 식재료는 소량만: 특,단정 표현 존재 — 맥락 확인 후 필요시 완화
2026-08-07-food-auto-bb56bf,https://honsamnote.co.kr/blog/2026-08-07-food-auto-bb56bf/,food,"혼자 사는 직장인, 냉장고 속 '조금 애매한 상태' 식재료, 버릴까 말까? 안전하게 판단하고 알뜰하게 활용하는 법",무조건; 가장 안전,3,MEDIUM,동: 많은 분들이 유통기한이 지나면 무조건 버려야 한다고 생각합니다. 하지만 이는 식재료 낭비의,단정 표현 존재 — 맥락 확인 후 필요시 완화
2026-08-07-food-auto-c3ab2b,https://honsamnote.co.kr/blog/2026-08-07-food-auto-c3ab2b/,food,"혼자 사는 직장인, 냉동 간편식·어제 반찬 데울 때: 에어프라이어 vs. 전자레인지, 당신의 최적 선택 가이드",무조건; 절대,3,MEDIUM,수 있는 예산은 어느 정도인가요? 무조건 비싼 최신형보다는 나의 사용 패턴에 맞는 합리적인 가격,단정 표현 존재 — 맥락 확인 후 필요시 완화
2026-08-07-lifestyle-auto-0b115c,https://honsamnote.co.kr/blog/2026-08-07-lifestyle-auto-0b115c/,lifestyle,1인 가구 감정 해소 비교｜심리 상담 비용,반드시; 절대,3,MEDIUM,자해 충동 등 심각한 생각이 든다면 반드시 전문가의 도움이 필요합니다. 익명 커뮤니티 고려: 일시,단정 표현 존재 — 맥락 확인 후 필요시 완화
2026-08-07-lifestyle-auto-c39ec1,https://honsamnote.co.kr/blog/2026-08-07-lifestyle-auto-c39ec1/,lifestyle,"혼자 사는 직장인, 딱히 할 일 없는 자유 시간에 '무의미한 스크롤링'에 지쳤다면? 만족감 높은 나만의 '틈새 활력' 루틴 만들기",반드시; 무조건; 완벽하게,3,MEDIUM,끼지 못하고 흥미를 잃기 쉽습니다. 반드시 '나에게 즐거움을 주는' 활동이어야 합니다. 스마트폰을,단정 표현 존재 — 맥락 확인 후 필요시 완화
2026-08-07-products-auto-b07e5f,https://honsamnote.co.kr/blog/2026-08-07-products-auto-b07e5f/,products,"혼자 사는 직장인, 퇴근 후 창문/베란다 보안 걱정된다면? 1인 가구 맞춤 방범, '물리 + 감지 + 경고' 3단계로 끝내세요!",무조건; 100%; 가장 안전,3,MEDIUM,"불안감으로 인한 비효율적인 투자: ""무조건 비싸고 튼튼한 것이 최고""라는 생각으로 우리 집 상황에",단정 표현 존재 — 맥락 확인 후 필요시 완화
2026-08-07-storage-auto-6dca4b,https://honsamnote.co.kr/blog/2026-08-07-storage-auto-6dca4b/,storage,"1인 가구 직장인, 좁은 집에 쌓이는 '추억의 물건' 때문에 답답하다면? 공간 차지 없이 깔끔하게 보관하는 현실 수납법",반드시; 확실히,3,MEDIUM,관합니다. 주의: 디지털화된 파일은 반드시 두 곳 이상에 백업해두세요. (예: 클라우드 + 외장,단정 표현 존재 — 맥락 확인 후 필요시 완화
2026-08-07-storage-auto-ee20dc,https://honsamnote.co.kr/blog/2026-08-07-storage-auto-ee20dc/,storage,1인 가구 취미 용품 알아보기｜좁은 집 수납,반드시; 완벽하게,3,MEDIUM,려: 칼， 송곳 등 날카로운 도구는 반드시 잠금장치가 있는 보관함이나 깊숙한 서랍에 넣어두고， 유,단정 표현 존재 — 맥락 확인 후 필요시 완화
2026-08-08-cleaning-auto-3b9de2,https://honsamnote.co.kr/blog/2026-08-08-cleaning-auto-3b9de2/,cleaning,보풀제거기 비교｜먼지롤러,반드시; 절대; 완전히 제거,3,MEDIUM,[ ] 구매한 도구를 사용 후에는 반드시 청소하고 관리하여 최적의 성능을 유지할 것인가? [ ],단정 표현 존재 — 맥락 확인 후 필요시 완화
2026-08-08-food-auto-476c5f,https://honsamnote.co.kr/blog/2026-08-08-food-auto-476c5f/,food,"혼자 사는 직장인, 매일 밥하기 귀찮을 때: 직접 지어 냉동밥 vs. 즉석밥, 당신의 시간과 밥맛을 위한 현명한 선택",반드시; 무조건; 완전히 제거,3,MEDIUM,서 유해 물질이 나올 수 있습니다. 반드시 냉동 및 전자레인지 겸용 용기， 또는 내열 유리/실리콘,단정 표현 존재 — 맥락 확인 후 필요시 완화
2026-08-08-food-auto-89f7c0,https://honsamnote.co.kr/blog/2026-08-08-food-auto-89f7c0/,food,"1인 가구 직장인, 쌀 한 포대 앞에서 망설일 때: 소량 팩 vs. 대용량, 아니면 즉석밥? 당신의 밥상과 지갑을 위한 최적의 선택",반드시; 무조건,3,MEDIUM,요. 보관: 개봉 후에는 남은 쌀을 반드시 밀폐 용기나 지퍼백에 담아 냉장고 채소 칸에 보관하는,단정 표현 존재 — 맥락 확인 후 필요시 완화
2026-08-08-food-auto-cfd186,https://honsamnote.co.kr/blog/2026-08-08-food-auto-cfd186/,food,"혼자 사는 직장인, 매일 쓰는 식용유: 만능 콩기름 vs. 건강 올리브유, 당신의 요리 스타일과 지갑을 위한 현명한 선택",반드시; 무조건,3,MEDIUM,참기름， 들기름은 특히 산패가 빨라 반드시 냉장 보관해야 합니다. (낮은 온도에서는 기름이 응고될,단정 표현 존재 — 맥락 확인 후 필요시 완화
2026-08-08-lifestyle-auto-83e6d5,https://honsamnote.co.kr/blog/2026-08-08-lifestyle-auto-83e6d5/,lifestyle,혼자 사는 불편함 알아보기｜퇴근 후 적막,무조건; 완벽하게,3,MEDIUM,공간 채우기: 고요함이 불편하다고 무조건 TV， 라디오를 크게 틀어 놓는 것은 일시적인 회피일,단정 표현 존재 — 맥락 확인 후 필요시 완화
2026-08-08-lifestyle-auto-dd0e67,https://honsamnote.co.kr/blog/2026-08-08-lifestyle-auto-dd0e67/,lifestyle,"혼자 사는 직장인, 퇴근 후 운동 루틴 잡기가 힘들다면? 홈트 앱 vs. 오프라인 그룹 운동, 나에게 맞는 선택 기준",반드시,3,MEDIUM,방문 상담 및 체험 수업: 등록 전 반드시 센터를 직접 방문하여 시설， 청결 상태를 확인하고， 가,단정 표현 존재 — 맥락 확인 후 필요시 완화
2026-08-08-products-auto-38bb22,https://honsamnote.co.kr/blog/2026-08-08-products-auto-38bb22/,products,"혼자 사는 직장인, 퇴근 후 설거지 산더미에 지쳤다면? 1인 가구 미니 식기세척기 vs 손설거지, 나에게 맞는 현명한 선택은?",반드시; 절대,3,MEDIUM,세제 필수: 식기세척기 전용 세제를 반드시 사용해야 합니다. 일반 주방 세제는 거품이 과도하게 발,단정 표현 존재 — 맥락 확인 후 필요시 완화
2026-08-08-products-auto-57c503,https://honsamnote.co.kr/blog/2026-08-08-products-auto-57c503/,products,"혼자 사는 직장인, 퇴근 후 끈적한 바닥에 지쳤다면? 1인 가구 로봇 물걸레 청소기 vs 무선 전동 물걸레 청소기, 나에게 맞는 현명한 선택은?",완벽하게,3,MEDIUM,편리성 미세한 얼룩， 찌든 때까지 완벽하게 제거하고 싶다: 사람 손만큼 섬세한 청소는 어렵기에 전,단정 표현 존재 — 맥락 확인 후 필요시 완화
2026-08-08-storage-auto-24e806,https://honsamnote.co.kr/blog/2026-08-08-storage-auto-24e806/,storage,"1인 가구 직장인, 좁은 집에 '부피 큰 청소 도구' 어디에 보관해야 할지 막막하다면? 깔끔하게 숨기고 효율적으로 쓰는 현실 수납법",무조건,3,MEDIUM,납의 기적: 부피가 큰 청소 도구는 무조건 세로로 수납해야 합니다. 벽걸이형 걸이: 접착식/나사형,단정 표현 존재 — 맥락 확인 후 필요시 완화
2026-08-08-storage-auto-276b92,https://honsamnote.co.kr/blog/2026-08-08-storage-auto-276b92/,storage,1인 가구 세탁 바구니 비교｜좁은 원룸 빨래통,반드시; 무조건,3,MEDIUM,는 건강 문제로도 직결될 수 있으니 반드시 피해야 합니다. 디자인만 보고 저렴한 제품 구매: 예쁜,단정 표현 존재 — 맥락 확인 후 필요시 완화
2026-08-08-storage-auto-fda98a,https://honsamnote.co.kr/blog/2026-08-08-storage-auto-fda98a/,storage,1인 가구 약 수납 알아보기｜좁은 집 약 정리,무조건; 절대,3,MEDIUM,으로도 좋지 않습니다. 크기만 보고 무조건 큰 보관함 구매: 수납공간이 많다고 무조건 큰 상자를,단정 표현 존재 — 맥락 확인 후 필요시 완화
2026-08-09-lifestyle-auto-12d150,https://honsamnote.co.kr/blog/2026-08-09-lifestyle-auto-12d150/,lifestyle,"혼자 사는 직장인, 퇴근 후 아무도 간섭하지 않아 오히려 생활 리듬 잡기 어렵다면? 나만의 '일상 코어 루틴'으로 시간과 에너지를 최적화하는 법",완벽하게,3,MEDIUM,확보하기 (현실적 조정) 모든 날을 완벽하게 루틴대로 지킬 수는 없습니다. 예상치 못한 야근， 갑작,단정 표현 존재 — 맥락 확인 후 필요시 완화
2026-08-10-products-auto-ea40dc,https://honsamnote.co.kr/blog/2026-08-10-products-auto-ea40dc/,products,"혼자 사는 직장인, 난방비 폭탄은 싫은데 발 시린 창가에 지쳤다면? 1인 가구 맞춤 '우풍 완벽 차단', 이 3단계로 끝내세요!",반드시,3,MEDIUM,만， 내부로 물이 들어올 수 있으니 반드시 조심스럽게 시도해야 합니다. 2단계: 발견된 틈새에 맞,단정 표현 존재 — 맥락 확인 후 필요시 완화
2026-08-10-storage-auto-046a46,https://honsamnote.co.kr/blog/2026-08-10-storage-auto-046a46/,storage,"1인 가구 직장인, 현관 한 켠 ‘애매하게 쌓이는 장바구니’ 때문에 스트레스라면? 깔끔하게 정리하고 필요할 때 바로 꺼내 쓰는 현실 수납법",반드시; 완벽하게,3,MEDIUM,제자리 두기: 장바구니 사용 후에는 반드시 제자리에 다시 넣어두는 습관을 들입니다. 주기적인 점검,단정 표현 존재 — 맥락 확인 후 필요시 완화
2026-08-11-cleaning-auto-983cbd,https://honsamnote.co.kr/blog/2026-08-11-cleaning-auto-983cbd/,cleaning,"혼자 사는 당신, 샤워기 헤드 물줄기가 약하고 냄새난다고요? 딱 20분, 묵은 물때 싹 잡고 시원하게 되돌리는 현실 솔루션",절대; 가장 안전,3,MEDIUM,조절하거나 농도를 옅게 해 주세요. 절대 섞지 마세요: 락스 같은 염소계 표백제와 식초/구연산을,단정 표현 존재 — 맥락 확인 후 필요시 완화
2026-08-11-storage-auto-80b064,https://honsamnote.co.kr/blog/2026-08-11-storage-auto-80b064/,storage,1인 가구 빨래 건조대 비교｜좁은 집 건조대,반드시; 무조건,3,MEDIUM,건조대 사용 시/미사용 시 크기를 반드시 측정하여 놓을 자리， 보관할 자리에 들어가는지 확인하세,단정 표현 존재 — 맥락 확인 후 필요시 완화
2026-08-12-products-auto-2ee7a1,https://honsamnote.co.kr/blog/2026-08-12-products-auto-2ee7a1/,products,"혼자 사는 직장인, 매번 장보기 번거롭고 필요한 건 깜빡한다면? 1인 가구 맞춤 구독 박스 vs 직접 장보기, 나에게 딱 맞는 선택은?",반드시; 무조건,3,MEDIUM,， 해지 수수료， 다음 결제일 등을 반드시 미리 확인하여 불필요한 결제를 방지하세요. 구성품 변경,단정 표현 존재 — 맥락 확인 후 필요시 완화
2026-08-12-storage-auto-ec0e5a,https://honsamnote.co.kr/blog/2026-08-12-storage-auto-ec0e5a/,storage,1인 가구 재활용 알아보기｜좁은 원룸 분리수거,반드시,3,MEDIUM,우 미관상 좋지 않을 수 있으므로， 반드시 냄새 차단 및 깔끔한 외관의 '봉투 보관함'을 함께 사,단정 표현 존재 — 맥락 확인 후 필요시 완화
2026-08-13-cleaning-auto-545cef,https://honsamnote.co.kr/blog/2026-08-13-cleaning-auto-545cef/,cleaning,"혼자 사는 당신, 자취방에 쌓인 못 쓰는 가구와 가전, 어떻게 버려야 할지 막막하다고? 딱 15분, 골치 아픈 대형 폐기물 스마트하게 처리하는 현실 가이드",반드시; 절대,3,MEDIUM,원 이상까지 부과될 수 있습니다. 반드시 지자체 홈페이지에서 해당 품목의 정확한 수수료를 확인하,단정 표현 존재 — 맥락 확인 후 필요시 완화
2026-08-13-storage-auto-545d8d,https://honsamnote.co.kr/blog/2026-08-13-storage-auto-545d8d/,storage,1인 가구 수납 비교｜좁은 집 정리,반드시,3,MEDIUM,"당장 필요한 것만 남기는 비움""이 반드시 선행되어야 합니다. 원인과 판단 기준 책상 위가 늘 어",단정 표현 존재 — 맥락 확인 후 필요시 완화
2026-08-14-cleaning-auto-1ca76b,https://honsamnote.co.kr/blog/2026-08-14-cleaning-auto-1ca76b/,cleaning,음식물 처리 비교｜음식물 쓰레기통,반드시,3,MEDIUM,쇄식은 법적 문제가 있을 수 있으니 반드시 확인해야 합니다. 제품별 특성 비교: 소음， 소비 전력,단정 표현 존재 — 맥락 확인 후 필요시 완화
2026-08-14-food-auto-950e9e,https://honsamnote.co.kr/blog/2026-08-14-food-auto-950e9e/,food,"혼자 사는 직장인, 팬트리 속 '말린 식재료' (미역, 다시마, 표고버섯 등), 언제까지, 어떻게 보관해야 할까? 맛과 건강 다 잡는 현실적인 관리법",무조건; 절대; 절대 안전,3,MEDIUM,: 작은 벌레나 벌레 알이 보인다면 무조건 폐기해야 합니다. 냄새 확인: 이취/쩐내: 고유의 향긋,단정 표현 존재 — 맥락 확인 후 필요시 완화
2026-07-30-cost-4,https://honsamnote.co.kr/blog/2026-07-30-cost-4/,cost,"퇴근 후 지친 혼밥러, 매달 20만원 아끼는 배달비·식비 줄이는 생활 습관",절대,1,MEDIUM,리한 절식 또는 과도한 '참기': '절대 배달 안 시켜!'라는 극단적인 다짐은 오히려 스트레스로,단정 표현 존재 — 맥락 확인 후 필요시 완화
2026-07-30-cost-5,https://honsamnote.co.kr/blog/2026-07-30-cost-5/,cost,"바쁜 1인 가구 직장인, 매달 새는 돈 막으려면? 잠든 구독 서비스 깨끗하게 정리하는 3단계",반드시,1,MEDIUM,유료 전환되는 서비스에 가입할 때는 반드시 체험 종료일을 기억하고， 원치 않는다면 그전에 해지해야,단정 표현 존재 — 맥락 확인 후 필요시 완화
2026-07-30-cost-7,https://honsamnote.co.kr/blog/2026-07-30-cost-7/,cost,혼자 사는데 왜 이렇게 비싸지? 관리비 내역 파헤쳐 불필요한 지출 줄이는 법,무조건,1,MEDIUM,이어질 수 있으니 주의해야 합니다. 무조건 남 탓만 하기: 공용 관리비 문제는 분명 함께 개선해야,단정 표현 존재 — 맥락 확인 후 필요시 완화
2026-07-30-safety-33,https://honsamnote.co.kr/blog/2026-07-30-safety-33/,safety,"혼자 사는 당신, 갑자기 아플 때 후회하지 않을 '생활 비상 키트' 미리 준비하기",반드시,1,MEDIUM,스럽거나 증상이 심각하다고 판단되면 반드시 전문가의 진료를 받으세요. 응급 상황 시 119 우선:,단정 표현 존재 — 맥락 확인 후 필요시 완화
2026-07-30-safety-39,https://honsamnote.co.kr/blog/2026-07-30-safety-39/,safety,"늦은 밤, 혼자 사는 여성이 집에서 불안감 느낄 때? 외부 침입 완벽 차단하는 우리 집 점검법",반드시,1,MEDIUM,거나 영구적인 손상을 가하는 설치는 반드시 임대인(집주인)의 동의를 받아야 합니다. 동의 없이 설,단정 표현 존재 — 맥락 확인 후 필요시 완화
2026-08-01-cost-auto-4a41b3,https://honsamnote.co.kr/blog/2026-08-01-cost-auto-4a41b3/,cost,"혼자 사는 직장인, 빨래 쌓일 때마다 한숨 나온다면? 코인 세탁방 vs. 미니 세탁기, 후회 없는 선택 가이드",반드시,1,MEDIUM,수시간. 주의사항: 설치: 설치 전 반드시 공간 확인 및 수도/배수구 유무 확인. 자가 설치 가능,단정 표현 존재 — 맥락 확인 후 필요시 완화
2026-08-01-cost-auto-9c7467,https://honsamnote.co.kr/blog/2026-08-01-cost-auto-9c7467/,cost,혼자 사는 직장인 옷 방법｜옷값 절약,반드시,1,MEDIUM,세탁/관리 용이성 확인: 구매 전 반드시 세탁 라벨을 확인하여 혼자서 관리하기 쉬운 옷인지 점검,단정 표현 존재 — 맥락 확인 후 필요시 완화
2026-08-01-cost-auto-eacedc,https://honsamnote.co.kr/blog/2026-08-01-cost-auto-eacedc/,cost,1인 가구 식기세척기 알아보기｜식기세척기 구매 가이드,반드시,1,MEDIUM,기를 망가뜨릴 수 있으니， 세척 전 반드시 식기 종류를 확인하는 습관을 들이세요. 체크리스트 식기,단정 표현 존재 — 맥락 확인 후 필요시 완화
2026-08-01-housing-auto-18e480,https://honsamnote.co.kr/blog/2026-08-01-housing-auto-18e480/,housing,"혼자 사는 직장인, 우리 집 화재·누수 걱정 끝! 내 보증금·물건 지키는 전월세 보험 똑똑하게 가입하기",무조건,1,MEDIUM,보험은 보장하는 범위가 다릅니다. 무조건 저렴한 보험만 찾는 것: 보험료가 저렴한 상품만 고집하,단정 표현 존재 — 맥락 확인 후 필요시 완화
2026-08-01-housing-auto-e11fd3,https://honsamnote.co.kr/blog/2026-08-01-housing-auto-e11fd3/,housing,"혼자 사는 직장인, 빈집 입주 가전·가구, 새것 vs 중고 vs 렌탈! 내 생활에 맞는 똑똑한 선택 가이드",반드시,1,MEDIUM,시간을 할애해야 합니다. 주의사항: 반드시 직접 방문하여 제품의 실제 상태(작동 여부， 흠집， 위,단정 표현 존재 — 맥락 확인 후 필요시 완화
2026-08-03-cost-auto-749379,https://honsamnote.co.kr/blog/2026-08-03-cost-auto-749379/,cost,1인 가구 인터넷 비교｜모바일 핫스팟,반드시,1,MEDIUM,좋습니다. 보안: 핫스팟 비밀번호는 반드시 설정하고， 가급적 모르는 사람에게 공유하지 마세요. 이,단정 표현 존재 — 맥락 확인 후 필요시 완화
2026-08-04-cost-auto-959521,https://honsamnote.co.kr/blog/2026-08-04-cost-auto-959521/,cost,"혼자 사는 직장인, 집밥 먹고 싶은데 매번 고민된다면? 밀키트 vs 직접 요리 vs 간편식, 내게 맞는 최적의 선택은?",무조건,1,MEDIUM,". 이렇게 하면 오히려 악화됩니다 ""무조건 직접 요리해야 한다""는 강박: 요리에 대한 강박 때문에",단정 표현 존재 — 맥락 확인 후 필요시 완화
2026-08-06-cost-auto-f652a0,https://honsamnote.co.kr/blog/2026-08-06-cost-auto-f652a0/,cost,"혼자 사는 직장인, 안 쓰는 물건 쌓여만 간다면? 중고거래 vs 나눔, 후회 없이 처분하고 용돈 버는 법",반드시,1,MEDIUM,래 플랫폼에서 비슷한 제품의 시세를 반드시 확인하세요. 너무 비싸면 팔리지 않고， 너무 싸면 후회,단정 표현 존재 — 맥락 확인 후 필요시 완화
2026-08-06-housing-auto-36b1cd,https://honsamnote.co.kr/blog/2026-08-06-housing-auto-36b1cd/,housing,"혼자 사는 직장인, 이사 나갈 때 보증금 깎일까 걱정? 원상회복 범위 알고 당당하게 돌려받는 법",반드시,1,MEDIUM,약 사항으로 불리한 조항이 있었는지 반드시 확인하세요. 이렇게 하면 오히려 악화됩니다 입주 시 상,단정 표현 존재 — 맥락 확인 후 필요시 완화
2026-08-06-safety-auto-97b7d5,https://honsamnote.co.kr/blog/2026-08-06-safety-auto-97b7d5/,safety,지갑 잃어버렸을 때 해결 방법｜신분증 분실,절대,1,MEDIUM,신분증 정보를 캐묻는 연락이 오면 절대 응대하지 말고 경찰에 신고하도록 당부합니다. 분실된 신,단정 표현 존재 — 맥락 확인 후 필요시 완화
2026-08-07-cost-auto-811cef,https://honsamnote.co.kr/blog/2026-08-07-cost-auto-811cef/,cost,일회용품 줄이기 비교｜다회용품 선택,무조건,1,MEDIUM,"확인할 결론 혼자 사는 직장인에게 ""무조건 일회용품을 쓰지 마라""거나 ""모든 것을 다회용품으로 바",단정 표현 존재 — 맥락 확인 후 필요시 완화
2026-08-07-cost-auto-846842,https://honsamnote.co.kr/blog/2026-08-07-cost-auto-846842/,cost,"혼자 사는 직장인, 예상치 못한 사고에 내 물건 다 날아갈까 봐 불안하다면? 1인 가구 주택화재보험(세입자 보험), 과연 돈 값 할까?",반드시,1,MEDIUM,이 금액은 본인이 부담해야 하므로， 반드시 확인하고 감당 가능한 수준인지 점검하세요. 보장 범위,단정 표현 존재 — 맥락 확인 후 필요시 완화
2026-08-07-cost-auto-b1ff82,https://honsamnote.co.kr/blog/2026-08-07-cost-auto-b1ff82/,cost,"혼자 사는 직장인, 매달 나가는 미용실 비용이 부담된다면? 저렴한 동네 미용실 vs 프랜차이즈 vs 셀프, 후회 없는 선택 가이드",무조건,1,MEDIUM,련도에 따라 천차만별). 주의사항: 무조건 저렴한 곳만 고집하지 마세요: 나의 헤어 스타일에 적합,단정 표현 존재 — 맥락 확인 후 필요시 완화
2026-08-07-cost-auto-d674a8,https://honsamnote.co.kr/blog/2026-08-07-cost-auto-d674a8/,cost,1인 가구 빨래 비교｜건조기 추천,무조건,1,MEDIUM,으니 매번 비우는 습관을 들이세요. 무조건 저렴한 건조기 구매: 초기 비용만 보고 저렴한 건조기를,단정 표현 존재 — 맥락 확인 후 필요시 완화
2026-08-07-housing-auto-baa8f0,https://honsamnote.co.kr/blog/2026-08-07-housing-auto-baa8f0/,housing,"혼자 사는 직장인, 습한 내 방에 곰팡이가 피었다면? 덮어두지 말고 원인 찾아 건강 지키는 현실 해결책",반드시,1,MEDIUM,나 곰팡이 제거제는 독한 성분이므로 반드시 환기가 잘 되는 곳에서 고무장갑， 마스크， 보호 안경을,단정 표현 존재 — 맥락 확인 후 필요시 완화
2026-08-07-safety-auto-86e30d,https://honsamnote.co.kr/blog/2026-08-07-safety-auto-86e30d/,safety,혼자 살 때 아플 때 해결 방법｜아플 때 식사,반드시,1,MEDIUM,절한 치료 시기를 놓칠 수 있으므로 반드시 의학적인 조언을 구하세요. 체크리스트 갑자기 아프거나,단정 표현 존재 — 맥락 확인 후 필요시 완화
2026-08-07-safety-auto-eecdaa,https://honsamnote.co.kr/blog/2026-08-07-safety-auto-eecdaa/,safety,"혼자 사는 당신, 집에서 응급상황 발생 시 119가 문을 열고 들어올 수 있게 대비할 때: 스마트 도어락 원격 개방 vs. 비상 키박스 공유, 나에게 맞는 선택은?",반드시,1,MEDIUM,어락 제품을 선택합니다. (구매 전 반드시 119 출동 시 사용 가능한 원격 개방 방식을 명확히,단정 표현 존재 — 맥락 확인 후 필요시 완화
2026-08-08-cost-auto-65e819,https://honsamnote.co.kr/blog/2026-08-08-cost-auto-65e819/,cost,"혼자 사는 직장인, 매일 점심값으로 새는 돈 아깝다면? 도시락 vs 배달 vs 구내식당/식당, 내게 맞는 최적의 점심 식사 전략",무조건,1,MEDIUM,". 이렇게 하면 오히려 악화됩니다 ""무조건 도시락"" 완벽주의: 처음부터 매일 도시락을 싸겠다며 무",단정 표현 존재 — 맥락 확인 후 필요시 완화
2026-08-08-housing-auto-fd6c09,https://honsamnote.co.kr/blog/2026-08-08-housing-auto-fd6c09/,housing,"혼자 사는 직장인, 매년 겨울 외풍 때문에 난방비 폭탄 걱정이라면? 문풍지 vs 전문 시공, 내 돈 아끼는 현명한 선택 가이드",반드시,1,MEDIUM,경우를 대비해 AS 기간 및 규정을 반드시 확인해야 합니다. 환기 문제: 과도하게 밀폐하면 실내,단정 표현 존재 — 맥락 확인 후 필요시 완화
2026-08-09-housing-auto-1e381e,https://honsamnote.co.kr/blog/2026-08-09-housing-auto-1e381e/,housing,"혼자 사는 직장인, 장기간 집 비울 때? 스마트 기기 vs 지인 vs 관리사무소, 뭘 믿어야 안심될까?",반드시,1,MEDIUM,구체적인 요청 사항과 비상 연락망을 반드시 공유해야 합니다. 스마트 기기만 설치하고 모든 것을 방,단정 표현 존재 — 맥락 확인 후 필요시 완화
2026-08-10-cost-auto-2c9756,https://honsamnote.co.kr/blog/2026-08-10-cost-auto-2c9756/,cost,세탁세제 종류 비교｜액체세제,무조건,1,MEDIUM,다. 이렇게 하면 오히려 악화됩니다 무조건 대용량만 고집하는 경우: 당장은 저렴하게 느껴져도， 혼,단정 표현 존재 — 맥락 확인 후 필요시 완화
2026-08-14-cost-auto-304499,https://honsamnote.co.kr/blog/2026-08-14-cost-auto-304499/,cost,"혼자 사는 직장인, 책 읽고 싶은데 매번 구매 비용 부담된다면? 도서관 vs. 전자책 구독 vs. 종이책 구매, 나에게 맞는 최적의 독서법은?",무조건,1,MEDIUM,될 수 있습니다. 인기 베스트셀러만 무조건 쫓아다니는 것: 최신 유행에 맞춰 신간을 계속 구매하거,단정 표현 존재 — 맥락 확인 후 필요시 완화
2026-08-14-cost-auto-c66395,https://honsamnote.co.kr/blog/2026-08-14-cost-auto-c66395/,cost,난방비 절약 알아보기｜외풍,반드시,1,MEDIUM,. 다만 전월세 세입자라면 집주인과 반드시 상의해야 합니다. 해결 순서 집안 외풍을 잡는 것은 난,단정 표현 존재 — 맥락 확인 후 필요시 완화
2026-07-30-cleaning-25,https://honsamnote.co.kr/blog/2026-07-30-cleaning-25/,cleaning,"퇴근 후 지친 1인 가구, 10분씩 쪼개서 끝내는 주간 청소 루틴",반드시,2,LOW,작하세요. 환기 필수: 청소 중에는 반드시 창문을 열어 환기하세요. 특히 세정제 사용 시에는 더욱,단정 표현 존재 — 맥락 확인 후 필요시 완화
2026-07-30-food-13,https://honsamnote.co.kr/blog/2026-07-30-food-13/,food,"1인 가구, 남은 배달음식 버릴까? 다음 끼니까지 안전하게 보관하는 현실적인 팁",반드시; 가장 안전,2,LOW,동 보관했던 음식을 다시 먹을 때는 반드시 75°C 이상으로 충분히 재가열하여 안전하게 섭취해야,단정 표현 존재 — 맥락 확인 후 필요시 완화
2026-07-30-food-15,https://honsamnote.co.kr/blog/2026-07-30-food-15/,food,1인용 밀키트 비교｜밀키트 추천,반드시; 무조건,2,LOW,. 소량 구매 후 평가: 첫 구매는 반드시 소량으로 시작하세요. 정기 구독보다는 단품 구매가 안전,단정 표현 존재 — 맥락 확인 후 필요시 완화
2026-07-30-lifestyle-61,https://honsamnote.co.kr/blog/2026-07-30-lifestyle-61/,lifestyle,"혼자 사는 직장인, 퇴근 후 찾아오는 쓸쓸함을 현명하게 다루는 3단계 루틴",무조건,2,LOW,신의 에너지와 성향을 고려하지 않고 무조건 약속을 많이 잡거나 사람들을 만나려 하면， 오히려 에너,단정 표현 존재 — 맥락 확인 후 필요시 완화
2026-07-30-lifestyle-66,https://honsamnote.co.kr/blog/2026-07-30-lifestyle-66/,lifestyle,"혼자 사는 당신, 옆집 소음에 지쳤다면 이웃과 '선'을 지키는 현실 관계 맺기",절대; 가장 안전,2,LOW,등을 추측하는 용도로 활용하세요. 절대 스토킹이나 사생활 침해로 이어져서는 안 됩니다. 3단계,단정 표현 존재 — 맥락 확인 후 필요시 완화
2026-07-31-products-77,https://honsamnote.co.kr/blog/2026-07-31-products-77/,products,퇴근 후 로봇청소기만 돌렸는데도 먼지가 쌓인다고요? 혼자 사는 당신의 바닥 청소가 실패하는 진짜 이유,완벽하게,2,LOW,소기만으로 집안의 모든 바닥 먼지를 완벽하게 제거할 수는 없습니다. 우리의 생활 방식과 집의 구조가,단정 표현 존재 — 맥락 확인 후 필요시 완화
2026-08-01-cleaning-auto-070bfd,https://honsamnote.co.kr/blog/2026-08-01-cleaning-auto-070bfd/,cleaning,"좁은 원룸 빨래 건조, 쉰내와 공간 문제 한 번에? 1인 가구, 빨래 건조대 vs 미니 건조기 현명한 답 찾는 법",반드시,2,LOW,먼지가 쌓이면 발화 위험도 있으니 반드시 주기적으로 청소하세요. 건조기에 옷을 과도하게 채우기:,단정 표현 존재 — 맥락 확인 후 필요시 완화
2026-08-01-cleaning-auto-dd0fd9,https://honsamnote.co.kr/blog/2026-08-01-cleaning-auto-dd0fd9/,cleaning,"혼자 사는 당신, 약해진 수압과 거뭇한 샤워기 헤드? 15분 만에 새것처럼 되돌리는 초간단 청소법",절대; 가장 안전,2,LOW,면 유독가스를 발생시킬 수 있으므로 절대 혼합하여 사용하지 마세요. 샤워기 헤드 청소에는 약산성,단정 표현 존재 — 맥락 확인 후 필요시 완화
2026-08-01-food-auto-6b8a79,https://honsamnote.co.kr/blog/2026-08-01-food-auto-6b8a79/,food,"1인 가구, 마트에서 '이거 살까 말까?' 망설일 때: 식재료 낭비 막는 현명한 구매 결정 가이드",반드시,2,LOW,"요. ""+1 원칙"": 마트 가기 전 반드시 냉장고 속 재고를 확인하고 출발하세요! 원인과 판단 기",단정 표현 존재 — 맥락 확인 후 필요시 완화
2026-08-01-lifestyle-auto-29922b,https://honsamnote.co.kr/blog/2026-08-01-lifestyle-auto-29922b/,lifestyle,혼자 사는 삶 비교｜하우스메이트 장단점,반드시; 무조건,2,LOW,차 계약서 작성 시 집주인의 동의를 반드시 얻어야 합니다. 보증금， 월세， 관리비， 공과금 분담,단정 표현 존재 — 맥락 확인 후 필요시 완화
2026-08-01-lifestyle-auto-ac59b7,https://honsamnote.co.kr/blog/2026-08-01-lifestyle-auto-ac59b7/,lifestyle,혼자 사는 직장인 관계 알아보기｜친구 약속 피로,반드시; 무조건,2,LOW,을 즐긴다. ☑️ 소셜 활동 후에는 반드시 충분한 휴식과 재충전 시간을 갖는다. ☑️ 모든 약속에,단정 표현 존재 — 맥락 확인 후 필요시 완화
2026-08-01-products-78,https://honsamnote.co.kr/blog/2026-08-01-products-78/,products,"퇴근 후 갓 지은 밥 한 그릇, 1인 가구에게 딱 맞는 밥솥 용량 효율적으로 고르는 법",무조건,2,LOW,"먼저 확인할 결론 1인 가구에게 ""무조건 좋다""는 밥솥 용량은 없습니다. 핵심은 '내 라이프스타",단정 표현 존재 — 맥락 확인 후 필요시 완화
2026-08-01-products-auto-d180b4,https://honsamnote.co.kr/blog/2026-08-01-products-auto-d180b4/,products,1인 가구 해충 비교｜바퀴벌레 없애는 법,반드시,2,LOW,요. 주의사항: 제품 사용 설명서를 반드시 따르세요. 특히 독성 물질이 포함된 제품은 피부 접촉이,단정 표현 존재 — 맥락 확인 후 필요시 완화
2026-08-01-storage-auto-316ab0,https://honsamnote.co.kr/blog/2026-08-01-storage-auto-316ab0/,storage,"좁은 원룸, 물건은 많은데 더 답답해 보이긴 싫다면? 오픈형 vs 문 있는 수납장, 현명하게 고르는 기준",무조건; 완벽하게,2,LOW,라집니다. 결론부터 말씀드리자면， '무조건 한 가지만 고르기'보다는 '숨기고 싶은 것'과 '보여주,단정 표현 존재 — 맥락 확인 후 필요시 완화
2026-08-01-storage-auto-387eaf,https://honsamnote.co.kr/blog/2026-08-01-storage-auto-387eaf/,storage,"좁은 원룸, 의자에 쌓이는 '어중간한 옷'더미! 1인 가구라면 이것부터 확인하세요",반드시; 절대,2,LOW,시 보관소입니다. 일주일에 한 번은 반드시 비워서 쌓이지 않도록 관리해야 합니다. 이렇게 하면 오,단정 표현 존재 — 맥락 확인 후 필요시 완화
2026-08-01-storage-auto-499287,https://honsamnote.co.kr/blog/2026-08-01-storage-auto-499287/,storage,"베란다 없는 원룸러, 방 한가운데 빨래 건조대? 최소 공간으로 '빨래 지옥' 끝내는 법",반드시,2,LOW,거와 냄새 방지를 위한 환기 조건을 반드시 고려해야 합니다. 해결 순서 1단계: 세탁 관련 물품,단정 표현 존재 — 맥락 확인 후 필요시 완화
2026-08-03-cleaning-auto-d96324,https://honsamnote.co.kr/blog/2026-08-03-cleaning-auto-d96324/,cleaning,"혼자 사는 직장인, 퇴근 후 지저분한 바닥? 로봇청소기 vs 무선청소기, 후회 없는 선택 기준",반드시; 무조건,2,LOW,있는 문턱 높이가 다르므로 구매 전 반드시 확인해야 합니다. 소음: 작동 시 소음이 발생하므로，,단정 표현 존재 — 맥락 확인 후 필요시 완화
2026-08-03-food-auto-fb2380,https://honsamnote.co.kr/blog/2026-08-03-food-auto-fb2380/,food,"퇴근 후 요리 시간 아끼는 1인 가구, 손질 채소 vs. 통 채소: 당신의 식탁을 위한 현명한 선택",반드시; 무조건,2,LOW,채소: 유통기한이 짧으므로 구매 시 반드시 확인하고， 최대한 빨리 소비할 계획을 세웁니다. 포장,단정 표현 존재 — 맥락 확인 후 필요시 완화
2026-08-03-lifestyle-auto-7c20c0,https://honsamnote.co.kr/blog/2026-08-03-lifestyle-auto-7c20c0/,lifestyle,"혼자 사는 직장인, 한동안 쉬었던 모임 다시 시작하려니 어색하고 부담스럽다면? 관계 회복을 위한 현실적인 첫걸음",반드시; 완벽하게,2,LOW,습니다. 재충전 시간: 만남 후에는 반드시 혼자만의 재충전 시간을 2배 이상 확보하세요. (예:,단정 표현 존재 — 맥락 확인 후 필요시 완화
2026-08-03-storage-auto-9015de,https://honsamnote.co.kr/blog/2026-08-03-storage-auto-9015de/,storage,"1인 가구 직장인, 필요한 작은 물건 찾다 시간 다 보낸다면? '숨은 아이템' 한 번에 찾아내는 현실 수납법",무조건; 절대,2,LOW,들어 줍니다. 이때 비싼 수납용품을 무조건 구매할 필요는 없습니다. 서랍 속 물건: 플라스틱 서랍,단정 표현 존재 — 맥락 확인 후 필요시 완화
2026-08-04-food-auto-908ca9,https://honsamnote.co.kr/blog/2026-08-04-food-auto-908ca9/,food,"1인 가구, 대용량 잡곡·가루·장류 앞에서 망설일 때? 진짜 이득인지 따져보는 현명한 선택 가이드",반드시; 확실히,2,LOW,나방 등 해충이 생기기 쉽습니다. 반드시 완벽 밀폐와 청결 유지가 중요합니다. 변질 위험: 대용,단정 표현 존재 — 맥락 확인 후 필요시 완화
2026-08-04-food-auto-c6481a,https://honsamnote.co.kr/blog/2026-08-04-food-auto-c6481a/,food,"퇴근 후 장보기 번거로운 1인 가구 직장인, 식재료 구독 서비스 vs. 개별 구매: 당신의 시간과 지갑을 위한 최적의 선택",무조건,2,LOW,다 식재료 구독 서비스 이용 시: '무조건 저렴하겠지'라는 생각으로 꼼꼼히 비교하지 않기: 편의성,단정 표현 존재 — 맥락 확인 후 필요시 완화
2026-08-04-products-auto-db26cb,https://honsamnote.co.kr/blog/2026-08-04-products-auto-db26cb/,products,"혼자 사는 직장인, 퇴근 후 빠르고 맛있는 한 끼! 에어프라이어 vs 토스터 오븐, 우리 집에 맞는 건?",반드시; 무조건,2,LOW,등)을 두지 마세요. 사용 후에는 반드시 전원 코드를 뽑고 충분히 식힌 후 보관하세요. 환기:,단정 표현 존재 — 맥락 확인 후 필요시 완화
2026-08-04-storage-auto-06061f,https://honsamnote.co.kr/blog/2026-08-04-storage-auto-06061f/,storage,1인 가구 책상 정리 알아보기｜원룸 케이블 정리,반드시; 완벽하게,2,LOW,， 멀티 충전기， 무선 충전 패드는 반드시 KC 인증 등 국가 안전 인증을 받은 제품을 사용하세요,단정 표현 존재 — 맥락 확인 후 필요시 완화
2026-08-04-storage-auto-225475,https://honsamnote.co.kr/blog/2026-08-04-storage-auto-225475/,storage,1인 가구 테이블 비교｜다용도 테이블,반드시; 무조건,2,LOW,습니다. 주의사항: 실측의 중요성: 반드시 테이블을 놓을 공간의 '정확한 실측'이 필요합니다. 1,단정 표현 존재 — 맥락 확인 후 필요시 완화
2026-08-05-products-auto-7a3772,https://honsamnote.co.kr/blog/2026-08-05-products-auto-7a3772/,products,"혼자 사는 직장인, 로봇청소기로 놓친 먼지까지 깔끔하게! 1인 가구 무선 스틱 청소기, 후회 없이 고르는 3가지 기준",무조건,2,LOW,"3가지를 우선순위에 두세요. 예: ""무조건 2kg 미만으로 가벼울 것""， ""배터리는 최소 30분",단정 표현 존재 — 맥락 확인 후 필요시 완화
2026-08-05-storage-auto-d93cd5,https://honsamnote.co.kr/blog/2026-08-05-storage-auto-d93cd5/,storage,"1인 가구 직장인, 좁은 원룸 벽면을 효율적으로 쓰고 싶다면? 페그보드 vs. 벽 선반, 내게 맞는 선택 기준 비교",반드시,2,LOW,벽에 구멍을 뚫는 '타공' 설치 전 반드시 집주인이나 관리사무소에 동의를 구하세요. 원상복구 의무,단정 표현 존재 — 맥락 확인 후 필요시 완화
2026-08-06-cleaning-auto-858326,https://honsamnote.co.kr/blog/2026-08-06-cleaning-auto-858326/,cleaning,청소포 비교｜극세사 걸레,반드시; 절대,2,LOW,에 오염 물질을 옮길 수 있습니다. 반드시 분리 세탁하거나 손빨래로 애벌세탁 후 세탁기에 넣으세요,단정 표현 존재 — 맥락 확인 후 필요시 완화
2026-08-06-cleaning-auto-ab8bbf,https://honsamnote.co.kr/blog/2026-08-06-cleaning-auto-ab8bbf/,cleaning,에어컨 필터 청소 비교｜에어컨 관리,반드시,2,LOW,보 (필수!): 감전 위험이 있으니 반드시 에어컨 전원을 끄고， 플러그를 뽑거나 차단기를 내리세요,단정 표현 존재 — 맥락 확인 후 필요시 완화
2026-08-06-food-auto-06029f,https://honsamnote.co.kr/blog/2026-08-06-food-auto-06029f/,food,"혼자 사는 직장인, 첫 요리에 어떤 양념 살지 막막할 때? 낭비 없이 우리 집 만능 양념통 만드는 현실적인 기준",반드시; 무조건,2,LOW,인 및 라벨링: 구매 시 유통기한을 반드시 확인하고， 개봉한 날짜를 작게 라벨링해두면 편리합니다.,단정 표현 존재 — 맥락 확인 후 필요시 완화
2026-08-06-food-auto-585c1b,https://honsamnote.co.kr/blog/2026-08-06-food-auto-585c1b/,food,"퇴근 후 지친 1인 가구 직장인, 간단한 한 끼 요리 도구: 미니 멀티 쿠커 vs. 냄비+프라이팬, 당신의 주방에 더 현명한 선택은?",반드시,2,LOW,가스레인지나 인덕션 등 전용 화구가 반드시 필요합니다. 초기 비용: 좋은 품질의 냄비와 프라이팬을,단정 표현 존재 — 맥락 확인 후 필요시 완화
2026-08-06-food-auto-75ad3e,https://honsamnote.co.kr/blog/2026-08-06-food-auto-75ad3e/,food,"혼자 사는 직장인, 냉동실에 뭐가 있는지 맨날 까먹을 때? 식재료 낭비 막는 효율적인 정리와 관리법",무조건; 절대,2,LOW,꼭 피하세요. '언젠가 먹겠지'하며 무조건 넣어두기: 사용 계획이 불분명하거나 유통기한이 임박한,단정 표현 존재 — 맥락 확인 후 필요시 완화
2026-08-06-food-auto-ef165d,https://honsamnote.co.kr/blog/2026-08-06-food-auto-ef165d/,food,"혼자 사는 직장인, 신선 채소·과일 소량 구매 어려울 때: 동네마트 vs. 온라인 새벽배송, 당신의 시간과 식비를 위한 현명한 선택",반드시,2,LOW,제공합니다. 업체마다 기준이 다르니 반드시 확인하세요. 최소 주문 금액: 보통 1만 5천원~3만원,단정 표현 존재 — 맥락 확인 후 필요시 완화
2026-08-06-lifestyle-auto-7d8463,https://honsamnote.co.kr/blog/2026-08-06-lifestyle-auto-7d8463/,lifestyle,"혼자 사는 직장인, 퇴근 후 적당한 외부 활동 찾기가 망설여진다면? 소규모 취미 클래스 vs. 단기 체험 모임, 나에게 맞는 선택 기준",반드시,2,LOW,대기가 길 수 있습니다. 등록 전 반드시 환불 규정을 상세히 확인하세요. 단기 체험 모임: 1회,단정 표현 존재 — 맥락 확인 후 필요시 완화
2026-08-06-products-auto-2eb0f5,https://honsamnote.co.kr/blog/2026-08-06-products-auto-2eb0f5/,products,"혼자 사는 직장인, 짧은 출장/휴가 때 반려동물 돌봄 걱정이라면? 펫시터 vs. 펫호텔 vs. 스마트 기기, 내게 맞는 최적의 선택은?",반드시,2,LOW,， 투약 등)에 따라 크게 달라지니 반드시 상세 견적을 문의하세요. 시간: 펫시터/펫호텔: 최소,단정 표현 존재 — 맥락 확인 후 필요시 완화
2026-08-06-products-auto-5b74f3,https://honsamnote.co.kr/blog/2026-08-06-products-auto-5b74f3/,products,"혼자 사는 직장인, 옆집 소음에 잠 못 이루고 스트레스받는다면? 1인 가구 맞춤 층간소음/생활소음 해결, '이 3가지'로 현실적인 대책 마련하세요!",반드시; 절대,2,LOW,세 계약: 벽면 시공 등 큰 변화는 반드시 집주인의 동의를 얻어야 합니다. 퇴거 시 원상복구 의무,단정 표현 존재 — 맥락 확인 후 필요시 완화
2026-08-06-products-auto-99b34b,https://honsamnote.co.kr/blog/2026-08-06-products-auto-99b34b/,products,"혼자 사는 직장인, 좁은 집에서도 허리 편한 홈 오피스? 인체공학 의자 vs 스탠딩 데스크 컨버터, 내게 맞는 선택은?",반드시,2,LOW,보증 내용， 부품 수급 용이성 등을 반드시 확인하세요. 설치 공간 및 기존 가구와의 조화: 제품,단정 표현 존재 — 맥락 확인 후 필요시 완화
2026-08-06-products-auto-9bb85c,https://honsamnote.co.kr/blog/2026-08-06-products-auto-9bb85c/,products,"혼자 사는 직장인, 좁은 집에 쌓인 짐 처리 난감하다면? 셀프 스토리지 vs 방문형 짐 보관 서비스, 내게 맞는 선택은?",반드시,2,LOW,보관 기간과 중도 해지 시 위약금을 반드시 확인하세요. 보안 시스템: 24시간 보안， CCTV，,단정 표현 존재 — 맥락 확인 후 필요시 완화
2026-08-06-products-auto-aad52f,https://honsamnote.co.kr/blog/2026-08-06-products-auto-aad52f/,products,"혼자 사는 직장인, 매일 입는 옷 관리 막막하다면? 의류관리기 vs. 핸디 스팀다리미, 내게 딱 맞는 선택은?",반드시; 무조건,2,LOW,다. 오염이 심한 옷이나 속옷 등은 반드시 세탁해야 합니다. 관리를 세탁으로 오인하여 위생을 소홀,단정 표현 존재 — 맥락 확인 후 필요시 완화
2026-08-06-storage-auto-11ba62,https://honsamnote.co.kr/blog/2026-08-06-storage-auto-11ba62/,storage,"1인 가구 직장인, 좁은 원룸 거실 '앉을 자리도, 수납도 부족'하다면? 수납 스툴 vs. 수납 벤치, 현명하게 고르는 법",반드시,2,LOW,항: 정확한 사이즈 측정: 구매 전 반드시 설치할 공간의 가로， 세로， 높이를 정확히 측정하고，,단정 표현 존재 — 맥락 확인 후 필요시 완화
2026-08-06-storage-auto-239c0d,https://honsamnote.co.kr/blog/2026-08-06-storage-auto-239c0d/,storage,"1인 가구 직장인, 좁은 원룸 쌓여가는 분리수거 쓰레기, 냄새 걱정 없이 깔끔하게 보관하는 현실 수납법",반드시,2,LOW,내용물을 비우고 깨끗하게 세척한 뒤 반드시 물기를 말려야 냄새와 위생 문제를 막을 수 있습니다.,단정 표현 존재 — 맥락 확인 후 필요시 완화
2026-08-07-cleaning-auto-1c4212,https://honsamnote.co.kr/blog/2026-08-07-cleaning-auto-1c4212/,cleaning,건조기 비교｜제습기,반드시; 완벽하게,2,LOW,다. 섬유 종류별 건조 가능 여부를 반드시 확인해야 합니다. 먼지 필터 관리: 주기적으로 먼지 필,단정 표현 존재 — 맥락 확인 후 필요시 완화
2026-08-07-cleaning-auto-27a7fe,https://honsamnote.co.kr/blog/2026-08-07-cleaning-auto-27a7fe/,cleaning,1인 가구 행주 비교｜일회용 행주,반드시,2,LOW,및 표백 효과를 볼 수 있습니다. 반드시 고무장갑을 착용하고， 환기가 잘 되는 곳에서 사용하세요,단정 표현 존재 — 맥락 확인 후 필요시 완화
2026-08-07-food-auto-55d572,https://honsamnote.co.kr/blog/2026-08-07-food-auto-55d572/,food,"혼자 사는 직장인, 퇴근 후 저녁 요리 망설일 때: 주말 2시간으로 평일 요리 시간 10분 만드는 스마트 식재료 준비 루틴",반드시; 완벽하게,2,LOW,기 쉽습니다. 손질 날짜와 내용물을 반드시 기재하여 안전하게 섭취하고 낭비를 줄이세요. 소량 소분,단정 표현 존재 — 맥락 확인 후 필요시 완화
2026-08-07-food-auto-5b5eb1,https://honsamnote.co.kr/blog/2026-08-07-food-auto-5b5eb1/,food,"혼자 사는 직장인, 마트/반찬가게 '조리된 반찬' 살까 말까 망설일 때: 집밥 만족도 높이는 현명한 선택 가이드",반드시,2,LOW,접촉하면 쉽게 변질될 수 있습니다. 반드시 밀폐 용기에 담아 냉장 보관하고， 섭취 전에는 색깔이나,단정 표현 존재 — 맥락 확인 후 필요시 완화
2026-08-07-products-auto-462713,https://honsamnote.co.kr/blog/2026-08-07-products-auto-462713/,products,1인 가구 식재료 알아보기｜냉장고 정리법,무조건; 절대,2,LOW,다 '원 플러스 원' 맹신: 싸다고 무조건 대용량， 묶음 상품을 구매하면 결국 다 못 먹고 버리게,단정 표현 존재 — 맥락 확인 후 필요시 완화
2026-08-07-products-auto-5c0731,https://honsamnote.co.kr/blog/2026-08-07-products-auto-5c0731/,products,1인 가구 음식물 처리기 기준｜음식물 쓰레기 처리,반드시; 완벽하게,2,LOW,가구에는 권장하지 않으며， 구매 전 반드시 거주 지역의 관련 법규를 확인해야 합니다. 현재 국내에,단정 표현 존재 — 맥락 확인 후 필요시 완화
2026-08-07-products-auto-75313c,https://honsamnote.co.kr/blog/2026-08-07-products-auto-75313c/,products,1인 가구 보풀제거기 알아보기｜옷 보풀 제거,반드시,2,LOW,않고 옷감이 손상될 수 있습니다. 반드시 완전히 건조된 상태에서 사용하세요. 칼날 수명과 교체:,단정 표현 존재 — 맥락 확인 후 필요시 완화
2026-08-07-storage-auto-3c236f,https://honsamnote.co.kr/blog/2026-08-07-storage-auto-3c236f/,storage,1인 가구 주방 비교｜좁은 주방 수납,반드시; 완벽하게,2,LOW,정하고， 주변 가구와의 간섭 여부도 반드시 확인하세요. 문이 열리는 방향이나 냉장고 문이 걸리지,단정 표현 존재 — 맥락 확인 후 필요시 완화
2026-08-07-storage-auto-b02bd8,https://honsamnote.co.kr/blog/2026-08-07-storage-auto-b02bd8/,storage,1인 가구 소품 알아보기｜원룸 소품 정리,반드시; 절대,2,LOW,비우는 '원 인， 원 아웃' 원칙을 반드시 지키세요. 비용·시간·주의사항 비용: 이 과정은 기본적,단정 표현 존재 — 맥락 확인 후 필요시 완화
2026-08-08-food-auto-2c836a,https://honsamnote.co.kr/blog/2026-08-08-food-auto-2c836a/,food,"1인 가구 직장인, 개봉한 식재료 신선하게 보관할 때: 밀폐 용기 vs. 랩·지퍼백, 당신의 최적 선택 가이드",반드시; 완벽하게,2,LOW,퍼백 재사용 시: 깨끗하게 세척 후 반드시 완전히 건조해야 위생 문제가 발생하지 않습니다. 육류/,단정 표현 존재 — 맥락 확인 후 필요시 완화
2026-08-08-products-auto-3f53f6,https://honsamnote.co.kr/blog/2026-08-08-products-auto-3f53f6/,products,"혼자 사는 직장인, 뚝딱 고치고 싶어도 막막하다면? 1인 가구 필수 공구 키트, 이 3가지 기준으로 현명하게 고르세요!",반드시,2,LOW,안전이 최우선: 공구를 사용할 때는 반드시 안전 장갑을 착용하고， 무리한 힘을 가하지 마세요. 특,단정 표현 존재 — 맥락 확인 후 필요시 완화
2026-08-08-products-auto-c4d689,https://honsamnote.co.kr/blog/2026-08-08-products-auto-c4d689/,products,"혼자 사는 직장인, 퇴근 후 빠르고 근사한 한 끼 식사, 매번 고민된다면? 밀키트 vs. 가정간편식(HMR), 나에게 딱 맞는 선택은?",반드시; 무조건,2,LOW,인지 사용에 안전한 것은 아닙니다. 반드시 용기 재질 및 사용 가능 여부를 확인하세요. 포장재 쓰,단정 표현 존재 — 맥락 확인 후 필요시 완화
2026-08-08-storage-auto-15969c,https://honsamnote.co.kr/blog/2026-08-08-storage-auto-15969c/,storage,1인 가구 옷 수납 비교｜원룸 임시 보관,반드시,2,LOW,손상 없이 간편하지만， 최대 하중을 반드시 확인해야 합니다. 무거운 코트나 가방은 떨어질 위험이,단정 표현 존재 — 맥락 확인 후 필요시 완화
2026-08-08-storage-auto-37bfb5,https://honsamnote.co.kr/blog/2026-08-08-storage-auto-37bfb5/,storage,"1인 가구 직장인, 퇴근 후 외투·가방·모자 좁은 집 의자에 던져두고 쌓인다면? 깔끔하게 정리하고 다음 날 바로 쓰는 현실 수납법",반드시,2,LOW,세 계약이라면 벽에 못을 박기 전에 반드시 집주인에게 문의하거나， 벽 손상을 최소화하는 무타공/흡,단정 표현 존재 — 맥락 확인 후 필요시 완화
2026-08-08-storage-auto-55b81f,https://honsamnote.co.kr/blog/2026-08-08-storage-auto-55b81f/,storage,"1인 가구 직장인, 좁은 주방 '부피 큰 팬·냄비' 때문에 서랍 열기 무섭다면? '프라이팬 정리대 vs 서랍 디바이더 vs 스태킹' 현명하게 고르는 법 비교",반드시,2,LOW,없습니다. 단점: 서랍 조건 필수: 반드시 깊고 넓은 서랍이 있어야 활용 가능합니다. 추가 비용,단정 표현 존재 — 맥락 확인 후 필요시 완화
2026-08-09-cleaning-auto-c10b6d,https://honsamnote.co.kr/blog/2026-08-09-cleaning-auto-c10b6d/,cleaning,"혼자 사는 당신, 퇴근 후 끈적이는 바닥 청소 스트레스? 좁은 집 로봇 청소기 vs 무선 스틱 청소기, 후회 없는 선택 기준",무조건; 완벽하게,2,LOW,비싼 걸 사면 되겠지'라는 생각: 무조건 고가의 최신형 제품이 당신의 생활에 최적화된 것은 아닙,단정 표현 존재 — 맥락 확인 후 필요시 완화
2026-08-09-storage-auto-897697,https://honsamnote.co.kr/blog/2026-08-09-storage-auto-897697/,storage,"1인 가구 직장인, 갑자기 필요한 '공구' 때문에 좁은 집 서랍 뒤지다 지친다면? 필수 공구 깔끔하게 수납하고 바로 찾는 현실 가이드",반드시,2,LOW,공간'으로 지정하고， 사용 후에는 반드시 그 자리에 돌려놓는 습관을 들입니다. 정기적인 점검:,단정 표현 존재 — 맥락 확인 후 필요시 완화
2026-08-09-storage-auto-b05c4f,https://honsamnote.co.kr/blog/2026-08-09-storage-auto-b05c4f/,storage,"1인 가구 직장인, 좁은 주방 '에어프라이어·블렌더' 때문에 조리대가 좁다면? '2단/3단 선반 vs 인출식 선반' 현명하게 고르는 법 비교",반드시; 무조건,2,LOW,안정성: 무거운 가전을 올릴 때는 반드시 하중을 견딜 수 있는 튼튼한 제품인지 확인하세요. 흔들,단정 표현 존재 — 맥락 확인 후 필요시 완화
2026-08-10-cleaning-auto-8285cc,https://honsamnote.co.kr/blog/2026-08-10-cleaning-auto-8285cc/,cleaning,주방 수납장 청소 알아보기｜혼자 살림,완벽하게,2,LOW,닦아내고 문을 열어 충분히 환기시켜 완벽하게 건조합니다. 습기는 곰팡이의 원인이 됩니다. [3단계],단정 표현 존재 — 맥락 확인 후 필요시 완화
2026-08-10-food-auto-0b9c15,https://honsamnote.co.kr/blog/2026-08-10-food-auto-0b9c15/,food,"혼자 사는 직장인, 매일 저녁 메뉴 고민 끝내고 싶을 때: 직접 요리 vs. 정기 구독 식사, 당신의 시간과 에너지를 위한 최적의 선택 가이드",무조건,2,LOW,강요: 건강을 생각한다며 갑자기 '무조건 직접 요리'， '무조건 다이어트 식단'을 강요하면 금세,단정 표현 존재 — 맥락 확인 후 필요시 완화
2026-08-10-food-auto-d3517e,https://honsamnote.co.kr/blog/2026-08-10-food-auto-d3517e/,food,"혼자 사는 직장인, 특정 요리 후 남은 '이색 소량 식재료' (고수, 코코넛 밀크 등): 버리지 않고 다음 끼니까지 알뜰하게 해치우는 현실 가이드",반드시,2,LOW,캔 그대로 두면 변질이 빠릅니다. 반드시 밀폐 용기나 유리병에 옮겨 담아 냉장 보관하고， 2~3,단정 표현 존재 — 맥락 확인 후 필요시 완화
2026-08-10-lifestyle-auto-1dd1a3,https://honsamnote.co.kr/blog/2026-08-10-lifestyle-auto-1dd1a3/,lifestyle,"혼자 사는 직장인, 혹시 모를 상황에 대비한 긴급 연락처, 누구로 지정해야 할지 고민이라면? 나만의 스마트 비상 연락 시스템 구축 가이드",반드시,2,LOW,상 연락처로 지정하는 모든 사람에게 반드시 사전에 동의를 구해야 합니다. 상대방의 동의 없이 정보,단정 표현 존재 — 맥락 확인 후 필요시 완화
2026-08-10-lifestyle-auto-3e13f1,https://honsamnote.co.kr/blog/2026-08-10-lifestyle-auto-3e13f1/,lifestyle,"혼자 사는 직장인, 휴가 계획할 때 친구들과 갈까 혼자 갈까 고민된다면? 나에게 맞는 여행 스타일 선택 가이드",반드시; 무조건,2,LOW,치， 이동 경로， 현지 치안 정보를 반드시 미리 확인하고， 낯선 곳에서는 어두운 밤길을 혼자 다니,단정 표현 존재 — 맥락 확인 후 필요시 완화
2026-08-10-products-auto-b0092a,https://honsamnote.co.kr/blog/2026-08-10-products-auto-b0092a/,products,"혼자 사는 직장인, 퇴근 후 간편하고 맛있는 요리, 어떤 조리 기구가 답일까? 에어프라이어 vs 전자레인지, 내게 맞는 최적의 선택은?",반드시; 무조건,2,LOW,계란이나 밤 등 껍질이 있는 식품은 반드시 구멍을 내서 조리. 에어프라이어: 조리 중 내부 온도가,단정 표현 존재 — 맥락 확인 후 필요시 완화
2026-08-11-cleaning-auto-1ad691,https://honsamnote.co.kr/blog/2026-08-11-cleaning-auto-1ad691/,cleaning,"혼자 사는 당신, 샤워 후 왠지 모르게 피부가 간지럽다면? 샤워기 헤드 속 물때·세균, 딱 15분이면 새것처럼 깨끗하게!",반드시,2,LOW,은 주의가 필요합니다. 세척 후에는 반드시 깨끗한 물로 꼼꼼하게 헹궈 잔여물이 남지 않도록 해야,단정 표현 존재 — 맥락 확인 후 필요시 완화
2026-08-12-food-auto-6ed755,https://honsamnote.co.kr/blog/2026-08-12-food-auto-6ed755/,food,"혼자 사는 직장인, 우유 한 팩 앞에서 망설일 때: 신선 우유 vs. 멸균 우유, 당신의 건강과 지갑을 위한 현명한 선택",반드시,2,LOW,있습니다. 주의사항: 신선 우유: 반드시 냉장 보관(0~10°C)해야 하며， 개봉 후에는 공기와,단정 표현 존재 — 맥락 확인 후 필요시 완화
2026-08-12-food-auto-7b4cd9,https://honsamnote.co.kr/blog/2026-08-12-food-auto-7b4cd9/,food,"혼자 사는 직장인, 냉장고 속 '남은 유제품' 버릴까 말까? 신선도 낭비 없이 끝까지 알뜰하게 즐기는 현실적인 활용법",반드시; 무조건,2,LOW,보관 방법 및 권장 소비 기한'을 반드시 확인하고 따르세요. 만약 안내가 없다면， 액상 유제품은,단정 표현 존재 — 맥락 확인 후 필요시 완화
2026-08-13-cleaning-auto-7ef0d4,https://honsamnote.co.kr/blog/2026-08-13-cleaning-auto-7ef0d4/,cleaning,"혼자 사는 당신, 퇴근 후 끈적이는 바닥 스트레스? 물걸레 vs 물걸레 청소포, 후회 없는 선택 기준",완벽하게; 완전히 제거,2,LOW,기름때는 일반 물걸레 청소포만으로는 완벽하게 제거하기 어렵습니다. 기름때 제거 기능이 있는 청소포를,단정 표현 존재 — 맥락 확인 후 필요시 완화
2026-08-13-food-auto-4b3fa7,https://honsamnote.co.kr/blog/2026-08-13-food-auto-4b3fa7/,food,"혼자 사는 직장인, 매일 건강한 과일 챙겨 먹고 싶을 때: 신선 베리 vs. 냉동 베리, 당신의 지갑과 편리함을 위한 현명한 선택",100%,2,LOW,탕이나 시럽이 첨가된 제품이 아닌 '100% 과일'인지 확인해야 합니다. 신선 베리: 구매 즉시,단정 표현 존재 — 맥락 확인 후 필요시 완화
2026-08-13-lifestyle-auto-8d6b5e,https://honsamnote.co.kr/blog/2026-08-13-lifestyle-auto-8d6b5e/,lifestyle,"혼자 사는 직장인, 절친과의 합가 고민된다면? '관계 유지' vs. '생활 최적화', 나에게 맞는 선택 기준",반드시; 절대,2,LOW,후 온전히 혼자만의 시간과 공간이 반드시 필요한 사람. 타인에게 맞춰 생활하는 것에 스트레스를,단정 표현 존재 — 맥락 확인 후 필요시 완화
2026-08-13-storage-auto-92e3bb,https://honsamnote.co.kr/blog/2026-08-13-storage-auto-92e3bb/,storage,1인 가구 수납 알아보기｜좁은 집 수납,반드시; 완벽하게,2,LOW,무겁거나 부피가 큰 대용량 세제는 반드시 수납장 바닥， 가장 아래쪽에 배치하여 쓰러지거나 쏟아지,단정 표현 존재 — 맥락 확인 후 필요시 완화
2026-08-13-storage-auto-ccc061,https://honsamnote.co.kr/blog/2026-08-13-storage-auto-ccc061/,storage,싱크대 하부장 정리 알아보기｜세면대 하부장 수납,반드시,2,LOW,납용품을 선택할 때는 다음 기준들을 반드시 고려해야 합니다. 배관 간섭 여부: 가장 중요합니다.,단정 표현 존재 — 맥락 확인 후 필요시 완화
2026-08-14-cleaning-auto-b4a47e,https://honsamnote.co.kr/blog/2026-08-14-cleaning-auto-b4a47e/,cleaning,"혼자 사는 당신, 청소해도 쌓이는 먼지와 답답한 공기? 딱 30분, 쾌적하고 깔끔한 집 만드는 현실적인 먼지 제거 및 환기 루틴",반드시,2,LOW,해주지는 못합니다. 주기적인 환기가 반드시 병행되어야 합니다. 바닥부터 청소하기: 위쪽 가구나 선,단정 표현 존재 — 맥락 확인 후 필요시 완화
2026-08-14-food-auto-78155f,https://honsamnote.co.kr/blog/2026-08-14-food-auto-78155f/,food,"혼자 사는 직장인, 빠르고 간편하게 단백질 챙기고 싶을 때: 참치캔 vs. 닭가슴살 통조림/팩 vs. 즉석 두부, 당신의 건강과 편리함을 위한 현명한 선택",반드시; 무조건,2,LOW,이나 팩을 개봉한 후 남은 단백질은 반드시 밀폐 용기에 담아 냉장 보관하고， 가급적 빨리 섭취하여,단정 표현 존재 — 맥락 확인 후 필요시 완화
2026-08-14-storage-auto-8ede60,https://honsamnote.co.kr/blog/2026-08-14-storage-auto-8ede60/,storage,"1인 가구 직장인, 좁은 주방 ‘열린 과자봉지·애매한 식재료’ 때문에 조리대가 엉망이라면? 밀폐 용기 vs 집게/클립, 내게 맞는 선택 기준 비교",무조건,2,LOW,식재료를 깔끔하게 정리하고 싶다면， 무조건 비싼 밀폐 용기를 사기보다는 '사용 빈도'와 '남은 양,단정 표현 존재 — 맥락 확인 후 필요시 완화
2026-08-14-storage-auto-be0ab4,https://honsamnote.co.kr/blog/2026-08-14-storage-auto-be0ab4/,storage,1인 가구 식사 공간 비교｜원룸 작업 공간,반드시; 무조건,2,LOW,견고한 소재와 마감 처리가 되었는지 반드시 확인해야 합니다. 구매 후 후기를 통해 잦은 고장 사례,단정 표현 존재 — 맥락 확인 후 필요시 완화
2026-07-27-welcome,https://honsamnote.co.kr/blog/2026-07-27-welcome/,,혼자 사는 삶을 더 쉽게 만드는 법 — 1인 가구 생활백서를 시작하며,무조건,1,LOW,그리고 제품이나 서비스를 다룰 때도 무조건 추천하지 않고， 사지 않아도 되는 경우까지 함께 안내하,단정 표현 존재 — 맥락 확인 후 필요시 완화
2026-07-29-food-9,https://honsamnote.co.kr/blog/2026-07-29-food-9/,food,퇴근 후 지쳐도 괜찮아: 1인 가구 직장인이 냉장고 털어 일주일 식단을 미리 짜는 현실적인 방법,절대,1,LOW,재료만 장보기 목록에 추가합니다. 절대 '있으면 좋겠지'라는 생각으로 추가하지 마세요. 4단계,단정 표현 존재 — 맥락 확인 후 필요시 완화
2026-07-30-cleaning-30,https://honsamnote.co.kr/blog/2026-07-30-cleaning-30/,cleaning,"바쁜 1인 가구 원룸, 매일 쌓이는 먼지? 근본적으로 줄이는 현실적인 생활 습관",반드시,1,LOW,붙어 더 제거하기 어렵게 만듭니다. 반드시 건식 청소를 먼저 한 후에 습식 청소를 해야 합니다.,단정 표현 존재 — 맥락 확인 후 필요시 완화
2026-07-30-food-14,https://honsamnote.co.kr/blog/2026-07-30-food-14/,food,"바쁜 1인 가구 직장인, 편의점 식사로 건강과 지갑 동시에 잡는 실전 조합",무조건,1,LOW,， 몇 가지 원칙만 지키면 됩니다. 무조건 비싸고 좋은 것을 사라는 이야기가 아닙니다. 핵심은 탄,단정 표현 존재 — 맥락 확인 후 필요시 완화
2026-07-30-lifestyle-62,https://honsamnote.co.kr/blog/2026-07-30-lifestyle-62/,lifestyle,"퇴근 후 혼밥이 귀찮은 1인 가구, 매일 끼니 거르지 않고 건강 챙기는 현실적인 식사 루틴",무조건,1,LOW,"요일 루틴 만들기: ""월요일 저녁은 무조건 파스타 데이""， ""금요일 저녁은 배달 음식 데이""처럼",단정 표현 존재 — 맥락 확인 후 필요시 완화
2026-07-30-lifestyle-63,https://honsamnote.co.kr/blog/2026-07-30-lifestyle-63/,lifestyle,"혼자 사는 직장인, 안부 연락 부담 줄이고 부모님 걱정 덜어드리는 스마트 안부 시스템 만들기",반드시,1,LOW,이 좋습니다. 일방적인 통보 지양: 반드시 가족과 충분히 상의하고 합의를 통해 시스템을 구축해야,단정 표현 존재 — 맥락 확인 후 필요시 완화
2026-07-30-products-50,https://honsamnote.co.kr/blog/2026-07-30-products-50/,products,"혼자 사는 직장인, 빨래방 갈 시간 없을 때! 소형 세탁기, '이 기준'으로 후회 없이 고르세요",반드시,1,LOW,， 이때 급수/배수 연결이 가능한지 반드시 확인해야 합니다. 낡은 건물이라면 수압이 낮거나 배수가,단정 표현 존재 — 맥락 확인 후 필요시 완화
2026-07-30-products-57,https://honsamnote.co.kr/blog/2026-07-30-products-57/,products,"바쁜 1인 가구 직장인, 장보기 시간 아깝다면? 돈과 시간 아끼는 정기배송 서비스 선택 가이드",반드시,1,LOW,이 발생하는 서비스도 있으니 약관을 반드시 확인해야 합니다. 쓰레기 문제 간과하기: 정기배송은 편,단정 표현 존재 — 맥락 확인 후 필요시 완화
2026-07-30-storage-20,https://honsamnote.co.kr/blog/2026-07-30-storage-20/,storage,"바쁜 1인 가구 직장인, 퇴근 후에도 어지러운 주방? 딱 3단계로 끝내는 현실적인 정리법",완벽하게,1,LOW,의사항: 욕심내지 마세요: 한 번에 완벽하게 정리하려다 지쳐 포기하기 쉽습니다. 3단계에 집중하고，,단정 표현 존재 — 맥락 확인 후 필요시 완화
2026-07-30-storage-22,https://honsamnote.co.kr/blog/2026-07-30-storage-22/,storage,"좁은 원룸 냉장고, 식재료 낭비 없이 깔끔하게 쓰는 현실 정리법",반드시,1,LOW,목록 작성: 장을 보러 가기 전， 반드시 냉장고 안을 확인하고 필요한 식재료만 목록에 적어갑니다,단정 표현 존재 — 맥락 확인 후 필요시 완화
2026-07-30-storage-24,https://honsamnote.co.kr/blog/2026-07-30-storage-24/,storage,"자꾸 쌓이는 물건에 한숨 쉬는 1인 가구라면: '수납 용품, 이거 사야 할까?' 판단하는 3가지 기준",반드시,1,LOW,"좁은 집에 수납 용품을 들이기 전에 반드시 기억해야 할 핵심은 ""물건을 위한 수납이 아닌， 공간을",단정 표현 존재 — 맥락 확인 후 필요시 완화
2026-08-01-cleaning-auto-edbbf8,https://honsamnote.co.kr/blog/2026-08-01-cleaning-auto-edbbf8/,cleaning,미니 식기세척기 비교｜식기세척기 추천,반드시,1,LOW,기가 아닙니다. 큰 음식물 찌꺼기는 반드시 제거 후 넣어야 고장을 방지하고 냄새 없이 깨끗하게 세,단정 표현 존재 — 맥락 확인 후 필요시 완화
2026-08-01-lifestyle-auto-37c919,https://honsamnote.co.kr/blog/2026-08-01-lifestyle-auto-37c919/,lifestyle,"1인 가구 직장인, 북적이던 집이 조용해질 때 찾아오는 허전함, 능숙하게 다루는 회복 루틴",완벽하게,1,LOW,빠르게 하는 것입니다. 모든 과정을 완벽하게 하려 하기보다， 심리적 전환점을 만드는 데 집중하세요.,단정 표현 존재 — 맥락 확인 후 필요시 완화
2026-08-01-lifestyle-auto-a6f950,https://honsamnote.co.kr/blog/2026-08-01-lifestyle-auto-a6f950/,lifestyle,"혼자 사는 직장인, 경조사 챙기기가 막막하다면? 시간과 에너지를 아끼는 스마트 가이드",반드시,1,LOW,니다. Tip: 불참을 결정했다면， 반드시 미리 연락하여 정중하게 양해를 구하고 진심을 담아 축하,단정 표현 존재 — 맥락 확인 후 필요시 완화
2026-08-01-products-auto-29af64,https://honsamnote.co.kr/blog/2026-08-01-products-auto-29af64/,products,"혼자 사는 직장인, 잦은 이사에 목돈 부담? 가구 구독/렌탈, 우리 집에 맞는지 따져보는 3가지 기준",반드시,1,LOW,습니다. 배송받을 때 가구의 상태를 반드시 확인하고 사진으로 기록해두세요. 옵션 제한: 구매만큼,단정 표현 존재 — 맥락 확인 후 필요시 완화
2026-08-01-products-auto-ff2c16,https://honsamnote.co.kr/blog/2026-08-01-products-auto-ff2c16/,products,1인 가구 정수기 기준｜정수기 렌탈,반드시,1,LOW,지 위약금， 소유권 이전 조건 등을 반드시 확인하고 계약서를 보관하세요. 설치 공간 확보: 특히,단정 표현 존재 — 맥락 확인 후 필요시 완화
2026-08-01-storage-auto-39ae63,https://honsamnote.co.kr/blog/2026-08-01-storage-auto-39ae63/,storage,"좁은 원룸 1인 가구, 커다란 청소 도구와 공구, 어디에 두어야 할지 막막하다면? 깔끔하게 숨기고 효율적으로 쓰는 현실 수납법",무조건,1,LOW,지하는 또 다른 짐이 될 뿐입니다. 무조건 오픈형 수납만 고집하기: 청소 도구나 공구는 모양이 불,단정 표현 존재 — 맥락 확인 후 필요시 완화
2026-08-01-storage-auto-662a7f,https://honsamnote.co.kr/blog/2026-08-01-storage-auto-662a7f/,storage,"1인 가구 직장인, 좁은 원룸 '한 번 입은 옷' 더미! 간편한 의류 리프레시 존 만드는 현실 팁",절대,1,LOW,. 세탁물과의 구분: 리프레시 존은 절대 빨래 바구니가 아닙니다. 오염된 옷은 즉시 세탁 바구니,단정 표현 존재 — 맥락 확인 후 필요시 완화
2026-08-03-products-auto-1b3cc6,https://honsamnote.co.kr/blog/2026-08-03-products-auto-1b3cc6/,products,"퇴근 후 내 방만 시원하게! 1인 가구 이동식 에어컨 VS 서큘레이터, 뭐가 맞을까?",완벽하게,1,LOW,실내로 유입되지 않도록 창문 틈새를 완벽하게 막아야 냉방 효율이 극대화됩니다. 동봉된 창문형 키트를,단정 표현 존재 — 맥락 확인 후 필요시 완화
2026-08-04-lifestyle-auto-8920c5,https://honsamnote.co.kr/blog/2026-08-04-lifestyle-auto-8920c5/,lifestyle,"혼자 사는 직장인, 친구나 가족을 집으로 초대하고 싶은데 막상 망설여진다면? 부담 없이 즐기는 '우리 집' 초대의 기술",완벽하게,1,LOW,기 (30분 청소 루틴) 집 전체를 완벽하게 청소할 필요는 없습니다. 손님의 시선이 머무를 공간만,단정 표현 존재 — 맥락 확인 후 필요시 완화
2026-08-04-lifestyle-auto-dabdf3,https://honsamnote.co.kr/blog/2026-08-04-lifestyle-auto-dabdf3/,lifestyle,"혼자 사는 직장인, 친구나 가족이 잠깐 머물겠다고 할 때, 내 공간 지키며 관계도 유지하는 현명한 대처법",100%,1,LOW,합니다. 유연한 태도: 모든 규칙을 100% 지키기 어려울 수도 있으니， 약간의 유연성은 가지되,단정 표현 존재 — 맥락 확인 후 필요시 완화
2026-08-06-cleaning-auto-907063,https://honsamnote.co.kr/blog/2026-08-06-cleaning-auto-907063/,cleaning,"혼자 사는 당신, 현관문 열자마자 신발장 냄새에 미간 찌푸린다고요? 10분 만에 꿉꿉한 냄새 싹 잡고 쾌적하게 만드는 현실 솔루션",완전히 제거,1,LOW,내고 마른 걸레로 다시 닦아 물기를 완전히 제거합니다. 환기: 청소 후에는 신발장 문을 활짝 열어 최,단정 표현 존재 — 맥락 확인 후 필요시 완화
2026-08-06-cleaning-auto-ff8d39,https://honsamnote.co.kr/blog/2026-08-06-cleaning-auto-ff8d39/,cleaning,1인 가구 옷 정리 알아보기｜헌 옷 버리기,반드시,1,LOW,등 개인 정보가 담긴 물건이 없는지 반드시 확인하세요. 꼼꼼한 포장: 중고거래 발송 시 옷이 손상,단정 표현 존재 — 맥락 확인 후 필요시 완화
2026-08-06-food-auto-19b20f,https://honsamnote.co.kr/blog/2026-08-06-food-auto-19b20f/,food,못난이 채소 알아보기｜B급 과일,무조건,1,LOW,소비량과 보관 환경 고려하기 싸다고 무조건 많이 사는 것은 1인 가구에게 가장 흔한 실수이자 가장,단정 표현 존재 — 맥락 확인 후 필요시 완화
2026-08-06-food-auto-3a64d3,https://honsamnote.co.kr/blog/2026-08-06-food-auto-3a64d3/,food,"혼자 사는 직장인, 국/찌개 한 번 끓이면 일주일 내내 먹어야 할 때? 질리지 않고 맛있게 즐기는 현명한 대용량 조리 & 소분법",절대,1,LOW,동 금지: 한 번 해동한 국/찌개는 절대 다시 냉동하지 마세요. 세균 번식의 위험이 커집니다.,단정 표현 존재 — 맥락 확인 후 필요시 완화
2026-08-06-lifestyle-auto-2e08db,https://honsamnote.co.kr/blog/2026-08-06-lifestyle-auto-2e08db/,lifestyle,"혼자 사는 직장인, 평일 연차나 공휴일에 생활 리듬이 무너진다면? 나만의 '갓생 휴일' 루틴으로 재정비하는 현실 가이드",100%,1,LOW,완벽주의를 버리세요: 계획한 대로 100% 지키지 못해도 괜찮습니다. 몇 가지라도 실천했다면 스,단정 표현 존재 — 맥락 확인 후 필요시 완화
2026-08-06-lifestyle-auto-91c019,https://honsamnote.co.kr/blog/2026-08-06-lifestyle-auto-91c019/,lifestyle,"혼자 사는 직장인, 친구들이 결혼·육아로 멀어질 때? '따로 또 같이' 관계 유지하는 현실 가이드",무조건,1,LOW,연스러운 감정입니다. 이러한 감정을 무조건 억누르기보다 인정하고 받아들이되， 그것이 관계를 파괴하,단정 표현 존재 — 맥락 확인 후 필요시 완화
2026-08-06-lifestyle-auto-bf4537,https://honsamnote.co.kr/blog/2026-08-06-lifestyle-auto-bf4537/,lifestyle,1인 가구 이별 알아보기｜관계 단절 회복,절대,1,LOW,간을 투자하는 것입니다. 주의사항: 절대 혼자 모든 걸 감당하려 하지 마세요. 힘들면 주변에 도,단정 표현 존재 — 맥락 확인 후 필요시 완화
2026-08-06-lifestyle-auto-dd68b0,https://honsamnote.co.kr/blog/2026-08-06-lifestyle-auto-dd68b0/,lifestyle,"혼자 사는 직장인, 친구 커플/가족 모임 초대받았을 때 어색함 없이 즐기는 현실 가이드",무조건,1,LOW,계 최적화' 전략을 세워야 합니다. 무조건 '참석' 또는 '불참'을 정하기보다， 나의 에너지를 현,단정 표현 존재 — 맥락 확인 후 필요시 완화
2026-08-06-products-auto-707d16,https://honsamnote.co.kr/blog/2026-08-06-products-auto-707d16/,products,1인 가구 인터넷 비용 정리｜와이파이 끊김,반드시,1,LOW,할인 혜택이나 위약금 발생 여부를 반드시 확인하세요. 시간: 셀프 점검 및 공유기 위치 조정，,단정 표현 존재 — 맥락 확인 후 필요시 완화
2026-08-06-products-auto-f84639,https://honsamnote.co.kr/blog/2026-08-06-products-auto-f84639/,products,"혼자 사는 직장인, 난방비 폭탄 맞기 싫다면? 퇴근 후 우리집 보일러, '이 3가지'로 현명하게 관리하세요!",절대,1,LOW,운 냄새나 누수， 이상 작동 시에는 절대 임의로 조작하지 말고 즉시 전문가를 호출하세요. 결로,단정 표현 존재 — 맥락 확인 후 필요시 완화
2026-08-06-storage-auto-19a86d,https://honsamnote.co.kr/blog/2026-08-06-storage-auto-19a86d/,storage,1인 가구 수납 가구 알아보기｜좁은 원룸 가구,반드시,1,LOW,cm의 오차도 큰 영향을 미칩니다. 반드시 정확한 치수를 재고 가구의 상세 사이즈를 비교해야 합니,단정 표현 존재 — 맥락 확인 후 필요시 완화
2026-08-06-storage-auto-4e768a,https://honsamnote.co.kr/blog/2026-08-06-storage-auto-4e768a/,storage,"1인 가구 직장인, '꽉 찬 옷장' 막막하다면? 내 옷에 맞춰 '선반 vs 서랍 vs 수납함' 최적 조합 찾는 현실 가이드",무조건,1,LOW,봉이 꽉 차면 답답함만 커집니다. '무조건 쌓아두기': 선반에 접는 옷을 높이 쌓아두면 아래 옷을,단정 표현 존재 — 맥락 확인 후 필요시 완화
2026-08-06-storage-auto-772373,https://honsamnote.co.kr/blog/2026-08-06-storage-auto-772373/,storage,"1인 가구 직장인, 여행 후 빈 캐리어 좁은 원룸 '애물단지'라면? 숨겨진 공간 200% 활용하는 현실 수납법",반드시,1,LOW,. 옷가지나 다른 물건을 넣기 전에 반드시 깨끗하게 청소해 주세요. 쾌적한 보관을 위한 필수 과정,단정 표현 존재 — 맥락 확인 후 필요시 완화
2026-08-06-storage-auto-b1740f,https://honsamnote.co.kr/blog/2026-08-06-storage-auto-b1740f/,storage,"1인 가구 직장인, 좁은 원룸 '매트·덤벨·폼롤러' 발에 채인다면? 홈트 용품 똑똑하게 보관하고 깔끔하게 쓰는 현실 수납법",반드시,1,LOW,렸을 때 안전사고 위험이 있습니다. 반드시 바닥이나 낮은 수납함， 침대 밑 등 안전한 곳에 보관하,단정 표현 존재 — 맥락 확인 후 필요시 완화
2026-08-06-storage-auto-c25261,https://honsamnote.co.kr/blog/2026-08-06-storage-auto-c25261/,storage,1인 가구 서랍 정리 비교｜서랍 칸막이,반드시,1,LOW,확히 측정: 정리함을 구매하기 전에 반드시 서랍 내부의 가로， 세로， 깊이를 정확히 측정해야 합니,단정 표현 존재 — 맥락 확인 후 필요시 완화
2026-08-06-storage-auto-d7c10d,https://honsamnote.co.kr/blog/2026-08-06-storage-auto-d7c10d/,storage,1인 가구 수납 알아보기｜좁은 공간 수납,무조건,1,LOW,경우가 있습니다. 사이즈 확인 없이 무조건 구매하기: '이 정도면 되겠지' 하고 대충 짐작으로 수,단정 표현 존재 — 맥락 확인 후 필요시 완화
2026-08-06-storage-auto-ddb1d8,https://honsamnote.co.kr/blog/2026-08-06-storage-auto-ddb1d8/,storage,"1인 가구 직장인, 퇴근 후 던져놓는 지갑·열쇠·휴대폰… 잃어버리지 않고 깔끔하게 정리하는 현실 수납법",무조건,1,LOW,음 5가지 기준을 고려해야 합니다. 무조건 예쁜 수납 용품을 사는 것이 아니라， 나의 생활 습관과,단정 표현 존재 — 맥락 확인 후 필요시 완화
2026-08-07-food-auto-18079e,https://honsamnote.co.kr/blog/2026-08-07-food-auto-18079e/,food,"혼자 사는 직장인, 퇴근 후 저녁 메뉴 고민될 때: 요리 vs. 배달 vs. 간편식, 당신의 피로도와 지갑을 위한 최적의 선택 가이드",무조건,1,LOW,. 이렇게 하면 오히려 악화됩니다 '무조건 건강하게 직접 해 먹어야 한다'는 강박: 이상적인 식단,단정 표현 존재 — 맥락 확인 후 필요시 완화
2026-08-07-food-auto-9b0d72,https://honsamnote.co.kr/blog/2026-08-07-food-auto-9b0d72/,food,"혼자 사는 직장인, 좁은 주방에 꽉 찬 식료품 관리 어려울 때: 효율적인 '나만의 미니 팬트리' 만드는 현실적인 전략",완벽하게,1,LOW,'한 번에 완벽' 강박: 처음부터 완벽하게 정리해야 한다는 생각은 오히려 정리 시작 자체를 막고，,단정 표현 존재 — 맥락 확인 후 필요시 완화
2026-08-07-lifestyle-auto-6d2617,https://honsamnote.co.kr/blog/2026-08-07-lifestyle-auto-6d2617/,lifestyle,1인가구 반려동물 알아보기｜반려동물 입양,반드시,1,LOW,약서에 반려동물 관련 조항이 있는지 반드시 확인해야 합니다. 무단 입양 시 계약 해지 사유가 될,단정 표현 존재 — 맥락 확인 후 필요시 완화
2026-08-07-products-auto-2fe4a8,https://honsamnote.co.kr/blog/2026-08-07-products-auto-2fe4a8/,products,"혼자 사는 직장인, 좁은 집에 쌓이는 분리수거에 지쳤다면? 1인 가구 맞춤 '똑똑한 분리수거' 3단계로 끝내세요!",반드시,1,LOW,지역마다 조금씩 다를 수 있습니다. 반드시 내가 거주하는 지자체의 최신 분리수거 가이드라인을 확인,단정 표현 존재 — 맥락 확인 후 필요시 완화
2026-08-07-products-auto-e9e85e,https://honsamnote.co.kr/blog/2026-08-07-products-auto-e9e85e/,products,"혼자 사는 직장인, 소량 빨래나 속옷 손빨래 매번 번거롭다면? 1인 가구 미니 세탁기 vs. 손빨래, 나에게 딱 맞는 선택은?",반드시,1,LOW,시 15~30분. 주의사항: 배수: 반드시 배수구(세면대， 변기， 샤워부스 배수구 등)로 배수 호,단정 표현 존재 — 맥락 확인 후 필요시 완화
2026-08-07-storage-auto-4a268b,https://honsamnote.co.kr/blog/2026-08-07-storage-auto-4a268b/,storage,좁은 집 수납 비교｜원룸 정리,무조건,1,LOW,려하는 것이 좋습니다. 어떤 것이 '무조건 좋다'고 할 수 없으며， 당신의 라이프스타일과 공간 특,단정 표현 존재 — 맥락 확인 후 필요시 완화
2026-08-07-storage-auto-c71b14,https://honsamnote.co.kr/blog/2026-08-07-storage-auto-c71b14/,storage,1인 가구 수납장 방법｜원룸 옷장,반드시,1,LOW,안전: 특히 높이가 높은 수납장은 반드시 벽에 고정해야 합니다. 지진 등 외부 충격 시 넘어지면,단정 표현 존재 — 맥락 확인 후 필요시 완화
2026-08-07-storage-auto-ffedfc,https://honsamnote.co.kr/blog/2026-08-07-storage-auto-ffedfc/,storage,1인 가구 책 수납 알아보기｜좁은 원룸 책 정리,반드시,1,LOW,설치할 때는 제품의 '허용 하중'을 반드시 확인해야 합니다. 하중을 초과하면 파손되거나 안전 문제,단정 표현 존재 — 맥락 확인 후 필요시 완화
2026-08-08-cleaning-auto-a279f2,https://honsamnote.co.kr/blog/2026-08-08-cleaning-auto-a279f2/,cleaning,"혼자 사는 당신, 쌓이는 설거지 스트레스! 손 설거지 vs 미니 식기세척기, 현명한 선택 기준",절대,1,LOW,습니다. 세균 번식의 온상이 되므로 절대 미루지 마세요. 물을 계속 틀어놓고 설거지: 물 낭비가,단정 표현 존재 — 맥락 확인 후 필요시 완화
2026-08-08-cleaning-auto-b16ac0,https://honsamnote.co.kr/blog/2026-08-08-cleaning-auto-b16ac0/,cleaning,"혼자 사는 당신, 집에 밴 꿉꿉한 생활 냄새! 향으로 덮을까? 근본을 잡을까? 방향제·디퓨저 vs 공기청정기, 현명한 선택 기준",반드시,1,LOW,나 관리 방법이 다르므로， 구매 후 반드시 설명서를 꼼꼼히 읽어보세요. 이렇게 하면 오히려 악화됩,단정 표현 존재 — 맥락 확인 후 필요시 완화
2026-08-08-food-auto-0ac2e1,https://honsamnote.co.kr/blog/2026-08-08-food-auto-0ac2e1/,food,"혼자 사는 직장인, 밥 한 번 하면 너무 많고 매번 하긴 귀찮을 때: 갓 지은 밥처럼 즐기는 현실적인 보관과 활용법",반드시,1,LOW,도 밥이 푸석하고 찰기가 없습니다. 반드시 뜨거운 상태에서 바로 냉동해야 합니다. 해동 후 또 냉,단정 표현 존재 — 맥락 확인 후 필요시 완화
2026-08-08-food-auto-89ea49,https://honsamnote.co.kr/blog/2026-08-08-food-auto-89ea49/,food,"혼자 사는 직장인, 두부 한 모 앞에서 망설일 때: 버리지 않고 끝까지 신선하게 즐기는 구매부터 보관, 활용법",반드시,1,LOW,및 상태 확인: 냉장 보관된 두부는 반드시 냄새를 맡아보고， 시큼하거나 이상한 냄새가 나면 미련,단정 표현 존재 — 맥락 확인 후 필요시 완화
2026-08-08-food-auto-9b0e80,https://honsamnote.co.kr/blog/2026-08-08-food-auto-9b0e80/,food,1인 가구 허브 비교｜혼밥 향신료,확실히,1,LOW,신중하게: 사용 빈도가 아주 높고， 확실히 많은 양을 소비할 것이라는 확신이 들 때만 대용량 제품,단정 표현 존재 — 맥락 확인 후 필요시 완화
2026-08-08-lifestyle-auto-4e7860,https://honsamnote.co.kr/blog/2026-08-08-lifestyle-auto-4e7860/,lifestyle,혼밥 해결 비교｜밀키트 추천,반드시,1,LOW,임 주최 측의 취소 및 환불 정책을 반드시 확인하세요. '케미' 불일치: 모든 모임에서 좋은 사람,단정 표현 존재 — 맥락 확인 후 필요시 완화
2026-08-08-lifestyle-auto-9fe492,https://honsamnote.co.kr/blog/2026-08-08-lifestyle-auto-9fe492/,lifestyle,1인 가구 친구 관계 알아보기｜라이프스타일 차이,무조건,1,LOW,(주도권 갖기) 다른 사람의 제안을 무조건 따르기보다는， 내 기준에 맞는 대안을 제시하는 것이 중,단정 표현 존재 — 맥락 확인 후 필요시 완화
2026-08-08-products-auto-a84bd7,https://honsamnote.co.kr/blog/2026-08-08-products-auto-a84bd7/,products,"혼자 사는 직장인, 퇴근 후 무거운 장바구니 대신? 1인 가구 온라인 장보기 서비스, 현명하게 고르고 알뜰하게 이용하는 법",반드시,1,LOW,신선도를 확인하고， 문제가 있다면 반드시 사진을 찍어두고 서비스 고객센터에 문의하세요. 특히 냉,단정 표현 존재 — 맥락 확인 후 필요시 완화
2026-08-08-storage-auto-9dbb87,https://honsamnote.co.kr/blog/2026-08-08-storage-auto-9dbb87/,storage,"1인 가구 직장인, 좁은 욕실 세면대·선반 위 '화장품·세면도구' 넘쳐난다면? 깔끔하게 숨기고 효율적으로 쓰는 현실 수납법",무조건,1,LOW,6개월 이상 사용하지 않은 제품은 무조건 비우세요. 남은 물건 중 매일 쓰는 필수품 3~5가지만,단정 표현 존재 — 맥락 확인 후 필요시 완화
2026-08-09-products-auto-df5dbc,https://honsamnote.co.kr/blog/2026-08-09-products-auto-df5dbc/,products,"혼자 사는 직장인, 부피 큰 가구/가전 처리에 막막하다면? 1인 가구 맞춤 대형 폐기물 처리, '이 3단계'로 깔끔하게 끝내세요!",절대,1,LOW,밤에 몰래 버리기: 가장 흔하지만 절대 해서는 안 될 방법입니다. CCTV나 목격자에 의해 무,단정 표현 존재 — 맥락 확인 후 필요시 완화
2026-08-10-storage-auto-48f5a4,https://honsamnote.co.kr/blog/2026-08-10-storage-auto-48f5a4/,storage,"1인 가구 직장인, 좁은 주방 '수납 공간 잡아먹는' 주방 가전 때문에 고민이라면? '싱글 기능 vs 멀티 기능' 가전, 현명하게 고르는 법 비교",반드시,1,LOW,방치되는 경우가 많습니다. 구매 전 반드시 실측 사이즈를 확인하고， 예상 배치 공간에 실제로 놓아,단정 표현 존재 — 맥락 확인 후 필요시 완화
2026-08-11-food-auto-452e94,https://honsamnote.co.kr/blog/2026-08-11-food-auto-452e94/,food,"혼자 사는 직장인, 매일 신선 채소 챙겨 먹기 어려울 때: 샐러드 정기배송 vs. 직접 재료 손질, 당신의 건강과 지갑을 위한 현명한 선택",무조건,1,LOW,고 냉장고에 쌓아두기: '구독했으니 무조건 먹어야 한다'는 압박감에 냉장고에 방치하다가 유통기한이,단정 표현 존재 — 맥락 확인 후 필요시 완화
2026-08-11-storage-auto-9064d7,https://honsamnote.co.kr/blog/2026-08-11-storage-auto-9064d7/,storage,"1인 가구 직장인, 좁은 원룸 '퇴근 후 휴식 공간' 마저 잡동사니에 잠식당한다면? '수납형 스툴/오토만 vs 이동식 트롤리' 현명하게 고르는 법 비교",완벽하게,1,LOW,통해 당신의 좁은 원룸 휴식 공간에 완벽하게 어울리는 수납 솔루션을 찾고， 퇴근 후 진정한 휴식을,단정 표현 존재 — 맥락 확인 후 필요시 완화
2026-08-12-food-auto-8fffcc,https://honsamnote.co.kr/blog/2026-08-12-food-auto-8fffcc/,food,"혼자 사는 직장인, 요리한 음식 나눠 담을 때: 플라스틱 vs. 유리 vs. 실리콘, 당신의 냉장고와 건강을 위한 현명한 선택",반드시,1,LOW,한계: 전자레인지 사용 가능 여부 반드시 확인 (전자레인지용은 PP 재질). 오븐 사용 불가.,단정 표현 존재 — 맥락 확인 후 필요시 완화
2026-08-12-products-auto-6c6a4a,https://honsamnote.co.kr/blog/2026-08-12-products-auto-6c6a4a/,products,"혼자 사는 직장인, 퇴근 후 어두운 집, 굳이 불 켜러 가기 귀찮다면? 1인 가구 스마트 전구, 과연 나에게 필요한 최적의 선택일까?",반드시,1,LOW,소켓은 E26 규격입니다. 구매 전 반드시 우리 집 조명 기구의 소켓 규격을 확인하세요. 해결 순,단정 표현 존재 — 맥락 확인 후 필요시 완화
2026-08-12-products-auto-74d817,https://honsamnote.co.kr/blog/2026-08-12-products-auto-74d817/,products,"혼자 사는 직장인, 냉난방비 아끼고 쾌적한 실내 공기? 서큘레이터 vs. 선풍기, 나에게 딱 맞는 선택은?",무조건,1,LOW,의 목적에 맞게 사용해야 합니다. '무조건 비싼 게 좋다'는 생각: 고가의 프리미엄 제품이 항상,단정 표현 존재 — 맥락 확인 후 필요시 완화
2026-08-12-storage-auto-0db620,https://honsamnote.co.kr/blog/2026-08-12-storage-auto-0db620/,storage,원룸 수납 알아보기｜자잘한 부품 정리,확실히,1,LOW,것’과 ‘꼭 보관해야 하는 것’을 확실히 분류하면 수납 공간을 획기적으로 확보할 수 있습니다.,단정 표현 존재 — 맥락 확인 후 필요시 완화
