post_id,url,title,primary_keyword,search_intent,mismatch_type,kw_in_opening,intent_in_opening,emotional_intro,opening_snippet,recommended_action
2026-07-27-welcome,https://honsamnote.co.kr/blog/2026-07-27-welcome/,혼자 사는 삶을 더 쉽게 만드는 법 — 1인 가구 생활백서를 시작하며,1인 가구 생활,문제해결형,KEYWORD_ABSENT_FROM_OPENING,no,yes,no,이 블로그가 다루는 문제 혼자 산다는 건 생각보다 손이 많이 가는 일입니다. 집안일을 미루면 그대로 쌓이고， 식재료를 넉넉히 사면 절반은 버리게 되고， 고정비는 매달 조금씩 새어 나갑니다. 아플 때 대신 챙겨줄 사람이 없고， 좁은 공간은 정리해도 금방 다시 어질러집니다,CONTENT_ALIGNMENT_REQUIRED: 제목 키워드가 본문 앞부분에 없음 — 제목 수정 또는 본문 도입 개선
2026-07-29-cost-1,https://honsamnote.co.kr/blog/2026-07-29-cost-1/,"월급날 한숨만? 1인 가구 직장인의 한 달 고정비, 이대로 따라 하면 무조건 줄어듭니다",1인 가구 고정비,비용형,KEYWORD_ABSENT_FROM_OPENING,no,no,no,문제 상황 월급날， 잠깐의 행복도 잠시. 통장에 찍힌 월급은 채 일주일도 지나지 않아 각종 자동이체와 구독료로 빠져나가고， 내 손에 남는 현금은 늘 쪼들립니다. 매달 나가는 주거비， 통신비， 보험료， 구독료… 어쩌면 이렇게 줄어들 생각을 안 하는지 한숨만 나옵니다. 분,CONTENT_ALIGNMENT_REQUIRED: 제목 키워드가 본문 앞부분에 없음 — 제목 수정 또는 본문 도입 개선
2026-07-29-food-9,https://honsamnote.co.kr/blog/2026-07-29-food-9/,1인 가구 식단 방법｜일주일 식단 짜기,1인 가구 식단,방법형,KEYWORD_ABSENT_FROM_OPENING,no,no,yes,문제 상황 퇴근 후 현관문을 열고 들어서는 순간， 냉장고 문을 열어 무엇을 먹을까 고민하는 시간은 이미 하루의 마지막 에너지를 갉아먹습니다. 어제 사둔 싱싱한 채소는 벌써 시들어가고， 마트에서 충동적으로 구매한 식재료들은 냉장고 한구석에서 방치되다 결국 버려지기 일쑤입,CONTENT_ALIGNMENT_REQUIRED: 제목 키워드가 본문 앞부분에 없음 — 제목 수정 또는 본문 도입 개선
2026-07-30-cleaning-25,https://honsamnote.co.kr/blog/2026-07-30-cleaning-25/,1인 가구 청소 루틴 해결 방법｜퇴근 후 청소,1인 가구 청소 루틴,방법형,KEYWORD_ABSENT_FROM_OPENING,no,yes,yes,"문제 상황 퇴근 후 지친 몸을 이끌고 현관문을 열었을 때， 널브러진 옷가지와 어쩐지 끈적이는 주방 바닥， 그리고 언제 닦았는지 기억조차 나지 않는 욕실 세면대를 마주하면 한숨부터 나오시죠? ""청소는 주말에 몰아서 해야지"" 하고 미루다 보면， 소중한 주말마저 청소에 반납",CONTENT_ALIGNMENT_REQUIRED: 제목 키워드가 본문 앞부분에 없음 — 제목 수정 또는 본문 도입 개선
2026-07-30-cleaning-26,https://honsamnote.co.kr/blog/2026-07-30-cleaning-26/,1인 가구 화장실 청소 방법｜곰팡이 제거 방법,1인 가구 화장실 청소,방법형,KEYWORD_ABSENT_FROM_OPENING,no,yes,yes,문제 상황 지친 몸을 이끌고 퇴근한 저녁， 따뜻한 물로 샤워하며 하루의 피로를 풀고 싶으셨죠? 그런데 욕실 문을 여는 순간， 코끝을 스치는 퀴퀴한 냄새와 함께 눈에 들어오는 검은 얼룩들. 샤워기 헤드 뒤편， 타일 틈새， 세면대 실리콘 곳곳에 거뭇하게 피어난 곰팡이를 보,CONTENT_ALIGNMENT_REQUIRED: 제목 키워드가 본문 앞부분에 없음 — 제목 수정 또는 본문 도입 개선
2026-07-30-cleaning-27,https://honsamnote.co.kr/blog/2026-07-30-cleaning-27/,배수구 청소 알아보기｜샤워실 냄새,배수구 청소,문제해결형,KEYWORD_ABSENT_FROM_OPENING,no,yes,yes,"문제 상황 퇴근 후 지친 몸을 이끌고 들어선 집， 왠지 모르게 코를 찌르는 퀴퀴한 냄새가 신경을 거슬립니다. 분명 어제 대충 물청소도 했는데 말이죠. 특히 샤워실 배수구 쪽에서 올라오는 듯한 악취는 집안의 쾌적함을 순식간에 망치고， 씻을 때마다 불쾌감을 안겨줍니다. """,CONTENT_ALIGNMENT_REQUIRED: 제목 키워드가 본문 앞부분에 없음 — 제목 수정 또는 본문 도입 개선
2026-07-30-cleaning-28,https://honsamnote.co.kr/blog/2026-07-30-cleaning-28/,빨래 쉰 냄새 제거 해결 방법｜세탁기 냄새,빨래 쉰 냄새 제거,방법형,KEYWORD_ABSENT_FROM_OPENING,no,yes,yes,문제 상황 퇴근 후 지친 몸을 이끌고 겨우 세탁기를 돌렸습니다. 내일 입고 나갈 옷이 없어서 급하게 세탁한 옷을 다음 날 바로 입으려는데， 옷에서 꿉꿉하고 시큼한 쉰 냄새가 확 올라옵니다. 다시 빨자니 시간도 아깝고， 그렇다고 그냥 입을 수도 없고… 왜 매번 이런 냄새,CONTENT_ALIGNMENT_REQUIRED: 제목 키워드가 본문 앞부분에 없음 — 제목 수정 또는 본문 도입 개선
2026-07-30-cleaning-29,https://honsamnote.co.kr/blog/2026-07-30-cleaning-29/,1인 가구 침구 세탁 주기 알아보기｜침구 관리법,1인 가구 침구 세탁 주기,문제해결형,KEYWORD_ABSENT_FROM_OPENING,no,yes,yes,"문제 상황 퇴근 후 지친 몸을 이끌고 침대에 누웠을 때， 포근하고 깨끗한 침구만큼 위로가 되는 것도 없습니다. 하지만 ""과연 우리 집 침구는 깨끗할까?""라는 생각이 스쳐 지나갈 때가 있죠. 혼자 살다 보니 집안일에 신경 쓸 시간도， 누가 ""이건 이렇게 해야 해!""라고 ",CONTENT_ALIGNMENT_REQUIRED: 제목 키워드가 본문 앞부분에 없음 — 제목 수정 또는 본문 도입 개선
2026-07-30-cleaning-30,https://honsamnote.co.kr/blog/2026-07-30-cleaning-30/,원룸먼지 방법｜먼지줄이는방법,원룸먼지,방법형,KEYWORD_ABSENT_FROM_OPENING,no,yes,yes,문제 상황 퇴근 후 지친 몸을 이끌고 집에 들어섰을 때， 방바닥을 뒹구는 머리카락과 희끗희끗한 먼지 뭉치를 발견하면 한숨부터 나옵니다. 분명 어제 대충이라도 청소한 것 같은데， 하룻밤 사이에 또 쌓인 먼지를 보면 청소 자체가 무의미하게 느껴지기도 하죠. 특히 공간이 좁,CONTENT_ALIGNMENT_REQUIRED: 제목 키워드가 본문 앞부분에 없음 — 제목 수정 또는 본문 도입 개선
2026-07-30-cleaning-31,https://honsamnote.co.kr/blog/2026-07-30-cleaning-31/,혼자 사는 집 청소 해결 방법｜주방 기름때 제거,혼자 사는 집 청소,방법형,KEYWORD_ABSENT_FROM_OPENING,no,no,yes,문제 상황 퇴근 후 허기진 배를 붙잡고 간단한 저녁 한 끼를 해 먹습니다. 김치찌개를 끓이고， 계란 프라이를 부치고， 생선 한 토막을 구웠죠. 설거지를 마치고 주방을 한 번 둘러보지만， 깨끗해 보입니다. 하지만 며칠， 몇 주가 지나면서 뭔가 끈적이는 감촉이 손끝에 닿습,CONTENT_ALIGNMENT_REQUIRED: 제목 키워드가 본문 앞부분에 없음 — 제목 수정 또는 본문 도입 개선
2026-07-30-cleaning-32,https://honsamnote.co.kr/blog/2026-07-30-cleaning-32/,1인 가구 청소 알아보기｜집안일 자동화,1인 가구 청소,문제해결형,KEYWORD_ABSENT_FROM_OPENING,no,yes,yes,문제 상황 월요일 아침， 침대에서 겨우 몸을 일으켜 출근 준비를 시작합니다. 어제 미처 널지 못한 빨래는 세탁기 안에서 축축하고， 바닥에는 며칠 전부터 쌓인 먼지가 희끗합니다. 퇴근 후에는 지친 몸을 이끌고 겨우 배달음식으로 끼니를 때우고 나면， 쌓여가는 설거지， 빨래,CONTENT_ALIGNMENT_REQUIRED: 제목 키워드가 본문 앞부분에 없음 — 제목 수정 또는 본문 도입 개선
2026-07-30-cost-2,https://honsamnote.co.kr/blog/2026-07-30-cost-2/,전기세 줄이기 비용 정리｜가스비 절약,전기세 줄이기,비용형,KEYWORD_ABSENT_FROM_OPENING,no,no,yes,문제 상황 퇴근 후 지친 몸을 이끌고 겨우 현관문을 열었는데， 우편함에 꽂힌 고지서를 보는 순간 심장이 덜컥 내려앉습니다. '지난달과 똑같이 썼는데 왜 이번 달은 이렇게 많이 나왔지?' 혼자 살기 시작한 지 얼마 안 된 당신이라면， 이 알 수 없는 공과금의 세계가 더욱,CONTENT_ALIGNMENT_REQUIRED: 제목 키워드가 본문 앞부분에 없음 — 제목 수정 또는 본문 도입 개선
2026-07-30-cost-3,https://honsamnote.co.kr/blog/2026-07-30-cost-3/,"혼자 사는 직장인, 통신비 월 2만원 아끼는 알뜰폰+인터넷 vs 3사 결합, 현명한 선택 가이드",1인 가구 통신비,비교형,KEYWORD_ABSENT_FROM_OPENING,no,yes,yes,문제 상황 퇴근 후 지친 몸을 이끌고 집에 왔는데， 다음 달 통신비 고지서가 또 헉 소리를 내게 합니다. 혼자 사는데 왜 이렇게 나가는 돈이 많은 걸까요? 특히 휴대폰 요금과 인터넷 요금을 합치면 생각보다 큰 비중을 차지합니다. 주변에서는 알뜰폰이 좋다고 하는데， 막상,CONTENT_ALIGNMENT_REQUIRED: 제목 키워드가 본문 앞부분에 없음 — 제목 수정 또는 본문 도입 개선
2026-07-30-cost-4,https://honsamnote.co.kr/blog/2026-07-30-cost-4/,"퇴근 후 지친 혼밥러, 매달 20만원 아끼는 배달비·식비 줄이는 생활 습관",혼자사는직장인식비,문제해결형,KEYWORD_ABSENT_FROM_OPENING,no,yes,no,문제 상황 길고 고된 퇴근길， 현관문에 들어서는 순간 몸은 녹초가 됩니다. 냉장고에는 텅 비어 있거나 손질할 엄두가 나지 않는 식재료만 보입니다. 결국 스마트폰을 들어 배달 앱을 켜고， '이번 한 번만'이라는 생각으로 음식을 주문합니다. 편리함과 허기짐에 이끌려 한 끼,CONTENT_ALIGNMENT_REQUIRED: 제목 키워드가 본문 앞부분에 없음 — 제목 수정 또는 본문 도입 개선
2026-07-30-cost-5,https://honsamnote.co.kr/blog/2026-07-30-cost-5/,"바쁜 1인 가구 직장인, 매달 새는 돈 막으려면? 잠든 구독 서비스 깨끗하게 정리하는 3단계",구독서비스 정리,방법형,KEYWORD_ABSENT_FROM_OPENING,no,no,yes,문제 상황 퇴근 후 지친 몸으로 집에 돌아와 배달 앱을 열고， 다음 날 출근길에 마실 커피를 사면서 문득 카드 명세서가 떠오릅니다. '이번 달도 꽤 썼구나…' 한숨을 쉬며 내역을 살펴보지만， 어떤 지출은 기억조차 나지 않습니다. 특히 매달 꾸준히 빠져나가는 '구독 서비,CONTENT_ALIGNMENT_REQUIRED: 제목 키워드가 본문 앞부분에 없음 — 제목 수정 또는 본문 도입 개선
2026-07-30-cost-6,https://honsamnote.co.kr/blog/2026-07-30-cost-6/,1인 가구 보험 체크리스트｜보험료 아끼는 법,1인 가구 보험,체크형,KEYWORD_ABSENT_FROM_OPENING,no,no,yes,"문제 상황 퇴근 후 녹초가 되어 돌아온 당신， 주말엔 겨우 밀린 잠을 자거나 친구들과 만나는 것이 전부입니다. 그러다 문득 월급 명세서를 보며 한숨을 쉬죠. ""이번 달도 통장은 스쳐 지나가는구나…"" 월세， 관리비， 식비， 교통비， 통신비 등 고정 지출은 왜 이렇게 많은",CONTENT_ALIGNMENT_REQUIRED: 제목 키워드가 본문 앞부분에 없음 — 제목 수정 또는 본문 도입 개선
2026-07-30-cost-7,https://honsamnote.co.kr/blog/2026-07-30-cost-7/,관리비 절약 알아보기｜관리비 줄이는 법,관리비 절약,문제해결형,KEYWORD_ABSENT_FROM_OPENING,no,yes,yes,문제 상황 퇴근 후 지친 몸으로 현관문을 열고 들어왔을 때， 당신을 반기는 건 얇디얇은 종이 한 장， 바로 관리비 고지서입니다. 혼자 사는 만큼 이것저것 아끼려고 노력했는데， 이번 달도 어쩐지 예상보다 높은 금액에 눈살을 찌푸리게 됩니다. '나 혼자 사는데 왜 이렇게 ,CONTENT_ALIGNMENT_REQUIRED: 제목 키워드가 본문 앞부분에 없음 — 제목 수정 또는 본문 도입 개선
2026-07-30-cost-70,https://honsamnote.co.kr/blog/2026-07-30-cost-70/,수도요금 폭탄 비용 정리｜누수,수도요금 폭탄,비용형,KEYWORD_ABSENT_FROM_OPENING,no,no,yes,문제 상황 퇴근 후 피곤한 몸을 이끌고 겨우 소파에 앉았는데， 띵동. 스마트폰으로 날아온 수도요금 고지서 알림에 순간 눈을 비볐습니다. '뭐지? 내가 물을 그렇게 많이 썼나?' 평소와 크게 다르지 않은 생활 패턴이었는데， 예상치 못한 숫자에 마음이 쿵 내려앉습니다. 혹,CONTENT_ALIGNMENT_REQUIRED: 제목 키워드가 본문 앞부분에 없음 — 제목 수정 또는 본문 도입 개선
2026-07-30-food-10,https://honsamnote.co.kr/blog/2026-07-30-food-10/,1인 가구 식재료 해결 방법｜소분 보관,1인 가구 식재료,방법형,KEYWORD_ABSENT_FROM_OPENING,no,yes,yes,문제 상황 퇴근 후 지친 몸을 이끌고 냉장고 문을 엽니다. 주말에 야심 차게 사둔 채소들은 이미 시들어가고， 대용량으로 산 고기는 냉장실에서 빛을 잃어가고 있죠. '이번 주말엔 꼭 요리해 먹어야지' 다짐했지만， 현실은 밀려드는 배달 앱 알림과 죄책감뿐입니다. 결국 먹지,CONTENT_ALIGNMENT_REQUIRED: 제목 키워드가 본문 앞부분에 없음 — 제목 수정 또는 본문 도입 개선
2026-07-30-food-11,https://honsamnote.co.kr/blog/2026-07-30-food-11/,식재료보관기간 해결 방법｜냉장고정리,식재료보관기간,방법형,KEYWORD_ABSENT_FROM_OPENING,no,yes,yes,문제 상황 힘든 퇴근 후， 겨우 몸을 이끌고 집에 도착했습니다. 텅 빈 냉장고를 채우기 위해 주말에 큰마음 먹고 장을 봤지만， 일주일이 지나면 어느새 냉장고 구석에서 시들거나 상해버린 식재료가 발견됩니다. '이건 언제 사온 거지?'， '아직 유통기한 남았는데 왜 이렇게,CONTENT_ALIGNMENT_REQUIRED: 제목 키워드가 본문 앞부분에 없음 — 제목 수정 또는 본문 도입 개선
2026-07-30-food-12,https://honsamnote.co.kr/blog/2026-07-30-food-12/,남은 음식 활용법 방법｜혼밥 식재료,남은 음식 활용법,방법형,KEYWORD_ABSENT_FROM_OPENING,no,no,yes,문제 상황 퇴근 후 지친 몸을 이끌고 집에 도착했습니다. 오늘 저녁은 뭘 해 먹을까 고민하다 냉장고 문을 열어보니， 지난 주말에 해 먹고 남은 찌개 냄비， 어제 반만 먹다 만 샐러드， 애매하게 남은 채소 조각들이 눈에 들어옵니다. '이걸 버려야 하나? 아니면 한 번 더,CONTENT_ALIGNMENT_REQUIRED: 제목 키워드가 본문 앞부분에 없음 — 제목 수정 또는 본문 도입 개선
2026-07-30-food-16,https://honsamnote.co.kr/blog/2026-07-30-food-16/,음식물 쓰레기 처리 해결 방법｜음식물 쓰레기 줄이기,음식물 쓰레기 처리,방법형,KEYWORD_ABSENT_FROM_OPENING,no,yes,yes,문제 상황 퇴근 후， 지친 몸을 이끌고 간단하게 요리해 먹고 나면 남는 건 항상 똑같은 고민입니다. 냉장고 구석에서 시들어가거나 곰팡이가 피어버린 식재료， 그리고 바로바로 처리하지 못해 주방에 스멀스멀 퍼지는 음식물 쓰레기 냄새. 좁은 집 안에 쌓이는 악취는 물론， 잦,CONTENT_ALIGNMENT_REQUIRED: 제목 키워드가 본문 앞부분에 없음 — 제목 수정 또는 본문 도입 개선
2026-07-30-housing-42,https://honsamnote.co.kr/blog/2026-07-30-housing-42/,"내 첫 원룸 계약, 퇴근 후 15분으로 손해 없이 똑똑하게 확인하는 법",원룸 계약 전 확인사항,방법형,KEYWORD_ABSENT_FROM_OPENING,no,no,yes,문제 상황 새로운 보금자리를 찾는 설렘도 잠시， 막상 마음에 쏙 드는 원룸을 발견하면 계약서에 도장을 찍기 바쁘죠. '이 정도면 괜찮겠지' 하는 마음으로 서류를 대충 훑어보고， 이미 지친 몸으로 대충 둘러본 후 덜컥 계약을 마무리합니다. 하지만 기쁨도 잠시， 입주 후 ,CONTENT_ALIGNMENT_REQUIRED: 제목 키워드가 본문 앞부분에 없음 — 제목 수정 또는 본문 도입 개선
2026-07-30-housing-43,https://honsamnote.co.kr/blog/2026-07-30-housing-43/,관리비 항목 알아보기｜관리비 확인법,관리비 항목,문제해결형,KEYWORD_ABSENT_FROM_OPENING,no,yes,no,문제 상황 설레는 마음으로 새 집에 입주한 것도 잠시， 첫 달 관리비 고지서를 받아들고 고개를 갸웃거린 적 있으신가요? 큼지막한 총액은 보이는데， 왜 이 돈을 내야 하는지 구체적인 내역은 알 길이 없어 답답합니다. '청소비， 경비비， 승강기 유지비' 같은 익숙한 항목 ,CONTENT_ALIGNMENT_REQUIRED: 제목 키워드가 본문 앞부분에 없음 — 제목 수정 또는 본문 도입 개선
2026-07-30-housing-44,https://honsamnote.co.kr/blog/2026-07-30-housing-44/,"혼자 사는 직장인, 내 전월세 보증금 지키는 법: 이사 후 전입신고·확정일자 한 번에 끝내기",전입신고 방법,방법형,KEYWORD_ABSENT_FROM_OPENING,no,yes,yes,"문제 상황 새로운 보금자리로 이사하는 건 설레는 일이지만， 계약서 작성부터 이사 준비， 그리고 온갖 행정 처리까지 혼자 해내야 하는 일투성입니다. 특히 보증금 수천만 원이 걸린 전월세 계약 후， ""전입신고? 확정일자? 대체 왜 해야 하는 거지?""라는 막연한 걱정과 함께",CONTENT_ALIGNMENT_REQUIRED: 제목 키워드가 본문 앞부분에 없음 — 제목 수정 또는 본문 도입 개선
2026-07-30-housing-46,https://honsamnote.co.kr/blog/2026-07-30-housing-46/,"이사 나가는 1인 가구, 복비·공과금 덤터기 없이 보증금 100% 안전하게 돌려받는 준비",보증금반환,문제해결형,KEYWORD_ABSENT_FROM_OPENING,no,yes,yes,"문제 상황 퇴근 후 지친 몸을 이끌고 집에 왔는데， 다음 달 이사 날짜는 코앞이고 해야 할 일은 산더미 같나요? 짐 정리， 이사업체 선정， 새로운 집 구하기도 빠듯한데， 혹시 가장 큰돈인 보증금은 제대로 돌려받을 수 있을지 걱정이 앞서나요? ""이사 나갈 때 청소는 어디",CONTENT_ALIGNMENT_REQUIRED: 제목 키워드가 본문 앞부분에 없음 — 제목 수정 또는 본문 도입 개선
2026-07-30-housing-47,https://honsamnote.co.kr/blog/2026-07-30-housing-47/,집주인수리책임 방법｜임대차계약,집주인수리책임,방법형,KEYWORD_ABSENT_FROM_OPENING,no,no,yes,문제 상황 퇴근 후 지친 몸을 이끌고 집에 들어섰는데， 화장실 변기 물이 시원하게 내려가지 않거나， 갑자기 보일러가 멈춰버려 싸늘한 기운이 감돌 때의 막막함， 느껴보셨나요? 혹은 벽 한구석에 피어나는 곰팡이를 애써 모른 척하다가 어느새 집 전체로 퍼질까 두려워 발만 동,CONTENT_ALIGNMENT_REQUIRED: 제목 키워드가 본문 앞부분에 없음 — 제목 수정 또는 본문 도입 개선
2026-07-30-housing-69,https://honsamnote.co.kr/blog/2026-07-30-housing-69/,보일러 고장 대처 알아보기｜보일러 수리,보일러 고장 대처,문제해결형,KEYWORD_ABSENT_FROM_OPENING,no,yes,yes,문제 상황 퇴근 후 지친 몸을 이끌고 들어온 자취방. 따뜻한 물로 샤워하고 싶어 보일러를 틀었는데， 어쩐지 맹물만 콸콸 쏟아집니다. 설마 하는 마음에 난방 스위치를 올려보지만， 방바닥은 여전히 냉골. 한겨울 밤， 혼자 사는 집에 보일러마저 작동하지 않는다면 등골이 서늘,CONTENT_ALIGNMENT_REQUIRED: 제목 키워드가 본문 앞부분에 없음 — 제목 수정 또는 본문 도입 개선
2026-07-30-lifestyle-59,https://honsamnote.co.kr/blog/2026-07-30-lifestyle-59/,"1인 가구 직장인, 퇴근 후나 주말에 혼자 있을 때 자꾸 무기력해진다면? 당신의 생활 리듬을 되찾는 현실적인 방법",1인 가구 무기력,방법형,KEYWORD_ABSENT_FROM_OPENING,no,yes,yes,문제 상황 월요일부터 금요일까지 회사에서 에너지를 쏟아내고 나면， 퇴근 후 현관문을 열고 들어서는 순간부터 축 늘어지는 기분은 1인 가구 직장인이라면 한 번쯤 겪어봤을 겁니다. 배달 앱을 뒤적이다가 결국 아무것도 시키지 않고， 침대에 누워 스마트폰만 만지작거리며 몇 시,CONTENT_ALIGNMENT_REQUIRED: 제목 키워드가 본문 앞부분에 없음 — 제목 수정 또는 본문 도입 개선
2026-07-30-lifestyle-61,https://honsamnote.co.kr/blog/2026-07-30-lifestyle-61/,1인 가구 외로움 해결 방법｜퇴근 후 쓸쓸함,1인 가구 외로움,방법형,KEYWORD_ABSENT_FROM_OPENING,no,yes,yes,문제 상황 바쁜 하루를 마치고 지친 몸을 이끌고 집에 들어서는 순간， 익숙한 적막이 우리를 맞이합니다. 현관문을 닫는 소리가 유난히 크게 울리고， 텅 빈 거실은 낮과는 다른 낯선 공기를 뿜어내죠. 잠시 TV를 켜 보지만 채널을 돌릴수록 공허함만 커지는 것 같고， 습관처,CONTENT_ALIGNMENT_REQUIRED: 제목 키워드가 본문 앞부분에 없음 — 제목 수정 또는 본문 도입 개선
2026-07-30-lifestyle-62,https://honsamnote.co.kr/blog/2026-07-30-lifestyle-62/,1인 가구 식사 해결 방법｜끼니 거르지 않는 법,1인 가구 식사,방법형,KEYWORD_ABSENT_FROM_OPENING,no,no,yes,문제 상황 바쁜 직장 생활， 퇴근 후 현관문을 열고 들어서면 밀려오는 피곤함에 '오늘은 뭘 먹지?'라는 고민조차 사치처럼 느껴질 때가 많습니다. 냉장고에 먹을 게 없다는 사실을 깨닫거나， 막상 차려 먹으려니 너무 귀찮아서 대충 편의점 음식으로 때우거나 아예 한 끼를 건,CONTENT_ALIGNMENT_REQUIRED: 제목 키워드가 본문 앞부분에 없음 — 제목 수정 또는 본문 도입 개선
2026-07-30-lifestyle-64,https://honsamnote.co.kr/blog/2026-07-30-lifestyle-64/,퇴근 후 시간 낭비 해결 방법｜무기력 극복,퇴근 후 시간 낭비,방법형,KEYWORD_ABSENT_FROM_OPENING,no,no,no,문제 상황 현관문을 열고 들어서는 순간， 길었던 하루의 피로와 함께 묘한 허전함이 밀려옵니다. 샤워하고 대충 저녁을 때우고 나면 벌써 저녁 8시. '이제 좀 쉬어볼까?' 하는 생각에 무심코 TV를 켜거나 스마트폰을 들여다봅니다. 인기 드라마의 다음 회차， 끝없이 이어지,CONTENT_ALIGNMENT_REQUIRED: 제목 키워드가 본문 앞부분에 없음 — 제목 수정 또는 본문 도입 개선
2026-07-30-lifestyle-65,https://honsamnote.co.kr/blog/2026-07-30-lifestyle-65/,1인 가구 아플 때 해결 방법｜혼자 살 때 아프면,1인 가구 아플 때,방법형,KEYWORD_ABSENT_FROM_OPENING,no,yes,no,문제 상황 밤새 열이 끓어올라 잠을 설쳤습니다. 아침이 되어 겨우 몸을 일으켜 세우려는데， 머리가 깨질 듯 아프고 온몸에 힘이 쭉 빠져 현기증이 돕니다. 겨우 화장실에 다녀와 비틀거리며 물을 마시려다가 컵을 놓쳤습니다. 쨍그랑 소리에 놀라 침대에 주저앉으니， 문득 ‘만,CONTENT_ALIGNMENT_REQUIRED: 제목 키워드가 본문 앞부분에 없음 — 제목 수정 또는 본문 도입 개선
2026-07-30-lifestyle-66,https://honsamnote.co.kr/blog/2026-07-30-lifestyle-66/,"혼자 사는 당신, 옆집 소음에 지쳤다면 이웃과 '선'을 지키는 현실 관계 맺기",혼자 살기 이웃,문제해결형,KEYWORD_ABSENT_FROM_OPENING,no,yes,yes,문제 상황 퇴근 후 지친 몸을 이끌고 집에 왔는데， 옆집에서 들려오는 음악 소리나 발걸음 소리에 머리가 지끈거린 적 있으신가요? 혹은 이웃을 마주쳤을 때 어디까지 인사를 해야 할지， 택배를 대신 받아줘야 할지 말아야 할지 애매해서 불편했던 경험은요? 혼자 사는 당신에게,CONTENT_ALIGNMENT_REQUIRED: 제목 키워드가 본문 앞부분에 없음 — 제목 수정 또는 본문 도입 개선
2026-07-30-products-50,https://honsamnote.co.kr/blog/2026-07-30-products-50/,1인 가구 세탁기 기준｜원룸 세탁기,1인 가구 세탁기,판단형,KEYWORD_ABSENT_FROM_OPENING,no,yes,yes,문제 상황 퇴근 후 지친 몸으로 집에 들어섰을 때， 방 한구석에 쌓여가는 빨래 더미를 보면 한숨부터 나오시죠? 매번 코인 세탁소에 가는 것도 일이고， 그렇다고 손빨래를 하자니 시간과 체력 소모가 이만저만이 아닙니다. 작은 원룸 공간에 대형 세탁기를 들일 수도 없고， 그,CONTENT_ALIGNMENT_REQUIRED: 제목 키워드가 본문 앞부분에 없음 — 제목 수정 또는 본문 도입 개선
2026-07-30-products-51,https://honsamnote.co.kr/blog/2026-07-30-products-51/,1인 가구 미니 건조기 방법｜원룸 건조기 추천,1인 가구 미니 건조기,방법형,KEYWORD_ABSENT_FROM_OPENING,no,no,yes,문제 상황 퇴근 후 지쳐 쓰러질 것 같은 몸을 이끌고 집에 들어섰을 때， 방 한가득 빨래가 널려 있다면 어떠신가요? 좁디좁은 원룸에서 빨래 건조대는 늘 걸림돌이고， 제대로 마르지 않아 꿉꿉한 냄새라도 나면 그날 하루 피로는 두 배가 됩니다. 특히 요즘처럼 미세먼지가 심,CONTENT_ALIGNMENT_REQUIRED: 제목 키워드가 본문 앞부분에 없음 — 제목 수정 또는 본문 도입 개선
2026-07-30-products-52,https://honsamnote.co.kr/blog/2026-07-30-products-52/,로봇청소기 추천 기준｜로봇청소기 선택,로봇청소기 추천,판단형,KEYWORD_ABSENT_FROM_OPENING,no,yes,yes,"문제 상황 퇴근 후 현관문을 열고 들어서는 순간， 바닥에 쌓인 잔먼지와 머리카락이 제일 먼저 눈에 들어옵니다. 주말엔 푹 쉬고 싶은데， 밀대나 일반 청소기를 들고 좁은 자취방 구석구석을 밀어야 하는 압박감에 한숨부터 나옵니다. ""좁은 원룸인데， 로봇청소기가 정말 필요할",CONTENT_ALIGNMENT_REQUIRED: 제목 키워드가 본문 앞부분에 없음 — 제목 수정 또는 본문 도입 개선
2026-07-30-products-53,https://honsamnote.co.kr/blog/2026-07-30-products-53/,음식물 쓰레기 처리 방법｜음식물처리기 종류,음식물 쓰레기 처리,방법형,KEYWORD_ABSENT_FROM_OPENING,no,yes,yes,문제 상황 퇴근 후 지친 몸으로 집에 돌아왔는데 싱크대에 놓인 음식물 쓰레기 봉투에서 스멀스멀 올라오는 악취. 특히 습하고 더운 여름철엔 초파리 떼까지 들끓어 위생은 물론 심리적 스트레스까지 더해집니다. 힘들게 요리한 뒤， 또는 배달 음식을 먹고 남은 소량의 음식물 쓰,CONTENT_ALIGNMENT_REQUIRED: 제목 키워드가 본문 앞부분에 없음 — 제목 수정 또는 본문 도입 개선
2026-07-30-products-54,https://honsamnote.co.kr/blog/2026-07-30-products-54/,1인 가구 전기밥솥 기준｜미니 밥솥,1인 가구 전기밥솥,판단형,KEYWORD_ABSENT_FROM_OPENING,no,yes,yes,문제 상황 퇴근 후 지친 몸을 이끌고 집에 왔을 때， 따뜻한 집밥 한 끼가 간절할 때가 많죠. 하지만 밥솥을 열어보면 며칠 전 지어놓은 찬밥이 굳어있거나， 냉동실에 얼려둔 밥도 왠지 정이 가지 않습니다. 매번 배달 음식을 시켜 먹기엔 지갑이 가벼워지고 건강도 걱정될 때,CONTENT_ALIGNMENT_REQUIRED: 제목 키워드가 본문 앞부분에 없음 — 제목 수정 또는 본문 도입 개선
2026-07-30-products-55,https://honsamnote.co.kr/blog/2026-07-30-products-55/,1인 가구 냉동고 알아보기｜소형 냉동고 추천,1인 가구 냉동고,문제해결형,KEYWORD_ABSENT_FROM_OPENING,no,yes,no,"문제 상황 바쁜 한 주를 버텨내고 맞이한 주말， 마트에 들러 야심 차게 대용량 할인 식재료와 간편식， 밀키트를 잔뜩 구매합니다. 하지만 집에 돌아와 냉장고 문을 여는 순간， 꽉 찬 냉동실에 한숨부터 나옵니다. ""이걸 어디다 넣지?"" 결국 구겨 넣거나， 일부는 냉장실로 ",CONTENT_ALIGNMENT_REQUIRED: 제목 키워드가 본문 앞부분에 없음 — 제목 수정 또는 본문 도입 개선
2026-07-30-products-56,https://honsamnote.co.kr/blog/2026-07-30-products-56/,1인 가구 보안 카메라 해결 방법｜가정용 보안 카메라 추천,1인 가구 보안 카메라,방법형,KEYWORD_ABSENT_FROM_OPENING,no,no,yes,문제 상황 퇴근 후 텅 빈 집에 들어설 때， 혹은 주말 여행을 떠나 문을 잠글 때 문득 불안감이 엄습하지 않나요? 낯선 인기척에 대한 두려움， 혹시 모를 침입이나 도난 걱정， 혹은 홀로 남겨진 반려동물이 잘 지내는지 궁금할 때도 있습니다. 바쁜 일상 속에서 늘 집을 지,CONTENT_ALIGNMENT_REQUIRED: 제목 키워드가 본문 앞부분에 없음 — 제목 수정 또는 본문 도입 개선
2026-07-30-products-57,https://honsamnote.co.kr/blog/2026-07-30-products-57/,정기배송 서비스 비교 비교｜생필품 정기배송,정기배송 서비스 비교,비교형,KEYWORD_ABSENT_FROM_OPENING,no,no,yes,"문제 상황 퇴근 후 지친 몸을 이끌고 집에 들어섰을 때， 텅 빈 냉장고를 보면 한숨부터 나옵니다. ""오늘은 뭘 먹지?"" 이 질문에 답하는 것조차 에너지가 소모됩니다. 장을 보러 갈 엄두는 나지 않아 결국 배달 앱을 켜거나 편의점 도시락으로 대충 때우기 일쑤죠. 주말에는",CONTENT_ALIGNMENT_REQUIRED: 제목 키워드가 본문 앞부분에 없음 — 제목 수정 또는 본문 도입 개선
2026-07-30-products-58,https://honsamnote.co.kr/blog/2026-07-30-products-58/,1인 가구 청소 비용 정리｜청소대행 서비스,1인 가구 청소,비용형,KEYWORD_ABSENT_FROM_OPENING,no,no,no,문제 상황 숨 돌릴 틈 없이 바쁜 하루를 보내고 겨우 집에 도착했을 때， 당신을 반기는 것은 무엇인가요? 아마도 거실 바닥에 굴러다니는 머리카락， 뿌옇게 쌓인 먼지， 그리고 화장실 거울에 잔뜩 튄 물 자국일 겁니다. 주말엔 맘껏 쉬고 싶지만， 밀려 있는 청소 때문에 결,CONTENT_ALIGNMENT_REQUIRED: 제목 키워드가 본문 앞부분에 없음 — 제목 수정 또는 본문 도입 개선
2026-07-30-safety-33,https://honsamnote.co.kr/blog/2026-07-30-safety-33/,혼자 아플 때 해결 방법｜비상약,혼자 아플 때,방법형,KEYWORD_ABSENT_FROM_OPENING,no,yes,yes,문제 상황 어느 날 아침， 잠에서 깨어나는데 온몸이 으슬으슬합니다. 목은 칼칼하고 머리는 지끈거립니다. 며칠 야근에 시달린 탓일까요? 침대에서 겨우 몸을 일으켜 열을 재보니 38도입니다. 평소 같으면 가족들이 옆에서 걱정하며 약을 챙겨주거나 병원에 데려다줬겠지만， 혼자,CONTENT_ALIGNMENT_REQUIRED: 제목 키워드가 본문 앞부분에 없음 — 제목 수정 또는 본문 도입 개선
2026-07-30-safety-34,https://honsamnote.co.kr/blog/2026-07-30-safety-34/,"혼자 사는 내가 갑자기 아플 때, 응급실 가기 전 챙길 물건 최소화 리스트",응급실 준비물,문제해결형,KEYWORD_ABSENT_FROM_OPENING,no,yes,no,문제 상황 어느 날 밤， 갑자기 체온이 솟아오르거나 예기치 못한 사고로 몸을 다쳤다고 상상해 보세요. 정신은 혼미하고 몸은 제대로 움직이지 않는데， 옆에 기댈 가족이나 친구 한 명 없습니다. 머릿속은 '이러다 큰일 나는 거 아니야?'， '누구한테 연락하지?'， '지금 ,CONTENT_ALIGNMENT_REQUIRED: 제목 키워드가 본문 앞부분에 없음 — 제목 수정 또는 본문 도입 개선
2026-07-30-safety-35,https://honsamnote.co.kr/blog/2026-07-30-safety-35/,1인 가구 현관 보안 해결 방법｜현관문 잠금,1인 가구 현관 보안,방법형,KEYWORD_ABSENT_FROM_OPENING,no,no,yes,문제 상황 어두컴컴한 복도를 지나 익숙한 현관문 앞에 섭니다. 손에 든 열쇠나 도어락 비밀번호를 누르는 짧은 순간， 문득 이런 생각이 스쳐 지나갑니다. '과연 우리 집은 안전할까?' 뉴스에서 종종 들려오는 1인 가구 대상 범죄나 택배 절도 소식은 혼자 사는 당신의 마음,CONTENT_ALIGNMENT_REQUIRED: 제목 키워드가 본문 앞부분에 없음 — 제목 수정 또는 본문 도입 개선
2026-07-30-safety-36,https://honsamnote.co.kr/blog/2026-07-30-safety-36/,가스 냄새 대처법 해결 방법｜혼자 살 때 안전,가스 냄새 대처법,방법형,KEYWORD_ABSENT_FROM_OPENING,no,no,yes,문제 상황 긴 하루를 마치고 지친 몸을 이끌고 집에 들어서는 순간， 코끝을 스치는 낯선 냄새. 처음엔 희미했던 것이 점차 선명해지면서 '혹시… 가스 냄새인가?' 하는 불안감이 엄습합니다. 혼자 사는 집에서 이런 상황을 마주하면 등골이 오싹해지죠. 누구에게 도움을 청해야,CONTENT_ALIGNMENT_REQUIRED: 제목 키워드가 본문 앞부분에 없음 — 제목 수정 또는 본문 도입 개선
2026-07-30-safety-37,https://honsamnote.co.kr/blog/2026-07-30-safety-37/,1인 가구 화재 알아보기｜화재 대피 요령,1인 가구 화재,문제해결형,KEYWORD_ABSENT_FROM_OPENING,no,yes,yes,문제 상황 퇴근 후 지친 몸을 이끌고 간단히 저녁을 준비하다 잠시 한눈판 사이 프라이팬에서 연기가 치솟거나， 한밤중 갑자기 '삐-삐-' 요란한 화재 경보음이 울려 퍼질 때. 좁은 원룸에 나 말고는 아무도 없는데， 어떻게 해야 할지 머릿속이 새하얘지는 경험， 상상만으로도,CONTENT_ALIGNMENT_REQUIRED: 제목 키워드가 본문 앞부분에 없음 — 제목 수정 또는 본문 도입 개선
2026-07-30-safety-38,https://honsamnote.co.kr/blog/2026-07-30-safety-38/,택배 개인정보 방법｜송장 처리,택배 개인정보,방법형,KEYWORD_ABSENT_FROM_OPENING,no,yes,yes,문제 상황 퇴근 후 현관 앞에 쌓인 택배 박스들을 보면 하루의 피로가 사르르 녹는 기분이죠. 잠시 후， 설레는 마음으로 상자를 열어 물건을 꺼내고 나면 덩그러니 남는 것이 있습니다. 바로 우리 이름， 주소， 전화번호 등 민감한 정보가 고스란히 적힌 택배 송장입니다. 무,CONTENT_ALIGNMENT_REQUIRED: 제목 키워드가 본문 앞부분에 없음 — 제목 수정 또는 본문 도입 개선
2026-07-30-safety-39,https://honsamnote.co.kr/blog/2026-07-30-safety-39/,여성 1인 가구 안전 체크리스트｜원룸 보안,여성 1인 가구 안전,체크형,KEYWORD_ABSENT_FROM_OPENING,no,no,yes,"문제 상황 퇴근 후 캄캄한 집에 들어서는 순간， 문득 등골이 서늘해질 때가 있습니다. 잠금장치를 몇 번이고 다시 확인하고， 작은 소리에도 신경이 곤두서는 밤. ""혹시 누가 우리 집을 노리고 있진 않을까?""， ""내가 외출한 사이 누군가 들어오진 않았을까?"" 혼자 사는 여",CONTENT_ALIGNMENT_REQUIRED: 제목 키워드가 본문 앞부분에 없음 — 제목 수정 또는 본문 도입 개선
2026-07-30-safety-40,https://honsamnote.co.kr/blog/2026-07-30-safety-40/,1인 가구 장기 부재 체크리스트｜집 비울 때,1인 가구 장기 부재,체크형,KEYWORD_ABSENT_FROM_OPENING,no,no,no,"문제 상황 오랫동안 기다려온 해외여행이나 중요한 장기 출장을 앞두고 마음이 들뜹니다. 꼼꼼하게 짐을 싸고， 공항 가는 길까지 완벽하게 계획을 마쳤죠. 그런데 문득 불안감이 엄습합니다. ""가스 밸브는 확실히 잠갔나?""， ""혹시 수도에서 물이 새면 어쩌지?""， ""도둑이라도",CONTENT_ALIGNMENT_REQUIRED: 제목 키워드가 본문 앞부분에 없음 — 제목 수정 또는 본문 도입 개선
2026-07-30-safety-41,https://honsamnote.co.kr/blog/2026-07-30-safety-41/,1인 가구 안전 해결 방법｜비상연락망 만들기,1인 가구 안전,방법형,KEYWORD_ABSENT_FROM_OPENING,no,no,yes,문제 상황 혼자 사는 직장인 A씨는 퇴근 후 집에 도착해 문을 잠그는 순간， 문득 불안감이 엄습합니다. '만약 내가 갑자기 쓰러지거나， 집 안에서 예상치 못한 사고를 당하면 누가 가장 먼저 알 수 있을까?' 하는 생각 때문입니다. 오늘따라 몸이 으슬으슬한 기운에 더 걱,CONTENT_ALIGNMENT_REQUIRED: 제목 키워드가 본문 앞부분에 없음 — 제목 수정 또는 본문 도입 개선
2026-07-30-storage-17,https://honsamnote.co.kr/blog/2026-07-30-storage-17/,원룸 침실 분리 해결 방법｜원룸 거실 분리,원룸 침실 분리,방법형,KEYWORD_ABSENT_FROM_OPENING,no,yes,yes,문제 상황 퇴근 후 문을 열고 들어선 당신의 원룸. 아늑해야 할 보금자리지만， 침대와 책상， 작은 식탁이 한 공간에 뒤섞여 있습니다. 침대에 걸터앉아 밥을 먹다가 이불 위에서 노트북을 켜고 일하는 것이 일상이 되어버린 지 오래죠. 휴식을 취해야 할 침실이 곧 작업실이자,CONTENT_ALIGNMENT_REQUIRED: 제목 키워드가 본문 앞부분에 없음 — 제목 수정 또는 본문 도입 개선
2026-07-30-storage-19,https://honsamnote.co.kr/blog/2026-07-30-storage-19/,침대밑수납 해결 방법｜원룸수납,침대밑수납,방법형,KEYWORD_ABSENT_FROM_OPENING,no,yes,yes,문제 상황 퇴근 후 문을 열고 들어선 좁은 원룸. 현관부터 시작된 잡동사니들은 주방 한켠에， 책상 위에는 풀지 못한 택배 상자가 쌓여 있습니다. 옷장도 이미 포화 상태인데， 도대체 이 많은 짐은 어디에 두어야 할까요? 매번 ‘언젠가는 쓸 물건’이라며 버리지 못하고 구석,CONTENT_ALIGNMENT_REQUIRED: 제목 키워드가 본문 앞부분에 없음 — 제목 수정 또는 본문 도입 개선
2026-07-30-storage-21,https://honsamnote.co.kr/blog/2026-07-30-storage-21/,신발장 냄새 제거 알아보기｜신발 냄새 없애는 법,신발장 냄새 제거,문제해결형,KEYWORD_ABSENT_FROM_OPENING,no,yes,yes,문제 상황 퇴근 후 지친 몸을 이끌고 현관문을 열었을 때， 훅하고 끼쳐오는 꿉꿉하고 시큼한 냄새에 미간을 찌푸린 적이 있으신가요? 특히 혼자 사는 좁은 집에서는 현관과 거실의 경계가 모호해， 신발장 냄새가 순식간에 집 전체로 퍼지는 불상사가 자주 일어납니다. 갑작스러운,CONTENT_ALIGNMENT_REQUIRED: 제목 키워드가 본문 앞부분에 없음 — 제목 수정 또는 본문 도입 개선
2026-07-30-storage-22,https://honsamnote.co.kr/blog/2026-07-30-storage-22/,"좁은 원룸 냉장고, 식재료 낭비 없이 깔끔하게 쓰는 현실 정리법",작은냉장고정리,문제해결형,KEYWORD_ABSENT_FROM_OPENING,no,yes,yes,문제 상황 퇴근 후 문을 연 당신의 작은 원룸 냉장고. 분명 얼마 전 장을 봤는데， 어디부터 손대야 할지 막막합니다. 칸칸마다 어설프게 남은 반찬 통과 밀봉되지 않은 채소 봉투가 뒤섞여 있고， 저 안쪽 어딘가에는 언제 샀는지 기억조차 나지 않는 식재료들이 숨어 있을 겁,CONTENT_ALIGNMENT_REQUIRED: 제목 키워드가 본문 앞부분에 없음 — 제목 수정 또는 본문 도입 개선
2026-07-30-storage-23,https://honsamnote.co.kr/blog/2026-07-30-storage-23/,1인 가구 이사 알아보기｜이사 짐 줄이기,1인 가구 이사,문제해결형,KEYWORD_ABSENT_FROM_OPENING,no,yes,no,문제 상황 퇴근하고 돌아온 좁은 원룸. 침대 옆에 쌓인 읽지 않은 책들， 옷장 속에 처박힌 '언젠가 입겠지' 하는 옷가지들， 주방 선반을 점령한 유통기한 지난 소스들… 맙소사， 이사 날짜는 코앞인데 이 모든 짐을 어떻게 정리해야 할지 막막하기만 합니다. 이삿짐센터 견적,CONTENT_ALIGNMENT_REQUIRED: 제목 키워드가 본문 앞부분에 없음 — 제목 수정 또는 본문 도입 개선
2026-07-31-cleaning-68,https://honsamnote.co.kr/blog/2026-07-31-cleaning-68/,화장실벌레 해결 방법｜날벌레없애는법,화장실벌레,방법형,KEYWORD_ABSENT_FROM_OPENING,no,no,yes,문제 상황 힘든 하루를 끝내고 집에 돌아와 샤워하려고 화장실 불을 켰습니다. 벽이며 거울에 새까만 점들이 붙어있네요. 어제 분명 청소했는데? 자세히 보니 작은 날벌레들이 이리저리 날아다닙니다. 비위생적인 것은 물론이고， 꿉꿉하고 찝찝한 기분에 피로가 더 몰려옵니다. 당,CONTENT_ALIGNMENT_REQUIRED: 제목 키워드가 본문 앞부분에 없음 — 제목 수정 또는 본문 도입 개선
2026-07-31-cleaning-79,https://honsamnote.co.kr/blog/2026-07-31-cleaning-79/,1인 가구 청소 비교｜정기 청소서비스 비용,1인 가구 청소,비교형,KEYWORD_ABSENT_FROM_OPENING,no,no,no,"문제 상황 바쁜 주중을 보내고 맞이한 꿈같은 주말 아침， 눈을 뜨면 나를 반기는 건 지난 한 주간 쌓인 먼지와 설거지， 물때 가득한 화장실입니다. ""좀 쉬어야 하는데..."" 하는 생각도 잠시， 맘 편히 쉬자니 찝찝하고， 막상 청소를 시작하면 온종일 엉덩이 한번 제대로 ",CONTENT_ALIGNMENT_REQUIRED: 제목 키워드가 본문 앞부분에 없음 — 제목 수정 또는 본문 도입 개선
2026-07-31-housing-71,https://honsamnote.co.kr/blog/2026-07-31-housing-71/,"혼자 사는 집 고장! 집주인이 수리 미룰 때, 내 돈 아끼는 현실적인 해결 순서",집주인 수리,문제해결형,KEYWORD_ABSENT_FROM_OPENING,no,yes,yes,"문제 상황 퇴근 후 지친 몸을 이끌고 집에 들어섰는데， 맙소사! 냉장고가 시원찮고 음식물이 상해가고 있습니다. 주말 내내 따뜻해야 할 보일러는 묵묵부답이고， 수도꼭지에서는 물이 뚝뚝 새기 시작합니다. 급하게 집주인에게 연락을 했지만， ""바쁘다""， ""나중에 해결해 줄게""",CONTENT_ALIGNMENT_REQUIRED: 제목 키워드가 본문 앞부분에 없음 — 제목 수정 또는 본문 도입 개선
2026-07-31-products-75,https://honsamnote.co.kr/blog/2026-07-31-products-75/,미니 건조기 필요성 알아보기｜원룸 빨래 건조,미니 건조기 필요성,문제해결형,KEYWORD_ABSENT_FROM_OPENING,no,yes,yes,문제 상황 퇴근 후 현관을 들어서는 순간， 당신을 기다리는 건 산처럼 쌓인 빨래와 널 곳 없는 좁은 집. 빨래를 끝내고 축축한 옷가지들을 이리저리 옮겨 보지만， 결국 빨래 건조대는 침실 한가운데를 차지하고 맙니다. 며칠을 마르지 않는 빨래에서 나는 꿉꿉한 냄새는 기껏 ,CONTENT_ALIGNMENT_REQUIRED: 제목 키워드가 본문 앞부분에 없음 — 제목 수정 또는 본문 도입 개선
2026-07-31-products-76,https://honsamnote.co.kr/blog/2026-07-31-products-76/,1인 가구 음식물처리기 방법｜음식물처리기 추천,1인 가구 음식물처리기,방법형,KEYWORD_ABSENT_FROM_OPENING,no,yes,yes,"문제 상황 퇴근하고 지친 몸을 이끌고 겨우 집 문을 열었는데， 코를 찌르는 시큼한 악취와 함께 싱크대 아래 음식물 쓰레기통에서 슬그머니 기어나오는 날벌레 떼를 마주할 때. 이럴 때마다 ""차라리 돈을 좀 쓰고 이 지긋지긋한 음식물쓰레기 지옥에서 벗어나고 싶다""는 생각이 ",CONTENT_ALIGNMENT_REQUIRED: 제목 키워드가 본문 앞부분에 없음 — 제목 수정 또는 본문 도입 개선
2026-07-31-products-77,https://honsamnote.co.kr/blog/2026-07-31-products-77/,1인가구 로봇청소기 알아보기｜로봇청소기 먼지,1인가구 로봇청소기,문제해결형,KEYWORD_ABSENT_FROM_OPENING,no,yes,yes,문제 상황 퇴근 후， 지친 몸을 이끌고 집에 들어서면 현관부터 켜지는 로봇청소기를 보며 안도합니다. '이 정도면 바닥은 알아서 깨끗하겠지?' 하지만 며칠 뒤， 침대 밑이나 소파 모서리에서 먼지 뭉치들이 스멀스멀 나타나고， 발바닥에 밟히는 모래 알갱이 같은 이물감에 고개,CONTENT_ALIGNMENT_REQUIRED: 제목 키워드가 본문 앞부분에 없음 — 제목 수정 또는 본문 도입 개선
2026-07-31-safety-72,https://honsamnote.co.kr/blog/2026-07-31-safety-72/,"장기 출장/휴가, 혼자 사는 집을 비울 때 빈집털이, 고지서 폭탄 걱정 없이 안전하게 떠나는 법",혼자 사는 집 안전,문제해결형,KEYWORD_ABSENT_FROM_OPENING,no,yes,yes,문제 상황 갑자기 잡힌 장기 해외 출장， 혹은 오래전부터 계획했던 꿈같은 휴가. 설레는 마음도 잠시， 문득 머릿속을 스치는 걱정들이 있습니다. '어? 가스 잠갔나?'， '냉장고 음식물 쓰레기는?'， '택배는 누가 받지?'， '빈집털이 위험은 없나?' 혼자 사는 당신에게,CONTENT_ALIGNMENT_REQUIRED: 제목 키워드가 본문 앞부분에 없음 — 제목 수정 또는 본문 도입 개선
2026-08-01-cleaning-auto-070bfd,https://honsamnote.co.kr/blog/2026-08-01-cleaning-auto-070bfd/,1인 가구 빨래 비교｜원룸 빨래 건조,1인 가구 빨래,비교형,KEYWORD_ABSENT_FROM_OPENING,no,yes,yes,문제 상황 퇴근 후， 쌓여있는 빨래를 세탁기에 넣고 돌리는 것까지는 어렵지 않습니다. 문제는 그 다음이죠. 좁은 원룸이나 오피스텔에서 빨래를 널 공간을 찾는 건 늘 전쟁입니다. 거실은커녕 베란다조차 없는 곳이 태반이라 결국 방 한구석에 건조대를 펼쳐야 하는데， 이마저도,CONTENT_ALIGNMENT_REQUIRED: 제목 키워드가 본문 앞부분에 없음 — 제목 수정 또는 본문 도입 개선
2026-08-01-cleaning-auto-2b8bbd,https://honsamnote.co.kr/blog/2026-08-01-cleaning-auto-2b8bbd/,옷 얼룩 제거 알아보기｜커피 얼룩,옷 얼룩 제거,문제해결형,KEYWORD_ABSENT_FROM_OPENING,no,yes,no,"문제 상황 ""아， 젠장!"" 아침 출근길， 바쁘게 걸어가다 그만 손에 든 커피를 흰 셔츠에 쏟아버렸습니다. 중요한 미팅이 코앞인데， 이걸 어쩌죠? 잠시 후， 점심시간에는 맛있게 먹던 김치찌개 국물이 바지에 튀었습니다. 매번 이런 일이 생길 때마다 옷을 버릴 수도 없고， ",CONTENT_ALIGNMENT_REQUIRED: 제목 키워드가 본문 앞부분에 없음 — 제목 수정 또는 본문 도입 개선
2026-08-01-cleaning-auto-48265b,https://honsamnote.co.kr/blog/2026-08-01-cleaning-auto-48265b/,1인 가구 음식물 쓰레기 방법｜음식물 쓰레기 냄새,1인 가구 음식물 쓰레기,방법형,KEYWORD_ABSENT_FROM_OPENING,no,yes,yes,문제 상황 오랜만에 칼퇴근을 하고 기분 좋게 현관 비밀번호를 눌렀습니다. 문이 열리는 순간， 퀴퀴하고 시큼한 냄새가 코를 훅 찌릅니다. 어제 저녁 먹고 남은 반찬 찌꺼기와 자투리 채소를 무심코 싱크대에 두었던 게 문제입니다. 작은 원룸은 공기 순환도 잘 안돼서 냄새가 ,CONTENT_ALIGNMENT_REQUIRED: 제목 키워드가 본문 앞부분에 없음 — 제목 수정 또는 본문 도입 개선
2026-08-01-cleaning-auto-84665e,https://honsamnote.co.kr/blog/2026-08-01-cleaning-auto-84665e/,1인 가구 쓰레기 알아보기｜원룸 분리수거,1인 가구 쓰레기,문제해결형,KEYWORD_ABSENT_FROM_OPENING,no,yes,yes,문제 상황 퇴근 후 지친 몸을 이끌고 현관문을 열었을 때， 제일 먼저 반기는 것이 쓰레기 더미라면 어떠신가요? 지난 주말 먹었던 배달 음식 용기들이 싱크대에 쌓여 있고， 냉장고 속 시들해진 채소는 음식물 쓰레기통에서 퀴퀴한 냄새를 풍깁니다. 좁은 원룸 한구석에는 페트병,CONTENT_ALIGNMENT_REQUIRED: 제목 키워드가 본문 앞부분에 없음 — 제목 수정 또는 본문 도입 개선
2026-08-01-cleaning-auto-b67a07,https://honsamnote.co.kr/blog/2026-08-01-cleaning-auto-b67a07/,1인 가구 세탁 비교｜대형 이불 세탁,1인 가구 세탁,비교형,KEYWORD_ABSENT_FROM_OPENING,no,no,no,문제 상황 주말 늦잠을 자고 일어난 아침， 퀴퀴한 이불 냄새에 슬쩍 코를 찡긋합니다. 아니면 갑자기 추워진 날씨에 꺼낸 두툼한 겨울 외투에서 은근한 묵은 냄새가 올라와 인상을 찌푸리죠. '이대로는 안 되겠다' 싶어 세탁할 생각에 빨래 바구니에 넣고 보니， 숨겨진 진실이,CONTENT_ALIGNMENT_REQUIRED: 제목 키워드가 본문 앞부분에 없음 — 제목 수정 또는 본문 도입 개선
2026-08-01-cleaning-auto-d3bef1,https://honsamnote.co.kr/blog/2026-08-01-cleaning-auto-d3bef1/,매트리스 청소 알아보기｜침대 위생,매트리스 청소,문제해결형,KEYWORD_ABSENT_FROM_OPENING,no,yes,yes,문제 상황 퇴근 후， 힘들었던 하루를 보상받는 듯 침대에 풀썩 눕는 순간! 잠시 찾아오는 행복감도 잠시， 왠지 모르게 몸이 간지럽거나， 코가 맹맹하고， 꿉꿉한 냄새가 올라오는 것 같을 때가 있습니다. 분명 침구 세탁은 꼬박꼬박 하는데， 왜 이런 불편함이 사라지지 않을까,CONTENT_ALIGNMENT_REQUIRED: 제목 키워드가 본문 앞부분에 없음 — 제목 수정 또는 본문 도입 개선
2026-08-01-cleaning-auto-dd0fd9,https://honsamnote.co.kr/blog/2026-08-01-cleaning-auto-dd0fd9/,혼자 사는 청소 알아보기｜샤워기 물때,혼자 사는 청소,문제해결형,KEYWORD_ABSENT_FROM_OPENING,no,yes,yes,문제 상황 퇴근 후 지친 몸을 이끌고 욕실로 향합니다. 따뜻한 물줄기로 하루의 피로를 씻어내고 싶은데， 어쩐지 물줄기가 시원찮습니다. ‘칙-칙’ 소리만 요란할 뿐， 예전 같지 않게 약해진 수압에 답답함을 느끼죠. 게다가 샤워기 헤드를 자세히 보니 거뭇거뭇한 물때와 곰팡,CONTENT_ALIGNMENT_REQUIRED: 제목 키워드가 본문 앞부분에 없음 — 제목 수정 또는 본문 도입 개선
2026-08-01-cost-auto-0d71f8,https://honsamnote.co.kr/blog/2026-08-01-cost-auto-0d71f8/,"혼자 사는 직장인, 배달 앱 유료 멤버십, 나에게 진짜 이득일까? 손익분기점 계산해 후회 없이 결정하는 법",1인 가구 배달 앱,방법형,KEYWORD_ABSENT_FROM_OPENING,no,no,yes,문제 상황 퇴근 후 녹초가 된 몸으로 현관문을 열면， 냉장고 속 식재료는 언제나 제자리입니다. 결국 익숙하게 배달 앱을 켜고 '오늘은 뭘 먹을까' 고민하죠. 하지만 주문 버튼을 누르기 전， 치솟는 배달비와 최소 주문 금액에 한숨이 나옵니다. 그러다 문득 눈에 띄는 유료,CONTENT_ALIGNMENT_REQUIRED: 제목 키워드가 본문 앞부분에 없음 — 제목 수정 또는 본문 도입 개선
2026-08-01-cost-auto-44803f,https://honsamnote.co.kr/blog/2026-08-01-cost-auto-44803f/,"혼자 사는 직장인, 매년 놓치는 연말정산 환급금! 내 돈 최대로 돌려받는 실전 가이드",1인 가구 연말정산,문제해결형,KEYWORD_ABSENT_FROM_OPENING,no,yes,no,문제 상황 매년 이맘때면 직장인 커뮤니티 게시판이 연말정산 얘기로 시끄럽습니다. ‘13월의 월급’이라는데， 왜 나만 ‘13월의 세금’을 내는 것 같을까요? 혼자 사는 직장인은 부양가족도 없고， 뭘 얼마나 공제받을 수 있는지 감도 안 잡힙니다. 회사에서 하라는 대로 홈택,CONTENT_ALIGNMENT_REQUIRED: 제목 키워드가 본문 앞부분에 없음 — 제목 수정 또는 본문 도입 개선
2026-08-01-cost-auto-4a41b3,https://honsamnote.co.kr/blog/2026-08-01-cost-auto-4a41b3/,"혼자 사는 직장인, 빨래 쌓일 때마다 한숨 나온다면? 코인 세탁방 vs. 미니 세탁기, 후회 없는 선택 가이드",1인 가구 세탁,비교형,KEYWORD_ABSENT_FROM_OPENING,no,no,yes,문제 상황 퇴근 후 지친 몸을 이끌고 집에 왔는데， 며칠째 쌓인 빨래 더미가 눈에 들어옵니다. '이번 주말엔 꼭 세탁해야지' 다짐했지만， 좁은 원룸에서 빨래를 모아두기도， 널어 말리기도 여간 번거로운 일이 아니죠. 코인 세탁방에 가자니 무거운 빨랫감을 들고 오가는 것도,CONTENT_ALIGNMENT_REQUIRED: 제목 키워드가 본문 앞부분에 없음 — 제목 수정 또는 본문 도입 개선
2026-08-01-cost-auto-8e14b1,https://honsamnote.co.kr/blog/2026-08-01-cost-auto-8e14b1/,"혼자 사는 직장인, 대용량 생필품/식료품, 사야 할까? 말아야 할까? 내게 맞는 구매 기준 3단계",1인 가구 대용량,비교형,KEYWORD_ABSENT_FROM_OPENING,no,no,yes,"문제 상황 퇴근길 마트나 온라인 쇼핑몰에서 ‘대용량 할인’ 문구를 보면 자연스럽게 눈길이 갑니다. ""이게 훨씬 싸네? 이번 기회에 사둘까?"" 하는 생각으로 충동적으로 카트에 담기도 합니다. 하지만 막상 집에 가져오면 이야기가 달라지죠. 몇 번 쓰지도 않았는데 유통기한이",CONTENT_ALIGNMENT_REQUIRED: 제목 키워드가 본문 앞부분에 없음 — 제목 수정 또는 본문 도입 개선
2026-08-01-cost-auto-9c7467,https://honsamnote.co.kr/blog/2026-08-01-cost-auto-9c7467/,혼자 사는 직장인 옷 방법｜옷값 절약,혼자 사는 직장인 옷,방법형,KEYWORD_ABSENT_FROM_OPENING,no,no,yes,"문제 상황 퇴근 후 지친 몸을 이끌고 집에 왔는데， 다음 날 입을 옷을 고르려 옷장 문을 열자마자 한숨부터 나옵니다. 분명 옷은 가득한데， '입을 만한 옷'은 없는 이 기묘한 상황. 결국 ""또 살 수밖에 없지"" 하는 생각에 주말이면 습관처럼 쇼핑몰 앱을 뒤적이고， 한두",CONTENT_ALIGNMENT_REQUIRED: 제목 키워드가 본문 앞부분에 없음 — 제목 수정 또는 본문 도입 개선
2026-08-01-cost-auto-aa6f9d,https://honsamnote.co.kr/blog/2026-08-01-cost-auto-aa6f9d/,"혼자 사는 직장인, 큰돈 드는 가전·가구! 새것 vs 중고 vs 렌탈, 내게 맞는 선택 기준 3가지",1인가구 가전,비교형,KEYWORD_ABSENT_FROM_OPENING,no,yes,yes,문제 상황 퇴근 후 지친 몸을 이끌고 집에 왔는데， 갑자기 냉장고가 시원찮거나 세탁기가 멈춰버렸습니다. 혹은 새로운 보금자리로 이사했는데， 텅 빈 집에 당장 필요한 가전과 가구가 막막하기만 하죠. 큰맘 먹고 사자니 목돈이 부담스럽고， 그렇다고 아무거나 덜컥 살 수도 없,CONTENT_ALIGNMENT_REQUIRED: 제목 키워드가 본문 앞부분에 없음 — 제목 수정 또는 본문 도입 개선
2026-08-01-cost-auto-e9d2d3,https://honsamnote.co.kr/blog/2026-08-01-cost-auto-e9d2d3/,"혼자 사는 직장인, 새집 꾸밀 가전·가구, 사야 할까? 빌려야 할까? 후회 없는 결정 가이드",1인 가구 가전,질문형,KEYWORD_ABSENT_FROM_OPENING,no,yes,no,"문제 상황 새로운 보금자리에 입주하는 설렘도 잠시， 텅 빈 거실과 주방을 채울 냉장고， 세탁기， 침대， 책상 같은 필수품들을 생각하면 한숨부터 나옵니다. ""이걸 다 사려면 얼마를 모아야 하지?""， ""혹시 금방 이사라도 가게 되면 이 많은 짐은 어떻게 하지?""， ""고장이",CONTENT_ALIGNMENT_REQUIRED: 제목 키워드가 본문 앞부분에 없음 — 제목 수정 또는 본문 도입 개선
2026-08-01-cost-auto-eacedc,https://honsamnote.co.kr/blog/2026-08-01-cost-auto-eacedc/,1인 가구 식기세척기 알아보기｜식기세척기 구매 가이드,1인 가구 식기세척기,문제해결형,KEYWORD_ABSENT_FROM_OPENING,no,yes,yes,문제 상황 퇴근 후 지친 몸을 이끌고 집에 돌아오면， 냉장고 속 식재료로 겨우 한 끼를 해결합니다. 그런데 식사를 마치고 마주하는 것은 바로 싱크대에 쌓인 설거지 더미입니다. 내일 아침까지 미룰까， 지금 당장 해버릴까 실랑이를 벌이다 결국 차가운 물에 손을 담그기 일쑤,CONTENT_ALIGNMENT_REQUIRED: 제목 키워드가 본문 앞부분에 없음 — 제목 수정 또는 본문 도입 개선
2026-08-01-cost-auto-f9f9ca,https://honsamnote.co.kr/blog/2026-08-01-cost-auto-f9f9ca/,1인 가구 식비 해결 방법｜식재료 소분,1인 가구 식비,방법형,KEYWORD_ABSENT_FROM_OPENING,no,yes,yes,"문제 상황 혼자 사는 직장인이라면 이 장면， 낯설지 않으실 겁니다. 퇴근 후 지친 몸을 이끌고 마트에 들러 야심 차게 장을 봅니다. ""이번 주엔 집밥 좀 해 먹어야지!"" 다짐하며 소분도 안 된 대용량 채소와 고기를 카트에 담죠. 하지만 막상 집에 오면 소분은커녕 비닐봉",CONTENT_ALIGNMENT_REQUIRED: 제목 키워드가 본문 앞부분에 없음 — 제목 수정 또는 본문 도입 개선
2026-08-01-food-auto-0ac183,https://honsamnote.co.kr/blog/2026-08-01-food-auto-0ac183/,남은 채소 보관 방법｜냉장고 야채,남은 채소 보관,방법형,KEYWORD_ABSENT_FROM_OPENING,no,yes,yes,문제 상황 퇴근 후 지친 몸을 이끌고 겨우 간단한 저녁 식사를 준비합니다. 냉장고에서 양파 반쪽， 애호박 절반， 시들해진 상추 몇 잎을 꺼내 쓰고 나면， 남은 채소들을 어떻게 해야 할지 막막해집니다. 대충 비닐봉지에 다시 넣어두거나， 밀폐용기에 담아두지만 이내 축축해지,CONTENT_ALIGNMENT_REQUIRED: 제목 키워드가 본문 앞부분에 없음 — 제목 수정 또는 본문 도입 개선
2026-08-01-food-auto-0f5d02,https://honsamnote.co.kr/blog/2026-08-01-food-auto-0f5d02/,1인 가구 장보기 비교｜온라인 장보기,1인 가구 장보기,비교형,KEYWORD_ABSENT_FROM_OPENING,no,yes,yes,문제 상황 퇴근 후 현관문에 들어서는 순간， 냉장고가 비어있다는 사실을 깨닫고 한숨부터 쉬어본 적 있으신가요? 분명 주말에 마트에 가려고 했는데， 갑자기 약속이 생기거나 밀린 잠을 자느라 결국 장을 보지 못하고 월요일 저녁 배달 앱을 뒤적이고 있을지도 모릅니다. 혼자 ,CONTENT_ALIGNMENT_REQUIRED: 제목 키워드가 본문 앞부분에 없음 — 제목 수정 또는 본문 도입 개선
2026-08-01-food-auto-174113,https://honsamnote.co.kr/blog/2026-08-01-food-auto-174113/,1인 가구 식재료 알아보기｜장보기 주기,1인 가구 식재료,문제해결형,KEYWORD_ABSENT_FROM_OPENING,no,yes,yes,"문제 상황 퇴근 후 지친 몸을 이끌고 냉장고 문을 열었는데 텅 비어있을 때， 한숨부터 나오죠. 결국 배달 앱을 켜거나 편의점 도시락으로 끼니를 때웁니다. 그러다 문득 ""언제 장 보러 가지?"" 하는 고민이 시작됩니다. 주말에 시간을 내서 한 번에 왕창 사놓을까 생각해보지",CONTENT_ALIGNMENT_REQUIRED: 제목 키워드가 본문 앞부분에 없음 — 제목 수정 또는 본문 도입 개선
2026-08-01-food-auto-2c9171,https://honsamnote.co.kr/blog/2026-08-01-food-auto-2c9171/,1인 가구 장보기 알아보기｜대용량 식재료 활용,1인 가구 장보기,문제해결형,KEYWORD_ABSENT_FROM_OPENING,no,no,yes,문제 상황 퇴근 후 지친 몸을 이끌고 마트에 들릅니다. 매번 소량 포장된 식재료는 너무 비싸다는 생각에 망설여지죠. 그러다 문득 눈에 띄는 '대용량 할인' 코너! 닭가슴살 1kg， 양파 한 망， 대파 한 단... 가격표를 보니 훨씬 저렴합니다. '이 정도면 이번 주 내,CONTENT_ALIGNMENT_REQUIRED: 제목 키워드가 본문 앞부분에 없음 — 제목 수정 또는 본문 도입 개선
2026-08-01-food-auto-6b8a79,https://honsamnote.co.kr/blog/2026-08-01-food-auto-6b8a79/,1인 가구 식재료 기준｜혼자 살 때 마트,1인 가구 식재료,판단형,KEYWORD_ABSENT_FROM_OPENING,no,yes,yes,문제 상황 퇴근 후 지친 몸을 이끌고 마트에 들렀습니다. 냉장고에 뭐가 남아있는지 가물가물하지만， 일단 신선해 보이는 채소와 마침 세일하는 고기에 눈길이 갑니다. '이 정도면 몇 번은 해 먹을 수 있겠지' 하는 막연한 기대로 덜컥 카트에 담죠. 하지만 며칠 뒤， 냉장고,CONTENT_ALIGNMENT_REQUIRED: 제목 키워드가 본문 앞부분에 없음 — 제목 수정 또는 본문 도입 개선
2026-08-01-food-auto-7bc9dc,https://honsamnote.co.kr/blog/2026-08-01-food-auto-7bc9dc/,1인 가구 밥 비교｜미니 밥솥,1인 가구 밥,비교형,KEYWORD_ABSENT_FROM_OPENING,no,no,yes,문제 상황 퇴근 후 현관문을 열고 들어서는 순간， 머릿속엔 온통 ‘오늘 저녁은 뭘 먹지?’ 하는 고민이 가득합니다. 이미 지친 몸을 이끌고 쌀을 씻어 밥솥에 안쳐 밥이 다 되기를 기다리는 20~30분은 때로 너무 길게 느껴지죠. 그래서 많은 1인 가구 직장인들이 편리한,CONTENT_ALIGNMENT_REQUIRED: 제목 키워드가 본문 앞부분에 없음 — 제목 수정 또는 본문 도입 개선
2026-08-01-food-auto-7f290f,https://honsamnote.co.kr/blog/2026-08-01-food-auto-7f290f/,1인 가구 요리 비교｜미니 다지기 추천,1인 가구 요리,비교형,KEYWORD_ABSENT_FROM_OPENING,no,no,yes,문제 상황 퇴근 후 지친 몸을 이끌고 집에 도착했습니다. 이제 겨우 저녁 한 끼 해 먹겠다고 마음먹었는데， 냉장고 문을 열고 마늘 한 쪽， 양파 1/4개만 다져도 벌써부터 한숨이 나옵니다. 조리보다 재료 손질에 시간이 더 오래 걸리는 것 같고， 귀찮아서 그냥 사 먹을까,CONTENT_ALIGNMENT_REQUIRED: 제목 키워드가 본문 앞부분에 없음 — 제목 수정 또는 본문 도입 개선
2026-08-01-food-auto-8c9a71,https://honsamnote.co.kr/blog/2026-08-01-food-auto-8c9a71/,1인 가구 식용유 보관 알아보기｜식용유 유통기한,1인 가구 식용유 보관,문제해결형,KEYWORD_ABSENT_FROM_OPENING,no,yes,yes,문제 상황 퇴근 후 지친 몸을 이끌고 겨우 저녁 한 끼를 만들어 먹었습니다. 냉장고 문을 닫으려는데， 구석에 박혀있는 대용량 식용유와 뚜껑을 연 지 한참 된 간장， 고추장 통이 눈에 들어옵니다. '이거 산 지가 언제더라... 아직 괜찮으려나? 버리자니 아깝고， 먹자니 ,CONTENT_ALIGNMENT_REQUIRED: 제목 키워드가 본문 앞부분에 없음 — 제목 수정 또는 본문 도입 개선
2026-08-01-food-auto-976f1b,https://honsamnote.co.kr/blog/2026-08-01-food-auto-976f1b/,1인 가구 식재료 알아보기｜대용량 식재료,1인 가구 식재료,문제해결형,KEYWORD_ABSENT_FROM_OPENING,no,yes,no,문제 상황 명절 연휴가 끝나거나 오랜만에 고향집에 다녀오면， 혹은 지인에게서 고마운 마음이 담긴 선물로 집 냉장고와 팬트리가 순식간에 가득 차는 경험， 다들 있으실 겁니다. 큼지막한 과일 한 박스， 소분되지 않은 통고기 한 덩이， 넉넉한 양의 잡곡 세트까지. 1인 가구,CONTENT_ALIGNMENT_REQUIRED: 제목 키워드가 본문 앞부분에 없음 — 제목 수정 또는 본문 도입 개선
2026-08-01-housing-auto-18e480,https://honsamnote.co.kr/blog/2026-08-01-housing-auto-18e480/,"혼자 사는 직장인, 우리 집 화재·누수 걱정 끝! 내 보증금·물건 지키는 전월세 보험 똑똑하게 가입하기",전월세 보험 가입,방법형,KEYWORD_ABSENT_FROM_OPENING,no,yes,yes,문제 상황 혼자 사는 당신의 보금자리， 매일 피곤한 몸을 이끌고 돌아와 편안함을 느끼는 유일한 공간일 겁니다. 그런데 만약 예상치 못한 사고가 이 공간을 덮친다면 어떨까요? 주방에서 잠깐 한눈판 사이에 번진 화재， 노후된 수도관이 터져 아래층까지 물바다가 된 누수 사고,CONTENT_ALIGNMENT_REQUIRED: 제목 키워드가 본문 앞부분에 없음 — 제목 수정 또는 본문 도입 개선
2026-08-01-housing-auto-1c1518,https://honsamnote.co.kr/blog/2026-08-01-housing-auto-1c1518/,"혼자 사는 직장인, 이사 갈 때 대형 폐기물 처리? 시간과 돈 아끼는 3가지 선택 비교",이사짐정리,비교형,KEYWORD_ABSENT_FROM_OPENING,no,yes,yes,"문제 상황 바쁜 직장 생활 틈틈이 이사 준비를 하다 보면， 가장 골치 아픈 문제 중 하나가 바로 ""대형 폐기물 처리""입니다. 쓰자니 낡았고， 버리자니 막막한 애매한 가구나 가전제품들. “이거 어떻게 버려야 하지?”， “돈은 얼마나 들까?”， “혼자서 이걸 어떻게 옮기지",CONTENT_ALIGNMENT_REQUIRED: 제목 키워드가 본문 앞부분에 없음 — 제목 수정 또는 본문 도입 개선
2026-08-01-housing-auto-abec0f,https://honsamnote.co.kr/blog/2026-08-01-housing-auto-abec0f/,"내 첫 전월세 계약 만료, 집주인 무리한 요구에 당황? 계약갱신청구권으로 당당하게 대처하는 법",전월세 계약갱신,방법형,KEYWORD_ABSENT_FROM_OPENING,no,yes,yes,"문제 상황 퇴근 후 지친 몸을 이끌고 집에 들어섰는데， 왠지 모르게 마음 한구석이 불안합니다. 달력을 보니 전월세 계약 만료일이 두어 달 앞으로 다가왔다는 사실이 퍼뜩 스쳐 지나갑니다. ""이번엔 어떻게 되는 거지? 이사 가야 하나?""라는 고민이 머릿속을 맴돌 무렵， 기",CONTENT_ALIGNMENT_REQUIRED: 제목 키워드가 본문 앞부분에 없음 — 제목 수정 또는 본문 도입 개선
2026-08-01-housing-auto-bd24e0,https://honsamnote.co.kr/blog/2026-08-01-housing-auto-bd24e0/,이웃 소음 해결 알아보기｜층간소음 대처,이웃 소음 해결,문제해결형,KEYWORD_ABSENT_FROM_OPENING,no,yes,yes,"문제 상황 늦은 밤， 퇴근 후 겨우 침대에 누웠는데 위층이나 옆집에서 들려오는 소음에 잠을 설치고 있나요? ""쿵， 쿵"" 하는 발소리부터 밤늦게까지 이어지는 대화 소리， 심지어는 알 수 없는 진동음까지. 혼자 사는 집에서 누구에게 하소연하기도 어렵고， 그렇다고 직접 찾아",CONTENT_ALIGNMENT_REQUIRED: 제목 키워드가 본문 앞부분에 없음 — 제목 수정 또는 본문 도입 개선
2026-08-01-housing-auto-c039f6,https://honsamnote.co.kr/blog/2026-08-01-housing-auto-c039f6/,전월세 계약 갱신 방법｜묵시적 갱신,전월세 계약 갱신,방법형,KEYWORD_ABSENT_FROM_OPENING,no,yes,no,"문제 상황 직장인 3년 차 김지영 씨. 정신없이 출퇴근하고 주말엔 쉬기 바쁜 나날을 보내다 문득 전월세 계약 만료일이 두 달 앞으로 다가왔다는 사실을 알았습니다. 이사 나가는 건 엄두도 안 나고， 그냥 조용히 있으면 자동 연장되는 줄 알았는데， 친구는 ""아무것도 안 하",CONTENT_ALIGNMENT_REQUIRED: 제목 키워드가 본문 앞부분에 없음 — 제목 수정 또는 본문 도입 개선
2026-08-01-housing-auto-e11fd3,https://honsamnote.co.kr/blog/2026-08-01-housing-auto-e11fd3/,"혼자 사는 직장인, 빈집 입주 가전·가구, 새것 vs 중고 vs 렌탈! 내 생활에 맞는 똑똑한 선택 가이드",1인 가구 가전,비교형,KEYWORD_ABSENT_FROM_OPENING,no,yes,yes,문제 상황 설레는 마음으로 새집에 들어섰지만， 텅 빈 공간을 마주하는 순간 막막해질 때가 많습니다. 특히 혼자 사는 직장인에게 냉장고， 세탁기， 침대 같은 필수 가전과 가구를 채우는 일은 상당한 시간과 비용을 요구하는 숙제입니다. 한정된 예산 안에서 좋은 제품을 고르고,CONTENT_ALIGNMENT_REQUIRED: 제목 키워드가 본문 앞부분에 없음 — 제목 수정 또는 본문 도입 개선
2026-08-01-housing-auto-e6f8ea,https://honsamnote.co.kr/blog/2026-08-01-housing-auto-e6f8ea/,"혼자 사는 직장인, 이사 갈 때 포장·반포장·용달 이사 중 뭘 고를까? 내 상황에 맞는 최적의 선택 가이드",1인 가구 이사,비용형,KEYWORD_ABSENT_FROM_OPENING,no,no,yes,"문제 상황 이삿짐센터에 전화해본 적 있으신가요? ""포장 이사로 하시겠어요， 반포장으로 하시겠어요， 아니면 용달 이사요?""라는 질문에 잠시 멍해질 겁니다. 혼자 살면서 겪는 이사의 막막함은 그야말로 상상 초월이죠. 퇴근 후 지친 몸으로 이삿짐 싸고 풀 생각만 해도 한숨부",CONTENT_ALIGNMENT_REQUIRED: 제목 키워드가 본문 앞부분에 없음 — 제목 수정 또는 본문 도입 개선
2026-08-01-housing-auto-ecfb76,https://honsamnote.co.kr/blog/2026-08-01-housing-auto-ecfb76/,"혼자 사는 직장인, 갑자기 이사 가야 할 때? 전월세 계약 중도 해지, 손해 최소화하는 현명한 대처법",계약 해지,비용형,KEYWORD_ABSENT_FROM_OPENING,no,no,no,"문제 상황 새로운 직장 발령， 가족의 건강 문제， 혹은 예상치 못한 개인적인 사정으로 지금 살고 있는 집에서 갑자기 이사해야 하는 상황， 혼자 사는 직장인이라면 한 번쯤 겪을 수 있는 일입니다. 아직 계약 기간이 한참 남았는데 말이죠. ""계약 위반이니까 남은 계약 기간",CONTENT_ALIGNMENT_REQUIRED: 제목 키워드가 본문 앞부분에 없음 — 제목 수정 또는 본문 도입 개선
2026-08-01-lifestyle-auto-19ac88,https://honsamnote.co.kr/blog/2026-08-01-lifestyle-auto-19ac88/,1인 가구 주말 해결 방법｜생활 리듬 유지,1인 가구 주말,방법형,KEYWORD_ABSENT_FROM_OPENING,no,yes,no,"문제 상황 월요일부터 금요일까지는 업무 때문에 규칙적인 생활을 간신히 유지합니다. 하지만 금요일 퇴근하는 순간， ""주말이니까 좀 쉬어도 돼!""라는 생각에 평소보다 늦게까지 스마트폰을 붙들거나 영화를 봅니다. 그러다 토요일 아침， 평일과 서너 시간 차이 나는 늦잠을 자고",CONTENT_ALIGNMENT_REQUIRED: 제목 키워드가 본문 앞부분에 없음 — 제목 수정 또는 본문 도입 개선
2026-08-01-lifestyle-auto-37c919,https://honsamnote.co.kr/blog/2026-08-01-lifestyle-auto-37c919/,"1인 가구 직장인, 북적이던 집이 조용해질 때 찾아오는 허전함, 능숙하게 다루는 회복 루틴",1인가구 허전함,방법형,KEYWORD_ABSENT_FROM_OPENING,no,no,no,문제 상황 친구들과 밤늦도록 떠들썩하게 파티를 즐겼습니다. 가족들과 웃음꽃 피우며 명절을 보냈습니다. 혹은 활기 넘치는 여행을 마치고 방금 현관문을 열었습니다. 현관에 벗어놓은 신발은 당신의 것 하나뿐이고， 불 꺼진 거실은 조금 전까지 북적였던 온기가 사라져 차갑고 고,CONTENT_ALIGNMENT_REQUIRED: 제목 키워드가 본문 앞부분에 없음 — 제목 수정 또는 본문 도입 개선
2026-08-01-lifestyle-auto-976633,https://honsamnote.co.kr/blog/2026-08-01-lifestyle-auto-976633/,"1인 가구 직장인, '혼자라서 시간 많지?' 오해에 지쳤다면? 퇴근 후 내 시간 지키는 현명한 거절법",1인 가구 거절,질문형,KEYWORD_ABSENT_FROM_OPENING,no,yes,no,"문제 상황 길고 긴 평일 근무를 마치고 겨우 집으로 돌아와 푹신한 소파에 몸을 던진 순간， 혹은 오랜만에 아무 방해 없이 나만의 주말을 만끽하려던 찰나. 전화벨이 울리거나 메시지 알림이 울립니다. ""야， 너 혼자 사니까 퇴근하고 시간 많지? 나 이삿짐 옮기는 것 좀 도",CONTENT_ALIGNMENT_REQUIRED: 제목 키워드가 본문 앞부분에 없음 — 제목 수정 또는 본문 도입 개선
2026-08-01-lifestyle-auto-a6f950,https://honsamnote.co.kr/blog/2026-08-01-lifestyle-auto-a6f950/,1인 가구 경조사 알아보기｜혼자 경조사,1인 가구 경조사,문제해결형,KEYWORD_ABSENT_FROM_OPENING,no,no,no,"문제 상황 주말 아침， 모처럼 늦잠을 자고 있는데 휴대전화에서 알림이 울립니다. 친한 대학 동기의 결혼 소식이나， 혹은 회사 선배의 부고 소식. 기쁘거나 슬픈 소식이지만， 혼자 사는 당신에게는 그와 동시에 은근한 부담감이 밀려옵니다. ""아， 경조사..."" 누구와 함께 ",CONTENT_ALIGNMENT_REQUIRED: 제목 키워드가 본문 앞부분에 없음 — 제목 수정 또는 본문 도입 개선
2026-08-01-lifestyle-auto-ab470f,https://honsamnote.co.kr/blog/2026-08-01-lifestyle-auto-ab470f/,1인 가구 연애 비교｜데이팅 앱,1인 가구 연애,비교형,KEYWORD_ABSENT_FROM_OPENING,no,yes,yes,문제 상황 퇴근 후 문득 찾아오는 적막감 속에서， 옆구리가 시린 건 차라리 행복한 고민일지도 모릅니다. 문제는 물리적인 외로움보다는 ‘언제쯤 나에게도 자연스러운 인연이 찾아올까’ 하는 막연한 기대와， 현실적인 제약 사이의 간극이죠. 혼자 사는 직장인에게 연애는 '하고 ,CONTENT_ALIGNMENT_REQUIRED: 제목 키워드가 본문 앞부분에 없음 — 제목 수정 또는 본문 도입 개선
2026-08-01-lifestyle-auto-ac59b7,https://honsamnote.co.kr/blog/2026-08-01-lifestyle-auto-ac59b7/,혼자 사는 직장인 관계 알아보기｜친구 약속 피로,혼자 사는 직장인 관계,문제해결형,KEYWORD_ABSENT_FROM_OPENING,no,yes,yes,"문제 상황 힘든 하루를 끝내고 집에 도착하자마자 소파에 몸을 던집니다. ""오늘은 아무것도 안 하고 쉬고 싶다""는 생각이 머리를 지배할 때， 핸드폰 알림이 울립니다. ""야， 갑자기 번개할 건데 올 수 있어?"" 익숙한 친구들의 메시지입니다. 피곤한 몸을 이끌고 나갈 기운은",CONTENT_ALIGNMENT_REQUIRED: 제목 키워드가 본문 앞부분에 없음 — 제목 수정 또는 본문 도입 개선
2026-08-01-lifestyle-auto-b13421,https://honsamnote.co.kr/blog/2026-08-01-lifestyle-auto-b13421/,1인 가구 커뮤니티 해결 방법｜외로움 극복,1인 가구 커뮤니티,방법형,KEYWORD_ABSENT_FROM_OPENING,no,yes,yes,문제 상황 퇴근 후 현관문을 열고 들어서는 순간， 텅 빈 집이 나를 맞이합니다. 하루 종일 시달린 피로감과 함께 찾아오는 알 수 없는 고독감은 혼자 사는 직장인이라면 누구나 한 번쯤 겪어봤을 겁니다. 학창 시절 친구들은 각자의 가정을 꾸려 육아와 경조사로 바빠지고， 직,CONTENT_ALIGNMENT_REQUIRED: 제목 키워드가 본문 앞부분에 없음 — 제목 수정 또는 본문 도입 개선
2026-08-01-lifestyle-auto-f56796,https://honsamnote.co.kr/blog/2026-08-01-lifestyle-auto-f56796/,혼자 사는 집 비교｜퇴근 후 루틴,혼자 사는 집,비교형,KEYWORD_ABSENT_FROM_OPENING,no,yes,yes,문제 상황 퇴근 후 현관문을 열고 들어선 집안은 마치 시간이 멈춘 듯 고요합니다. 아침에 나간 그대로의 풍경， 나를 반기는 건 아무도 없는 적막함뿐이죠. 바쁜 하루를 보낸 후 편안함을 느껴야 할 공간인데， 이따금 이 고요함이 마음을 짓누르거나， 왠지 모를 쓸쓸함으로 다,CONTENT_ALIGNMENT_REQUIRED: 제목 키워드가 본문 앞부분에 없음 — 제목 수정 또는 본문 도입 개선
2026-08-01-products-auto-153ac4,https://honsamnote.co.kr/blog/2026-08-01-products-auto-153ac4/,1인 가구 공기청정기 비교｜실내 공기질 관리,1인 가구 공기청정기,비교형,KEYWORD_ABSENT_FROM_OPENING,no,yes,yes,문제 상황 퇴근 후 문을 열고 들어선 순간， 코끝을 스치는 꿉꿉하고 답답한 공기， 또는 어딘가 모르게 배어 있는 퀴퀴한 냄새에 절로 한숨이 나옵니다. 특히 좁은 원룸이나 오피스텔 특유의 폐쇄적인 구조， 여기에 요리， 빨래 건조， 샤워 등이 한 공간에서 이루어지다 보니 ,CONTENT_ALIGNMENT_REQUIRED: 제목 키워드가 본문 앞부분에 없음 — 제목 수정 또는 본문 도입 개선
2026-08-01-products-auto-29af64,https://honsamnote.co.kr/blog/2026-08-01-products-auto-29af64/,1인 가구 가구 구독 기준｜이사 가구,1인 가구 가구 구독,판단형,KEYWORD_ABSENT_FROM_OPENING,no,yes,yes,문제 상황 퇴근 후 문을 열고 들어선 내 집. 소파에 기대어 하루의 피로를 풀고 싶지만， 아직 텅 비어있거나 임시방편으로 들여놓은 플라스틱 의자가 눈에 들어옵니다. 몇 년 전 겨우 마련한 자취방에서 지금 살고 있는 집으로 이사 올 때를 떠올리면 머리가 지끈거립니다. 멀,CONTENT_ALIGNMENT_REQUIRED: 제목 키워드가 본문 앞부분에 없음 — 제목 수정 또는 본문 도입 개선
2026-08-01-products-auto-4d32dc,https://honsamnote.co.kr/blog/2026-08-01-products-auto-4d32dc/,1인 가구 식기세척기 방법｜미니 식기세척기,1인 가구 식기세척기,방법형,KEYWORD_ABSENT_FROM_OPENING,no,no,yes,문제 상황 퇴근 후 문을 열고 들어선 당신의 눈에 가장 먼저 들어오는 것은 싱크대에 쌓인 어제저녁， 오늘 아침， 그리고 지금 막 먹고 난 저녁 식기의 흔적입니다. 당장 치우지 않으면 냄새가 나고 위생에도 좋지 않다는 것을 알지만， 하루 종일 일에 시달린 몸은 리모컨을 ,CONTENT_ALIGNMENT_REQUIRED: 제목 키워드가 본문 앞부분에 없음 — 제목 수정 또는 본문 도입 개선
2026-08-01-products-auto-7e3829,https://honsamnote.co.kr/blog/2026-08-01-products-auto-7e3829/,1인 가구 폐기물 비교｜대형 폐기물 처리,1인 가구 폐기물,비교형,KEYWORD_ABSENT_FROM_OPENING,no,yes,yes,문제 상황 이사 준비， 새 가구 구매， 혹은 고장 난 가전제품으로 인해 골머리를 앓고 계신가요? 혼자 사는 당신에게 덩치 큰 대형 폐기물은 그야말로 '골칫덩어리'입니다. 무거운 침대 프레임을 혼자 옮기려다 허리라도 삐끗할까 걱정되고， 복잡한 폐기물 스티커 부착 규정은 ,CONTENT_ALIGNMENT_REQUIRED: 제목 키워드가 본문 앞부분에 없음 — 제목 수정 또는 본문 도입 개선
2026-08-01-products-auto-9e3228,https://honsamnote.co.kr/blog/2026-08-01-products-auto-9e3228/,1인 가구 밀키트 방법｜식비 절약 노하우,1인 가구 밀키트,방법형,KEYWORD_ABSENT_FROM_OPENING,no,no,yes,문제 상황 퇴근 후 지친 몸을 이끌고 현관문을 열면， 늘 막막한 저녁 메뉴 고민이 시작됩니다. 냉장고에는 시들어진 채소나 미처 다 먹지 못한 식재료가 방치되어 있고， 요리하자니 재료 손질부터 설거지까지 너무 번거롭죠. 결국 배달 앱을 뒤적이거나 외식으로 때우다 보면， ,CONTENT_ALIGNMENT_REQUIRED: 제목 키워드가 본문 앞부분에 없음 — 제목 수정 또는 본문 도입 개선
2026-08-01-products-auto-b433a0,https://honsamnote.co.kr/blog/2026-08-01-products-auto-b433a0/,1인 가구 식기세척기 기준｜미니 식기세척기,1인 가구 식기세척기,판단형,KEYWORD_ABSENT_FROM_OPENING,no,yes,yes,문제 상황 힘든 퇴근 후， 겨우 현관문을 열고 들어왔는데 싱크대에는 어제 먹은 컵과 오늘 아침 대충 쌓아둔 식기가 당신을 기다립니다. '조금만 쉬고 하지 뭐' 하고 미루지만， 결국 잠자리에 들 때까지 설거지는 그 자리에 그대로죠. 주말에는 '이걸 언제 다 해?' 하는 ,CONTENT_ALIGNMENT_REQUIRED: 제목 키워드가 본문 앞부분에 없음 — 제목 수정 또는 본문 도입 개선
2026-08-01-products-auto-d180b4,https://honsamnote.co.kr/blog/2026-08-01-products-auto-d180b4/,1인 가구 해충 비교｜바퀴벌레 없애는 법,1인 가구 해충,비교형,KEYWORD_ABSENT_FROM_OPENING,no,yes,yes,문제 상황 퇴근 후 지친 몸을 이끌고 집에 들어서는 순간， 주방 싱크대 위에서 번쩍이는 그것! 아니면 화장실 벽을 스멀스멀 기어가는 검은 점! 잠시 눈을 비볐지만 사라지지 않는 바퀴벌레나 개미떼에 심장이 철렁 내려앉습니다. 혼자 사는 집에 이런 불청객이 나타나면 그 어,CONTENT_ALIGNMENT_REQUIRED: 제목 키워드가 본문 앞부분에 없음 — 제목 수정 또는 본문 도입 개선
2026-08-01-products-auto-fee2c4,https://honsamnote.co.kr/blog/2026-08-01-products-auto-fee2c4/,1인 가구 공기청정기 기준｜원룸 공기정화,1인 가구 공기청정기,판단형,KEYWORD_ABSENT_FROM_OPENING,no,yes,yes,문제 상황 퇴근 후 현관문을 열고 들어설 때마다 퀘퀘한 냄새와 답답한 공기에 코를 찡그린 적 있으신가요? 미세먼지 때문에 창문 열기가 무섭고， 요리할 때 환풍기를 돌려도 음식 냄새가 며칠을 가는 것 같습니다. 바쁜 일상 속에서 매일 환기하기란 쉽지 않고， 그렇다고 환기,CONTENT_ALIGNMENT_REQUIRED: 제목 키워드가 본문 앞부분에 없음 — 제목 수정 또는 본문 도입 개선
2026-08-01-products-auto-ff2c16,https://honsamnote.co.kr/blog/2026-08-01-products-auto-ff2c16/,1인 가구 정수기 기준｜정수기 렌탈,1인 가구 정수기,판단형,KEYWORD_ABSENT_FROM_OPENING,no,yes,yes,문제 상황 퇴근 후 지친 몸을 이끌고 집에 들어섰는데， 텅 빈 냉장고를 채워줄 시원한 물 한 잔이 간절합니다. 하지만 생수병은 이미 바닥났고， 무거운 물통을 사 나르는 일은 상상만 해도 피곤하죠. 그렇다고 수돗물을 끓여 마시자니 냄비에 물을 붓고 끓이고 식히는 과정이 ,CONTENT_ALIGNMENT_REQUIRED: 제목 키워드가 본문 앞부분에 없음 — 제목 수정 또는 본문 도입 개선
2026-08-01-safety-auto-0466e2,https://honsamnote.co.kr/blog/2026-08-01-safety-auto-0466e2/,"혼자 사는 당신, 집에서 갑자기 쓰러지거나 움직일 수 없을 때? 스마트 응급 호출 시스템, 나에게 정말 필요할까?",1인 가구 안전,질문형,KEYWORD_ABSENT_FROM_OPENING,no,yes,yes,문제 상황 퇴근 후 집에서 편안한 시간을 보내던 어느 날， 갑자기 발을 헛디뎌 넘어지거나 심한 통증으로 몸을 가눌 수 없게 된 상황을 상상해 보셨나요? 손이 닿는 곳에 휴대폰도 없고， 침대에서 떨어져 미동도 할 수 없는 아찔한 순간. 혼자 사는 사람에게 이런 상황은 상,CONTENT_ALIGNMENT_REQUIRED: 제목 키워드가 본문 앞부분에 없음 — 제목 수정 또는 본문 도입 개선
2026-08-01-safety-auto-1a5c71,https://honsamnote.co.kr/blog/2026-08-01-safety-auto-1a5c71/,혼자 사는 집 문 잠김 해결 방법｜비밀번호 잊었을 때,혼자 사는 집 문 잠김,방법형,KEYWORD_ABSENT_FROM_OPENING,no,no,yes,문제 상황 늦은 밤， 회사에서의 긴 하루를 마치고 지친 몸을 이끌고 집에 도착했습니다. 이제 따뜻한 물에 샤워하고 푹 쉬는 일만 남았다고 생각하며 현관문 앞에 섰죠. 익숙하게 손을 뻗어 비밀번호를 누르려는데， 맙소사. 아무리 생각해도 도무지 비밀번호가 떠오르지 않습니다,CONTENT_ALIGNMENT_REQUIRED: 제목 키워드가 본문 앞부분에 없음 — 제목 수정 또는 본문 도입 개선
2026-08-01-safety-auto-4f0708,https://honsamnote.co.kr/blog/2026-08-01-safety-auto-4f0708/,"혼자 사는 당신, 늦은 밤 갑자기 정전될 때? 당황하지 않고 안전하게 대처하는 현실적인 방법",1인 가구 정전,방법형,KEYWORD_ABSENT_FROM_OPENING,no,yes,yes,문제 상황 늦은 밤， 퇴근 후 드디어 나만의 아늑한 공간에 들어서서 편안한 시간을 보내고 있는데， 갑자기 집 안의 모든 불이 '퍽' 소리와 함께 꺼집니다. TV 화면도， 냉장고도， 휴대폰 충전기도 작동을 멈춥니다. 창밖의 가로등은 멀쩡해 보이는데， 우리 집만 캄캄한 어,CONTENT_ALIGNMENT_REQUIRED: 제목 키워드가 본문 앞부분에 없음 — 제목 수정 또는 본문 도입 개선
2026-08-01-safety-auto-909169,https://honsamnote.co.kr/blog/2026-08-01-safety-auto-909169/,문 잠겼을 때 비용 정리｜열쇠 잃어버렸을 때,문 잠겼을 때,비용형,KEYWORD_ABSENT_FROM_OPENING,no,no,yes,문제 상황 지친 몸을 이끌고 퇴근한 밤， 익숙하게 현관문 앞에 섰습니다. 주머니를 뒤적거려 보지만 텅 비어있고， 가방 안을 뒤져봐도 열쇠는 온데간데없습니다. 아차， 열쇠를 잃어버렸습니다. 스마트폰 배터리도 얼마 남지 않았고， 한밤중에 어디에 도움을 요청해야 할지 막막합,CONTENT_ALIGNMENT_REQUIRED: 제목 키워드가 본문 앞부분에 없음 — 제목 수정 또는 본문 도입 개선
2026-08-01-safety-auto-a71046,https://honsamnote.co.kr/blog/2026-08-01-safety-auto-a71046/,혼자 살 때 열쇠 분실 방법｜늦은 밤 문 잠김,혼자 살 때 열쇠 분실,방법형,KEYWORD_ABSENT_FROM_OPENING,no,yes,yes,문제 상황 늦은 밤， 야근을 마치고 지친 몸을 이끌고 겨우 집에 도착했습니다. 현관문 앞에 서서 가방을 뒤져 열쇠를 찾는데， 아무리 찾아도 보이지 않습니다. 땀을 삐질삐질 흘리며 옷 주머니， 가방 안， 심지어 오늘 들렀던 편의점 봉투까지 확인해도 열쇠는 감감무소식입니다,CONTENT_ALIGNMENT_REQUIRED: 제목 키워드가 본문 앞부분에 없음 — 제목 수정 또는 본문 도입 개선
2026-08-01-safety-auto-b177af,https://honsamnote.co.kr/blog/2026-08-01-safety-auto-b177af/,혼자 사는 집 누수 방법｜천장 물샘 대처,혼자 사는 집 누수,방법형,KEYWORD_ABSENT_FROM_OPENING,no,yes,yes,문제 상황 늦은 밤， 퇴근 후 지친 몸을 이끌고 겨우 잠자리에 들려는 순간， “뚝， 뚝” 하는 불규칙한 소리가 들려옵니다. 잠시 귀를 기울여보니 침대 위 천장 한구석에서 물방울이 떨어지고 있는 게 보입니다. 이미 벽지는 축축하게 젖어 있고， 바닥에도 작은 물웅덩이가 생,CONTENT_ALIGNMENT_REQUIRED: 제목 키워드가 본문 앞부분에 없음 — 제목 수정 또는 본문 도입 개선
2026-08-01-storage-auto-316ab0,https://honsamnote.co.kr/blog/2026-08-01-storage-auto-316ab0/,1인 가구 수납 비교｜좁은 집 수납,1인 가구 수납,비교형,KEYWORD_ABSENT_FROM_OPENING,no,yes,yes,문제 상황 퇴근 후 좁은 원룸에 들어설 때마다 한숨부터 나오시나요? 책상 위엔 영수증과 서류가 쌓여있고， 침대 옆 협탁엔 읽다 만 책과 잡동사니가 자리싸움을 하고 있습니다. 분명 수납 가구는 있는데， 왜 이렇게 정리가 안 되는 걸까요? 물건을 감쪽같이 숨기자니 답답하고,CONTENT_ALIGNMENT_REQUIRED: 제목 키워드가 본문 앞부분에 없음 — 제목 수정 또는 본문 도입 개선
2026-08-01-storage-auto-387eaf,https://honsamnote.co.kr/blog/2026-08-01-storage-auto-387eaf/,1인 가구 옷 정리 해결 방법｜원룸 옷 보관,1인 가구 옷 정리,방법형,KEYWORD_ABSENT_FROM_OPENING,no,no,yes,"문제 상황 퇴근 후 현관에 들어서자마자 외투를 벗어던지고， 한 번 입고 나간 청바지나 가디건은 ""아직 깨끗한데..."" 하는 마음에 옷장 대신 침대 끝이나 의자에 툭 걸쳐둡니다. 처음엔 한두 벌이던 것이 일주일만 지나도 작은 산을 이루고， 주말엔 그 옷더미 속에서 겨우 ",CONTENT_ALIGNMENT_REQUIRED: 제목 키워드가 본문 앞부분에 없음 — 제목 수정 또는 본문 도입 개선
2026-08-01-storage-auto-39ae63,https://honsamnote.co.kr/blog/2026-08-01-storage-auto-39ae63/,1인 가구 수납 알아보기｜원룸 청소 도구 보관,1인 가구 수납,문제해결형,KEYWORD_ABSENT_FROM_OPENING,no,yes,yes,문제 상황 퇴근 후 좁은 원룸 현관문을 열고 들어섰을 때， 방 한구석에 서 있는 부피 큰 무선 청소기， 베란다 없는 공간에서 덩그러니 놓인 세탁 바구니， 서랍 깊숙이 숨어 있어 꺼내기 번거로운 공구 상자를 본 적 있으신가요? 청소 용품과 생활 공구는 우리 집을 깔끔하고,CONTENT_ALIGNMENT_REQUIRED: 제목 키워드가 본문 앞부분에 없음 — 제목 수정 또는 본문 도입 개선
2026-08-01-storage-auto-499287,https://honsamnote.co.kr/blog/2026-08-01-storage-auto-499287/,원룸 빨래 알아보기｜빨래 건조대,원룸 빨래,문제해결형,KEYWORD_ABSENT_FROM_OPENING,no,yes,yes,문제 상황 퇴근 후 문을 열고 들어선 당신의 원룸. 퀘퀘한 냄새가 코를 찌르고， 시선을 돌리니 방 한가운데 거대한 빨래 건조대가 우뚝 솟아 있습니다. 미처 개키지 못한 마른 빨래와 새로 세탁해야 할 더러운 빨래 바구니가 여기저기 널려 있죠. 세탁기 위에는 크기만 한 세,CONTENT_ALIGNMENT_REQUIRED: 제목 키워드가 본문 앞부분에 없음 — 제목 수정 또는 본문 도입 개선
2026-08-01-storage-auto-4eec70,https://honsamnote.co.kr/blog/2026-08-01-storage-auto-4eec70/,1인 가구 욕실 정리 비교｜원룸 욕실 수납,1인 가구 욕실 정리,비교형,KEYWORD_ABSENT_FROM_OPENING,no,yes,yes,문제 상황 퇴근 후 지친 몸을 이끌고 들어선 좁은 원룸 욕실. 매일 아침저녁 씻기 바쁜데， 샴푸， 린스， 바디워시， 칫솔꽂이， 면도기， 클렌징폼이 좁디좁은 세면대 위를 가득 채우고 있습니다. 샤워할 때마다 팔꿈치로 물건을 쳐서 떨어뜨리기 일쑤고， 바닥에 놓인 청소솔이나,CONTENT_ALIGNMENT_REQUIRED: 제목 키워드가 본문 앞부분에 없음 — 제목 수정 또는 본문 도입 개선
2026-08-01-storage-auto-662a7f,https://honsamnote.co.kr/blog/2026-08-01-storage-auto-662a7f/,1인 가구 옷 정리 해결 방법｜한 번 입은 옷,1인 가구 옷 정리,방법형,KEYWORD_ABSENT_FROM_OPENING,no,yes,yes,"문제 상황 퇴근 후 문을 열고 들어서면， 어제 입었던 바지， 지난 주말에 한 번 걸쳤던 가디건이 의자 위나 침대 모서리에 슬며시 쌓여 있나요? ""이걸 바로 세탁기에 넣기엔 너무 깨끗한데...""， ""그렇다고 옷장 안에 다시 넣자니 좀 찝찝하고..."" 이런 생각에 한두 벌",CONTENT_ALIGNMENT_REQUIRED: 제목 키워드가 본문 앞부분에 없음 — 제목 수정 또는 본문 도입 개선
2026-08-01-storage-auto-c54f86,https://honsamnote.co.kr/blog/2026-08-01-storage-auto-c54f86/,1인 가구 액세서리 수납 비교｜원룸 가방 정리,1인 가구 액세서리 수납,비교형,KEYWORD_ABSENT_FROM_OPENING,no,yes,yes,문제 상황 퇴근 후 현관문을 열고 들어선 좁은 원룸， 또 의자나 방바닥에 대충 던져둔 가방이 보입니다. 어제 입었던 옷 위에 무심하게 벗어놓은 벨트， 자주 쓰는 모자는 아무데나 걸려있고， 서랍 속 스카프는 다른 옷에 뒤엉켜 꺼내기 귀찮습니다. 바쁜 하루를 보내고 돌아오,CONTENT_ALIGNMENT_REQUIRED: 제목 키워드가 본문 앞부분에 없음 — 제목 수정 또는 본문 도입 개선
2026-08-01-storage-auto-c94563,https://honsamnote.co.kr/blog/2026-08-01-storage-auto-c94563/,현관 정리 알아보기｜좁은 현관 수납,현관 정리,문제해결형,KEYWORD_ABSENT_FROM_OPENING,no,yes,yes,문제 상황 힘든 하루를 마치고 지친 몸을 이끌고 현관문을 엽니다. 아늑해야 할 집의 첫인상은? 현관 바닥에 뒹구는 택배 상자， 키 꾸러미 위에 쌓인 우편물， 급히 벗어 던진 마스크와 손 소독제까지. 문을 열자마자 눈살이 찌푸려지는 풍경이 펼쳐집니다. 퇴근 후 손에 들린,CONTENT_ALIGNMENT_REQUIRED: 제목 키워드가 본문 앞부분에 없음 — 제목 수정 또는 본문 도입 개선
2026-08-01-storage-auto-f1fb81,https://honsamnote.co.kr/blog/2026-08-01-storage-auto-f1fb81/,1인 가구 부피 큰 짐 알아보기｜원룸 청소기 수납,1인 가구 부피 큰 짐,문제해결형,KEYWORD_ABSENT_FROM_OPENING,no,yes,yes,문제 상황 퇴근 후 현관문을 열고 들어서자마자 대형 청소기가 덩그러니 놓여있고， 침대 옆에는 먼지 쌓인 여행용 캐리어가 굴러다닙니다. 자취방에 꼭 필요한 물건들인데， 막상 둘 곳이 마땅치 않아 늘 눈에 거슬리고 발에 걸리기 일쑤죠. 이 좁은 공간에서 부피 큰 물건들이 ,CONTENT_ALIGNMENT_REQUIRED: 제목 키워드가 본문 앞부분에 없음 — 제목 수정 또는 본문 도입 개선
2026-08-03-cleaning-auto-d96324,https://honsamnote.co.kr/blog/2026-08-03-cleaning-auto-d96324/,1인 가구 청소기 비교｜로봇청소기 추천,1인 가구 청소기,비교형,KEYWORD_ABSENT_FROM_OPENING,no,yes,yes,문제 상황 퇴근 후 문을 열고 들어선 집， 바닥에 쌓인 먼지와 머리카락을 마주하면 한숨부터 나오시나요? 좁은 원룸이라지만 매일 쌓이는 먼지는 정말 감당하기 어렵습니다. 평일에는 지쳐서 청소할 엄두도 못 내고， 주말에는 겨우 쉬는데 청소에 시간을 쓰고 싶지 않죠. 결국 ,CONTENT_ALIGNMENT_REQUIRED: 제목 키워드가 본문 앞부분에 없음 — 제목 수정 또는 본문 도입 개선
2026-08-03-cleaning-auto-fc046f,https://honsamnote.co.kr/blog/2026-08-03-cleaning-auto-fc046f/,구겨진 옷 해결 비교｜다림질 스팀다리미 비교,구겨진 옷 해결,비교형,KEYWORD_ABSENT_FROM_OPENING,no,no,no,문제 상황 눈 깜짝할 새 출근 시간이 코앞인데， 옷장 문을 열면 어김없이 등장하는 ‘구겨진 옷’ 무리. 어제 밤 분명 예쁘게 걸어둔 것 같은데， 왜 매일 아침 전쟁을 치러야 하는 걸까요? 중요한 미팅이 있거나 깔끔하게 보이고 싶은 날， 구겨진 셔츠나 블라우스 때문에 급,CONTENT_ALIGNMENT_REQUIRED: 제목 키워드가 본문 앞부분에 없음 — 제목 수정 또는 본문 도입 개선
2026-08-03-cleaning-auto-fd154a,https://honsamnote.co.kr/blog/2026-08-03-cleaning-auto-fd154a/,전자레인지 냄새 제거 알아보기｜전자레인지 찌든 때,전자레인지 냄새 제거,문제해결형,KEYWORD_ABSENT_FROM_OPENING,no,yes,yes,문제 상황 퇴근 후 허기진 배를 부여잡고 냉장고에서 반찬을 꺼냅니다. 전자레인지에 돌려 따뜻하게 데울 생각에 문을 여는 순간， 퀴퀴하고 시큼한 냄새가 코를 찌릅니다. 게다가 안을 들여다보니 여기저기 튀어 굳어버린 음식물 자국과 정체를 알 수 없는 얼룩들이 가득합니다. ,CONTENT_ALIGNMENT_REQUIRED: 제목 키워드가 본문 앞부분에 없음 — 제목 수정 또는 본문 도입 개선
2026-08-03-cost-auto-749379,https://honsamnote.co.kr/blog/2026-08-03-cost-auto-749379/,1인 가구 인터넷 비교｜모바일 핫스팟,1인 가구 인터넷,비교형,KEYWORD_ABSENT_FROM_OPENING,no,no,yes,"문제 상황 퇴근 후 지친 몸을 이끌고 집에 돌아온 당신， 소파에 앉아 넷플릭스나 유튜브를 켜려는데 문득 고민이 시작됩니다. ""비싼 유선 인터넷을 꼭 설치해야 할까? 어차피 모바일 데이터 무제한인데， 폰 핫스팟으로 버텨볼까?"" 막상 유선 인터넷을 설치하자니 매달 나가는 ",CONTENT_ALIGNMENT_REQUIRED: 제목 키워드가 본문 앞부분에 없음 — 제목 수정 또는 본문 도입 개선
2026-08-03-cost-auto-d01191,https://honsamnote.co.kr/blog/2026-08-03-cost-auto-d01191/,1인 가구 청소 서비스 방법｜생활비 절약,1인 가구 청소 서비스,방법형,KEYWORD_ABSENT_FROM_OPENING,no,no,no,문제 상황 숨 가쁜 하루를 보내고 퇴근하면 몸은 천근만근， 정신은 너덜너덜. 겨우 집에 도착하면 쌓인 빨래와 어지러운 주방이 먼저 눈에 들어옵니다. '청소는 내일의 나에게'， '설거지는 불려뒀다 해야지' 미루다 보면 어느새 집은 엉망진창. 곰팡이가 피고， 벌레가 보이고,CONTENT_ALIGNMENT_REQUIRED: 제목 키워드가 본문 앞부분에 없음 — 제목 수정 또는 본문 도입 개선
2026-08-03-food-auto-b8f8a0,https://honsamnote.co.kr/blog/2026-08-03-food-auto-b8f8a0/,1인 가구 고기 알아보기｜혼자 생선,1인 가구 고기,문제해결형,KEYWORD_ABSENT_FROM_OPENING,no,yes,no,"문제 상황 퇴근길 마트 신선식품 코너 앞에서 유독 발걸음이 멈칫할 때가 있습니다. 먹음직스러운 삼겹살 한 팩， 노릇하게 구우면 끝내줄 고등어 한 마리. 분명 끌리는데， 선뜻 손이 가지 않죠. ""이거 한 팩 다 먹을 수 있을까?"" ""혹시 상해서 버리게 되면 아깝잖아?"" ",CONTENT_ALIGNMENT_REQUIRED: 제목 키워드가 본문 앞부분에 없음 — 제목 수정 또는 본문 도입 개선
2026-08-03-food-auto-f85a75,https://honsamnote.co.kr/blog/2026-08-03-food-auto-f85a75/,"1인 가구, '이거 왜 샀지?' 냉장고 속 낯선 식재료, 버릴까 말까? 알뜰하게 다 쓰는 활용법",1인 가구 식재료,질문형,KEYWORD_ABSENT_FROM_OPENING,no,yes,no,문제 상황 오랜만에 마음먹고 근사한 레시피에 도전했습니다. 인터넷에서 본 그럴싸한 파스타를 만들기 위해 마트에서 '트러플 오일'을， 이국적인 커리를 위해 '강황 페이스트'를， 혹은 샐러드드레싱용으로 '타히니' 소스를 과감하게 구매했죠. 딱 한두 번 쓰고 남은 병이나 팩,CONTENT_ALIGNMENT_REQUIRED: 제목 키워드가 본문 앞부분에 없음 — 제목 수정 또는 본문 도입 개선
2026-08-03-food-auto-fb2380,https://honsamnote.co.kr/blog/2026-08-03-food-auto-fb2380/,1인 가구 채소 비교｜손질 채소 장점,1인 가구 채소,비교형,KEYWORD_ABSENT_FROM_OPENING,no,yes,yes,문제 상황 퇴근 후 지친 몸을 이끌고 마트에 들렀을 때， 당신은 늘 같은 고민에 빠집니다. 반질반질하게 손질되어 깔끔한 포장 용기에 담긴 파프리카， 버섯， 양파 믹스. '이거 하나면 찌개든 볶음이든 뚝딱 만들 수 있겠네?' 하는 생각에 손이 갑니다. 하지만 옆 진열대에,CONTENT_ALIGNMENT_REQUIRED: 제목 키워드가 본문 앞부분에 없음 — 제목 수정 또는 본문 도입 개선
2026-08-03-housing-auto-5b4f05,https://honsamnote.co.kr/blog/2026-08-03-housing-auto-5b4f05/,"혼자 사는 직장인, 이사 당일 보증금 못 받을 위기? 당황 말고 내 돈 지키는 3단계 대처법",전월세 보증금,질문형,KEYWORD_ABSENT_FROM_OPENING,no,yes,yes,문제 상황 드디어 이사 당일， 모든 짐은 쌌고 새집으로 갈 준비는 끝났습니다. 그런데 아침부터 집주인에게 연락했더니， 새로운 세입자의 잔금이 들어오지 않았다거나， 하자가 있다며 보증금 반환을 미루기 시작합니다. 심지어 아예 연락이 두절되기도 합니다. 이제 막 옮겨야 할,CONTENT_ALIGNMENT_REQUIRED: 제목 키워드가 본문 앞부분에 없음 — 제목 수정 또는 본문 도입 개선
2026-08-03-housing-auto-e4e5c4,https://honsamnote.co.kr/blog/2026-08-03-housing-auto-e4e5c4/,"혼자 사는 직장인, 이사 전 빈집 점검 소홀하면 보증금 날릴 수도! 꼼꼼하게 현장 확인하는 순서",1인 가구 입주 점검,체크형,KEYWORD_ABSENT_FROM_OPENING,no,no,no,문제 상황 드디어 기다리던 새 보금자리로 이사 가는 날. 설레는 마음으로 잔금을 치르고 문을 열었는데， 웬걸? 벽지는 여기저기 찢겨 있고， 화장실 타일은 금이 가 있습니다. 심지어 전 세입자가 나간 후 입주 청소까지 마쳤다는 말과 달리， 싱크대 배수구에서는 알 수 없는,CONTENT_ALIGNMENT_REQUIRED: 제목 키워드가 본문 앞부분에 없음 — 제목 수정 또는 본문 도입 개선
2026-08-03-housing-auto-f53851,https://honsamnote.co.kr/blog/2026-08-03-housing-auto-f53851/,"혼자 사는 직장인, 빈집 vs 풀옵션 원룸/오피스텔, 뭘 골라야 현명할까? 시간과 돈 아끼는 최적의 선택 가이드",1인 가구 주거 선택,비교형,KEYWORD_ABSENT_FROM_OPENING,no,yes,yes,문제 상황 퇴근 후 지친 몸을 이끌고 겨우 집을 알아볼 시간， 수십 개의 매물 사진을 넘기다 보면 늘 같은 고민에 부딪힙니다. 깨끗하게 비워진 ‘빈집’과 기본적인 가전， 가구가 갖춰진 ‘풀옵션’ 원룸/오피스텔 사이에서 어떤 선택이 나에게 더 유리할까요? 당장 월세 몇만,CONTENT_ALIGNMENT_REQUIRED: 제목 키워드가 본문 앞부분에 없음 — 제목 수정 또는 본문 도입 개선
2026-08-03-lifestyle-auto-06c5e8,https://honsamnote.co.kr/blog/2026-08-03-lifestyle-auto-06c5e8/,1인 가구 시간 활용 비교｜의무적 약속,1인 가구 시간 활용,비교형,KEYWORD_ABSENT_FROM_OPENING,no,yes,yes,문제 상황 퇴근 후， 혹은 주말 아침 눈을 떴을 때， 유독 조용한 집이 크게 느껴질 때가 있습니다. 스마트폰을 켜면 친구들의 브런치 사진， 동료들의 북적이는 모임 인증샷이 연달아 올라오죠. '나만 혼자 있나?' 하는 생각과 함께 왠지 모를 불안감과 외로움이 밀려옵니다.,CONTENT_ALIGNMENT_REQUIRED: 제목 키워드가 본문 앞부분에 없음 — 제목 수정 또는 본문 도입 개선
2026-08-03-lifestyle-auto-7c20c0,https://honsamnote.co.kr/blog/2026-08-03-lifestyle-auto-7c20c0/,1인 가구 인간관계 알아보기｜다시 모임 시작,1인 가구 인간관계,문제해결형,KEYWORD_ABSENT_FROM_OPENING,no,yes,yes,"문제 상황 주말 내내 OTT와 함께 집콕 생활을 즐기다 문득， ""나 너무 사회생활 안 하는 거 아닌가?"" 하는 생각이 스칩니다. 오랜만에 연락 온 친구의 모임 제안에 반가우면서도， 막상 나갈 생각을 하니 괜히 망설여집니다. 예전에는 아무렇지 않게 웃고 떠들었는데， 이제",CONTENT_ALIGNMENT_REQUIRED: 제목 키워드가 본문 앞부분에 없음 — 제목 수정 또는 본문 도입 개선
2026-08-03-lifestyle-auto-dfa23e,https://honsamnote.co.kr/blog/2026-08-03-lifestyle-auto-dfa23e/,혼자 명절 방법｜명절 외로움,혼자 명절,방법형,KEYWORD_ABSENT_FROM_OPENING,no,yes,no,문제 상황 달력에 빨간 글씨가 늘어나기 시작하면， 혼자 사는 직장인들은 괜히 마음이 싱숭생숭해집니다. 명절 연휴나 크리스마스， 연말연시 같은 특별한 날이 다가오면 주변은 온통 가족 여행이나 연인과의 데이트， 친구들과의 파티 소식으로 북적입니다. 특히 SNS는 화려한 연,CONTENT_ALIGNMENT_REQUIRED: 제목 키워드가 본문 앞부분에 없음 — 제목 수정 또는 본문 도입 개선
2026-08-03-products-auto-1b3cc6,https://honsamnote.co.kr/blog/2026-08-03-products-auto-1b3cc6/,1인 가구 냉방 알아보기｜이동식 에어컨 장단점,1인 가구 냉방,문제해결형,KEYWORD_ABSENT_FROM_OPENING,no,yes,no,문제 상황 여름 퇴근길， 하루 종일 뜨겁게 달궈진 방이 당신을 기다립니다. 현관문을 여는 순간， 후끈한 공기에 한숨이 절로 나오죠. 집에 시스템 에어컨이 있긴 하지만， 나 혼자 방 하나만 시원하게 하려고 집 전체 에어컨을 몇 시간씩 틀자니 전기세 고지서가 벌써부터 등골,CONTENT_ALIGNMENT_REQUIRED: 제목 키워드가 본문 앞부분에 없음 — 제목 수정 또는 본문 도입 개선
2026-08-03-products-auto-55fd7c,https://honsamnote.co.kr/blog/2026-08-03-products-auto-55fd7c/,1인 가구 스마트 조명 알아보기｜스마트홈 입문,1인 가구 스마트 조명,문제해결형,KEYWORD_ABSENT_FROM_OPENING,no,yes,yes,문제 상황 퇴근 후 문을 열고 들어선 어두운 집은 때로 고요함을 넘어 쓸쓸함을 안겨주곤 합니다. 불을 켜는 작은 행동조차 귀찮고， 혹시 외출하면서 안방 불을 끄지 않았나 하는 불안감에 사로잡히기도 하죠. 잠들기 전 침대에서 일어나 스위치를 끄러 가는 것도 번거롭게 느껴,CONTENT_ALIGNMENT_REQUIRED: 제목 키워드가 본문 앞부분에 없음 — 제목 수정 또는 본문 도입 개선
2026-08-03-products-auto-c75a1a,https://honsamnote.co.kr/blog/2026-08-03-products-auto-c75a1a/,1인 가구 집 수리 비용 정리｜셀프 인테리어,1인 가구 집 수리,비용형,KEYWORD_ABSENT_FROM_OPENING,no,no,yes,문제 상황 퇴근 후 지친 몸을 이끌고 집에 들어섰는데， 며칠 전부터 조금씩 물이 새던 세면대 수도꼭지가 이젠 똑똑 소리를 넘어 졸졸 흐르는 것 같습니다. 화장실 문고리는 유난히 삐걱거리고， 예전에 벽에 걸었던 액자가 떨어져 작은 구멍이 생겼네요. 이런 사소한 고장들은 ,CONTENT_ALIGNMENT_REQUIRED: 제목 키워드가 본문 앞부분에 없음 — 제목 수정 또는 본문 도입 개선
2026-08-03-safety-auto-273fdf,https://honsamnote.co.kr/blog/2026-08-03-safety-auto-273fdf/,1인 가구 해충 방법｜쥐 퇴치,1인 가구 해충,방법형,KEYWORD_ABSENT_FROM_OPENING,no,yes,yes,"문제 상황 늦은 밤， 퇴근 후 드디어 나만의 평온한 시간을 만끽하던 중입니다. 따뜻한 물로 샤워를 마치고， 맥주 한 캔을 따서 좋아하는 드라마를 켜는 순간， 눈앞에 검고 거대한 그림자가 순식간에 지나갑니다. ""설마?"" 싶어 불을 켜는 순간， 주방 바닥 한가운데 떡하니 ",CONTENT_ALIGNMENT_REQUIRED: 제목 키워드가 본문 앞부분에 없음 — 제목 수정 또는 본문 도입 개선
2026-08-03-safety-auto-75476d,https://honsamnote.co.kr/blog/2026-08-03-safety-auto-75476d/,1인 가구 지진 방법｜지진 대피 요령,1인 가구 지진,방법형,KEYWORD_ABSENT_FROM_OPENING,no,yes,yes,문제 상황 어느 날 저녁， 피곤한 몸을 이끌고 퇴근해 혼자만의 고요한 시간을 즐기던 당신. 따뜻한 물에 샤워를 하거나， 좋아하는 드라마를 보며 쉬고 있는데 갑자기 방이 흔들리고 가구가 요동치기 시작합니다. 처음에는 어지러운가 싶더니， 곧 건물이 통째로 흔들리는 강렬한 ,CONTENT_ALIGNMENT_REQUIRED: 제목 키워드가 본문 앞부분에 없음 — 제목 수정 또는 본문 도입 개선
2026-08-03-storage-auto-45d4eb,https://honsamnote.co.kr/blog/2026-08-03-storage-auto-45d4eb/,1인 가구 수납 비교｜좁은 집 이불,1인 가구 수납,비교형,KEYWORD_ABSENT_FROM_OPENING,no,no,yes,문제 상황 퇴근 후 좁은 원룸에 들어섰을 때， 방 한구석에 수북이 쌓인 두툼한 겨울 이불이나 이제는 너무 더워진 극세사 담요를 보면 한숨부터 나오시나요? 침대 위 한쪽을 차지하고 있거나， 임시방편으로 의자에 걸쳐둔 채 애매하게 공간을 차지하는 모습은 좁은 집을 더욱 답,CONTENT_ALIGNMENT_REQUIRED: 제목 키워드가 본문 앞부분에 없음 — 제목 수정 또는 본문 도입 개선
2026-08-03-storage-auto-747118,https://honsamnote.co.kr/blog/2026-08-03-storage-auto-747118/,1인 가구 주방 정리 방법｜소형 가전 수납,1인 가구 주방 정리,방법형,KEYWORD_ABSENT_FROM_OPENING,no,no,yes,문제 상황 퇴근 후 좁은 원룸 주방에 들어서면， 매일 쓰지도 않는데 덩그러니 놓인 에어프라이어， 블렌더， 토스터가 가장 먼저 눈에 뜁니다. 큰마음 먹고 구입했지만 일주일에 한두 번 쓸까 말까 한 소형 가전제품들이 좁은 조리대 공간을 야금야금 차지하고 있죠. 조리할 공간,CONTENT_ALIGNMENT_REQUIRED: 제목 키워드가 본문 앞부분에 없음 — 제목 수정 또는 본문 도입 개선
2026-08-03-storage-auto-9015de,https://honsamnote.co.kr/blog/2026-08-03-storage-auto-9015de/,작은물건수납 알아보기｜케이블정리,작은물건수납,문제해결형,KEYWORD_ABSENT_FROM_OPENING,no,yes,yes,문제 상황 퇴근 후 피곤한 몸으로 겨우 집에 왔는데， 갑자기 필요한 물건을 찾느라 애먹은 적， 있으신가요? 리모컨 배터리가 다 닳아 교체하려는데 맞는 사이즈의 배터리가 어디 있는지 모르겠고， 충전 케이블은 종류별로 엉켜서 결국 새로 하나를 주문합니다. 서랍은 열 때마다,CONTENT_ALIGNMENT_REQUIRED: 제목 키워드가 본문 앞부분에 없음 — 제목 수정 또는 본문 도입 개선
2026-08-04-cleaning-auto-0b0c02,https://honsamnote.co.kr/blog/2026-08-04-cleaning-auto-0b0c02/,혼자사는직장인 알아보기｜물걸레 청소,혼자사는직장인,문제해결형,KEYWORD_ABSENT_FROM_OPENING,no,yes,yes,문제 상황 퇴근 후 지친 몸을 이끌고 집에 들어섰을 때， 신발을 벗는 순간 발바닥에 끈적하게 달라붙는 미세 먼지와 얼룩 때문에 불쾌함을 느껴본 적 있으신가요? 분명 주말에 청소기로 밀었는데도 며칠 지나면 다시 나타나는 이 찝찝함은 좁은 원룸에서 더욱 크게 다가옵니다. ,CONTENT_ALIGNMENT_REQUIRED: 제목 키워드가 본문 앞부분에 없음 — 제목 수정 또는 본문 도입 개선
2026-08-04-cleaning-auto-123d17,https://honsamnote.co.kr/blog/2026-08-04-cleaning-auto-123d17/,옷 줄었을 때 알아보기｜옷 늘어났을 때,옷 줄었을 때,문제해결형,KEYWORD_ABSENT_FROM_OPENING,no,yes,yes,문제 상황 퇴근 후 오랜만에 주말 약속에 입을 니트를 꺼내려는데， 이게 웬일인가요? 분명 어제까지 잘 맞았던 옷이 갑자기 아동복처럼 줄어들어 팔이 반쯤 드러나고 있습니다. 또는 아끼던 브랜드 티셔츠 목 부분이 축 늘어나서 아무리 만져봐도 제 형태를 찾지 못합니다. 혼자,CONTENT_ALIGNMENT_REQUIRED: 제목 키워드가 본문 앞부분에 없음 — 제목 수정 또는 본문 도입 개선
2026-08-04-cleaning-auto-99cb94,https://honsamnote.co.kr/blog/2026-08-04-cleaning-auto-99cb94/,1인 가구 바닥 청소 비교｜스팀 청소기 추천,1인 가구 바닥 청소,비교형,KEYWORD_ABSENT_FROM_OPENING,no,yes,yes,문제 상황 퇴근 후 현관문을 열고 들어선 당신. 눈에 보이지는 않아도 발바닥에 느껴지는 묘한 끈적임， 왠지 모를 찝찝함에 한숨이 나옵니다. 식사 후 흘린 음식 부스러기， 외출 후 딸려 들어온 미세먼지， 혹시 모를 반려동물의 흔적까지… 로봇 청소기나 무선 청소기로 아무리,CONTENT_ALIGNMENT_REQUIRED: 제목 키워드가 본문 앞부분에 없음 — 제목 수정 또는 본문 도입 개선
2026-08-04-cost-auto-7e7d88,https://honsamnote.co.kr/blog/2026-08-04-cost-auto-7e7d88/,"혼자 사는 직장인, 난방비 폭탄 걱정될 때! 우리 집 겨울, 후회 없이 따뜻하고 저렴하게 나는 법",1인 가구 난방비,비교형,KEYWORD_ABSENT_FROM_OPENING,no,yes,yes,문제 상황 바야흐로 난방의 계절， 퇴근 후 차가운 집 문을 열고 들어서면 따뜻한 온기가 간절합니다. 춥다고 보일러를 팡팡 틀자니 다음 달 고지서에 찍힐 ‘숫자 폭탄’이 벌써부터 두렵고， 그렇다고 안 틀자니 따뜻한 집에서 편안하게 쉬고 싶은 꿈은 멀어집니다. 전기장판은 ,CONTENT_ALIGNMENT_REQUIRED: 제목 키워드가 본문 앞부분에 없음 — 제목 수정 또는 본문 도입 개선
2026-08-04-cost-auto-959521,https://honsamnote.co.kr/blog/2026-08-04-cost-auto-959521/,"혼자 사는 직장인, 집밥 먹고 싶은데 매번 고민된다면? 밀키트 vs 직접 요리 vs 간편식, 내게 맞는 최적의 선택은?",혼자 사는 직장인 식비,비교형,KEYWORD_ABSENT_FROM_OPENING,no,yes,yes,"문제 상황 어느새 혼자 산 지 몇 년， 퇴근 후 저녁 식사는 여전히 가장 큰 고민 중 하나입니다. 지친 몸을 이끌고 집에 오면 냉장고를 열어 볼 기운도 없이 배달 앱을 켜거나 간편식으로 때우기 일쑤죠. 매번 외식이나 배달은 부담스럽고， 똑같은 간편식도 지겹습니다. ""집",CONTENT_ALIGNMENT_REQUIRED: 제목 키워드가 본문 앞부분에 없음 — 제목 수정 또는 본문 도입 개선
2026-08-04-cost-auto-dac7b3,https://honsamnote.co.kr/blog/2026-08-04-cost-auto-dac7b3/,"혼자 사는 직장인, 건강 관리 돈 아끼려면? 헬스장 vs 홈트 vs 야외 운동, 내게 맞는 선택 기준 3가지",1인 가구 운동,비교형,KEYWORD_ABSENT_FROM_OPENING,no,no,yes,문제 상황 퇴근 후 녹초가 되어 집에 돌아오면 침대와 한 몸이 되기 바쁜 당신. '운동해야 하는데…' 하는 생각은 늘 머리 한구석을 맴돕니다. 비싼 헬스장 등록은 부담스럽고， 매번 PT를 끊기도 망설여지죠. 그렇다고 집에서 혼자 운동하자니 좁은 원룸에 장비 놓을 공간도,CONTENT_ALIGNMENT_REQUIRED: 제목 키워드가 본문 앞부분에 없음 — 제목 수정 또는 본문 도입 개선
2026-08-04-food-auto-8d3bfc,https://honsamnote.co.kr/blog/2026-08-04-food-auto-8d3bfc/,"1인 가구 직장인, 마트에서 산 감자 싹 나고 양파 물러질 때, 버릴까 말까? 알뜰하게 살리고 안전하게 먹는 법",1인 가구 식재료,질문형,KEYWORD_ABSENT_FROM_OPENING,no,no,yes,문제 상황 퇴근 후 지친 몸을 이끌고 냉장고나 식재료함을 열었을 때， 저 멀리서 불쑥 고개를 내민 초록색 감자 싹이나 손으로 만지면 물컹한 양파를 발견하면 어떤 기분이 드시나요? 분명 지난 주말 마트에서 신선하게 골라 담아왔는데， 벌써 이렇게 변해버린 모습을 보면 한숨,CONTENT_ALIGNMENT_REQUIRED: 제목 키워드가 본문 앞부분에 없음 — 제목 수정 또는 본문 도입 개선
2026-08-04-food-auto-c6481a,https://honsamnote.co.kr/blog/2026-08-04-food-auto-c6481a/,1인 가구 식재료 비교｜식재료 구독 서비스,1인 가구 식재료,비교형,KEYWORD_ABSENT_FROM_OPENING,no,yes,yes,문제 상황 퇴근 후 지친 몸을 이끌고 집에 왔을 때， 냉장고는 텅 비어있거나 남은 식재료가 애매하게 시들어 가고 있지는 않나요? 장을 보러 가자니 시간도 아깝고， 뭘 해 먹어야 할지 식단 고민부터가 이미 스트레스입니다. 결국 냉장고 문을 닫고 배달 앱을 켜거나， 다음 ,CONTENT_ALIGNMENT_REQUIRED: 제목 키워드가 본문 앞부분에 없음 — 제목 수정 또는 본문 도입 개선
2026-08-04-housing-auto-24e082,https://honsamnote.co.kr/blog/2026-08-04-housing-auto-24e082/,1인 가구 보안 비교｜스마트 홈CCTV,1인 가구 보안,비교형,KEYWORD_ABSENT_FROM_OPENING,no,yes,yes,문제 상황 퇴근 후 문을 잠그고 나서도 왠지 모르게 불안한 기분， 느껴보신 적 있으신가요? 혼자 사는 당신에게 집은 온전히 나만의 공간이자 가장 안전해야 할 곳이지만， 막상 집을 비우면 수많은 걱정이 따라옵니다. 혹시 누가 침입하진 않을까 하는 막연한 불안감부터， 혹시,CONTENT_ALIGNMENT_REQUIRED: 제목 키워드가 본문 앞부분에 없음 — 제목 수정 또는 본문 도입 개선
2026-08-04-housing-auto-cbaa3c,https://honsamnote.co.kr/blog/2026-08-04-housing-auto-cbaa3c/,"혼자 사는 직장인, 첫 집 계약 전세 vs 월세? 내 돈 아끼는 현명한 선택 가이드",전세 월세 장단점,비교형,KEYWORD_ABSENT_FROM_OPENING,no,yes,no,"문제 상황 대학 졸업 후 몇 년， 드디어 나만의 공간을 찾으려니 막막하기만 합니다. 매달 나가는 월급은 빠듯한데， 첫 전월세 계약부터 난관에 봉착합니다. 주변에서는 ""무조건 전세가 답이다""라고 하고， 어떤 친구는 ""월세가 부담은 적다""고 합니다. 당장 목돈이 부족해 막",CONTENT_ALIGNMENT_REQUIRED: 제목 키워드가 본문 앞부분에 없음 — 제목 수정 또는 본문 도입 개선
2026-08-04-housing-auto-e8de0c,https://honsamnote.co.kr/blog/2026-08-04-housing-auto-e8de0c/,1인 가구 방문 요청 체크리스트｜집주인 방문,1인 가구 방문 요청,체크형,KEYWORD_ABSENT_FROM_OPENING,no,no,yes,"문제 상황 평화로운 주말 아침， 모처럼 늦잠을 자려는데 문자 알림이 울립니다. ""안녕하세요， 집주인입니다. 다음 주 수요일 오전 10시쯤 집에 방문해서 보일러 점검을 하려고 합니다. 집에 계실 건가요?"" 퇴근 후 지친 몸으로 겨우 집에 도착했는데， 현관문 앞에 관리사무",CONTENT_ALIGNMENT_REQUIRED: 제목 키워드가 본문 앞부분에 없음 — 제목 수정 또는 본문 도입 개선
2026-08-04-lifestyle-auto-8920c5,https://honsamnote.co.kr/blog/2026-08-04-lifestyle-auto-8920c5/,1인 가구 초대 알아보기｜친구 집들이,1인 가구 초대,문제해결형,KEYWORD_ABSENT_FROM_OPENING,no,yes,yes,"문제 상황 퇴근 후 오랜만에 집에서 쉬고 있는데， 문득 친한 친구나 가족들이 보고 싶어집니다. ""우리 집으로 초대해서 맛있는 거 시켜 먹을까?""， ""같이 영화라도 볼까?"" 하는 생각이 스쳐 지나가죠. 하지만 곧바로 ""아냐， 집이 너무 지저분해""， ""음식 준비할 시간이 ",CONTENT_ALIGNMENT_REQUIRED: 제목 키워드가 본문 앞부분에 없음 — 제목 수정 또는 본문 도입 개선
2026-08-04-lifestyle-auto-dabdf3,https://honsamnote.co.kr/blog/2026-08-04-lifestyle-auto-dabdf3/,1인 가구 방문객 해결 방법｜친구 재워주기,1인 가구 방문객,방법형,KEYWORD_ABSENT_FROM_OPENING,no,no,no,"문제 상황 퇴근하고 막 집에 들어와 편안한 옷으로 갈아입으려는 찰나， 휴대폰이 울립니다. ""나 이번 주말에 서울(또는 네가 사는 지역) 올라가는데， 잠깐 네 집에서 신세 좀 질 수 있을까?"" 오랜만에 만나는 반가운 친구나 가족의 연락입니다. 고맙고 반가운 마음이 드는 ",CONTENT_ALIGNMENT_REQUIRED: 제목 키워드가 본문 앞부분에 없음 — 제목 수정 또는 본문 도입 개선
2026-08-04-lifestyle-auto-fd9e87,https://honsamnote.co.kr/blog/2026-08-04-lifestyle-auto-fd9e87/,혼자 사는 직장인 친구 만남 비교｜집에서 친구 초대,혼자 사는 직장인 친구 만남,비교형,KEYWORD_ABSENT_FROM_OPENING,no,yes,yes,문제 상황 퇴근 후 친구들과의 약속， 매번 맛집이나 카페， 시끌벅적한 술집이 만남의 장소가 됩니다. 혼자 살다 보니 집으로 초대하는 건 엄두도 못 내거나， '집들이' 같은 거창한 자리만 생각하게 되죠. 그러다 보니 외식비는 계속 늘고， 친구들은 제 집에 대한 거리감을 ,CONTENT_ALIGNMENT_REQUIRED: 제목 키워드가 본문 앞부분에 없음 — 제목 수정 또는 본문 도입 개선
2026-08-04-products-auto-d4b4c6,https://honsamnote.co.kr/blog/2026-08-04-products-auto-d4b4c6/,1인 가구 가구 해결 방법｜좁은 집 가구,1인 가구 가구,방법형,KEYWORD_ABSENT_FROM_OPENING,no,no,yes,문제 상황 퇴근 후 문을 열고 들어선 당신의 원룸 또는 오피스텔. 좁은 공간에 억지로 밀어 넣은 가구들， 바닥에 여기저기 널려 있는 짐들 때문에 한숨이 나옵니다. “여기다 수납장을 더 놓으면 동선이 막힐 텐데…”， “침대 놓으면 앉을 공간이 부족하고….” 나름 멋지게 ,CONTENT_ALIGNMENT_REQUIRED: 제목 키워드가 본문 앞부분에 없음 — 제목 수정 또는 본문 도입 개선
2026-08-04-products-auto-db26cb,https://honsamnote.co.kr/blog/2026-08-04-products-auto-db26cb/,1인 가구 에어프라이어 비교｜간편 요리,1인 가구 에어프라이어,비교형,KEYWORD_ABSENT_FROM_OPENING,no,yes,yes,문제 상황 퇴근 후 지친 몸을 이끌고 집에 왔을 때， 배는 고프지만 복잡하고 번거로운 요리는 엄두가 나지 않는 것이 현실입니다. 냉장고에 있는 냉동식품이나 간단한 재료로 따뜻하고 맛있는 한 끼를 빠르게 만들고 싶은 마음은 굴뚝같고요. 이런 상황에서 '간편 조리 가전 하,CONTENT_ALIGNMENT_REQUIRED: 제목 키워드가 본문 앞부분에 없음 — 제목 수정 또는 본문 도입 개선
2026-08-04-products-auto-e91dfc,https://honsamnote.co.kr/blog/2026-08-04-products-auto-e91dfc/,가구 설치 알아보기｜조립 서비스,가구 설치,문제해결형,KEYWORD_ABSENT_FROM_OPENING,no,yes,yes,문제 상황 퇴근 후 현관을 열자마자 보이는 거대한 택배 상자. 온라인으로 주문한 드레스룸 행거 혹은 조립식 책상인데， 뜯어보니 나사며 부품이 수십 개에 달하고 설명서는 도면처럼 복잡합니다. 주말에 쉬려고 했는데， 이거 다 조립할 생각에 벌써 머리가 지끈거립니다. 며칠째,CONTENT_ALIGNMENT_REQUIRED: 제목 키워드가 본문 앞부분에 없음 — 제목 수정 또는 본문 도입 개선
2026-08-04-safety-auto-3547d2,https://honsamnote.co.kr/blog/2026-08-04-safety-auto-3547d2/,"혼자 사는 당신, 집에 불이 났을 때? 일반 vs. 스마트 화재경보기, 나에게 맞는 선택은?",1인가구 화재,비교형,KEYWORD_ABSENT_FROM_OPENING,no,no,yes,문제 상황 깊은 잠에 빠진 한밤중， 혹은 퇴근 후 집을 비운 낮 시간. 만약 이 순간 주방에서 깜빡 잊은 냄비가 과열되거나， 낡은 콘센트에서 합선으로 인한 연기가 스멀스멀 피어오른다면 어떻게 될까요? 1인 가구는 이처럼 초기 화재 징후를 알아차릴 다른 가족 구성원이 없,CONTENT_ALIGNMENT_REQUIRED: 제목 키워드가 본문 앞부분에 없음 — 제목 수정 또는 본문 도입 개선
2026-08-04-safety-auto-61ce38,https://honsamnote.co.kr/blog/2026-08-04-safety-auto-61ce38/,칼에 베였을 때 기준｜요리 중 부상,칼에 베였을 때,판단형,KEYWORD_ABSENT_FROM_OPENING,no,yes,no,"문제 상황 즐거운 주말 저녁， 혼자만의 시간을 만끽하며 근사한 요리를 준비하던 당신. 썰어야 할 채소는 많고， 드라마는 재미있고， 잠시 한눈을 파는 사이 ""아차!"" 하는 순간 칼날이 손가락을 스쳤습니다. 처음에는 따끔했지만， 이내 붉은 피가 솟구치며 주방 바닥으로 뚝뚝",CONTENT_ALIGNMENT_REQUIRED: 제목 키워드가 본문 앞부분에 없음 — 제목 수정 또는 본문 도입 개선
2026-08-04-safety-auto-ceca45,https://honsamnote.co.kr/blog/2026-08-04-safety-auto-ceca45/,창문 깨짐 방법｜유리 파편,창문 깨짐,방법형,KEYWORD_ABSENT_FROM_OPENING,no,no,yes,문제 상황 퇴근 후 오랜만에 주말 대청소를 하던 중， 실수로 무거운 물건을 떨어뜨렸는데 하필 창문 쪽으로 굴러가 '쨍그랑!' 하는 소리와 함께 유리에 금이 가거나 깨져버렸습니다. 혹은 갑자기 불어닥친 강풍에 베란다 창문이 흔들리더니 '쿵'하는 소리와 함께 금이 가거나 ,CONTENT_ALIGNMENT_REQUIRED: 제목 키워드가 본문 앞부분에 없음 — 제목 수정 또는 본문 도입 개선
2026-08-04-storage-auto-06061f,https://honsamnote.co.kr/blog/2026-08-04-storage-auto-06061f/,1인 가구 책상 정리 알아보기｜원룸 케이블 정리,1인 가구 책상 정리,문제해결형,KEYWORD_ABSENT_FROM_OPENING,no,yes,yes,문제 상황 퇴근 후， 혹은 재택근무로 집에서 일하다 보면 좁은 책상 위는 어느새 스마트폰， 태블릿， 무선 이어폰， 스마트워치 등 온갖 전자기기들의 전쟁터가 됩니다. 여기저기 꽂힌 충전기는 멀티탭을 점령하고， 각기 다른 두께와 색깔의 케이블들은 뱀처럼 서로 뒤엉켜 보기만,CONTENT_ALIGNMENT_REQUIRED: 제목 키워드가 본문 앞부분에 없음 — 제목 수정 또는 본문 도입 개선
2026-08-04-storage-auto-225475,https://honsamnote.co.kr/blog/2026-08-04-storage-auto-225475/,1인 가구 테이블 비교｜다용도 테이블,1인 가구 테이블,비교형,KEYWORD_ABSENT_FROM_OPENING,no,yes,yes,문제 상황 퇴근 후 좁은 원룸에서 잠시 쉴 틈도 없이 노트북을 치우고 밥상을 차리는 나. 겨우 식사를 마치면 다시 밥그릇을 치우고 노트북을 펼쳐야 하는 반복적인 움직임에 지친 적 있으신가요? 어떤 날은 침대에 기대어 식사를 하거나， 바닥에 쭈그려 앉아 업무를 보기도 합,CONTENT_ALIGNMENT_REQUIRED: 제목 키워드가 본문 앞부분에 없음 — 제목 수정 또는 본문 도입 개선
2026-08-04-storage-auto-28ed9d,https://honsamnote.co.kr/blog/2026-08-04-storage-auto-28ed9d/,1인 가구 식료품 수납 알아보기｜좁은 주방 정리,1인 가구 식료품 수납,문제해결형,KEYWORD_ABSENT_FROM_OPENING,no,yes,yes,문제 상황 퇴근 후 지친 몸을 이끌고 집에 와 배달 음식 대신 직접 요리를 하려는데， 냉장고는 이미 포화 상태입니다. 그럼 라면， 햇반， 통조림， 과자 같은 상온 보관 식재료와 간식은 어디에 둘까요? 많은 1인 가구 직장인들이 냉장고나 싱크대 위， 좁은 상부장 틈새에 ,CONTENT_ALIGNMENT_REQUIRED: 제목 키워드가 본문 앞부분에 없음 — 제목 수정 또는 본문 도입 개선
2026-08-05-cleaning-auto-b9c84f,https://honsamnote.co.kr/blog/2026-08-05-cleaning-auto-b9c84f/,1인 가구 창문 청소 알아보기｜원룸 창문 먼지,1인 가구 창문 청소,문제해결형,KEYWORD_ABSENT_FROM_OPENING,no,yes,yes,문제 상황 퇴근 후 지친 몸을 이끌고 집에 왔는데， 왠지 모르게 방 안이 칙칙하고 어두컴컴하게 느껴지시나요? 창밖을 내다봐도 세상이 뿌연 필터를 낀 듯 답답하게 보인다면， 아마 창문에 쌓인 먼지와 빗물 자국 때문일 겁니다. 맑은 날에도 햇살이 시원하게 들어오지 않고， ,CONTENT_ALIGNMENT_REQUIRED: 제목 키워드가 본문 앞부분에 없음 — 제목 수정 또는 본문 도입 개선
2026-08-05-cost-auto-9715f2,https://honsamnote.co.kr/blog/2026-08-05-cost-auto-9715f2/,"혼자 사는 직장인, 물값 매달 낭비 말고! 생수 vs. 정수기 vs. 필터, 내게 맞는 최적의 선택은?",1인 가구 물,비교형,KEYWORD_ABSENT_FROM_OPENING,no,yes,no,"문제 상황 혼자 사는 직장인이라면 누구나 한 번쯤 ""물"" 문제로 고민해봤을 겁니다. 퇴근길 마트에서 무거운 생수 팩을 들고 오거나， 온라인으로 주문해도 층계참에 쌓인 물병 상자를 보며 한숨 쉴 때가 많죠. 매번 마시는 물인데， 그냥 사 먹자니 플라스틱 쓰레기도 늘고， ",CONTENT_ALIGNMENT_REQUIRED: 제목 키워드가 본문 앞부분에 없음 — 제목 수정 또는 본문 도입 개선
2026-08-05-cost-auto-e4ec33,https://honsamnote.co.kr/blog/2026-08-05-cost-auto-e4ec33/,"혼자 사는 직장인, 매달 쓰레기 봉투값도 아깝다면? 생활 폐기물 비용 줄이고 버리는 스트레스 없애는 법",1인 가구 쓰레기,비용형,KEYWORD_ABSENT_FROM_OPENING,no,no,yes,"문제 상황 퇴근 후 지친 몸으로 집에 들어섰는데， 싱크대 위엔 어젯밤 먹다 남은 간편식 용기가 쌓여 있고， 분리수거함은 이미 비닐과 플라스틱으로 가득 찼습니다. ""이번 주말엔 꼭 버려야지"" 다짐하지만， 막상 주말이 되면 또 다른 일에 밀려 봉투만 추가될 뿐이죠. 매번 ",CONTENT_ALIGNMENT_REQUIRED: 제목 키워드가 본문 앞부분에 없음 — 제목 수정 또는 본문 도입 개선
2026-08-05-food-auto-1636b6,https://honsamnote.co.kr/blog/2026-08-05-food-auto-1636b6/,1인 가구 음식 보관 기준｜직접 요리한 음식,1인 가구 음식 보관,판단형,KEYWORD_ABSENT_FROM_OPENING,no,no,yes,"문제 상황 퇴근 후 지친 몸을 이끌고 혼자 먹을 식사를 직접 준비합니다. 오랜만에 힘 좀 줘서 만들었거나， 아니면 대충 끼니를 때울 간단한 요리라도， 혼자 먹기엔 양이 많아 조금 남기게 되죠. ""이따 저녁에 또 먹어야지"" 혹은 ""내일 아침에 먹으면 딱 좋겠다"" 싶어서，",CONTENT_ALIGNMENT_REQUIRED: 제목 키워드가 본문 앞부분에 없음 — 제목 수정 또는 본문 도입 개선
2026-08-05-food-auto-c06744,https://honsamnote.co.kr/blog/2026-08-05-food-auto-c06744/,신선 허브 보관 해결 방법｜허브 시들지 않게,신선 허브 보관,방법형,KEYWORD_ABSENT_FROM_OPENING,no,yes,yes,문제 상황 퇴근 후 어렵게 마음먹고 요리한 저녁. 근사한 비주얼과 향을 위해 마트에서 신선한 허브 한 묶음을 사 왔습니다. 파스타에 올릴 바질 몇 장， 샐러드에 뿌릴 파슬리 조금， 혹은 태국 요리에 들어갈 고수 약간. 하지만 막상 쓰고 나면 넉넉하게 남아버린 허브 묶음,CONTENT_ALIGNMENT_REQUIRED: 제목 키워드가 본문 앞부분에 없음 — 제목 수정 또는 본문 도입 개선
2026-08-05-housing-auto-580e50,https://honsamnote.co.kr/blog/2026-08-05-housing-auto-580e50/,"혼자 사는 직장인, 반려동물 키우고 싶은데 계약 위반 걱정? 집주인과 현명하게 합의하는 3단계",원룸 반려동물,질문형,KEYWORD_ABSENT_FROM_OPENING,no,no,yes,문제 상황 퇴근 후 텅 빈 집이 유독 쓸쓸하게 느껴지는 어느 날， 길에서 마주친 강아지의 초롱초롱한 눈빛이 잊히지 않습니다. 문득 반려동물과 함께라면 이 외로움이 조금은 덜할 것 같다는 생각이 머릿속을 맴돌죠. 하지만 동시에 '지금 사는 집에서 괜찮을까?' 하는 걱정이,CONTENT_ALIGNMENT_REQUIRED: 제목 키워드가 본문 앞부분에 없음 — 제목 수정 또는 본문 도입 개선
2026-08-05-housing-auto-7ef549,https://honsamnote.co.kr/blog/2026-08-05-housing-auto-7ef549/,1인가구인터넷 비교｜통신3사,1인가구인터넷,비교형,KEYWORD_ABSENT_FROM_OPENING,no,yes,no,"문제 상황 새 집으로 이사 온 당신， 설렘도 잠시... ""딩동! 통신사입니다~"" 하루에도 몇 번씩 걸려오는 인터넷·TV 가입 권유 전화에 머리가 지끈거립니다. ""최대 현금 사은품""， ""특별 결합 할인""， ""기가 인터넷 무료 업그레이드""... 수많은 홍보 문구와 복잡한 ",CONTENT_ALIGNMENT_REQUIRED: 제목 키워드가 본문 앞부분에 없음 — 제목 수정 또는 본문 도입 개선
2026-08-05-housing-auto-f0090f,https://honsamnote.co.kr/blog/2026-08-05-housing-auto-f0090f/,"혼자 사는 직장인, 다음 집 어디로 갈까? 퇴근 후 짬 내서 내게 맞는 전월세집 똑똑하게 찾는 순서",혼자 사는 집 찾기,질문형,KEYWORD_ABSENT_FROM_OPENING,no,yes,yes,문제 상황 퇴근 후 지친 몸으로 집에 돌아왔는데， 며칠 뒤면 계약 만료 안내가 날아들거나， 현재 집에서 벗어나고 싶은 충동에 사로잡히나요? 혼자 사는 직장인에게 '새로운 보금자리 찾기'는 그야말로 거대한 숙제입니다. 한정된 시간 안에 어디서부터 어떻게 시작해야 할지 막,CONTENT_ALIGNMENT_REQUIRED: 제목 키워드가 본문 앞부분에 없음 — 제목 수정 또는 본문 도입 개선
2026-08-05-lifestyle-auto-420299,https://honsamnote.co.kr/blog/2026-08-05-lifestyle-auto-420299/,재택근무 루틴 알아보기｜재택근무 생활 리듬,재택근무 루틴,문제해결형,KEYWORD_ABSENT_FROM_OPENING,no,yes,no,문제 상황 재택근무가 일상이 된 지 꽤 되었지만， 여전히 “이게 맞나?” 싶은 순간들이 있습니다. 아침에 알람 없이 눈을 뜨고 침대 위에서 노트북을 켜는 것이 일상이 되고， 점심은 대충 간편식으로 때우고， 퇴근해도 집 밖으로 나갈 일이 없어 운동화 끈 묶을 일조차 드물,CONTENT_ALIGNMENT_REQUIRED: 제목 키워드가 본문 앞부분에 없음 — 제목 수정 또는 본문 도입 개선
2026-08-05-products-auto-7a3772,https://honsamnote.co.kr/blog/2026-08-05-products-auto-7a3772/,1인 가구 청소기 기준｜무선 청소기 추천,1인 가구 청소기,판단형,KEYWORD_ABSENT_FROM_OPENING,no,yes,yes,"문제 상황 퇴근 후 현관에 들어서면 보이는 머리카락 한두 가닥， 식탁 아래 과자 부스러기， 침대 밑에 쌓인 뿌연 먼지. 로봇청소기를 매일 돌려도 꼭 놓치는 곳이 생기고， 큰 유선 청소기를 꺼내 선을 꽂고 끌고 다니는 건 엄두가 안 납니다. ""아， 저것만 후딱 치우고 싶",CONTENT_ALIGNMENT_REQUIRED: 제목 키워드가 본문 앞부분에 없음 — 제목 수정 또는 본문 도입 개선
2026-08-05-products-auto-8d663c,https://honsamnote.co.kr/blog/2026-08-05-products-auto-8d663c/,"혼자 사는 직장인, 퇴근 후 드라이클리닝 번거롭다면? 동네 세탁소 vs 세탁 앱 vs 홈케어, 내게 맞는 선택은?",1인 가구 드라이클리닝,비교형,KEYWORD_ABSENT_FROM_OPENING,no,yes,yes,문제 상황 퇴근 후 현관문을 열면 반겨주는 건 집 안의 적막함과 옷장 한편에 쌓인 드라이클리닝 의류들. 월요일 아침엔 입고 나갈 정장이 없고， 주말 데이트를 위한 멋진 코트도 구겨진 채 방치되어 있습니다. 퇴근 후 지친 몸을 이끌고 세탁소 영업시간에 맞춰 옷을 맡기러 ,CONTENT_ALIGNMENT_REQUIRED: 제목 키워드가 본문 앞부분에 없음 — 제목 수정 또는 본문 도입 개선
2026-08-05-products-auto-9973a7,https://honsamnote.co.kr/blog/2026-08-05-products-auto-9973a7/,1인 가구 택배 기준｜스마트 택배함,1인 가구 택배,판단형,KEYWORD_ABSENT_FROM_OPENING,no,yes,yes,문제 상황 퇴근 후 집에 도착했을 때， 현관문에 덕지덕지 붙어 있는 부재중 택배 스티커를 보면 한숨부터 나오시나요? 경비실에 맡겨진 택배를 찾으러 가기 귀찮거나， 문 앞에 뒀다가 혹시나 분실될까 봐 노심초사했던 경험은요? 특히 비 오는 날이나 휴가 때 장기간 집을 비울,CONTENT_ALIGNMENT_REQUIRED: 제목 키워드가 본문 앞부분에 없음 — 제목 수정 또는 본문 도입 개선
2026-08-05-safety-auto-4e7f26,https://honsamnote.co.kr/blog/2026-08-05-safety-auto-4e7f26/,콘센트 스파크 방법｜콘센트 타는 냄새,콘센트 스파크,방법형,KEYWORD_ABSENT_FROM_OPENING,no,yes,yes,문제 상황 늦은 밤， 퇴근 후 침대에 누워 휴대폰을 충전하며 여유를 즐기던 당신. 갑자기 어디선가 플라스틱 타는 듯한 묘한 냄새가 코를 찌릅니다. 고개를 돌려보니 충전 중이던 콘센트 주변에서 희미하게 연기가 피어오르거나， 찰나의 스파크가 튀는 것이 보입니다. 순간 머릿,CONTENT_ALIGNMENT_REQUIRED: 제목 키워드가 본문 앞부분에 없음 — 제목 수정 또는 본문 도입 개선
2026-08-05-safety-auto-9a8ad6,https://honsamnote.co.kr/blog/2026-08-05-safety-auto-9a8ad6/,"혼자 사는 당신, 퇴근 후 안전하게 택배를 받을 때? 스마트 무인 택배함 vs. 문 앞 비대면 배송, 나에게 맞는 선택은?",1인 가구 택배,비교형,KEYWORD_ABSENT_FROM_OPENING,no,yes,yes,문제 상황 퇴근 후 지친 몸을 이끌고 집에 도착했는데， 현관문 앞에 덩그러니 놓인 택배 상자를 마주한 적 있으신가요? 분명 안전하게 잘 도착해서 다행이긴 한데， 동시에 묘한 불안감이 엄습할 겁니다. '내가 없는 동안 누가 가져갔으면 어쩌지?'， '혹시 내 정보를 본 사,CONTENT_ALIGNMENT_REQUIRED: 제목 키워드가 본문 앞부분에 없음 — 제목 수정 또는 본문 도입 개선
2026-08-05-safety-auto-d98bca,https://honsamnote.co.kr/blog/2026-08-05-safety-auto-d98bca/,"혼자 사는 당신, 늦은 밤 갑자기 두꺼비집이 내려가거나 콘센트에서 스파크가 튈 때: 당황하지 않고 안전하게 확인하고 대처하는 법",혼자사는전기사고,방법형,KEYWORD_ABSENT_FROM_OPENING,no,yes,yes,문제 상황 늦은 밤， 퇴근 후 따뜻한 물로 샤워를 하고 드라이어로 머리를 말리던 중， 혹은 전자레인지에 간편식을 데우다 갑자기 방 전체가 암흑으로 변합니다. 당황해서 두꺼비집(분전반)을 살펴보니 차단기가 뚝 내려가 있고， 억지로 올려봐도 다시 툭 떨어지기 일쑤죠. 더러,CONTENT_ALIGNMENT_REQUIRED: 제목 키워드가 본문 앞부분에 없음 — 제목 수정 또는 본문 도입 개선
2026-08-05-storage-auto-1764b0,https://honsamnote.co.kr/blog/2026-08-05-storage-auto-1764b0/,1인 가구 옷장 알아보기｜옷장 정리 팁,1인 가구 옷장,문제해결형,KEYWORD_ABSENT_FROM_OPENING,no,yes,yes,문제 상황 퇴근 후 지친 몸을 이끌고 겨우 집에 도착합니다. 다음 날 입을 옷을 꺼내려 옷장 문을 열지만， 이미 옷장 안은 옷으로 가득 차 빈 공간이라곤 찾아볼 수 없습니다. 어깨가 무너진 옷걸이에 덕지덕지 걸려 있거나， 겨우 비집고 넣어진 옷들 사이로 원하는 옷을 찾,CONTENT_ALIGNMENT_REQUIRED: 제목 키워드가 본문 앞부분에 없음 — 제목 수정 또는 본문 도입 개선
2026-08-05-storage-auto-c8c36f,https://honsamnote.co.kr/blog/2026-08-05-storage-auto-c8c36f/,1인 가구 벽 수납 알아보기｜원룸 못 박기,1인 가구 벽 수납,문제해결형,KEYWORD_ABSENT_FROM_OPENING,no,yes,yes,문제 상황 퇴근 후 좁은 원룸에 들어서면， 바닥 여기저기에 놓인 물건들 때문에 한숨부터 나오시나요? 책상 위는 서류와 충전기로 가득하고， 침대 옆에는 잠시 벗어둔 옷가지가 쌓여있습니다. 분명 벽은 멀쩡하게 비어있는데， 왠지 모르게 활용하기가 망설여집니다. 월세나 전세 ,CONTENT_ALIGNMENT_REQUIRED: 제목 키워드가 본문 앞부분에 없음 — 제목 수정 또는 본문 도입 개선
2026-08-05-storage-auto-d93cd5,https://honsamnote.co.kr/blog/2026-08-05-storage-auto-d93cd5/,"1인 가구 직장인, 좁은 원룸 벽면을 효율적으로 쓰고 싶다면? 페그보드 vs. 벽 선반, 내게 맞는 선택 기준 비교",1인 가구 수납,비교형,KEYWORD_ABSENT_FROM_OPENING,no,yes,no,문제 상황 퇴근하고 돌아온 좁은 원룸， 현관부터 책상， 침대 협탁까지 작은 물건들이 자꾸 쌓여 답답함을 느끼시나요? 바닥 공간은 이미 최선을 다해 쓰고 있는데， 늘어나는 물건들을 어디에 둬야 할지 막막할 때가 많습니다. 넓고 텅 비어 있는 벽을 보면서 '저 공간이라도 ,CONTENT_ALIGNMENT_REQUIRED: 제목 키워드가 본문 앞부분에 없음 — 제목 수정 또는 본문 도입 개선
2026-08-06-cleaning-auto-07ebe3,https://honsamnote.co.kr/blog/2026-08-06-cleaning-auto-07ebe3/,건조기 정전기 비교｜건조 시간 단축,건조기 정전기,비교형,KEYWORD_ABSENT_FROM_OPENING,no,yes,yes,"문제 상황 퇴근 후 지친 몸을 이끌고 겨우 세탁기 버튼을 눌렀습니다. 덜컥덜컥 돌아가는 세탁기 소리만큼이나 머릿속은 복잡하죠. ""내일 입을 셔츠는 빨리 말라야 하는데…""， ""이번에도 옷에 정전기 폭탄 터지는 거 아니겠지?""， ""건조기에서 꺼낸 빨래에서 왠지 모르게 꿉꿉",CONTENT_ALIGNMENT_REQUIRED: 제목 키워드가 본문 앞부분에 없음 — 제목 수정 또는 본문 도입 개선
2026-08-06-cleaning-auto-17f2ed,https://honsamnote.co.kr/blog/2026-08-06-cleaning-auto-17f2ed/,1인 가구 세제 기준｜세탁 세제 추천,1인 가구 세제,판단형,KEYWORD_ABSENT_FROM_OPENING,no,yes,yes,"문제 상황 퇴근 후， 산처럼 쌓인 빨래를 마주하면 한숨부터 나옵니다. 겨우 세탁기에 옷을 밀어 넣고 세제를 넣으려는데， 매번 이 고민이 시작됩니다. ""액체 세제가 잘 녹을까? 캡슐 세제는 너무 비싼가? 분말 세제는 찌꺼기가 남지 않을까?"" 혼자 사는 우리에게 세탁은 매",CONTENT_ALIGNMENT_REQUIRED: 제목 키워드가 본문 앞부분에 없음 — 제목 수정 또는 본문 도입 개선
2026-08-06-cleaning-auto-467d7f,https://honsamnote.co.kr/blog/2026-08-06-cleaning-auto-467d7f/,전동청소솔 비교｜손청소도구,전동청소솔,비교형,KEYWORD_ABSENT_FROM_OPENING,no,no,yes,문제 상황 퇴근 후 지친 몸으로 집에 도착했는데， 며칠 미뤄뒀던 욕실 타일 틈새의 거뭇한 곰팡이， 주방 싱크대 가장자리의 끈적한 기름때， 그리고 가스레인지 주변에 눌어붙은 찌든 때가 유난히 눈에 밟힙니다. 큰맘 먹고 솔과 스펀지를 들고 팔이 아프게 문질러봐도 좀처럼 깨,CONTENT_ALIGNMENT_REQUIRED: 제목 키워드가 본문 앞부분에 없음 — 제목 수정 또는 본문 도입 개선
2026-08-06-cleaning-auto-530ba0,https://honsamnote.co.kr/blog/2026-08-06-cleaning-auto-530ba0/,1인 가구 세탁 해결 방법｜옷걸이 자국,1인 가구 세탁,방법형,KEYWORD_ABSENT_FROM_OPENING,no,yes,yes,"문제 상황 퇴근 후 쌓인 빨래를 돌리고， 소중한 니트나 아끼는 블라우스를 조심스럽게 꺼냈습니다. ""잘 마르렴""하고 생각하며 평소 쓰던 옷걸이에 걸어 건조대에 널어두었죠. 다음 날 아침， 막상 옷을 입으려는데 어깨 부분이 뾰족하게 튀어나와 있거나 축 늘어져 형태가 망가진",CONTENT_ALIGNMENT_REQUIRED: 제목 키워드가 본문 앞부분에 없음 — 제목 수정 또는 본문 도입 개선
2026-08-06-cleaning-auto-907063,https://honsamnote.co.kr/blog/2026-08-06-cleaning-auto-907063/,신발 냄새 제거 알아보기｜신발장 관리,신발 냄새 제거,문제해결형,KEYWORD_ABSENT_FROM_OPENING,no,yes,yes,"문제 상황 힘든 하루를 마치고 집에 돌아왔습니다. 현관문을 열고 들어서는 순간， ""아， 이 꿉꿉하고 시큼한 냄새..."" 어디선가 짙게 풍겨오는 불쾌한 냄새에 미간이 저절로 찌푸려집니다. 주범은 다름 아닌 현관의 작은 신발장. 퇴근 후 신발을 벗는 순간부터 시작되는 이 ",CONTENT_ALIGNMENT_REQUIRED: 제목 키워드가 본문 앞부분에 없음 — 제목 수정 또는 본문 도입 개선
2026-08-06-cleaning-auto-96ff36,https://honsamnote.co.kr/blog/2026-08-06-cleaning-auto-96ff36/,혼자 사는 사람 바퀴벌레 알아보기｜원룸 바퀴벌레,혼자 사는 사람 바퀴벌레,문제해결형,KEYWORD_ABSENT_FROM_OPENING,no,yes,no,"문제 상황 밤늦게까지 야근하고 돌아온 당신. 씻고 나와 시원하게 맥주 한 캔 마시려는데， 주방 바닥을 스멀스멀 기어가는 검은 그림자를 발견합니다. ""설마..."" 하는 생각도 잠시， 불을 켜는 순간 쏜살같이 도망가는 그것은 바로 바퀴벌레였습니다. 온몸에 소름이 돋고， 아",CONTENT_ALIGNMENT_REQUIRED: 제목 키워드가 본문 앞부분에 없음 — 제목 수정 또는 본문 도입 개선
2026-08-06-cleaning-auto-ba24cc,https://honsamnote.co.kr/blog/2026-08-06-cleaning-auto-ba24cc/,싱크대 막혔을 때 알아보기｜배수구 뚫는 법,싱크대 막혔을 때,문제해결형,KEYWORD_ABSENT_FROM_OPENING,no,yes,yes,문제 상황 퇴근 후 오랜만에 요리를 하고 설거지까지 깨끗하게 마쳤습니다. 이제 남은 건 쌓인 음식물 쓰레기를 비우고 주방을 마무리하는 일뿐인데， 맙소사. 싱크대에 물이 시원하게 내려가지 않고 꾸역꾸역 역류하고 있습니다. 설거지 잔여물과 거품이 섞인 물이 고여있는 모습을,CONTENT_ALIGNMENT_REQUIRED: 제목 키워드가 본문 앞부분에 없음 — 제목 수정 또는 본문 도입 개선
2026-08-06-cleaning-auto-e80db8,https://honsamnote.co.kr/blog/2026-08-06-cleaning-auto-e80db8/,"혼자 사는 당신, 냄새나는 음식물 쓰레기, 버릴까? 말릴까? 음식물처리기 vs. 간편 배출, 현명한 선택 기준",음식물쓰레기,비교형,KEYWORD_ABSENT_FROM_OPENING,no,yes,yes,문제 상황 퇴근 후 지친 몸으로 집에 돌아와 겨우 저녁을 차려 먹었는데， 남은 음식물 쓰레기를 보면 한숨부터 나오죠. 작은 냄비에 끓인 국물 몇 숟갈， 반찬 몇 조각만 버려도 며칠 내내 퀴퀴한 냄새가 진동합니다. 그렇다고 매번 버리러 내려가자니 귀찮고， 봉투에 넣어두자,CONTENT_ALIGNMENT_REQUIRED: 제목 키워드가 본문 앞부분에 없음 — 제목 수정 또는 본문 도입 개선
2026-08-06-cleaning-auto-eb5789,https://honsamnote.co.kr/blog/2026-08-06-cleaning-auto-eb5789/,세탁기 청소 주기 방법｜세탁기 냄새,세탁기 청소 주기,방법형,KEYWORD_ABSENT_FROM_OPENING,no,no,no,"문제 상황 매일 땀 흘려 일하고 돌아와 옷을 세탁기에 넣고 버튼을 누르는 것. 1인 가구에게는 너무나 익숙한 루틴이죠. 그런데 혹시 이런 생각 해보신 적 있나요? ""매일 빨래하는데， 정작 세탁기 자체는 얼마나 깨끗할까?"" 대부분은 한 달에 한 번 ‘통세척’ 기능만 돌리",CONTENT_ALIGNMENT_REQUIRED: 제목 키워드가 본문 앞부분에 없음 — 제목 수정 또는 본문 도입 개선
2026-08-06-cleaning-auto-f4b529,https://honsamnote.co.kr/blog/2026-08-06-cleaning-auto-f4b529/,1인 가구 빨래 알아보기｜옷감 손상 방지,1인 가구 빨래,문제해결형,KEYWORD_ABSENT_FROM_OPENING,no,no,yes,문제 상황 퇴근 후 지친 몸을 이끌고 집에 들어서면， 어느새 쌓여버린 빨랫감 더미가 눈에 들어옵니다. '에라 모르겠다'는 심정으로 흰옷이든 색깔 옷이든， 속옷이든 겉옷이든 가리지 않고 세탁기 안에 몽땅 밀어 넣은 경험， 다들 있으실 겁니다. 매번 세탁 라벨을 확인하고 ,CONTENT_ALIGNMENT_REQUIRED: 제목 키워드가 본문 앞부분에 없음 — 제목 수정 또는 본문 도입 개선
2026-08-06-cleaning-auto-ff8d39,https://honsamnote.co.kr/blog/2026-08-06-cleaning-auto-ff8d39/,1인 가구 옷 정리 알아보기｜헌 옷 버리기,1인 가구 옷 정리,문제해결형,KEYWORD_ABSENT_FROM_OPENING,no,yes,yes,문제 상황 퇴근 후 집으로 돌아오면 비좁은 원룸이 더욱 답답하게 느껴집니다. 그 주범 중 하나가 바로 옷장 속 꽉 찬 헌 옷들이죠. 옷장을 열 때마다 쏟아져 내릴 것 같은 옷 더미에 한숨이 나고， 정작 입을 옷은 없어 매번 같은 옷만 돌려 입는 악순환이 반복됩니다. 입,CONTENT_ALIGNMENT_REQUIRED: 제목 키워드가 본문 앞부분에 없음 — 제목 수정 또는 본문 도입 개선
2026-08-06-cost-auto-177634,https://honsamnote.co.kr/blog/2026-08-06-cost-auto-177634/,1인 가구 드라이클리닝 비교｜드라이클리닝 비용,1인 가구 드라이클리닝,비교형,KEYWORD_ABSENT_FROM_OPENING,no,no,yes,"문제 상황 월요일부터 금요일까지， 출근 복장으로 차려입고 나서는 당신의 모습은 당당하고 멋집니다. 하지만 퇴근 후 옷장을 열면 한숨이 나옵니다. ""이 블라우스， 이 바지， 이 코트는 또 드라이클리닝 맡겨야겠네…."" 혼자 사는 직장인의 옷장은 특히 이 문제에 취약합니다.",CONTENT_ALIGNMENT_REQUIRED: 제목 키워드가 본문 앞부분에 없음 — 제목 수정 또는 본문 도입 개선
2026-08-06-cost-auto-3826dd,https://honsamnote.co.kr/blog/2026-08-06-cost-auto-3826dd/,1인 가구 보안 비교｜스마트 도어락,1인 가구 보안,비교형,KEYWORD_ABSENT_FROM_OPENING,no,no,yes,문제 상황 퇴근 후 어둠이 깔린 집에 들어설 때마다 괜스레 등골이 오싹하고， 잠자리에 들면 작은 소리에도 깜짝 놀라 주위를 살피게 되시나요? 혼자 사는 당신에게 집은 가장 편안한 안식처여야 하지만， 동시에 외부 침입에 대한 불안감을 떨치기 어려운 공간이기도 합니다. 뉴,CONTENT_ALIGNMENT_REQUIRED: 제목 키워드가 본문 앞부분에 없음 — 제목 수정 또는 본문 도입 개선
2026-08-06-cost-auto-515c77,https://honsamnote.co.kr/blog/2026-08-06-cost-auto-515c77/,"혼자 사는 직장인, 매년 이사 갈 때마다 막막하다면? 직접 vs 전문 이사 서비스, 후회 없는 결정 가이드",1인 가구 이사,비교형,KEYWORD_ABSENT_FROM_OPENING,no,no,no,문제 상황 몇 년째 자취방을 옮겨 다닌 당신. 전세나 월세 계약 만기가 다가올 때마다 가장 먼저 떠오르는 생각은 아마 이것일 겁니다. '이번엔 또 이사를 어떻게 하지?' 혼자 사는 몸으로 짐을 싸고， 나르고， 다시 정리하는 모든 과정을 감당해야 한다는 생각에 벌써부터 ,CONTENT_ALIGNMENT_REQUIRED: 제목 키워드가 본문 앞부분에 없음 — 제목 수정 또는 본문 도입 개선
2026-08-06-cost-auto-9d0ea4,https://honsamnote.co.kr/blog/2026-08-06-cost-auto-9d0ea4/,1인 가구 해충 비교｜해충 박멸 비용,1인 가구 해충,비교형,KEYWORD_ABSENT_FROM_OPENING,no,no,yes,문제 상황 퇴근 후 지친 몸을 이끌고 집에 들어섰는데， 싱크대 밑에서 검은 물체가 쏜살같이 사라집니다. 혹은 침대에 누워 잠을 청하려는데， 천장이나 벽 어딘가에서 '부스럭'거리는 소리가 들려 잠 못 이루는 밤이 이어집니다. 혼자 사는 직장인에게 해충은 단순히 징그럽다는,CONTENT_ALIGNMENT_REQUIRED: 제목 키워드가 본문 앞부분에 없음 — 제목 수정 또는 본문 도입 개선
2026-08-06-cost-auto-bf984a,https://honsamnote.co.kr/blog/2026-08-06-cost-auto-bf984a/,1인 가구 식비 절약 비교｜에어프라이어 구매,1인 가구 식비 절약,비교형,KEYWORD_ABSENT_FROM_OPENING,no,yes,yes,"문제 상황 퇴근 후 지친 몸을 이끌고 집에 오면， 배는 고픈데 뭘 해 먹을지 막막합니다. 냉장고에 대충 넣어둔 간편식이나 재료들을 볼 때마다 한숨이 나옵니다. ""오늘은 꼭 집밥 해 먹어야지!"" 다짐해도 막상 요리하려면 복잡하고 시간이 오래 걸릴 것 같아 포기하게 됩니다",CONTENT_ALIGNMENT_REQUIRED: 제목 키워드가 본문 앞부분에 없음 — 제목 수정 또는 본문 도입 개선
2026-08-06-cost-auto-c59747,https://honsamnote.co.kr/blog/2026-08-06-cost-auto-c59747/,"혼자 사는 직장인, 밤마다 OTT 유목민이라면? 나에게 딱 맞는 구독 전략으로 매달 만원 아끼는 법",OTT 구독료 줄이기,비용형,KEYWORD_ABSENT_FROM_OPENING,no,no,yes,문제 상황 퇴근 후 지친 몸을 이끌고 텅 빈 집으로 돌아오면 밀려오는 허전함. 이 외로움을 달래줄 친구는 역시 스마트폰이나 TV 화면 속 영상 콘텐츠뿐이죠. 넷플릭스， 티빙， 디즈니플러스… 이것저것 끌리는 대로 구독하다 보니， 어느새 통장에서 매달 3만원， 5만원씩 자,CONTENT_ALIGNMENT_REQUIRED: 제목 키워드가 본문 앞부분에 없음 — 제목 수정 또는 본문 도입 개선
2026-08-06-cost-auto-cfda8d,https://honsamnote.co.kr/blog/2026-08-06-cost-auto-cfda8d/,"혼자 사는 직장인, 매일 마시는 커피값에 지갑이 텅 빈다면? 홈 카페 vs 외부 구매, 내게 맞는 경제적인 선택은?",1인 가구 커피,비교형,KEYWORD_ABSENT_FROM_OPENING,no,yes,yes,"문제 상황 ""오늘도 아메리카노 한 잔... 벌써 몇 잔째더라?"" 직장인 혼밥러의 하루는 커피로 시작해 커피로 끝나는 경우가 많습니다. 출근길에 한 잔， 점심 식사 후 한 잔， 때로는 퇴근 후에도 카페인을 찾아 발걸음을 옮기죠. 문제는 이렇게 무심코 지갑을 열 때마다 매",CONTENT_ALIGNMENT_REQUIRED: 제목 키워드가 본문 앞부분에 없음 — 제목 수정 또는 본문 도입 개선
2026-08-06-cost-auto-e2088d,https://honsamnote.co.kr/blog/2026-08-06-cost-auto-e2088d/,남은 음식물 처리 방법｜냉장고 정리,남은 음식물 처리,방법형,KEYWORD_ABSENT_FROM_OPENING,no,yes,yes,문제 상황 퇴근 후 지친 몸으로 겨우 만들어 먹은 집밥， 혹은 오랜만에 시켜 먹은 배달 음식. 다음 날 냉장고 문을 열었을 때， 어제 먹다 남긴 찌개 반 그릇， 반찬 몇 조각， 아니면 피자 두 조각이 눈에 밟힙니다. ‘버리자니 아깝고， 먹자니 이미 질렸거나 왠지 좀 찝,CONTENT_ALIGNMENT_REQUIRED: 제목 키워드가 본문 앞부분에 없음 — 제목 수정 또는 본문 도입 개선
2026-08-06-cost-auto-e8c32b,https://honsamnote.co.kr/blog/2026-08-06-cost-auto-e8c32b/,"혼자 사는 직장인, 예상치 못한 지출에 늘 불안하다면? 나만의 비상금 통장, 어떻게 만들어야 할까?",1인 가구 비상금,질문형,KEYWORD_ABSENT_FROM_OPENING,no,yes,yes,문제 상황 혼자 사는 당신에게 '예상치 못한 지출'은 그저 당황스러운 일을 넘어， 종종 밤잠을 설치게 하는 불안 요인이 됩니다. 멀쩡하던 냉장고가 갑자기 고장 나거나， 갑자기 아파 병원 신세를 지거나， 퇴근길에 예상치 못한 자동차 접촉사고라도 난다면? 옆에서 도와줄 가,CONTENT_ALIGNMENT_REQUIRED: 제목 키워드가 본문 앞부분에 없음 — 제목 수정 또는 본문 도입 개선
2026-08-06-cost-auto-f652a0,https://honsamnote.co.kr/blog/2026-08-06-cost-auto-f652a0/,"혼자 사는 직장인, 안 쓰는 물건 쌓여만 간다면? 중고거래 vs 나눔, 후회 없이 처분하고 용돈 버는 법",1인 가구 중고거래,비교형,KEYWORD_ABSENT_FROM_OPENING,no,no,yes,문제 상황 퇴근 후 지친 몸을 이끌고 좁은 원룸 문을 열었을 때， 가장 먼저 눈에 들어오는 것이 무엇인가요? 혹시 ‘언젠가 입겠지’ 하며 옷장 구석에 던져둔 옷가지들， ‘이거 정말 필요할까?’ 싶어 한두 번 쓰다 방치해 둔 주방용품， 혹은 언제 샀는지 기억조차 나지 않,CONTENT_ALIGNMENT_REQUIRED: 제목 키워드가 본문 앞부분에 없음 — 제목 수정 또는 본문 도입 개선
2026-08-06-food-auto-06029f,https://honsamnote.co.kr/blog/2026-08-06-food-auto-06029f/,1인 가구 양념 기준｜필수 양념,1인 가구 양념,판단형,KEYWORD_ABSENT_FROM_OPENING,no,yes,yes,문제 상황 퇴근 후 지친 몸을 이끌고 마트에 들렀다가， 거대한 양념 코너 앞에서 발길을 멈춰본 경험， 아마 혼자 사는 직장인이라면 한 번쯤 있을 겁니다. 수십 가지의 간장， 소금， 오일， 그리고 듣도 보도 못한 향신료들이 즐비한 진열대를 보면 '도대체 뭘 사야 하는 거,CONTENT_ALIGNMENT_REQUIRED: 제목 키워드가 본문 앞부분에 없음 — 제목 수정 또는 본문 도입 개선
2026-08-06-food-auto-36b7bb,https://honsamnote.co.kr/blog/2026-08-06-food-auto-36b7bb/,1인 가구 요리 알아보기｜혼밥 레시피,1인 가구 요리,문제해결형,KEYWORD_ABSENT_FROM_OPENING,no,yes,yes,"문제 상황 퇴근 후 지친 몸을 이끌고 겨우 저녁 한 끼를 차려 먹었을 때， 식탁에 놓인 먹음직스러운 접시 위로 눈에 들어오는 건 싱크대에 가득 쌓인 냄비， 프라이팬， 칼， 도마， 그릇들입니다. 밥 한 끼 먹으려다 전쟁 치른 기분이 들 때가 한두 번이 아니죠. ""이럴 바",CONTENT_ALIGNMENT_REQUIRED: 제목 키워드가 본문 앞부분에 없음 — 제목 수정 또는 본문 도입 개선
2026-08-06-food-auto-38c543,https://honsamnote.co.kr/blog/2026-08-06-food-auto-38c543/,혼자 사는 직장인 냉장고 냄새 알아보기｜냉장고 청소,혼자 사는 직장인 냉장고 냄새,문제해결형,KEYWORD_ABSENT_FROM_OPENING,no,yes,yes,문제 상황 퇴근 후 지친 몸을 이끌고 집에 와서 저녁을 차리려고 냉장고 문을 열었는데， 으악! 어디선가 퀴퀴하고 알 수 없는 냄새가 스멀스멀 올라와 코를 찌릅니다. 분명 어제 점심때 먹고 남은 찌개 냄새 같기도 하고， 언제 사다 놨는지 기억도 안 나는 채소 냄새 같기도,CONTENT_ALIGNMENT_REQUIRED: 제목 키워드가 본문 앞부분에 없음 — 제목 수정 또는 본문 도입 개선
2026-08-06-food-auto-3a64d3,https://honsamnote.co.kr/blog/2026-08-06-food-auto-3a64d3/,1인 가구 국 알아보기｜국 냉동,1인 가구 국,문제해결형,KEYWORD_ABSENT_FROM_OPENING,no,yes,yes,문제 상황 퇴근 후 지친 몸으로 집에 도착. 밥은 먹어야겠는데， 간단하게 국이나 찌개라도 끓여 먹을까 싶습니다. 문제는 딱 한 끼 분량을 끓이기가 참 애매하다는 겁니다. 재료 손질부터 냄비 설거지까지， 겨우 한 그릇 먹자고 이 모든 과정을 거치기가 너무 번거롭죠. 그래,CONTENT_ALIGNMENT_REQUIRED: 제목 키워드가 본문 앞부분에 없음 — 제목 수정 또는 본문 도입 개선
2026-08-06-food-auto-585c1b,https://honsamnote.co.kr/blog/2026-08-06-food-auto-585c1b/,미니멀티쿠커 비교｜전기냄비,미니멀티쿠커,비교형,KEYWORD_ABSENT_FROM_OPENING,no,yes,yes,"문제 상황 퇴근 후 지친 몸을 이끌고 집에 들어서면， 냉장고 속 식재료는 보이는데 막상 요리를 시작하려니 한숨부터 나옵니다. ""오늘은 또 뭘 해 먹지?""라는 고민에 이어 ""하나 해 먹자고 냄비랑 프라이팬 다 꺼내서 쓰고， 설거지까지 해야 하나?"" 하는 생각에 결국 배달",CONTENT_ALIGNMENT_REQUIRED: 제목 키워드가 본문 앞부분에 없음 — 제목 수정 또는 본문 도입 개선
2026-08-06-food-auto-75ad3e,https://honsamnote.co.kr/blog/2026-08-06-food-auto-75ad3e/,1인 가구 냉동실 알아보기｜냉동식품 보관,1인 가구 냉동실,문제해결형,KEYWORD_ABSENT_FROM_OPENING,no,yes,yes,문제 상황 퇴근 후 지친 몸을 이끌고 냉장고 문을 엽니다. 오늘은 뭘 먹어야 할까 막막한데， 그나마 기대했던 냉동실은 그야말로 '미지의 영역'입니다. 분명 몇 주 전에 대용량 고기를 사서 소분해 얼려뒀는데 어디 있는지 기억이 안 납니다. 투명하지 않은 봉투 속 내용물을,CONTENT_ALIGNMENT_REQUIRED: 제목 키워드가 본문 앞부분에 없음 — 제목 수정 또는 본문 도입 개선
2026-08-06-food-auto-834b6e,https://honsamnote.co.kr/blog/2026-08-06-food-auto-834b6e/,1인가구냉동 비교｜식재료신선보관,1인가구냉동,비교형,KEYWORD_ABSENT_FROM_OPENING,no,no,no,"문제 상황 혼자 사는 직장인에게 냉장고와 냉동실은 그야말로 보물창고이자 애물단지입니다. 특히 식재료를 한 번에 대량 구매하거나 남은 음식을 소분해 보관할 때 냉동실은 필수죠. ""나중에 먹어야지"" 하고 정성껏 얼려둔 고기， 생선， 밥， 심지어 채소까지! 꺼내보면 가장자리",CONTENT_ALIGNMENT_REQUIRED: 제목 키워드가 본문 앞부분에 없음 — 제목 수정 또는 본문 도입 개선
2026-08-06-food-auto-993221,https://honsamnote.co.kr/blog/2026-08-06-food-auto-993221/,1인 가구 육수 비교｜혼자 요리 양념,1인 가구 육수,비교형,KEYWORD_ABSENT_FROM_OPENING,no,no,yes,문제 상황 퇴근 후 지친 몸을 이끌고 겨우 주방에 섰는데， 오늘 저녁은 좀 제대로 된 집밥을 먹고 싶습니다. 냉장고 속 식재료로 간단한 국이나 찌개를 끓여볼까 하는데， 맹물에 대충 끓이자니 맛이 아쉬울 것 같고， 다시마 멸치 육수를 내자니 번거롭게 끓이고 건더기 걸러낼,CONTENT_ALIGNMENT_REQUIRED: 제목 키워드가 본문 앞부분에 없음 — 제목 수정 또는 본문 도입 개선
2026-08-06-food-auto-9e2cfe,https://honsamnote.co.kr/blog/2026-08-06-food-auto-9e2cfe/,개봉 후 유통기한 알아보기｜소스 보관법,개봉 후 유통기한,문제해결형,KEYWORD_ABSENT_FROM_OPENING,no,yes,yes,문제 상황 퇴근 후 지친 몸으로 냉장고를 열어봅니다. 일주일 전 샌드위치를 만들고 남은 마요네즈 튜브， 비빔밥 해 먹고 고이 넣어둔 고추장 통， 혹은 배달 음식 시키고 남은 작은 피클 병이 눈에 들어오죠. 유통기한(판매 기한)은 아직 한참 남았는데， 뚜껑을 열고 냉장고,CONTENT_ALIGNMENT_REQUIRED: 제목 키워드가 본문 앞부분에 없음 — 제목 수정 또는 본문 도입 개선
2026-08-06-food-auto-b02493,https://honsamnote.co.kr/blog/2026-08-06-food-auto-b02493/,1인 가구 식재료 비교｜소량 팩,1인 가구 식재료,비교형,KEYWORD_ABSENT_FROM_OPENING,no,yes,yes,문제 상황 퇴근 후 지친 몸을 이끌고 마트에 들렀을 때， 당신의 시선은 한두 번 요리하고 말 만한 식재료 앞에서 멈춥니다. 특히 파스타 면， 토마토소스， 참치 통조림， 냉동 만두 같은 가공식품 코너에서 갈등이 시작되죠. 가족 단위의 소비자를 겨냥한 대용량 제품이 즐비하,CONTENT_ALIGNMENT_REQUIRED: 제목 키워드가 본문 앞부분에 없음 — 제목 수정 또는 본문 도입 개선
2026-08-06-food-auto-c5562a,https://honsamnote.co.kr/blog/2026-08-06-food-auto-c5562a/,1인 가구 달걀 해결 방법｜달걀 보관법,1인 가구 달걀,방법형,KEYWORD_ABSENT_FROM_OPENING,no,yes,yes,"문제 상황 퇴근 후 마트에 들러 저녁거리를 고르던 당신. 반찬 없을 때 만만한 달걀 한 팩을 집어 들까 하는데， 또 한숨이 나옵니다. ""10개나 되는 이걸 언제 다 먹지?"" 혼자 사는 직장인에게 달걀은 참 고마운 식재료입니다. 저렴하고， 어떤 요리에도 잘 어울리며， 쉽",CONTENT_ALIGNMENT_REQUIRED: 제목 키워드가 본문 앞부분에 없음 — 제목 수정 또는 본문 도입 개선
2026-08-06-food-auto-dea971,https://honsamnote.co.kr/blog/2026-08-06-food-auto-dea971/,1인 가구 채소 해결 방법｜혼자 채소 보관,1인 가구 채소,방법형,KEYWORD_ABSENT_FROM_OPENING,no,yes,no,문제 상황 퇴근길 마트에 들러 신선 코너를 지납니다. 파릇파릇한 상추， 싱싱한 시금치， 아삭아삭한 오이… ‘오늘은 샐러드를 해 먹을까? 아니면 건강하게 볶아 먹을까?’ 잠시 고민하지만， 이내 한 팩 가득 담긴 채소를 보며 망설이게 됩니다. ‘이걸 다 언제 먹지? 반도 ,CONTENT_ALIGNMENT_REQUIRED: 제목 키워드가 본문 앞부분에 없음 — 제목 수정 또는 본문 도입 개선
2026-08-06-food-auto-ef165d,https://honsamnote.co.kr/blog/2026-08-06-food-auto-ef165d/,1인 가구 장보기 비교｜신선 채소 구매,1인 가구 장보기,비교형,KEYWORD_ABSENT_FROM_OPENING,no,no,yes,문제 상황 퇴근 후 문을 열고 들어서면 텅 빈 냉장고가 저를 반깁니다. 뭔가 신선한 채소나 과일을 먹고 싶은데， 냉장고에는 지난주에 사놓은 시들한 파 몇 가닥과 썩어가는 토마토만 보이죠. 막상 마트에 가자니 퇴근 후 지쳐서 움직이기 싫고， 대형마트는 양도 너무 많고 멀,CONTENT_ALIGNMENT_REQUIRED: 제목 키워드가 본문 앞부분에 없음 — 제목 수정 또는 본문 도입 개선
2026-08-06-housing-auto-1870eb,https://honsamnote.co.kr/blog/2026-08-06-housing-auto-1870eb/,"혼자 사는 직장인, 새 집 어디로 갈까? 빌라 vs 오피스텔 vs 아파트, 시간과 돈 아끼는 현명한 선택 가이드",혼자 사는 집,비교형,KEYWORD_ABSENT_FROM_OPENING,no,yes,yes,문제 상황 새로운 보금자리를 찾아야 하는 혼자 사는 직장인 A씨. 지금 살고 있는 원룸 계약 만료가 코앞인데， 막상 이사 갈 곳을 알아보려니 막막하기만 합니다. 흔히 볼 수 있는 주거 형태가 빌라， 오피스텔， 아파트인데， 뭐가 뭔지 딱히 구분해서 알아보자니 시간도 부족,CONTENT_ALIGNMENT_REQUIRED: 제목 키워드가 본문 앞부분에 없음 — 제목 수정 또는 본문 도입 개선
2026-08-06-housing-auto-1a9827,https://honsamnote.co.kr/blog/2026-08-06-housing-auto-1a9827/,"혼자 사는 직장인, 급하게 작은 짐 옮길 때? 카셰어링 탑차 vs 용달 서비스, 내 돈 아끼는 현명한 선택은?",1인 가구 이사,비교형,KEYWORD_ABSENT_FROM_OPENING,no,no,yes,문제 상황 퇴근 후나 주말， 모처럼 여유가 생겨 큰맘 먹고 인터넷으로 조립 가구를 주문했거나， 당근마켓에서 저렴하게 득템한 물건을 가져와야 할 때가 있습니다. 혹은 부모님이 보내주신 김치나 친구에게 받은 선물을 잠시 보관했다가 집으로 옮겨야 할 때도 있죠. 문제는 애매,CONTENT_ALIGNMENT_REQUIRED: 제목 키워드가 본문 앞부분에 없음 — 제목 수정 또는 본문 도입 개선
2026-08-06-housing-auto-36b1cd,https://honsamnote.co.kr/blog/2026-08-06-housing-auto-36b1cd/,"혼자 사는 직장인, 이사 나갈 때 보증금 깎일까 걱정? 원상회복 범위 알고 당당하게 돌려받는 법",전월세 보증금,질문형,KEYWORD_ABSENT_FROM_OPENING,no,no,no,문제 상황 퇴근하고 돌아오면 숨 돌릴 틈 없이 혼자만의 공간에서 에너지를 충전하는 당신. 몇 년간 정들었던 집을 떠나 새로운 보금자리로 이사 갈 생각에 설레면서도， 왠지 모르게 불안감이 엄습해 옵니다. 바로 '보증금' 때문이죠. 벽에 걸었던 액자 흔적， 작은 생활 스크,CONTENT_ALIGNMENT_REQUIRED: 제목 키워드가 본문 앞부분에 없음 — 제목 수정 또는 본문 도입 개선
2026-08-06-housing-auto-5c27e6,https://honsamnote.co.kr/blog/2026-08-06-housing-auto-5c27e6/,"혼자 사는 직장인, 해외 파견/장기 출장 갈 때? 내 원룸 현명하게 단기 임대주고 돈 버는 법",혼자 사는 직장인 장기 출장,비용형,KEYWORD_ABSENT_FROM_OPENING,no,no,no,"문제 상황 혼자 사는 직장인 당신， 드디어 내 보금자리를 마련하고 알콩달콩 생활하던 어느 날， 갑자기 회사에서 해외 파견이나 장기 출장 발령이 떨어졌습니다. 기간은 짧으면 3개월， 길면 6개월 이상. 설레는 마음도 잠시， 가장 먼저 머리를 스치는 건 바로 ""내 원룸 월",CONTENT_ALIGNMENT_REQUIRED: 제목 키워드가 본문 앞부분에 없음 — 제목 수정 또는 본문 도입 개선
2026-08-06-housing-auto-778093,https://honsamnote.co.kr/blog/2026-08-06-housing-auto-778093/,"혼자 사는 직장인, 우리 집 안전 지킴이! 디지털 도어락 vs 보조키, 내게 맞는 현명한 선택은?",혼자 사는 집 안전,비교형,KEYWORD_ABSENT_FROM_OPENING,no,yes,yes,문제 상황 퇴근 후 캄캄한 골목길을 지나 겨우 현관에 도착했지만， 가방에서 열쇠를 한참 찾아야 하는 번거로움에 지친 적 있으신가요? 혹은 혼자 사는 집의 보안이 늘 불안해서， 혹시 누가 침입하진 않을까 노심초사하며 잠 못 이루는 밤을 보내고 있진 않으신가요? 특히 집을,CONTENT_ALIGNMENT_REQUIRED: 제목 키워드가 본문 앞부분에 없음 — 제목 수정 또는 본문 도입 개선
2026-08-06-housing-auto-849c13,https://honsamnote.co.kr/blog/2026-08-06-housing-auto-849c13/,"혼자 사는 직장인, 내 공간 꾸미고 싶은데 벽 손상 걱정될 때? 못 vs 무타공 인테리어, 현명하게 결정하는 법",1인 가구 인테리어,비교형,KEYWORD_ABSENT_FROM_OPENING,no,no,no,문제 상황 퇴근하고 돌아온 나만의 공간. 아늑하고 편안해야 하는데， 텅 빈 벽을 보면 왠지 모르게 허전하고 차가운 느낌이 들 때가 있습니다. 예쁜 그림이나 시계를 걸고 싶고， 늘어나는 소품들을 깔끔하게 정리할 작은 선반 하나쯤 달고 싶지만… 마음 한편에는 늘 불안감이 ,CONTENT_ALIGNMENT_REQUIRED: 제목 키워드가 본문 앞부분에 없음 — 제목 수정 또는 본문 도입 개선
2026-08-06-housing-auto-9d6fe3,https://honsamnote.co.kr/blog/2026-08-06-housing-auto-9d6fe3/,"혼자 사는 직장인, 전월세 계약 만료로 이사 가려는데? 집주인에게 현명하게 통보하고 보증금 지키는 법",1인 가구 이사,방법형,KEYWORD_ABSENT_FROM_OPENING,no,yes,yes,문제 상황 퇴근 후 피곤한 몸을 이끌고 집에 왔는데， 문득 내 전월세 계약 만료일이 두어 달 앞으로 다가왔다는 걸 깨달았습니다. 드디어 더 좋은 곳으로 이사 갈 생각에 잠시 설렜지만， 이내 걱정이 밀려옵니다. '집주인에게 언제 말해야 하지?'， '그냥 전화 한 통이면 ,CONTENT_ALIGNMENT_REQUIRED: 제목 키워드가 본문 앞부분에 없음 — 제목 수정 또는 본문 도입 개선
2026-08-06-housing-auto-baef02,https://honsamnote.co.kr/blog/2026-08-06-housing-auto-baef02/,바퀴벌레 퇴치 방법｜원룸 바퀴벌레,바퀴벌레 퇴치,방법형,KEYWORD_ABSENT_FROM_OPENING,no,yes,yes,문제 상황 늦은 밤 퇴근 후， 불 켜진 원룸에 들어서자마자 소파 옆 벽을 타고 휙 사라지는 검은 그림자. 심장이 쿵 내려앉고 온몸에 소름이 돋습니다. '설마… 바퀴벌레?' 불을 켜보니 영락없는 불청객입니다. 혼자 사는 집에서 이런 걸 마주하다니， 누가 잡아줄 사람도 없,CONTENT_ALIGNMENT_REQUIRED: 제목 키워드가 본문 앞부분에 없음 — 제목 수정 또는 본문 도입 개선
2026-08-06-lifestyle-auto-2e08db,https://honsamnote.co.kr/blog/2026-08-06-lifestyle-auto-2e08db/,생활 리듬 붕괴 알아보기｜평일 연차,생활 리듬 붕괴,문제해결형,KEYWORD_ABSENT_FROM_OPENING,no,yes,no,"문제 상황 혼자 사는 직장인이라면， 평일 연차나 뜻밖의 공휴일을 맞이할 때 남다른 해방감을 느낄 겁니다. ""오늘은 정말 아무것도 안 할 거야!""를 외치며 늦잠을 선택하고， 잠에서 깨어나면 점심시간을 훌쩍 넘긴 시간. 침대에서 스마트폰을 보며 시간을 보내다 겨우 몸을 일",CONTENT_ALIGNMENT_REQUIRED: 제목 키워드가 본문 앞부분에 없음 — 제목 수정 또는 본문 도입 개선
2026-08-06-lifestyle-auto-7d8463,https://honsamnote.co.kr/blog/2026-08-06-lifestyle-auto-7d8463/,퇴근 후 활동 비교｜소규모 취미,퇴근 후 활동,비교형,KEYWORD_ABSENT_FROM_OPENING,no,no,yes,문제 상황 퇴근 후 문을 열고 들어선 적막한 집， 하루의 피로가 몰려오면서도 ‘이대로 하루를 끝내기는 뭔가 아쉽다’는 생각이 드시나요? 새로운 활력을 찾고 싶지만， 거창한 모임이나 깊은 관계 맺기는 부담스럽고， 그렇다고 마냥 혼자 있기엔 가끔 무기력함이 찾아올 때가 있,CONTENT_ALIGNMENT_REQUIRED: 제목 키워드가 본문 앞부분에 없음 — 제목 수정 또는 본문 도입 개선
2026-08-06-lifestyle-auto-91c019,https://honsamnote.co.kr/blog/2026-08-06-lifestyle-auto-91c019/,혼자 사는 친구 알아보기｜결혼 육아 친구,혼자 사는 친구,문제해결형,KEYWORD_ABSENT_FROM_OPENING,no,yes,no,"문제 상황 주말에 오랜만에 친구들에게 연락해봅니다. 다들 ""애 재워야 해""， ""주말엔 남편이랑 시댁 가서""， ""피곤해서 못 나가"" 같은 답이 돌아옵니다. 한두 번이 아닙니다. 모바일 메신저 단체 채팅방은 온통 아기 사진이나 육아 정보 공유로 가득하고， 내 이야기는 끼어",CONTENT_ALIGNMENT_REQUIRED: 제목 키워드가 본문 앞부분에 없음 — 제목 수정 또는 본문 도입 개선
2026-08-06-lifestyle-auto-bf4537,https://honsamnote.co.kr/blog/2026-08-06-lifestyle-auto-bf4537/,1인 가구 이별 알아보기｜관계 단절 회복,1인 가구 이별,문제해결형,KEYWORD_ABSENT_FROM_OPENING,no,yes,yes,문제 상황 회사 업무에 치여 바쁘게 살다가 퇴근 후 돌아온 집. 어제까지 함께 웃고 울던 연인과의 카톡 대화창은 싸늘하게 멈춰있고， 주말이면 늘 함께였던 친구는 이제 더 이상 연락이 닿지 않습니다. 혼자 잘 지낸다고 자부했지만， 막상 '진짜 혼자'가 되니 온몸의 기운이,CONTENT_ALIGNMENT_REQUIRED: 제목 키워드가 본문 앞부분에 없음 — 제목 수정 또는 본문 도입 개선
2026-08-06-lifestyle-auto-dd68b0,https://honsamnote.co.kr/blog/2026-08-06-lifestyle-auto-dd68b0/,커플 모임 해결 방법｜가족 모임,커플 모임,방법형,KEYWORD_ABSENT_FROM_OPENING,no,no,yes,"문제 상황 주말 저녁， 친한 친구에게서 갑작스러운 연락이 옵니다. ""다음 주 토요일에 우리 집에서 부부 동반 저녁 모임 있는데， 너도 와서 같이 밥 먹자!"" 솔직히 친구를 만나는 건 반갑지만， '부부 동반'이라는 말에 마음 한편이 불편해집니다. 가보면 나 혼자 싱글일 ",CONTENT_ALIGNMENT_REQUIRED: 제목 키워드가 본문 앞부분에 없음 — 제목 수정 또는 본문 도입 개선
2026-08-06-products-auto-17f494,https://honsamnote.co.kr/blog/2026-08-06-products-auto-17f494/,"혼자 사는 직장인, 구겨진 옷 때문에 출근길 스트레스받는다면? 1인 가구 스팀다리미 vs 의류관리기, 내게 맞는 최적의 선택은?",1인 가구 옷 관리,비교형,KEYWORD_ABSENT_FROM_OPENING,no,no,no,문제 상황 바쁜 월요일 아침， 출근 준비에 정신이 없는데 어제 입고 벗어둔 셔츠는 눈에 띄게 구겨져 있습니다. 중요한 미팅이 있는 날인데， 깔끔하게 입으려 했던 니트나 재킷에도 여기저기 잔주름이 거슬립니다. 다리미판을 꺼내 전원을 꽂고 다림질을 시작할 여유도， 좁은 집,CONTENT_ALIGNMENT_REQUIRED: 제목 키워드가 본문 앞부분에 없음 — 제목 수정 또는 본문 도입 개선
2026-08-06-products-auto-1d916e,https://honsamnote.co.kr/blog/2026-08-06-products-auto-1d916e/,1인 가구 전월세 안심보험 방법｜세입자 보험,1인 가구 전월세 안심보험,방법형,KEYWORD_ABSENT_FROM_OPENING,no,yes,yes,"문제 상황 퇴근 후 문을 열고 들어서는 순간， 아늑하고 포근해야 할 나만의 공간에서 문득 불안감이 밀려올 때가 있습니다. ""혹시 내가 없는 사이에 불이 나면 어쩌지?""， ""윗집에서 물이 새서 내 물건이 다 망가지면 누가 책임지지?""， ""혹시 도둑이라도 들면 내 모든 것",CONTENT_ALIGNMENT_REQUIRED: 제목 키워드가 본문 앞부분에 없음 — 제목 수정 또는 본문 도입 개선
2026-08-06-products-auto-2eb0f5,https://honsamnote.co.kr/blog/2026-08-06-products-auto-2eb0f5/,"혼자 사는 직장인, 짧은 출장/휴가 때 반려동물 돌봄 걱정이라면? 펫시터 vs. 펫호텔 vs. 스마트 기기, 내게 맞는 최적의 선택은?",1인 가구 반려동물,비교형,KEYWORD_ABSENT_FROM_OPENING,no,yes,yes,문제 상황 혼자 사는 직장인에게 반려동물은 단순한 동거인을 넘어선 가족입니다. 그런데 짧은 출장이나 갑작스러운 야근， 혹은 기다리던 여름휴가가 다가올 때마다 마음 한편이 불편해지는 경험， 다들 있으실 겁니다. '우리 아이 혼자 괜찮을까?'， '스트레스받지는 않을까?'，,CONTENT_ALIGNMENT_REQUIRED: 제목 키워드가 본문 앞부분에 없음 — 제목 수정 또는 본문 도입 개선
2026-08-06-products-auto-44e274,https://honsamnote.co.kr/blog/2026-08-06-products-auto-44e274/,1인 가구 인터넷 비교｜인터넷 요금제 비교,1인 가구 인터넷,비교형,KEYWORD_ABSENT_FROM_OPENING,no,no,yes,문제 상황 퇴근 후 지친 몸을 이끌고 집에 왔는데， 넷플릭스가 버퍼링 되거나 온라인 게임이 뚝뚝 끊긴다면 어떨까요? 혹은 매달 내는 인터넷 요금이 과연 나에게 합리적인지 의구심이 들 때도 있을 겁니다. 혼자 사는 직장인에게 인터넷은 단순히 '연결'을 넘어선 삶의 필수적,CONTENT_ALIGNMENT_REQUIRED: 제목 키워드가 본문 앞부분에 없음 — 제목 수정 또는 본문 도입 개선
2026-08-06-products-auto-5b74f3,https://honsamnote.co.kr/blog/2026-08-06-products-auto-5b74f3/,1인 가구 소음 알아보기｜층간소음 해결,1인 가구 소음,문제해결형,KEYWORD_ABSENT_FROM_OPENING,no,yes,yes,문제 상황 퇴근 후 지친 몸을 이끌고 겨우 집으로 돌아왔는데， 윗집에서 들려오는 발망치 소리， 옆집에서 밤늦게까지 이어지는 TV 소리， 복도에서 오가는 대화 소리에 귀가 아플 지경이신가요? 혼자 사는 공간은 외부 소음에 유독 취약하게 느껴질 때가 많습니다. 사방에서 들,CONTENT_ALIGNMENT_REQUIRED: 제목 키워드가 본문 앞부분에 없음 — 제목 수정 또는 본문 도입 개선
2026-08-06-products-auto-6e0ac5,https://honsamnote.co.kr/blog/2026-08-06-products-auto-6e0ac5/,1인 가구 이사 비용 정리｜이사 서비스,1인 가구 이사,비용형,KEYWORD_ABSENT_FROM_OPENING,no,no,no,문제 상황 퇴근하고 집에 오면 녹초가 되는데， 코앞으로 다가온 이사 날짜 때문에 한숨이 절로 나오시죠? 며칠 밤낮을 새워도 끝이 보이지 않는 짐 싸기， 깨지기 쉬운 식기류와 옷가지들을 어떻게 포장해야 할지 막막합니다. 주말에도 이사 준비에 매달리자니 황금 같은 휴식이 ,CONTENT_ALIGNMENT_REQUIRED: 제목 키워드가 본문 앞부분에 없음 — 제목 수정 또는 본문 도입 개선
2026-08-06-products-auto-707d16,https://honsamnote.co.kr/blog/2026-08-06-products-auto-707d16/,1인 가구 인터넷 비용 정리｜와이파이 끊김,1인 가구 인터넷,비용형,KEYWORD_ABSENT_FROM_OPENING,no,no,yes,문제 상황 퇴근 후 오랜만에 넷플릭스 신작을 보는데， 한창 재밌어지려 할 때 화면이 버벅거리며 멈춥니다. 잠깐이겠거니 해도 계속 끊기면 짜증이 폭발하죠. 침대에 누워 편하게 유튜브를 보려니 와이파이 신호는 한 칸， 속도는 거북이걸음입니다. 심지어 재택근무 화상회의 중 ,CONTENT_ALIGNMENT_REQUIRED: 제목 키워드가 본문 앞부분에 없음 — 제목 수정 또는 본문 도입 개선
2026-08-06-products-auto-99b34b,https://honsamnote.co.kr/blog/2026-08-06-products-auto-99b34b/,"혼자 사는 직장인, 좁은 집에서도 허리 편한 홈 오피스? 인체공학 의자 vs 스탠딩 데스크 컨버터, 내게 맞는 선택은?",홈오피스 가구,비교형,KEYWORD_ABSENT_FROM_OPENING,no,no,yes,문제 상황 퇴근 후에도， 혹은 재택근무로 인해 집에서 업무를 이어가야 하는 1인 가구 직장인 여러분， 혹시 좁은 집 공간 때문에 식탁이나 심지어 침대에 기대어 구부정한 자세로 일하고 계신가요? 처음엔 괜찮다 싶겠지만， 얼마 지나지 않아 어깨는 결리고 허리는 쑤시는 통증,CONTENT_ALIGNMENT_REQUIRED: 제목 키워드가 본문 앞부분에 없음 — 제목 수정 또는 본문 도입 개선
2026-08-06-products-auto-9bb85c,https://honsamnote.co.kr/blog/2026-08-06-products-auto-9bb85c/,"혼자 사는 직장인, 좁은 집에 쌓인 짐 처리 난감하다면? 셀프 스토리지 vs 방문형 짐 보관 서비스, 내게 맞는 선택은?",1인 가구 짐 보관,비교형,KEYWORD_ABSENT_FROM_OPENING,no,yes,yes,문제 상황 퇴근 후 문을 열고 들어선 집， 포근해야 할 나만의 공간이 어째선지 답답하게 느껴질 때가 있습니다. 지난 계절 옷은 옷장 한켠을 꽉 채우고， 언젠가 시작하겠다며 사둔 취미 용품은 박스째 방구석에 쌓여 있죠. 여기에 부피 큰 캠핑 용품이나 이사할 때 버리기 아,CONTENT_ALIGNMENT_REQUIRED: 제목 키워드가 본문 앞부분에 없음 — 제목 수정 또는 본문 도입 개선
2026-08-06-products-auto-a2fa71,https://honsamnote.co.kr/blog/2026-08-06-products-auto-a2fa71/,1인 가구 에어컨 기준｜에어컨 냄새,1인 가구 에어컨,판단형,KEYWORD_ABSENT_FROM_OPENING,no,yes,yes,문제 상황 여름 퇴근 후， 꿉꿉하고 지쳐 에어컨을 켰습니다. 시원한 바람이 나오기는커녕， 어디선가 쿰쿰한 곰팡이 냄새가 코를 찌르네요. 왠지 목도 칼칼하고 재채기가 나올 것 같습니다. 혼자 사는 집이라 누구에게 부탁할 수도 없고， 직접 에어컨을 분해해서 청소하자니 엄두,CONTENT_ALIGNMENT_REQUIRED: 제목 키워드가 본문 앞부분에 없음 — 제목 수정 또는 본문 도입 개선
2026-08-06-products-auto-aad52f,https://honsamnote.co.kr/blog/2026-08-06-products-auto-aad52f/,"혼자 사는 직장인, 매일 입는 옷 관리 막막하다면? 의류관리기 vs. 핸디 스팀다리미, 내게 딱 맞는 선택은?",1인 가구 옷 관리,비교형,KEYWORD_ABSENT_FROM_OPENING,no,no,yes,"문제 상황 퇴근 후 현관문을 열고 들어서면， 어제 입었던 옷이 의자 위에 널브러져 있습니다. ""이거 오늘 또 입어야 하는데…"" 살짝 구김 가고 알 수 없는 냄새가 배어있지만， 그렇다고 매번 세탁소에 맡길 수도 없고， 주말마다 다림질할 시간은 더더욱 없습니다. 좁은 방에",CONTENT_ALIGNMENT_REQUIRED: 제목 키워드가 본문 앞부분에 없음 — 제목 수정 또는 본문 도입 개선
2026-08-06-products-auto-b3c106,https://honsamnote.co.kr/blog/2026-08-06-products-auto-b3c106/,1인 가구 도어록 방법｜스마트 도어록 설치,1인 가구 도어록,방법형,KEYWORD_ABSENT_FROM_OPENING,no,no,yes,문제 상황 퇴근 후 지친 몸을 이끌고 집에 도착했습니다. 한 손에는 회사 가방， 다른 한 손에는 마트에서 장 봐 온 무거운 비닐봉투가 들려 있죠. 비까지 주룩주룩 내리는 날이라면 우산까지 들고 있을 겁니다. 이제 현관문 앞에서 주머니나 가방을 뒤져 열쇠를 찾아야 합니다,CONTENT_ALIGNMENT_REQUIRED: 제목 키워드가 본문 앞부분에 없음 — 제목 수정 또는 본문 도입 개선
2026-08-06-products-auto-b9fc71,https://honsamnote.co.kr/blog/2026-08-06-products-auto-b9fc71/,"혼자 사는 직장인, 비싼 카페 커피 졸업하고 싶다면? 캡슐 커피 머신 vs 핸드드립, 나에게 딱 맞는 선택은?",1인 가구 커피,비교형,KEYWORD_ABSENT_FROM_OPENING,no,yes,no,문제 상황 출근길에 습관처럼 카페에 들러 커피 한 잔을 손에 쥐고 있어야 비로소 하루가 시작되는 것 같은 기분， 혼자 사는 직장인이라면 아마 공감하실 겁니다. 매일 5천 원 내외의 커피 한 잔은 큰돈이 아니라고 생각하지만， 한 달이면 10만 원이 훌쩍 넘는 지출로 이어,CONTENT_ALIGNMENT_REQUIRED: 제목 키워드가 본문 앞부분에 없음 — 제목 수정 또는 본문 도입 개선
2026-08-06-products-auto-be51b1,https://honsamnote.co.kr/blog/2026-08-06-products-auto-be51b1/,1인 가구 소화기 방법｜K급 소화기,1인 가구 소화기,방법형,KEYWORD_ABSENT_FROM_OPENING,no,yes,yes,문제 상황 퇴근 후 지친 몸을 이끌고 집에 들어서면， 잠시의 실수로 아찔한 순간을 마주할 때가 있습니다. 가스레인지에 올려둔 국을 깜빡하고 잠이 들 뻔하거나， 식용유를 쓰다가 갑자기 불이 붙어 당황한 경험， 혹시 있으신가요? 혼자 살다 보면 작은 부주의가 생각보다 쉽게,CONTENT_ALIGNMENT_REQUIRED: 제목 키워드가 본문 앞부분에 없음 — 제목 수정 또는 본문 도입 개선
2026-08-06-products-auto-f84639,https://honsamnote.co.kr/blog/2026-08-06-products-auto-f84639/,1인 가구 난방비 알아보기｜보일러 사용법,1인 가구 난방비,문제해결형,KEYWORD_ABSENT_FROM_OPENING,no,no,yes,문제 상황 칼바람이 부는 저녁， 퇴근 후 현관문을 열면 썰렁한 기운이 먼저 당신을 맞이합니다. 옷도 제대로 벗지 못한 채 보일러 온도 조절기를 만지작거리지만， 지난달 고지서에 찍힌 난방비 숫자가 머릿속을 스칩니다. '아， 또 보일러를 켜야 하는데... 지난달 난방비 폭,CONTENT_ALIGNMENT_REQUIRED: 제목 키워드가 본문 앞부분에 없음 — 제목 수정 또는 본문 도입 개선
2026-08-06-safety-auto-063890,https://honsamnote.co.kr/blog/2026-08-06-safety-auto-063890/,1인 가구 식중독 기준｜혼자 살 때 아플 때,1인 가구 식중독,판단형,KEYWORD_ABSENT_FROM_OPENING,no,yes,yes,문제 상황 금요일 저녁， 퇴근 후 배달 앱으로 맛있는 음식을 시켜 먹거나 냉장고 속 반찬으로 대충 때우고 잠이 들었습니다. 평화로운 주말을 기대하며 잠들었는데， 한밤중 갑자기 뱃속이 요동치기 시작합니다. 극심한 복통과 함께 열이 오르고， 구토와 설사가 멈추지 않아 화장,CONTENT_ALIGNMENT_REQUIRED: 제목 키워드가 본문 앞부분에 없음 — 제목 수정 또는 본문 도입 개선
2026-08-06-safety-auto-21374d,https://honsamnote.co.kr/blog/2026-08-06-safety-auto-21374d/,층간소음 대처 방법｜이웃소음 해결,층간소음 대처,방법형,KEYWORD_ABSENT_FROM_OPENING,no,yes,yes,문제 상황 늦은 밤， 겨우 퇴근해 몸을 뉘었지만 위층/옆집에서 들려오는 쿵쿵거리는 발소리， 늦은 시간의 시끄러운 대화， 혹은 텔레비전 소리에 잠이 오지 않습니다. 밤마다 이어지는 소음에 스트레스가 쌓이고， 다음 날 업무에도 지장이 생기기 시작합니다. 혼자 살다 보니 어,CONTENT_ALIGNMENT_REQUIRED: 제목 키워드가 본문 앞부분에 없음 — 제목 수정 또는 본문 도입 개선
2026-08-06-safety-auto-3d7ecc,https://honsamnote.co.kr/blog/2026-08-06-safety-auto-3d7ecc/,1인 가구 안전 해결 방법｜빈집털이 대처,1인 가구 안전,방법형,KEYWORD_ABSENT_FROM_OPENING,no,yes,yes,문제 상황 지친 몸을 이끌고 퇴근한 당신. 평소와 다름없이 현관에 다가서는데， 어딘가 낯선 분위기가 감돕니다. 현관문이 살짝 열려 있거나， 잠금장치에 미세한 긁힌 자국이 보입니다. 혹은 아무 생각 없이 문을 열었는데， 신발장이 평소와 다르게 어질러져 있고， 집 안이 묘,CONTENT_ALIGNMENT_REQUIRED: 제목 키워드가 본문 앞부분에 없음 — 제목 수정 또는 본문 도입 개선
2026-08-06-safety-auto-425601,https://honsamnote.co.kr/blog/2026-08-06-safety-auto-425601/,물 끊김 방법｜전기 끊김,물 끊김,방법형,KEYWORD_ABSENT_FROM_OPENING,no,yes,yes,문제 상황 금요일 저녁， 퇴근 후 따뜻한 물로 샤워하고 넷플릭스를 보며 여유를 만끽하려는데 갑자기 집안의 불이 픽 하고 꺼집니다. 혹은 땀 흘리고 들어와 시원한 물 한 잔 마시려는데 수돗꼭지에서 물 한 방울 나오지 않거나， 냉장고 속 식재료가 상할까 봐 걱정되는데 가스,CONTENT_ALIGNMENT_REQUIRED: 제목 키워드가 본문 앞부분에 없음 — 제목 수정 또는 본문 도입 개선
2026-08-06-safety-auto-5817e5,https://honsamnote.co.kr/blog/2026-08-06-safety-auto-5817e5/,1인가구 재난대비 체크리스트｜태풍 대비,1인가구 재난대비,체크형,KEYWORD_ABSENT_FROM_OPENING,no,no,yes,문제 상황 퇴근 후 평화로운 저녁， 뉴스에서 갑작스러운 태풍， 집중 호우， 혹은 강풍 예보를 접하면 혼자 사는 사람들은 걱정부터 앞섭니다. 옆집이나 아랫집에 피해를 주지 않을까， 우리 집 창문이 깨지지는 않을까， 혹시 전기가 나가면 어쩌지 하는 불안감에 사로잡히죠. 이,CONTENT_ALIGNMENT_REQUIRED: 제목 키워드가 본문 앞부분에 없음 — 제목 수정 또는 본문 도입 개선
2026-08-06-safety-auto-669f80,https://honsamnote.co.kr/blog/2026-08-06-safety-auto-669f80/,"혼자 사는 당신, 예기치 못한 사고에 재산 보호는? 일반 주택화재보험 vs. 1인 가구 맞춤 종합보험, 어떤 보험이 나에게 유리할까?",1인 가구 보험,비교형,KEYWORD_ABSENT_FROM_OPENING,no,no,yes,문제 상황 퇴근 후 문을 열고 들어선 집， 오늘은 유난히 아늑하고 안전하게 느껴집니다. 하지만 혼자 사는 삶은 예상치 못한 순간에 찾아오는 크고 작은 사고 앞에서 무방비해질 때가 있습니다. 이웃집 담배꽁초로 인한 화재로 내 소중한 가구가 타버리거나， 낡은 수도관이 터져,CONTENT_ALIGNMENT_REQUIRED: 제목 키워드가 본문 앞부분에 없음 — 제목 수정 또는 본문 도입 개선
2026-08-06-safety-auto-8dc9e3,https://honsamnote.co.kr/blog/2026-08-06-safety-auto-8dc9e3/,"혼자 사는 당신, 스마트 기기 많아 정전에 불안하다면? 휴대용 파워뱅크 vs. UPS, 나에게 맞는 정전 대비책은?",1인가구 정전,비교형,KEYWORD_ABSENT_FROM_OPENING,no,yes,yes,문제 상황 퇴근 후 오랜만에 집에서 쉬는 주말 밤， 막 요리를 시작하려는데 갑자기 집안의 모든 불이 '퍽' 하는 소리와 함께 꺼집니다. 칠흑 같은 어둠 속， 냉장고의 윙윙거림도， 공기청정기의 작동음도 멈췄죠. 가장 당황스러운 건， 인터넷 공유기가 먹통이 되어 스마트폰 ,CONTENT_ALIGNMENT_REQUIRED: 제목 키워드가 본문 앞부분에 없음 — 제목 수정 또는 본문 도입 개선
2026-08-06-safety-auto-97b7d5,https://honsamnote.co.kr/blog/2026-08-06-safety-auto-97b7d5/,지갑 잃어버렸을 때 해결 방법｜신분증 분실,지갑 잃어버렸을 때,방법형,KEYWORD_ABSENT_FROM_OPENING,no,yes,no,"문제 상황 계산을 하려는데 지갑이 없다. 주머니를 뒤지고， 가방을 아무리 찾아봐도 텅 빈 공간만 느껴질 뿐이다. 머릿속이 새하얘지면서 심장이 쿵 내려앉는다. ""언제 잃어버렸지?""， ""누가 주워 갔으면 어떡하지?""， ""내 신분증으로 무슨 일이 생기는 건 아닐까?"" 혼자 ",CONTENT_ALIGNMENT_REQUIRED: 제목 키워드가 본문 앞부분에 없음 — 제목 수정 또는 본문 도입 개선
2026-08-06-safety-auto-9df39e,https://honsamnote.co.kr/blog/2026-08-06-safety-auto-9df39e/,1인 가구 응급 해결 방법｜혼자 살다 아플 때,1인 가구 응급,방법형,KEYWORD_ABSENT_FROM_OPENING,no,yes,yes,문제 상황 퇴근 후 혼자만의 시간을 보내던 어느 저녁， 갑자기 심장이 조여드는 듯한 통증이 시작됩니다. 혹은 한쪽 팔다리에 힘이 쭉 빠지면서 말이 어눌해지는 섬뜩한 느낌이 들 수도 있고요. '내가 지금 응급상황인 건가? 나 혼자인데 어떡하지? 혹시 쓰러지면 누가 알까?,CONTENT_ALIGNMENT_REQUIRED: 제목 키워드가 본문 앞부분에 없음 — 제목 수정 또는 본문 도입 개선
2026-08-06-safety-auto-a5c266,https://honsamnote.co.kr/blog/2026-08-06-safety-auto-a5c266/,"혼자 사는 당신, 외출 중 갑자기 가스·누수 사고 걱정될 때? 스마트 가스 감지기 vs. 스마트 누수 센서, 나에게 맞는 원격 모니터링은?",1인 가구 안전,비교형,KEYWORD_ABSENT_FROM_OPENING,no,no,yes,"문제 상황 퇴근 후 오랜만에 떠난 주말 여행， 혹은 밤샘 야근으로 지쳐 집을 비우는 시간이 늘어날수록 문득 불안감이 밀려올 때가 있습니다. ""혹시 가스 밸브를 잠그지 않고 나왔나?""， ""오래된 세탁기 호스가 터져서 아랫집에 물난리가 나면 어쩌지?"" 혼자 사는 만큼， 내",CONTENT_ALIGNMENT_REQUIRED: 제목 키워드가 본문 앞부분에 없음 — 제목 수정 또는 본문 도입 개선
2026-08-06-safety-auto-b04dc4,https://honsamnote.co.kr/blog/2026-08-06-safety-auto-b04dc4/,배수구 막혔을 때 방법｜싱크대 역류,배수구 막혔을 때,방법형,KEYWORD_ABSENT_FROM_OPENING,no,yes,yes,문제 상황 평화로운 주말 저녁， 샤워를 하는데 발목까지 물이 차오르기 시작합니다. 혹은 퇴근 후 쌓인 설거지를 시작했는데， 싱크대 배수구에서 꾸역꾸역 물이 역류하며 끔찍한 냄새를 풍깁니다. 혼자 사는 집에서 예상치 못한 물바다 위기가 닥치면 순간 패닉에 빠지기 쉽습니다,CONTENT_ALIGNMENT_REQUIRED: 제목 키워드가 본문 앞부분에 없음 — 제목 수정 또는 본문 도입 개선
2026-08-06-safety-auto-b35351,https://honsamnote.co.kr/blog/2026-08-06-safety-auto-b35351/,방문자 응대 체크리스트｜현관문,방문자 응대,체크형,KEYWORD_ABSENT_FROM_OPENING,no,no,yes,"문제 상황 늦은 밤， 피곤한 몸을 이끌고 겨우 잠이 들었는데 갑자기 ""딩동!"" 현관 벨이 울립니다. 낮에도 예외는 아니죠. 주말 오후， 편안하게 쉬고 있는데 누군가 문을 두드립니다. 택배나 배달이 아니어서 의아하게 문밖을 살펴보니， 낯선 사람이 '○○점검 나왔다'， '",CONTENT_ALIGNMENT_REQUIRED: 제목 키워드가 본문 앞부분에 없음 — 제목 수정 또는 본문 도입 개선
2026-08-06-safety-auto-d2f981,https://honsamnote.co.kr/blog/2026-08-06-safety-auto-d2f981/,"혼자 사는 당신, 늦은 밤 귀갓길 불안할 때? 호신용 경보기 vs. 스마트폰 호신 앱, 나에게 맞는 선택은?",1인 가구 안전,비교형,KEYWORD_ABSENT_FROM_OPENING,no,yes,yes,문제 상황 퇴근 후 늦은 밤， 어둑한 골목길이나 인적이 드문 버스 정류장에서 집으로 향하는 발걸음이 무거워질 때가 있습니다. 이어폰 속 음악 소리마저 괜히 거슬리고， 뒤따라오는 발소리에 심장이 쿵 내려앉기도 하죠. 짧은 거리인데도 왜 그리 길게 느껴지는지. 혹시라도 무,CONTENT_ALIGNMENT_REQUIRED: 제목 키워드가 본문 앞부분에 없음 — 제목 수정 또는 본문 도입 개선
2026-08-06-safety-auto-ec7c17,https://honsamnote.co.kr/blog/2026-08-06-safety-auto-ec7c17/,"혼자 사는 당신, 겨울철 일산화탄소 걱정된다면? 일반형 vs. 스마트 CO 경보기, 나에게 맞는 안전 선택은?",일산화탄소 경보기,비교형,KEYWORD_ABSENT_FROM_OPENING,no,no,yes,문제 상황 차가운 밤， 퇴근 후 따뜻한 보일러나 난방기 덕분에 겨우 긴장이 풀리고 깊은 잠에 빠져듭니다. 그런데 문득， '혹시 보일러에 문제가 생기면 어쩌지?' 하는 불안감이 엄습합니다. 특히 혼자 사는 당신에게 일산화탄소는 '침묵의 살인자'라 불릴 만큼 눈에 보이지도,CONTENT_ALIGNMENT_REQUIRED: 제목 키워드가 본문 앞부분에 없음 — 제목 수정 또는 본문 도입 개선
2026-08-06-storage-auto-11ba62,https://honsamnote.co.kr/blog/2026-08-06-storage-auto-11ba62/,1인 가구 수납 비교｜원룸 수납,1인 가구 수납,비교형,KEYWORD_ABSENT_FROM_OPENING,no,yes,yes,문제 상황 퇴근 후 좁은 원룸에 들어서면， 옷가지가 쌓인 의자 옆으로 어제 입었던 재킷과 가방이 바닥에 놓여 있고， 택배 박스는 아직 정리되지 않은 채 공간 한편을 차지하고 있습니다. 소파에 몸을 던지려 해도 발 뻗을 공간이 마땅치 않아 작은 테이블에 겨우 발을 올립니,CONTENT_ALIGNMENT_REQUIRED: 제목 키워드가 본문 앞부분에 없음 — 제목 수정 또는 본문 도입 개선
2026-08-06-storage-auto-19a86d,https://honsamnote.co.kr/blog/2026-08-06-storage-auto-19a86d/,1인 가구 수납 가구 알아보기｜좁은 원룸 가구,1인 가구 수납 가구,문제해결형,KEYWORD_ABSENT_FROM_OPENING,no,yes,yes,"문제 상황 퇴근 후 좁은 원룸 현관문을 열고 들어설 때마다 한숨부터 나오시나요? 좁은 공간에 물건은 자꾸 늘어나는데， 그렇다고 아무 가구나 들여놓을 수는 없는 노릇입니다. ""새로운 책상 겸 수납장 하나 놓으면 딱 좋을 텐데…""， ""침대를 바꾸면서 아래에 수납도 되면 참",CONTENT_ALIGNMENT_REQUIRED: 제목 키워드가 본문 앞부분에 없음 — 제목 수정 또는 본문 도입 개선
2026-08-06-storage-auto-239c0d,https://honsamnote.co.kr/blog/2026-08-06-storage-auto-239c0d/,1인 가구 분리수거 해결 방법｜좁은 집 쓰레기,1인 가구 분리수거,방법형,KEYWORD_ABSENT_FROM_OPENING,no,no,yes,문제 상황 퇴근 후 현관문을 열고 들어서는 순간， 주방 한구석에 쌓인 플라스틱 배달 용기나 거실 테이블 밑에 어설프게 모아둔 종이 박스 더미가 눈에 들어오면 한숨부터 나옵니다. 바쁜 일상에 치여 매번 분리수거 날짜를 놓치거나， 버릴 재활용품을 좁은 집에 쌓아두다 보면 ,CONTENT_ALIGNMENT_REQUIRED: 제목 키워드가 본문 앞부분에 없음 — 제목 수정 또는 본문 도입 개선
2026-08-06-storage-auto-4e768a,https://honsamnote.co.kr/blog/2026-08-06-storage-auto-4e768a/,1인 가구 옷장 비교｜좁은 옷장 수납,1인 가구 옷장,비교형,KEYWORD_ABSENT_FROM_OPENING,no,no,yes,문제 상황 퇴근 후 문을 열면 좁은 원룸의 꽉 찬 옷장이 제일 먼저 눈에 들어옵니다. 매일 입는 정장과 주말 캐주얼， 가끔 꺼내 입는 코트까지 한데 엉켜 찾아 헤매다 보면 아침 출근 준비 시간이 길어지기 일쑤죠. 겨우 꾸역꾸역 넣어둔 옷들은 구겨지거나 뒤섞여 결국 침대,CONTENT_ALIGNMENT_REQUIRED: 제목 키워드가 본문 앞부분에 없음 — 제목 수정 또는 본문 도입 개선
2026-08-06-storage-auto-53c51c,https://honsamnote.co.kr/blog/2026-08-06-storage-auto-53c51c/,1인 가구 틈새 수납 비교｜초슬림 선반,1인 가구 틈새 수납,비교형,KEYWORD_ABSENT_FROM_OPENING,no,yes,yes,문제 상황 퇴근 후 좁은 원룸에 들어서면， 매일 보면서도 손대지 못하는 공간이 있습니다. 냉장고와 벽 사이의 10cm 남짓한 틈， 침대 옆 협탁도 놓기 애매한 어중간한 폭， 혹은 주방의 작은 빈 공간. 이 '버려진 틈새'에 자꾸만 쌓여가는 영수증， 읽다 만 잡지， 차 ,CONTENT_ALIGNMENT_REQUIRED: 제목 키워드가 본문 앞부분에 없음 — 제목 수정 또는 본문 도입 개선
2026-08-06-storage-auto-5477a3,https://honsamnote.co.kr/blog/2026-08-06-storage-auto-5477a3/,1인 가구 다림질 비교｜좁은 집 다리미,1인 가구 다림질,비교형,KEYWORD_ABSENT_FROM_OPENING,no,yes,yes,문제 상황 퇴근 후， 혹은 바쁜 출근길 아침. 어제 급하게 벗어두었거나 옷장에 넣어둔 블라우스나 셔츠가 잔뜩 구겨져 있는 걸 발견하면 한숨부터 나오시죠? 깔끔하게 차려입고 싶은데， 구겨진 옷을 그냥 입기는 찜찜하고， 그렇다고 커다란 다리미판을 좁은 원룸 한가운데 꺼내 ,CONTENT_ALIGNMENT_REQUIRED: 제목 키워드가 본문 앞부분에 없음 — 제목 수정 또는 본문 도입 개선
2026-08-06-storage-auto-772373,https://honsamnote.co.kr/blog/2026-08-06-storage-auto-772373/,1인 가구 캐리어 알아보기｜좁은 원룸 수납,1인 가구 캐리어,문제해결형,KEYWORD_ABSENT_FROM_OPENING,no,yes,no,문제 상황 모처럼의 연휴， 설레는 해외여행이나 출장을 마치고 돌아온 당신의 원룸. 짐 정리까지는 성공적으로 마쳤지만， 침대 옆 구석에 덩그러니 놓인 커다란 캐리어가 눈에 거슬립니다. 막상 버리자니 언젠가 또 쓸 일이 있을 것 같고， 옷장이나 수납장에 넣기에는 너무 커서,CONTENT_ALIGNMENT_REQUIRED: 제목 키워드가 본문 앞부분에 없음 — 제목 수정 또는 본문 도입 개선
2026-08-06-storage-auto-b1740f,https://honsamnote.co.kr/blog/2026-08-06-storage-auto-b1740f/,1인 가구 홈트 알아보기｜원룸 운동용품,1인 가구 홈트,문제해결형,KEYWORD_ABSENT_FROM_OPENING,no,yes,yes,문제 상황 퇴근 후， 스트레칭이라도 하고 싶은 마음에 거실 한가운데 매트를 펼쳤습니다. 운동을 마치고 나니 몸은 노곤한데， 매트를 다시 돌돌 말아 어디에 두어야 할지 막막합니다. 결국 대충 세워두거나 바닥 한쪽에 던져두기 일쑤죠. 그 옆에 덤벨과 폼롤러까지 더해지면 좁,CONTENT_ALIGNMENT_REQUIRED: 제목 키워드가 본문 앞부분에 없음 — 제목 수정 또는 본문 도입 개선
2026-08-06-storage-auto-bb011a,https://honsamnote.co.kr/blog/2026-08-06-storage-auto-bb011a/,1인 가구 대용량 구매 알아보기｜원룸 생활용품 보관,1인 가구 대용량 구매,문제해결형,KEYWORD_ABSENT_FROM_OPENING,no,no,yes,문제 상황 퇴근 후 지친 몸을 이끌고 마트에 들렀습니다. 온라인 쇼핑몰에서도 눈을 비비며 최저가와 묶음 할인을 찾습니다. 똑똑한 1인 가구 직장인이라면 당연히 대용량으로 구매해서 시간과 돈을 아끼고 싶겠죠. 하지만 막상 현관문을 열고 들어서는 순간， 거실 한구석에， 침,CONTENT_ALIGNMENT_REQUIRED: 제목 키워드가 본문 앞부분에 없음 — 제목 수정 또는 본문 도입 개선
2026-08-06-storage-auto-c14a3a,https://honsamnote.co.kr/blog/2026-08-06-storage-auto-c14a3a/,1인 가구 서류 정리 알아보기｜원룸 수납,1인 가구 서류 정리,문제해결형,KEYWORD_ABSENT_FROM_OPENING,no,yes,yes,문제 상황 퇴근 후 좁은 원룸에 돌아와 책상에 앉으면 한숨부터 나옵니다. 식탁으로도 쓰고， 업무 공간으로도 쓰는 유일한 그곳에 각종 종이들이 쌓여 있기 때문이죠. 은행 명세서， 공과금 고지서， 택배 송장， 가전제품 설명서， 병원 영수증， 언젠가 필요할지 모르는 보험 약,CONTENT_ALIGNMENT_REQUIRED: 제목 키워드가 본문 앞부분에 없음 — 제목 수정 또는 본문 도입 개선
2026-08-06-storage-auto-c25261,https://honsamnote.co.kr/blog/2026-08-06-storage-auto-c25261/,1인 가구 서랍 정리 비교｜서랍 칸막이,1인 가구 서랍 정리,비교형,KEYWORD_ABSENT_FROM_OPENING,no,yes,no,문제 상황 퇴근하고 집에 오면 몸이 천근만근인데， 다음 날 입을 양말 한 짝을 서랍 깊숙이 쑤셔 박아두는 바람에 온 서랍을 뒤집어엎고 있지는 않으신가요? 혹은 '분명 여기에 뒀는데…' 하면서 충전 케이블이나 명함 한 장을 찾느라 애꿎은 서랍만 멍하니 바라보고 있지는 않,CONTENT_ALIGNMENT_REQUIRED: 제목 키워드가 본문 앞부분에 없음 — 제목 수정 또는 본문 도입 개선
2026-08-06-storage-auto-d7c10d,https://honsamnote.co.kr/blog/2026-08-06-storage-auto-d7c10d/,1인 가구 수납 알아보기｜좁은 공간 수납,1인 가구 수납,문제해결형,KEYWORD_ABSENT_FROM_OPENING,no,yes,yes,문제 상황 퇴근 후 좁은 원룸 현관에 들어서면， 택배 상자 옆에 덩그러니 놓인 요가 매트가 보입니다. 옷장 옆 좁은 틈에는 재활용품 봉투가 수북이 쌓여 있고， 침대와 책상 사이 공간에는 계절 바뀐 이불이 임시로 자리 잡고 있죠. 이리저리 쌓인 애매한 물건들은 마치 '길,CONTENT_ALIGNMENT_REQUIRED: 제목 키워드가 본문 앞부분에 없음 — 제목 수정 또는 본문 도입 개선
2026-08-06-storage-auto-ddb1d8,https://honsamnote.co.kr/blog/2026-08-06-storage-auto-ddb1d8/,1인 가구 수납 해결 방법｜현관 정리,1인 가구 수납,방법형,KEYWORD_ABSENT_FROM_OPENING,no,no,yes,"문제 상황 바쁜 하루를 마치고 지친 몸을 이끌고 집에 들어서면， 손에 들린 지갑， 열쇠， 휴대폰 등 ‘일상 필수템’들이 그대로 바닥이나 식탁 위， 혹은 침대 옆 협탁에 ‘툭’ 던져지기 일쑤입니다. 잠시 쉬려는데 ""아， 열쇠 어디 있지?"" 하며 온 집안을 뒤지거나， 급한",CONTENT_ALIGNMENT_REQUIRED: 제목 키워드가 본문 앞부분에 없음 — 제목 수정 또는 본문 도입 개선
2026-08-06-storage-auto-ee77b8,https://honsamnote.co.kr/blog/2026-08-06-storage-auto-ee77b8/,좁은 집 알아보기｜빈 박스,좁은 집,문제해결형,KEYWORD_ABSENT_FROM_OPENING,no,yes,yes,문제 상황 퇴근 후 지친 몸을 이끌고 들어온 좁은 원룸. 현관 옆， 침대 밑， 옷장 위 빈 공간마다 제품 상자들이 쌓여 있습니다. '나중에 중고로 팔 때 필요하겠지'， '혹시 모를 AS를 위해'， '이사 갈 때 유용할 거야' 하는 생각에 버리지 못하고 하나둘 쌓아두었죠,CONTENT_ALIGNMENT_REQUIRED: 제목 키워드가 본문 앞부분에 없음 — 제목 수정 또는 본문 도입 개선
2026-08-07-cleaning-auto-21d8af,https://honsamnote.co.kr/blog/2026-08-07-cleaning-auto-21d8af/,다림질 매트 비교｜다리미판,다림질 매트,비교형,KEYWORD_ABSENT_FROM_OPENING,no,yes,no,문제 상황 매일 아침 출근 준비 시간， 옷장 속 구겨진 셔츠나 블라우스를 보면 한숨부터 나오죠. 멋진 옷을 입고 싶은데， 다림질은 늘 미루게 되는 번거로운 집안일 중 하나입니다. 좁은 원룸이나 오피스텔에서 덩치 큰 다리미판을 펼치자니 공간 차지하는 것도 만만치 않고， ,CONTENT_ALIGNMENT_REQUIRED: 제목 키워드가 본문 앞부분에 없음 — 제목 수정 또는 본문 도입 개선
2026-08-07-cleaning-auto-27a7fe,https://honsamnote.co.kr/blog/2026-08-07-cleaning-auto-27a7fe/,1인 가구 행주 비교｜일회용 행주,1인 가구 행주,비교형,KEYWORD_ABSENT_FROM_OPENING,no,yes,yes,문제 상황 퇴근 후 허기진 배를 채우고 나면， 늘 주방엔 흔적이 남습니다. 싱크대 주변의 물 자국， 식탁에 떨어진 음식 부스러기， 인덕션에 튄 기름때까지. 이 모든 걸 닦아낼 때마다 찝찝한 마음이 드는 게 바로 ‘행주’ 때문입니다. 축축한 상태로 널려있던 재사용 행주를,CONTENT_ALIGNMENT_REQUIRED: 제목 키워드가 본문 앞부분에 없음 — 제목 수정 또는 본문 도입 개선
2026-08-07-cleaning-auto-40f096,https://honsamnote.co.kr/blog/2026-08-07-cleaning-auto-40f096/,1인 가구 청소 비교｜가사 서비스,1인 가구 청소,비교형,KEYWORD_ABSENT_FROM_OPENING,no,yes,no,문제 상황 월요일 아침， 침대에서 겨우 몸을 일으켜 출근 준비를 합니다. 현관을 나서며 어제 미처 치우지 못한 설거지 더미， 거실 바닥에 굴러다니는 먼지뭉치， 널브러진 빨래를 보고 한숨을 쉽니다. 주말 내내 쉬지도 못하고 밀린 집안일과 씨름했지만， 완벽하게 해결하지 못,CONTENT_ALIGNMENT_REQUIRED: 제목 키워드가 본문 앞부분에 없음 — 제목 수정 또는 본문 도입 개선
2026-08-07-cleaning-auto-5100a8,https://honsamnote.co.kr/blog/2026-08-07-cleaning-auto-5100a8/,혼자 사는 세탁 비용 정리｜드라이클리닝 대체,혼자 사는 세탁,비용형,KEYWORD_ABSENT_FROM_OPENING,no,no,no,문제 상황 새로 산 예쁜 원피스나 아끼는 니트， 혹은 늘 입는 오피스룩 블라우스의 세탁 라벨을 확인했을 때， 동그라미 안에 'P' 또는 'F'가 새겨진 '드라이클리닝 전용' 심볼을 발견하고 한숨 쉬어본 경험， 다들 있으실 겁니다. 특히 혼자 사는 직장인에게는 이런 옷들,CONTENT_ALIGNMENT_REQUIRED: 제목 키워드가 본문 앞부분에 없음 — 제목 수정 또는 본문 도입 개선
2026-08-07-cleaning-auto-c3121d,https://honsamnote.co.kr/blog/2026-08-07-cleaning-auto-c3121d/,"혼자 사는 당신, 냉장고 속 퀴퀴한 냄새와 정체불명 식재료, 1시간 만에 깨끗하게 비우고 효율적으로 채우는 현실 솔루션",1인 가구 냉장고,문제해결형,KEYWORD_ABSENT_FROM_OPENING,no,yes,yes,"문제 상황 퇴근 후 지쳐서 냉장고 문을 열 때마다 한숨부터 나오시나요? 뭘 해 먹을지 한눈에 보이지 않고， 구석에는 언제 샀는지 기억도 안 나는 재료들이 굴러다닙니다. 유통기한 지난 반찬이 수북하고， 심지어 퀴퀴한 냄새까지 올라와 ""아， 언제 다 치우지?"" 하는 생각에",CONTENT_ALIGNMENT_REQUIRED: 제목 키워드가 본문 앞부분에 없음 — 제목 수정 또는 본문 도입 개선
2026-08-07-cleaning-auto-cb5dfe,https://honsamnote.co.kr/blog/2026-08-07-cleaning-auto-cb5dfe/,혼자 사는 오븐 청소 알아보기｜오븐 찌든 때,혼자 사는 오븐 청소,문제해결형,KEYWORD_ABSENT_FROM_OPENING,no,yes,yes,"문제 상황 퇴근 후 지쳐서 컵라면 하나 끓여 먹고 멍하니 소파에 앉아 있는데， 문득 지난 주말 해 먹었던 에어프라이어 치킨이 떠오릅니다. ""그래， 모처럼 쉬는 날이니까 오븐에 근사한 요리나 해볼까?"" 마음먹고 오븐 문을 스르륵 여는 순간， 으악! 안쪽 벽과 바닥에 눌어",CONTENT_ALIGNMENT_REQUIRED: 제목 키워드가 본문 앞부분에 없음 — 제목 수정 또는 본문 도입 개선
2026-08-07-cleaning-auto-d3c72b,https://honsamnote.co.kr/blog/2026-08-07-cleaning-auto-d3c72b/,변기 얼룩 제거 알아보기｜변기 물때 청소,변기 얼룩 제거,문제해결형,KEYWORD_ABSENT_FROM_OPENING,no,yes,yes,문제 상황 퇴근 후 지친 몸을 이끌고 화장실에 들어선 당신. 잠시 고개를 숙여 변기를 확인하는데， 어김없이 물속에 자리 잡은 보기 싫은 노란색 고리， 혹은 물 라인을 따라 띠처럼 생긴 거뭇한 물때가 눈에 거슬립니다. '아， 저거 언제 치우지...' 피로감이 더해지면서 ,CONTENT_ALIGNMENT_REQUIRED: 제목 키워드가 본문 앞부분에 없음 — 제목 수정 또는 본문 도입 개선
2026-08-07-cleaning-auto-e52e72,https://honsamnote.co.kr/blog/2026-08-07-cleaning-auto-e52e72/,커튼 먼지 제거 알아보기｜커튼 세탁 주기,커튼 먼지 제거,문제해결형,KEYWORD_ABSENT_FROM_OPENING,no,yes,no,문제 상황 주말 늦잠 후 문득 베란다 쪽으로 시선을 돌렸을 때， 창가에 드리워진 커튼 위로 뿌옇게 내려앉은 먼지를 발견합니다. 환기를 자주 한다고 하는데도 어딘가 퀘퀘한 냄새가 나는 것 같기도 하고， 햇살을 받아 먼지가 춤추는 모습에 미간이 찌푸려집니다. '이 커튼， ,CONTENT_ALIGNMENT_REQUIRED: 제목 키워드가 본문 앞부분에 없음 — 제목 수정 또는 본문 도입 개선
2026-08-07-cleaning-auto-ef484e,https://honsamnote.co.kr/blog/2026-08-07-cleaning-auto-ef484e/,1인 가구 침구 세탁 알아보기｜베개 세탁 주기,1인 가구 침구 세탁,문제해결형,KEYWORD_ABSENT_FROM_OPENING,no,yes,yes,문제 상황 퇴근 후 지친 몸을 이끌고 침대에 눕는 순간， '이불 냄새가 왠지 꿉꿉한데?'， '베개가 누렇게 변한 것 같은데?'， '피부가 요즘 자꾸 가렵네?' 같은 생각이 든 적 있으신가요? 혼자 살다 보면 매일 쓰는 침구류는 세탁 주기를 놓치기 쉽고， 막상 빨려고 해,CONTENT_ALIGNMENT_REQUIRED: 제목 키워드가 본문 앞부분에 없음 — 제목 수정 또는 본문 도입 개선
2026-08-07-cleaning-auto-f340ae,https://honsamnote.co.kr/blog/2026-08-07-cleaning-auto-f340ae/,혼자사는직장인 냉장고 방법｜냉장고 냄새 제거,혼자사는직장인 냉장고,방법형,KEYWORD_ABSENT_FROM_OPENING,no,yes,yes,문제 상황 퇴근 후 문을 연 냉장고에서 퀴퀴한 냄새가 확 풍겨옵니다. 언제 샀는지 기억도 안 나는 플라스틱 용기 속 정체불명의 반찬， 서랍 깊숙이 박혀 있던 시들시들한 채소， 유통기한이 한참 지난 소스들… 1인 가구 냉장고가 언제부턴가 '음식물 보관함'이 아닌 '유물 ,CONTENT_ALIGNMENT_REQUIRED: 제목 키워드가 본문 앞부분에 없음 — 제목 수정 또는 본문 도입 개선
2026-08-07-cleaning-auto-f46339,https://honsamnote.co.kr/blog/2026-08-07-cleaning-auto-f46339/,화장실 환풍기 냄새 알아보기｜환풍기 청소 주기,화장실 환풍기 냄새,문제해결형,KEYWORD_ABSENT_FROM_OPENING,no,yes,yes,문제 상황 퇴근 후， 습관처럼 화장실 문을 열자마자 코끝을 찌르는 퀴퀴한 냄새에 미간을 찌푸린 경험， 혼자 사는 당신이라면 한두 번이 아닐 겁니다. 샤워 후에도 거울의 김은 좀처럼 가시지 않고， 왠지 모르게 축축한 공기가 계속 머무는 느낌이 들죠. 분명 환풍기를 열심히,CONTENT_ALIGNMENT_REQUIRED: 제목 키워드가 본문 앞부분에 없음 — 제목 수정 또는 본문 도입 개선
2026-08-07-cost-auto-0c25d9,https://honsamnote.co.kr/blog/2026-08-07-cost-auto-0c25d9/,"혼자 사는 직장인, 매달 알게 모르게 새는 퍼스널 케어 비용! 나에게 딱 맞는 '스마트 지출'로 피부도 지갑도 지키는 법",1인 가구 생활비,비용형,KEYWORD_ABSENT_FROM_OPENING,no,no,yes,문제 상황 퇴근 후 지친 몸으로 집에 돌아와 샤워를 하고 화장대 앞에 앉아봅니다. 어제는 좋다는 말에 샀던 비타민 세럼， 그제는 인플루언서가 추천했던 수분 크림， 그 이전엔 피부가 예민할 때 쓴다는 토너... 하나둘 늘어난 제품들로 화장대는 이미 포화 상태죠. 욕실도 ,CONTENT_ALIGNMENT_REQUIRED: 제목 키워드가 본문 앞부분에 없음 — 제목 수정 또는 본문 도입 개선
2026-08-07-cost-auto-24b43b,https://honsamnote.co.kr/blog/2026-08-07-cost-auto-24b43b/,"혼자 사는 직장인, 쌓여가는 먼지에 한숨만 나온다면? 로봇청소기 vs 일반 청소기, 내게 맞는 효율적인 청소법은?",1인 가구 청소,비교형,KEYWORD_ABSENT_FROM_OPENING,no,yes,yes,문제 상황 퇴근 후 현관문을 열고 들어서는 순간， 바닥에 쌓인 먼지와 머리카락에 한숨부터 나옵니다. '내일 치우지 뭐' 생각하지만 그 '내일'은 좀처럼 오지 않고， 주말에는 겨우 쉬는 날인데 청소에 귀한 시간을 쓰고 싶지 않죠. 매일 바닥을 쓸고 닦을 시간도， 체력도 ,CONTENT_ALIGNMENT_REQUIRED: 제목 키워드가 본문 앞부분에 없음 — 제목 수정 또는 본문 도입 개선
2026-08-07-cost-auto-431981,https://honsamnote.co.kr/blog/2026-08-07-cost-auto-431981/,"혼자 사는 직장인, 덥고 추울 때마다 전기요금 폭탄 걱정된다면? 숨은 전력 도둑 잡고 요금 확 줄이는 3단계 전략",1인 가구 전기요금,비용형,KEYWORD_ABSENT_FROM_OPENING,no,no,no,"문제 상황 ""분명 아침에 불도 다 끄고 나왔고， 집에 있는 시간도 별로 없는데 왜 이렇게 전기요금이 많이 나오지?"" 여름엔 에어컨， 겨울엔 전기장판이나 보조 난방기 때문에 매달 나오는 전기요금 고지서를 보며 한숨 쉬는 분들이 많을 겁니다. 특히 혼자 사는 직장인이라면 ",CONTENT_ALIGNMENT_REQUIRED: 제목 키워드가 본문 앞부분에 없음 — 제목 수정 또는 본문 도입 개선
2026-08-07-cost-auto-7256ba,https://honsamnote.co.kr/blog/2026-08-07-cost-auto-7256ba/,"혼자 사는 직장인, 안 쓰는 대형 가구/가전 버리려니 막막하다면? 무료 수거 vs 유료 폐기, 돈 아끼는 현명한 처분 전략",1인 가구 대형 폐기물,비교형,KEYWORD_ABSENT_FROM_OPENING,no,no,no,문제 상황 드디어 마음먹고 집안 정리 대작전을 펼쳤는데， 낡은 3단 서랍장이나 수명을 다한 소형 냉장고가 발목을 잡습니다. 이놈의 짐덩이를 어떻게 처리해야 할지 막막하기만 합니다. 혼자 옮기기에는 너무 무겁고， 그렇다고 무작정 버렸다가는 벌금을 물 수도 있다는 불안감에,CONTENT_ALIGNMENT_REQUIRED: 제목 키워드가 본문 앞부분에 없음 — 제목 수정 또는 본문 도입 개선
2026-08-07-cost-auto-811cef,https://honsamnote.co.kr/blog/2026-08-07-cost-auto-811cef/,일회용품 줄이기 비교｜다회용품 선택,일회용품 줄이기,비교형,KEYWORD_ABSENT_FROM_OPENING,no,yes,yes,"문제 상황 퇴근 후 지친 몸으로 집에 돌아와 겨우 저녁을 챙겨 먹고 나면， 싱크대엔 설거지거리가 쌓이고 화장대엔 먼지가 소복합니다. 이때 ""슥슥 닦고 버리면 끝!""인 일회용 물티슈나 키친타월， 간편한 일회용 행주는 정말 유혹적이죠. 편리함에 이끌려 집어 든 일회용품이 ",CONTENT_ALIGNMENT_REQUIRED: 제목 키워드가 본문 앞부분에 없음 — 제목 수정 또는 본문 도입 개선
2026-08-07-cost-auto-846842,https://honsamnote.co.kr/blog/2026-08-07-cost-auto-846842/,"혼자 사는 직장인, 예상치 못한 사고에 내 물건 다 날아갈까 봐 불안하다면? 1인 가구 주택화재보험(세입자 보험), 과연 돈 값 할까?",1인 가구 주택화재보험,질문형,KEYWORD_ABSENT_FROM_OPENING,no,no,no,문제 상황 퇴근하고 집에 왔는데， 윗집에서 터진 보일러 배관으로 천장에서 물이 뚝뚝 떨어지고 있다고 상상해 보세요. 젖어버린 내 침대와 노트북， 그리고 새로 산 옷들이 엉망진창입니다. 아니면 더 극단적으로， 생각하기도 싫지만 작은 부주의로 우리 집에서 불이 나서 애써 ,CONTENT_ALIGNMENT_REQUIRED: 제목 키워드가 본문 앞부분에 없음 — 제목 수정 또는 본문 도입 개선
2026-08-07-cost-auto-b1ff82,https://honsamnote.co.kr/blog/2026-08-07-cost-auto-b1ff82/,"혼자 사는 직장인, 매달 나가는 미용실 비용이 부담된다면? 저렴한 동네 미용실 vs 프랜차이즈 vs 셀프, 후회 없는 선택 가이드",1인 가구 미용실,비교형,KEYWORD_ABSENT_FROM_OPENING,no,yes,yes,"문제 상황 퇴근 후 지친 몸을 이끌고 집에 왔을 때， 거울 속 부스스한 머리를 보면 한숨부터 나오시죠? 깔끔하게 정리하고 싶지만， 매번 5~7만원씩 하는 미용실 비용은 부담스럽습니다. ""굳이 이렇게 비싼 곳에 가야 하나?""， ""좀 더 저렴한 곳은 없을까?""， ""아니면 ",CONTENT_ALIGNMENT_REQUIRED: 제목 키워드가 본문 앞부분에 없음 — 제목 수정 또는 본문 도입 개선
2026-08-07-cost-auto-d674a8,https://honsamnote.co.kr/blog/2026-08-07-cost-auto-d674a8/,1인 가구 빨래 비교｜건조기 추천,1인 가구 빨래,비교형,KEYWORD_ABSENT_FROM_OPENING,no,no,yes,문제 상황 퇴근 후 밀린 빨래를 마치고 나면， 이제 어디에 널어야 할지가 막막해집니다. 좁은 원룸이나 오피스텔에서 빨래 건조는 늘 숙제죠. 창문은 작고 환기는 잘 안 되는데， 비라도 오거나 미세먼지가 심한 날에는 답이 없습니다. 베란다가 없는 집이라면 방 한구석에 겨우,CONTENT_ALIGNMENT_REQUIRED: 제목 키워드가 본문 앞부분에 없음 — 제목 수정 또는 본문 도입 개선
2026-08-07-cost-auto-efcd2f,https://honsamnote.co.kr/blog/2026-08-07-cost-auto-efcd2f/,"혼자 사는 직장인, 사랑하는 반려동물 병원비 폭탄 걱정된다면? 펫보험 vs 예방 관리, 내게 맞는 최적의 선택은?",반려동물 병원비,비교형,KEYWORD_ABSENT_FROM_OPENING,no,yes,yes,문제 상황 퇴근 후 지친 몸을 이끌고 현관문을 열었을 때， 꼬리 흔들며 반겨주는 우리 집 강아지(혹은 고양이). 혼자 사는 삶의 가장 큰 위로이자 기쁨이죠. 그런데 어느 날 갑자기 아이가 평소와 다르게 힘이 없거나， 구토를 한다면? 가슴이 철렁 내려앉는 동시에 머릿속은,CONTENT_ALIGNMENT_REQUIRED: 제목 키워드가 본문 앞부분에 없음 — 제목 수정 또는 본문 도입 개선
2026-08-07-food-auto-0e8387,https://honsamnote.co.kr/blog/2026-08-07-food-auto-0e8387/,1인 가구 배달 음식 해결 방법｜배달음식 소분,1인 가구 배달 음식,방법형,KEYWORD_ABSENT_FROM_OPENING,no,no,yes,문제 상황 퇴근 후 지쳐서 휴대폰을 쥐고 배달 앱을 켰습니다. 분명 간단하게 한 끼 해결하려 했는데， 어딘가 허전하고 아쉬운 마음에 '최소 주문 금액'에 맞춰 이것저것 담다 보니 어느새 푸짐한 한 상이 되어버렸죠. 음식이 도착하면 너무 많아서 한 끼에 다 먹기는 역부족,CONTENT_ALIGNMENT_REQUIRED: 제목 키워드가 본문 앞부분에 없음 — 제목 수정 또는 본문 도입 개선
2026-08-07-food-auto-13d75f,https://honsamnote.co.kr/blog/2026-08-07-food-auto-13d75f/,"1인 가구 직장인, 냉장고/팬트리 속 '유통기한 지난 미개봉 가공식품' 앞에서 망설일 때: 버릴까? 먹을까? 안전하게 판단하고 알뜰하게 활용하는 법",1인 가구 식재료,판단형,KEYWORD_ABSENT_FROM_OPENING,no,yes,yes,"문제 상황 퇴근 후 지친 몸을 이끌고 냉장고나 팬트리 문을 열었다가 익숙하면서도 곤란한 풍경을 발견하셨나요? ""어? 이게 아직 있었네?"" 새까맣게 잊고 있던 통조림， 소스류， 혹은 레토르트 파우치 같은 가공식품이 눈에 띕니다. 그런데， 이런， 포장지를 보니 '유통기한:",CONTENT_ALIGNMENT_REQUIRED: 제목 키워드가 본문 앞부분에 없음 — 제목 수정 또는 본문 도입 개선
2026-08-07-food-auto-18079e,https://honsamnote.co.kr/blog/2026-08-07-food-auto-18079e/,1인 가구 저녁 비교｜혼밥 메뉴 고민,1인 가구 저녁,비교형,KEYWORD_ABSENT_FROM_OPENING,no,no,yes,문제 상황 퇴근 후 현관문을 열면， 몸은 이미 방전 직전인데 배에서는 꼬르륵 소리가 납니다. 냉장고를 열어봐도 마땅히 해 먹을 만한 게 없거나， 요리할 엄두조차 나지 않습니다. 배달 앱을 켜면 화려한 음식 사진들이 유혹하지만， 매번 시키는 배달비와 만만치 않은 가격에 ,CONTENT_ALIGNMENT_REQUIRED: 제목 키워드가 본문 앞부분에 없음 — 제목 수정 또는 본문 도입 개선
2026-08-07-food-auto-44e578,https://honsamnote.co.kr/blog/2026-08-07-food-auto-44e578/,1인 가구 식재료 알아보기｜남은 식재료 활용,1인 가구 식재료,문제해결형,KEYWORD_ABSENT_FROM_OPENING,no,yes,yes,"문제 상황 퇴근 후 유튜브에서 본 근사한 레시피에 꽂혔습니다. ""이번 주말엔 나도 근사한 요리!""라는 생각에 평소엔 엄두도 못 내던 트러플 오일， 샤프란， 아니면 희귀한 치즈 같은 비싼 식재료를 큰맘 먹고 구매했죠. 그런데 막상 요리하고 나니 남은 양이 애매합니다. 한",CONTENT_ALIGNMENT_REQUIRED: 제목 키워드가 본문 앞부분에 없음 — 제목 수정 또는 본문 도입 개선
2026-08-07-food-auto-78eff9,https://honsamnote.co.kr/blog/2026-08-07-food-auto-78eff9/,1인 가구 식기세척기 비교｜미니 식기세척기,1인 가구 식기세척기,비교형,KEYWORD_ABSENT_FROM_OPENING,no,no,yes,문제 상황 퇴근 후 지친 몸을 이끌고 간단한 저녁 한 끼를 해 먹었습니다. 그런데 만족감은 잠시， 싱크대에 쌓인 냄비와 그릇 몇 개가 마치 산더미처럼 느껴집니다. '이거 몇 개 되지도 않는데... 나중에 해야지'라는 생각으로 미루다 보면， 다음 날 아침 굳어버린 음식물,CONTENT_ALIGNMENT_REQUIRED: 제목 키워드가 본문 앞부분에 없음 — 제목 수정 또는 본문 도입 개선
2026-08-07-food-auto-9b0d72,https://honsamnote.co.kr/blog/2026-08-07-food-auto-9b0d72/,혼자 사는 직장인 식재료 관리 해결 방법｜좁은 주방 수납,혼자 사는 직장인 식재료 관리,방법형,KEYWORD_ABSENT_FROM_OPENING,no,no,no,문제 상황 퇴근하고 집에 오면 녹초가 되어 쓰러지기 바쁜데， 주방은 언제나 꽉 차 있습니다. 혼자 살다 보니 전용 팬트리 공간은 꿈도 못 꾸고， 싱크대 상부장， 하부장은 이미 냄비와 그릇으로 포화상태죠. 그러다 보니 간편식， 라면， 통조림， 각종 소스류 같은 식료품들이,CONTENT_ALIGNMENT_REQUIRED: 제목 키워드가 본문 앞부분에 없음 — 제목 수정 또는 본문 도입 개선
2026-08-07-food-auto-bb56bf,https://honsamnote.co.kr/blog/2026-08-07-food-auto-bb56bf/,1인 가구 식재료 기준｜애매한 식재료,1인 가구 식재료,판단형,KEYWORD_ABSENT_FROM_OPENING,no,yes,yes,문제 상황 퇴근 후 지친 몸을 이끌고 냉장고 문을 엽니다. 뭔가 간단히 해 먹으려는데， 지난주에 사둔 시금치 잎 끝이 축 처져 있거나， 냉장고 안쪽에 처박혀 있던 과일에 희미하게 곰팡이 기미가 보입니다. 며칠 전에 개봉한 우유는 냄새가 묘하게 시큼한 것 같기도 합니다.,CONTENT_ALIGNMENT_REQUIRED: 제목 키워드가 본문 앞부분에 없음 — 제목 수정 또는 본문 도입 개선
2026-08-07-food-auto-c3ab2b,https://honsamnote.co.kr/blog/2026-08-07-food-auto-c3ab2b/,냉동식품 비교｜간편식,냉동식품,비교형,KEYWORD_ABSENT_FROM_OPENING,no,yes,yes,문제 상황 퇴근 후 지친 몸을 이끌고 집에 도착했을 때， 냉동실에서 꺼낸 간편식이나 어제 먹다 남은 반찬을 보며 한숨 쉬는 분들이 많을 겁니다. ‘뭘로 데워야 제일 맛있고 간편할까?’라는 고민은 1인 가구의 영원한 숙제죠. 전자레인지는 획기적으로 빠르지만， 튀김류나 빵,CONTENT_ALIGNMENT_REQUIRED: 제목 키워드가 본문 앞부분에 없음 — 제목 수정 또는 본문 도입 개선
2026-08-07-food-auto-e08b8c,https://honsamnote.co.kr/blog/2026-08-07-food-auto-e08b8c/,1인 가구 식사 해결 방법｜냉동 간편식,1인 가구 식사,방법형,KEYWORD_ABSENT_FROM_OPENING,no,yes,yes,"문제 상황 퇴근 후 현관문을 열고 들어서는 순간， 몸은 천근만근인데 배에서는 꼬르륵 소리가 납니다. 냉장고 문을 열어보니 사다 놓은 식재료는 언제 다 먹을지 막막하고， 냉동실에는 이름 모를 간편식 몇 개가 자리 잡고 있죠. ""이대로 대충 때울까， 그래도 집밥을 해 먹을",CONTENT_ALIGNMENT_REQUIRED: 제목 키워드가 본문 앞부분에 없음 — 제목 수정 또는 본문 도입 개선
2026-08-07-food-auto-f5cf37,https://honsamnote.co.kr/blog/2026-08-07-food-auto-f5cf37/,1인 가구 밀키트 비교｜소량 식재료,1인 가구 밀키트,비교형,KEYWORD_ABSENT_FROM_OPENING,no,yes,yes,문제 상황 퇴근 후 유튜브를 보다가 갑자기 뜨끈한 김치찌개가 너무 당깁니다. 오랜만에 직접 끓여볼까 싶은데， 냉장고를 열어보니 김치는 물론이고 돼지고기， 두부， 파， 양파 등 재료가 하나도 없습니다. 당장 마트에 가서 사 와야 하는데， 김치 한 포기， 두부 한 모， 돼,CONTENT_ALIGNMENT_REQUIRED: 제목 키워드가 본문 앞부분에 없음 — 제목 수정 또는 본문 도입 개선
2026-08-07-housing-auto-0bc6a2,https://honsamnote.co.kr/blog/2026-08-07-housing-auto-0bc6a2/,"혼자 사는 직장인, 좁은 집 짐 처치 곤란? 셀프 스토리지 vs 비우기, 내 돈 아끼는 현명한 선택 가이드",1인 가구 짐 정리,비교형,KEYWORD_ABSENT_FROM_OPENING,no,yes,no,문제 상황 퇴근하고 겨우 몸을 뉘인 좁은 원룸. 그런데 어딘가 모르게 답답하고 어수선합니다. 침대 위에는 몇 번 입고 벗어둔 옷가지가 쌓여있고， 책상 위는 언젠가 쓸 것 같은 서류와 소품들로 빼곡하죠. 계절이 바뀌어 옷장 문을 열면 안 입는 옷들이 쏟아져 내리고， 이사,CONTENT_ALIGNMENT_REQUIRED: 제목 키워드가 본문 앞부분에 없음 — 제목 수정 또는 본문 도입 개선
2026-08-07-housing-auto-5dd703,https://honsamnote.co.kr/blog/2026-08-07-housing-auto-5dd703/,"혼자 사는 직장인, 갑자기 이사 가야 하는데 다음 세입자 직접 구하라니? 계약 중도 해지 부담 줄이는 현실적인 방법",1인 가구 중도 해지,방법형,KEYWORD_ABSENT_FROM_OPENING,no,yes,yes,문제 상황 갑작스러운 인사이동， 가족의 건강 문제， 혹은 예상치 못한 개인 사정으로 지금 살고 있는 집에서 서둘러 이사 가야 하는 상황이 생겼습니다. 집주인에게 사정을 말하고 계약 해지를 통보했지만， 돌아온 대답은 “새로운 세입자를 직접 구해서 나가세요. 그리고 부동산,CONTENT_ALIGNMENT_REQUIRED: 제목 키워드가 본문 앞부분에 없음 — 제목 수정 또는 본문 도입 개선
2026-08-07-housing-auto-baa8f0,https://honsamnote.co.kr/blog/2026-08-07-housing-auto-baa8f0/,"혼자 사는 직장인, 습한 내 방에 곰팡이가 피었다면? 덮어두지 말고 원인 찾아 건강 지키는 현실 해결책",1인 가구 곰팡이,질문형,KEYWORD_ABSENT_FROM_OPENING,no,no,yes,문제 상황 퇴근 후 지친 몸을 이끌고 들어온 원룸. 어느새 방 한구석， 옷장 뒤 벽지나 창문 틈새에 거뭇거뭇한 그림자가 드리워져 있습니다. 처음엔 작고 희미했던 것이 슬금슬금 면적을 넓히더니 이제는 퀴퀴한 곰팡이 냄새까지 진동합니다. 바쁘게 살다 보니 환기나 제습에 신,CONTENT_ALIGNMENT_REQUIRED: 제목 키워드가 본문 앞부분에 없음 — 제목 수정 또는 본문 도입 개선
2026-08-07-housing-auto-e33294,https://honsamnote.co.kr/blog/2026-08-07-housing-auto-e33294/,입주 하자 방법｜전월세 계약,입주 하자,방법형,KEYWORD_ABSENT_FROM_OPENING,no,no,yes,"문제 상황 퇴근 후 오랜만에 따뜻한 물로 샤워를 하고 있는데， 갑자기 화장실 천장에서 물방울이 뚝뚝 떨어집니다. 혹은 애지중지 아끼는 가구 배치를 위해 침대 옆 벽면을 정리하다가， 평소에는 가려져 있던 벽지에 끈적한 곰팡이가 피어오른 것을 발견합니다. ""이사 온 지 며",CONTENT_ALIGNMENT_REQUIRED: 제목 키워드가 본문 앞부분에 없음 — 제목 수정 또는 본문 도입 개선
2026-08-07-housing-auto-eb35f1,https://honsamnote.co.kr/blog/2026-08-07-housing-auto-eb35f1/,"혼자 사는 직장인, 우리 집 소소한 고장! 매번 사람 부를까, 직접 고쳐볼까? DIY vs. 출장 수리, 내 돈 아끼는 현명한 선택 가이드",혼자 살기,비교형,KEYWORD_ABSENT_FROM_OPENING,no,no,no,문제 상황 퇴근하고 집에 왔는데 화장실 배수구가 막혀 물이 잘 안 내려가거나， 싱크대 수도꼭지에서 물이 뚝뚝 떨어지는 소리가 거슬릴 때， 혹은 갑자기 전등이 깜빡거리다 꺼져버릴 때. 혼자 사는 직장인이라면 이런 소소한 집 고장에 난감함을 느껴본 적 많으실 겁니다. 매번,CONTENT_ALIGNMENT_REQUIRED: 제목 키워드가 본문 앞부분에 없음 — 제목 수정 또는 본문 도입 개선
2026-08-07-lifestyle-auto-0b115c,https://honsamnote.co.kr/blog/2026-08-07-lifestyle-auto-0b115c/,1인 가구 감정 해소 비교｜심리 상담 비용,1인 가구 감정 해소,비교형,KEYWORD_ABSENT_FROM_OPENING,no,no,yes,문제 상황 바쁜 하루를 마치고 혼자만의 공간에 들어서는 순간， 갑자기 밀려오는 감정의 파고에 당황스러울 때가 있습니다. 회사에서의 인간관계， 미래에 대한 불안감， 해결되지 않은 과거의 응어리… 이런저런 생각들이 머릿속을 맴돌지만， 막상 털어놓을 곳은 마땅치 않습니다. ,CONTENT_ALIGNMENT_REQUIRED: 제목 키워드가 본문 앞부분에 없음 — 제목 수정 또는 본문 도입 개선
2026-08-07-lifestyle-auto-6d2617,https://honsamnote.co.kr/blog/2026-08-07-lifestyle-auto-6d2617/,1인가구 반려동물 알아보기｜반려동물 입양,1인가구 반려동물,문제해결형,KEYWORD_ABSENT_FROM_OPENING,no,no,yes,문제 상황 퇴근 후 문을 열고 들어선 집은 텅 비어 있습니다. 온종일 시달린 회사 업무의 피로와 함께 찾아오는 적막감은 유독 혼자 사는 사람에게 더 크게 다가오곤 하죠. 스마트폰 스크롤을 내리다 마주친 강아지， 고양이의 사랑스러운 모습에 저절로 미소가 번지지만， 이내 ,CONTENT_ALIGNMENT_REQUIRED: 제목 키워드가 본문 앞부분에 없음 — 제목 수정 또는 본문 도입 개선
2026-08-07-lifestyle-auto-6e452d,https://honsamnote.co.kr/blog/2026-08-07-lifestyle-auto-6e452d/,이웃 부담 알아보기｜낯선 이웃,이웃 부담,문제해결형,KEYWORD_ABSENT_FROM_OPENING,no,yes,no,"문제 상황 퇴근하고 집에 들어서는데， 낯선 이웃이 갑자기 복도에서 말을 걸어옵니다. ""어휴， 늦게까지 일하시네요?""， ""주말에 집에 계세요?"" 같은 사적인 질문에 뭐라 답해야 할지 머뭇거리게 됩니다. 한두 번은 그러려니 했는데， 이제는 택배를 받았다며 초인종을 누르고 ",CONTENT_ALIGNMENT_REQUIRED: 제목 키워드가 본문 앞부분에 없음 — 제목 수정 또는 본문 도입 개선
2026-08-07-lifestyle-auto-c39ec1,https://honsamnote.co.kr/blog/2026-08-07-lifestyle-auto-c39ec1/,1인 가구 시간 낭비 알아보기｜퇴근 후 무의미한 스크롤링,1인 가구 시간 낭비,문제해결형,KEYWORD_ABSENT_FROM_OPENING,no,yes,no,문제 상황 금요일 저녁， 드디어 찾아온 자유 시간에 설레서 침대에 누웠습니다. 거창한 계획은 없지만， 오랜만에 푹 쉬거나 못 했던 취미를 즐길 생각이었죠. 그런데 정신 차려보니 벌써 새벽 2시， 손에는 스마트폰이 들려있고， 피드와 쇼츠는 끊임없이 재생됩니다. 딱히 재미,CONTENT_ALIGNMENT_REQUIRED: 제목 키워드가 본문 앞부분에 없음 — 제목 수정 또는 본문 도입 개선
2026-08-07-products-auto-074e7a,https://honsamnote.co.kr/blog/2026-08-07-products-auto-074e7a/,"혼자 사는 직장인, 가끔 필요한 문서 인쇄가 번거롭다면? 개인 프린터 vs 인쇄 서비스, 내게 맞는 최적의 선택은?",1인 가구 프린터,비교형,KEYWORD_ABSENT_FROM_OPENING,no,yes,yes,문제 상황 퇴근 후 집에서 잠시 쉬려는데， 갑자기 중요한 공공기관 서류나 계약서， 혹은 여행 항공권/티켓을 인쇄해야 할 일이 생겼습니다. 집에는 당연히 프린터가 없고， 밤늦게 인쇄소를 찾아다니거나 PC방에 가기는 번거롭죠. 결국 회사에 가서 몰래 출력하거나， 다음 날 ,CONTENT_ALIGNMENT_REQUIRED: 제목 키워드가 본문 앞부분에 없음 — 제목 수정 또는 본문 도입 개선
2026-08-07-products-auto-0e769c,https://honsamnote.co.kr/blog/2026-08-07-products-auto-0e769c/,"혼자 사는 직장인, 좁은 주방 조리 기구 선택에 고민된다면? 1인 가구 인덕션 vs 휴대용 가스레인지, 내게 맞는 최적의 선택은?",1인 가구 인덕션,비교형,KEYWORD_ABSENT_FROM_OPENING,no,yes,yes,문제 상황 퇴근 후 허기진 배를 부여잡고 냉장고 문을 열었는데， 좁은 주방이 한눈에 들어옵니다. 비좁은 조리대 위에는 어설픈 가스레인지나 낡은 전기레인지가 놓여있고， 불안한 불꽃에 마음 한켠이 늘 불편합니다. 아니면， 처음부터 제대로 된 조리 기구 없이 에어프라이어나 ,CONTENT_ALIGNMENT_REQUIRED: 제목 키워드가 본문 앞부분에 없음 — 제목 수정 또는 본문 도입 개선
2026-08-07-products-auto-2fe4a8,https://honsamnote.co.kr/blog/2026-08-07-products-auto-2fe4a8/,1인 가구 분리수거 알아보기｜좁은집 재활용,1인 가구 분리수거,문제해결형,KEYWORD_ABSENT_FROM_OPENING,no,yes,yes,"문제 상황 퇴근 후 현관문을 열면 반겨주는 건， 한구석에 쌓여가는 플라스틱 용기와 택배 박스， 비닐 봉투들… 혼자 살다 보니 재활용 쓰레기가 생기는 속도도 제각각이고， 그때그때 버리자니 번거롭고， 모아두자니 좁은 집이 금세 지저분해집니다. ""이것도 재활용이 되나?""， ",CONTENT_ALIGNMENT_REQUIRED: 제목 키워드가 본문 앞부분에 없음 — 제목 수정 또는 본문 도입 개선
2026-08-07-products-auto-4602dc,https://honsamnote.co.kr/blog/2026-08-07-products-auto-4602dc/,"혼자 사는 직장인, 좁은 집 빨래 건조가 매번 스트레스라면? 의류건조기 vs. 제습기+건조대, 내게 딱 맞는 선택은?",1인 가구 빨래,비교형,KEYWORD_ABSENT_FROM_OPENING,no,yes,yes,문제 상황 퇴근 후 쌓인 빨래더미를 보면 한숨부터 나옵니다. 원룸이나 오피스텔 같은 좁은 공간에서 빨래를 널 곳을 찾기란 여간 어려운 일이 아닙니다. 간신히 비좁은 거실 한편이나 방구석에 건조대를 펼쳐도， 축축한 빨래들이 뿜어내는 습기는 집안 공기를 꿉꿉하게 만들고 불,CONTENT_ALIGNMENT_REQUIRED: 제목 키워드가 본문 앞부분에 없음 — 제목 수정 또는 본문 도입 개선
2026-08-07-products-auto-462713,https://honsamnote.co.kr/blog/2026-08-07-products-auto-462713/,1인 가구 식재료 알아보기｜냉장고 정리법,1인 가구 식재료,문제해결형,KEYWORD_ABSENT_FROM_OPENING,no,yes,yes,"문제 상황 퇴근 후 지쳐서 겨우 장을 보고 왔는데， 며칠 전 사둔 냉장고 속 시금치는 이미 물러 있고， 애써 소분해둔 고기는 냉동실에서 드라이 에이징이 되는 중입니다. 결국 아깝지만 쓰레기통으로 직행하고， ""이번엔 꼭 다 먹어야지!"" 했던 다짐은 다음 장보기까지 유효기",CONTENT_ALIGNMENT_REQUIRED: 제목 키워드가 본문 앞부분에 없음 — 제목 수정 또는 본문 도입 개선
2026-08-07-products-auto-5c0731,https://honsamnote.co.kr/blog/2026-08-07-products-auto-5c0731/,1인 가구 음식물 처리기 기준｜음식물 쓰레기 처리,1인 가구 음식물 처리기,판단형,KEYWORD_ABSENT_FROM_OPENING,no,yes,yes,문제 상황 퇴근 후 지친 몸을 이끌고 겨우 저녁을 차려 먹었는데， 밥 한 숟갈， 반찬 몇 조각 남은 그릇을 보자니 한숨부터 나옵니다. 문제는 이 소량의 음식물 쓰레기. 당장 버리러 나가자니 너무 귀찮고， 그렇다고 싱크대에 쌓아두자니 다음 날 아침 냄새와 초파리가 걱정입,CONTENT_ALIGNMENT_REQUIRED: 제목 키워드가 본문 앞부분에 없음 — 제목 수정 또는 본문 도입 개선
2026-08-07-products-auto-75313c,https://honsamnote.co.kr/blog/2026-08-07-products-auto-75313c/,1인 가구 보풀제거기 알아보기｜옷 보풀 제거,1인 가구 보풀제거기,문제해결형,KEYWORD_ABSENT_FROM_OPENING,no,yes,yes,문제 상황 퇴근 후 옷장을 열었을 때， 눈에 띄는 보풀 때문에 한숨 쉬어본 적 있으신가요? 아끼는 니트나 즐겨 입는 면 티셔츠는 물론， 심지어 코트나 바지까지 보풀로 뒤덮여 영락없는 '헌 옷'처럼 보일 때가 많습니다. 막상 입고 나가자니 왠지 모르게 지저분해 보이고， ,CONTENT_ALIGNMENT_REQUIRED: 제목 키워드가 본문 앞부분에 없음 — 제목 수정 또는 본문 도입 개선
2026-08-07-products-auto-b07e5f,https://honsamnote.co.kr/blog/2026-08-07-products-auto-b07e5f/,1인 가구 방범 알아보기｜창문 잠금장치,1인 가구 방범,문제해결형,KEYWORD_ABSENT_FROM_OPENING,no,yes,yes,문제 상황 퇴근 후 집에 돌아와 현관문을 잠그는 순간 안심하다가도， 왠지 모르게 창문이나 베란다 쪽에 신경이 쓰일 때가 있지 않으세요? 특히 저층에 살거나， 외벽을 타고 쉽게 접근할 수 있는 구조의 빌라나 오피스텔에 거주하는 1인 가구라면 더욱 불안감이 커질 수 있습니,CONTENT_ALIGNMENT_REQUIRED: 제목 키워드가 본문 앞부분에 없음 — 제목 수정 또는 본문 도입 개선
2026-08-07-products-auto-bd7178,https://honsamnote.co.kr/blog/2026-08-07-products-auto-bd7178/,스마트 도어벨 추천 기준｜택배 도난 방지,스마트 도어벨 추천,판단형,KEYWORD_ABSENT_FROM_OPENING,no,yes,yes,"문제 상황 퇴근 후 집에서 쉬고 있는데， 갑자기 ""딩동!"" 하고 초인종이 울립니다. 현관문 너머 인기척은 느껴지는데， 누구인지 확인이 안 됩니다. 낯선 사람일까， 스팸일까， 아니면 중요한 택배일까? 혼자 사는 당신은 문을 열어야 할지 말아야 할지 망설여지고， 이 작은 ",CONTENT_ALIGNMENT_REQUIRED: 제목 키워드가 본문 앞부분에 없음 — 제목 수정 또는 본문 도입 개선
2026-08-07-products-auto-d33666,https://honsamnote.co.kr/blog/2026-08-07-products-auto-d33666/,1인 가구 욕실 청소 비교｜좁은 욕실 관리,1인 가구 욕실 청소,비교형,KEYWORD_ABSENT_FROM_OPENING,no,yes,yes,문제 상황 퇴근 후 지친 몸을 이끌고 집에 와 샤워를 끝냈을 때， 눈에 들어오는 좁은 욕실의 얼룩덜룩한 물때와 구석에 스멀스멀 피어나는 곰팡이를 보면 한숨부터 나오시죠? 혼자 살다 보니 집안일을 도와줄 사람도 없고， 좁은 공간이라 관리하기 더 어렵게 느껴집니다. 주말에,CONTENT_ALIGNMENT_REQUIRED: 제목 키워드가 본문 앞부분에 없음 — 제목 수정 또는 본문 도입 개선
2026-08-07-products-auto-e9e85e,https://honsamnote.co.kr/blog/2026-08-07-products-auto-e9e85e/,"혼자 사는 직장인, 소량 빨래나 속옷 손빨래 매번 번거롭다면? 1인 가구 미니 세탁기 vs. 손빨래, 나에게 딱 맞는 선택은?",1인 가구 미니 세탁기,비교형,KEYWORD_ABSENT_FROM_OPENING,no,no,yes,문제 상황 퇴근 후 지친 몸으로 집에 돌아왔는데， 며칠 입었던 속옷이나 운동복， 또는 아끼는 실크 블라우스 한 벌이 세탁 바구니에서 ‘손빨래’라고 외치고 있습니다. 메인 세탁기에 소량의 세탁물을 돌리기에는 전기세와 수도세가 아깝고， 그렇다고 지친 몸을 이끌고 차가운 물,CONTENT_ALIGNMENT_REQUIRED: 제목 키워드가 본문 앞부분에 없음 — 제목 수정 또는 본문 도입 개선
2026-08-07-safety-auto-22735c,https://honsamnote.co.kr/blog/2026-08-07-safety-auto-22735c/,"혼자 사는 당신, 한밤중 반려동물 응급 상황 발생 시? 24시 동물병원 vs. 방문 진료 앱, 어떤 선택이 더 빠르고 안전할까?",반려동물 응급,비교형,KEYWORD_ABSENT_FROM_OPENING,no,yes,yes,문제 상황 늦은 밤， 침대에 막 누우려던 순간 옆에 자던 반려견이 갑자기 심하게 토하기 시작합니다. 평소와는 다른 이상한 소리를 내며 거친 숨을 쉬고， 눈빛은 불안해 보입니다. 혼자 사는 당신은 당황스럽기 그지없습니다. 주변에 급히 도움을 청할 사람도 없고， 이 위급한,CONTENT_ALIGNMENT_REQUIRED: 제목 키워드가 본문 앞부분에 없음 — 제목 수정 또는 본문 도입 개선
2026-08-07-safety-auto-580f1f,https://honsamnote.co.kr/blog/2026-08-07-safety-auto-580f1f/,1인 가구 알레르기 기준｜혼자 알레르기,1인 가구 알레르기,판단형,KEYWORD_ABSENT_FROM_OPENING,no,yes,yes,문제 상황 퇴근 후 오랜만에 근사한 요리에 도전했거나， 주말에 공원 산책 중 잠시 벌레에 물렸을 뿐인데 갑자기 몸이 심하게 가렵고 붉은 두드러기가 올라오기 시작합니다. 처음에는 대수롭지 않게 생각했지만， 시간이 갈수록 얼굴이나 목이 붓고 숨쉬기가 답답해지는 느낌까지 듭,CONTENT_ALIGNMENT_REQUIRED: 제목 키워드가 본문 앞부분에 없음 — 제목 수정 또는 본문 도입 개선
2026-08-07-safety-auto-5a549d,https://honsamnote.co.kr/blog/2026-08-07-safety-auto-5a549d/,"혼자 사는 당신, 중요한 서류나 귀중품을 안전하게 보관할 때: 방화/방수 금고 vs. 보안 서류함, 나에게 맞는 선택은?",1인 가구 안전,비교형,KEYWORD_ABSENT_FROM_OPENING,no,yes,yes,문제 상황 혼자 사는 직장인이라면 중요한 계약서， 통장， 신분증 사본， 비상금， 그리고 작지만 값비싼 귀금속 등을 어디에 보관해야 할지 늘 고민될 겁니다. 퇴근 후 지친 몸을 이끌고 집에 들어섰을 때， 혹은 긴 연휴나 출장으로 집을 비웠을 때， 만약 예상치 못한 화재나,CONTENT_ALIGNMENT_REQUIRED: 제목 키워드가 본문 앞부분에 없음 — 제목 수정 또는 본문 도입 개선
2026-08-07-safety-auto-6b24c5,https://honsamnote.co.kr/blog/2026-08-07-safety-auto-6b24c5/,"혼자 사는 당신, 새 집 이사 직후 '이것' 안 하면 위험! 도어락 비밀번호와 열쇠 관리 안전 가이드",1인 가구 이사 안전,체크형,KEYWORD_ABSENT_FROM_OPENING,no,no,no,문제 상황 새로운 보금자리로 이사하는 것은 설레는 일이지만， 혼자 사는 당신에게는 처리할 일들이 산더미처럼 밀려옵니다. 전입신고， 인터넷 설치， 짐 정리， 가구 배치… 이 모든 과정을 거치다 보면 가장 중요한 '집의 첫인상'이자 '외부로부터의 방패'인 현관 보안을 간과,CONTENT_ALIGNMENT_REQUIRED: 제목 키워드가 본문 앞부분에 없음 — 제목 수정 또는 본문 도입 개선
2026-08-07-safety-auto-7d0e1d,https://honsamnote.co.kr/blog/2026-08-07-safety-auto-7d0e1d/,"혼자 사는 당신, 쓰러지거나 의식 없을 때: 스마트 비상 연락 시스템 vs. 비상 키 공유, 어떤 대비책이 나에게 맞을까?",1인 가구 응급,비교형,KEYWORD_ABSENT_FROM_OPENING,no,no,yes,"문제 상황 ""오늘따라 몸이 안 좋네..."" 퇴근 후 집에 도착해 쉬려는데 갑자기 어지럽고 정신이 혼미해집니다. 겨우 침대에 눕는다는 게 그만 미끄러져 바닥에 쓰러지고 말았네요. 머리를 부딪혔는지 순간 정신을 잃고， 핸드폰은 손이 닿지 않는 곳에 떨어져 있습니다. 혼자 ",CONTENT_ALIGNMENT_REQUIRED: 제목 키워드가 본문 앞부분에 없음 — 제목 수정 또는 본문 도입 개선
2026-08-07-safety-auto-7d89fc,https://honsamnote.co.kr/blog/2026-08-07-safety-auto-7d89fc/,"혼자 사는 당신, 우리 집 복도·엘리베이터·주차장에서 수상한 사람을 마주쳤을 때: 당황하지 않고 나를 지키는 현실적인 대처법",1인 가구 안전,문제해결형,KEYWORD_ABSENT_FROM_OPENING,no,yes,yes,문제 상황 퇴근 후 늦은 밤， 불 꺼진 복도를 지나 집으로 향합니다. 조용하던 엘리베이터 문이 열리고， 당신 외에 아무도 타지 않아 안심합니다. 그런데 바로 다음 층에서 낯선 남자가 탑니다. 특별한 행동은 아니지만， 이유 없이 불안하고 시선이 느껴집니다. 잠시 후， 주,CONTENT_ALIGNMENT_REQUIRED: 제목 키워드가 본문 앞부분에 없음 — 제목 수정 또는 본문 도입 개선
2026-08-07-safety-auto-86e30d,https://honsamnote.co.kr/blog/2026-08-07-safety-auto-86e30d/,혼자 살 때 아플 때 해결 방법｜아플 때 식사,혼자 살 때 아플 때,방법형,KEYWORD_ABSENT_FROM_OPENING,no,no,yes,문제 상황 “팀장님， 죄송합니다. 오늘 몸이 너무 안 좋아서 병가를….” 평소 멀쩡하던 당신에게도 이런 날은 갑자기 찾아옵니다. 전날까지 멀쩡했는데， 아침에 눈을 뜨니 온몸이 쑤시고 열이 펄펄 끓거나， 어딘가 삐끗해서 걷기조차 힘든 상황이죠. 출근은커녕 침대에서 일어나,CONTENT_ALIGNMENT_REQUIRED: 제목 키워드가 본문 앞부분에 없음 — 제목 수정 또는 본문 도입 개선
2026-08-07-safety-auto-a9b07e,https://honsamnote.co.kr/blog/2026-08-07-safety-auto-a9b07e/,건물화재경보기 기준｜화재경보,건물화재경보기,판단형,KEYWORD_ABSENT_FROM_OPENING,no,yes,no,문제 상황 밤 11시， 간신히 침대에 누워 하루의 피로를 녹이려는 찰나， 갑자기 건물을 뒤흔드는 굉음이 들려옵니다. “띠리리링， 띠리리리링! 화재 발생! 모든 분들은 비상구를 이용하여 대피해주시기 바랍니다!” 잠결에 놀라 벌떡 일어났지만， 정작 우리 집 안에 설치된 화,CONTENT_ALIGNMENT_REQUIRED: 제목 키워드가 본문 앞부분에 없음 — 제목 수정 또는 본문 도입 개선
2026-08-07-safety-auto-e50d7a,https://honsamnote.co.kr/blog/2026-08-07-safety-auto-e50d7a/,1인 가구 낙상 방법｜집에서 넘어졌을 때,1인 가구 낙상,방법형,KEYWORD_ABSENT_FROM_OPENING,no,yes,yes,문제 상황 퇴근 후 지친 몸을 이끌고 집에 와 샤워를 하려던 순간， 미끄러운 욕실 바닥에 발을 헛디뎠습니다. 몸의 중심을 잃고 그대로 쿵 소리와 함께 바닥에 주저앉았죠. 극심한 통증과 함께 다리를 움직일 수 없어 당황스럽고， 혼자 사는 집에서 누구에게도 도움을 청할 수,CONTENT_ALIGNMENT_REQUIRED: 제목 키워드가 본문 앞부분에 없음 — 제목 수정 또는 본문 도입 개선
2026-08-07-safety-auto-eecdaa,https://honsamnote.co.kr/blog/2026-08-07-safety-auto-eecdaa/,119_출동 비교｜혼자_살때_응급상황,119_출동,비교형,KEYWORD_ABSENT_FROM_OPENING,no,yes,yes,문제 상황 퇴근 후 오랜만에 휴식을 취하다 갑자기 심한 통증이 찾아옵니다. 가까스로 119에 전화를 걸었지만， 몸을 움직일 수 없어 현관문까지 갈 엄두가 나지 않습니다. 구급대원이 곧 도착할 텐데， 문을 열어줄 수 없다는 생각에 식은땀이 흐릅니다. ‘어떻게 해야 하지?,CONTENT_ALIGNMENT_REQUIRED: 제목 키워드가 본문 앞부분에 없음 — 제목 수정 또는 본문 도입 개선
2026-08-07-storage-auto-18dbcb,https://honsamnote.co.kr/blog/2026-08-07-storage-auto-18dbcb/,1인 가구 자전거 비교｜원룸 자전거 보관,1인 가구 자전거,비교형,KEYWORD_ABSENT_FROM_OPENING,no,no,yes,문제 상황 퇴근 후 현관을 열고 들어서면 가장 먼저 반기는 것이 나의 소중한 자전거인가요? 분명 건강과 취미를 위해 큰맘 먹고 들였는데， 막상 좁은 원룸이나 오피스텔에서는 애물단지로 변하는 경우가 많습니다. 현관 한쪽에 세워두자니 통행에 불편하고， 방 안으로 들이자니 ,CONTENT_ALIGNMENT_REQUIRED: 제목 키워드가 본문 앞부분에 없음 — 제목 수정 또는 본문 도입 개선
2026-08-07-storage-auto-2cdaeb,https://honsamnote.co.kr/blog/2026-08-07-storage-auto-2cdaeb/,1인 가구 신발장 비교｜좁은 현관 신발 정리,1인 가구 신발장,비교형,KEYWORD_ABSENT_FROM_OPENING,no,no,yes,문제 상황 퇴근 후 현관문을 열면 제일 먼저 마주하는 건， 여기저기 흩어져 있거나 제대로 정돈되지 않은 신발 더미입니다. 한두 켤레는 괜찮지만， 운동화， 구두， 샌들， 부츠… 계절 따라 신는 신발이 늘어나면서 좁은 현관은 발 디딜 틈 없이 답답해지죠. 중요한 약속에 나,CONTENT_ALIGNMENT_REQUIRED: 제목 키워드가 본문 앞부분에 없음 — 제목 수정 또는 본문 도입 개선
2026-08-07-storage-auto-3c236f,https://honsamnote.co.kr/blog/2026-08-07-storage-auto-3c236f/,1인 가구 주방 비교｜좁은 주방 수납,1인 가구 주방,비교형,KEYWORD_ABSENT_FROM_OPENING,no,yes,yes,문제 상황 퇴근 후 텅 빈 냉장고를 채우러 마트에 들렀다가， 이달의 행사 상품과 간식 몇 가지를 집어 옵니다. 며칠 후 온라인으로 주문한 대용량 생수와 라면 박스가 현관에 도착하죠. 좁은 원룸 주방에는 이미 지난달에 사둔 통조림과 소스류가 자리를 잡고 있습니다. 새 식,CONTENT_ALIGNMENT_REQUIRED: 제목 키워드가 본문 앞부분에 없음 — 제목 수정 또는 본문 도입 개선
2026-08-07-storage-auto-4a268b,https://honsamnote.co.kr/blog/2026-08-07-storage-auto-4a268b/,좁은 집 수납 비교｜원룸 정리,좁은 집 수납,비교형,KEYWORD_ABSENT_FROM_OPENING,no,yes,yes,문제 상황 퇴근 후 좁은 원룸에 들어서면， 눈에 띄는 선반 위나 옷장 구석에 어수선하게 쌓여있는 잡동사니들이 괜히 마음을 답답하게 만들 때가 있습니다. 언젠가 쓸모 있을 것 같아 모아둔 여행 기념품， 전자제품 케이블， 화장품 샘플， 취미 용품 부자재 등은 갈 곳을 잃고,CONTENT_ALIGNMENT_REQUIRED: 제목 키워드가 본문 앞부분에 없음 — 제목 수정 또는 본문 도입 개선
2026-08-07-storage-auto-54d5cd,https://honsamnote.co.kr/blog/2026-08-07-storage-auto-54d5cd/,침대 밑 수납 비교｜수납형 침대,침대 밑 수납,비교형,KEYWORD_ABSENT_FROM_OPENING,no,yes,yes,문제 상황 퇴근 후 지친 몸을 눕히는 나만의 공간， 원룸 침실. 하지만 침대만큼이나 큰 덩치를 자랑하는 이 공간， 특히 침대 프레임 아래는 늘 계륵 같은 존재입니다. 계절이 바뀌면서 넣어둘 곳 없는 두꺼운 이불， 가끔 꺼내 쓰는 캠핑 용품， 혹은 자투리 잡동사니들이 침,CONTENT_ALIGNMENT_REQUIRED: 제목 키워드가 본문 앞부분에 없음 — 제목 수정 또는 본문 도입 개선
2026-08-07-storage-auto-613d62,https://honsamnote.co.kr/blog/2026-08-07-storage-auto-613d62/,1인 가구 옷 정리 알아보기｜좁은 옷장 수납,1인 가구 옷 정리,문제해결형,KEYWORD_ABSENT_FROM_OPENING,no,yes,yes,문제 상황 퇴근 후 지친 몸을 이끌고 집에 왔는데， 좁은 옷장을 열 때마다 한숨부터 나오신가요? 갑자기 더워진 날씨에 두꺼운 겨울 코트와 패딩이 여전히 옷장을 차지하고 있고， 이젠 입지 않을 여름 원피스와 반팔 티셔츠가 옷걸이에서 비좁게 매달려 있는 모습은 꽤나 스트레,CONTENT_ALIGNMENT_REQUIRED: 제목 키워드가 본문 앞부분에 없음 — 제목 수정 또는 본문 도입 개선
2026-08-07-storage-auto-6dca4b,https://honsamnote.co.kr/blog/2026-08-07-storage-auto-6dca4b/,1인 가구 수납 알아보기｜좁은 집 정리,1인 가구 수납,문제해결형,KEYWORD_ABSENT_FROM_OPENING,no,yes,yes,문제 상황 퇴근 후， 잠시나마 여유를 찾으려는데 눈에 들어오는 저 박스… 여행에서 모아온 작은 기념품들， 친구와 주고받았던 손편지， 어릴 적 상장이나 사진첩까지. 버리기는 아깝고， 그렇다고 꺼내서 매일 볼 만큼은 아닌데， 이 녀석들이 침대 밑이나 옷장 한구석을 꽉 차지,CONTENT_ALIGNMENT_REQUIRED: 제목 키워드가 본문 앞부분에 없음 — 제목 수정 또는 본문 도입 개선
2026-08-07-storage-auto-b02bd8,https://honsamnote.co.kr/blog/2026-08-07-storage-auto-b02bd8/,1인 가구 소품 알아보기｜원룸 소품 정리,1인 가구 소품,문제해결형,KEYWORD_ABSENT_FROM_OPENING,no,yes,yes,문제 상황 퇴근 후 문을 열고 들어서면 가장 먼저 눈에 들어오는 것은 좁은 원룸의 혼란스러운 풍경입니다. 책상 위에는 여행지에서 사 온 기념품， 선물 받은 작은 장식품， 언젠가 쓸모 있을 것 같아 놓아둔 애매한 오브제들이 뒤섞여 있고， 침대 옆 협탁이나 작은 선반 위도,CONTENT_ALIGNMENT_REQUIRED: 제목 키워드가 본문 앞부분에 없음 — 제목 수정 또는 본문 도입 개선
2026-08-07-storage-auto-c71b14,https://honsamnote.co.kr/blog/2026-08-07-storage-auto-c71b14/,1인 가구 수납장 방법｜원룸 옷장,1인 가구 수납장,방법형,KEYWORD_ABSENT_FROM_OPENING,no,no,no,"문제 상황 퇴근하고 돌아온 좁은 원룸， 현관을 지나 방으로 들어서는 순간 한숨이 나옵니다. ""아， 또!"" 외투는 어제 입었던 옷 위에 대충 던져지고， 마땅히 둘 곳 없는 가방은 의자 위에， 잡동사니들은 책상 위 한편을 차지하고 있습니다. 방 한구석에는 택배 박스가 쌓여",CONTENT_ALIGNMENT_REQUIRED: 제목 키워드가 본문 앞부분에 없음 — 제목 수정 또는 본문 도입 개선
2026-08-07-storage-auto-ee20dc,https://honsamnote.co.kr/blog/2026-08-07-storage-auto-ee20dc/,1인 가구 취미 용품 알아보기｜좁은 집 수납,1인 가구 취미 용품,문제해결형,KEYWORD_ABSENT_FROM_OPENING,no,yes,yes,문제 상황 퇴근 후 오랜만에 붓을 들고 그림을 그리거나， 넷플릭스를 보며 뜨개질을 하려고 합니다. 그런데 필요한 붓은 저기 쌓인 책 더미 옆에， 실과 바늘은 소파 밑 어딘가에， 게임 컨트롤러는 노트북 가방 속에 뒤섞여 있습니다. 주말에 큰맘 먹고 만들려던 프라모델 상자,CONTENT_ALIGNMENT_REQUIRED: 제목 키워드가 본문 앞부분에 없음 — 제목 수정 또는 본문 도입 개선
2026-08-07-storage-auto-fcc47d,https://honsamnote.co.kr/blog/2026-08-07-storage-auto-fcc47d/,1인 가구 수납 알아보기｜계절 가전 보관,1인 가구 수납,문제해결형,KEYWORD_ABSENT_FROM_OPENING,no,yes,no,문제 상황 여름 내내 시원하게 해주던 선풍기나 서큘레이터， 이제는 찬바람이 불어 한편에 애물단지처럼 서 있지는 않나요? 반대로 추운 겨울을 따뜻하게 나게 해줄 히터나 건조한 실내 공기를 촉촉하게 유지해 줄 가습기는 어디에 꼭꼭 숨겨두었는지 기억도 가물가물할 때가 많습니,CONTENT_ALIGNMENT_REQUIRED: 제목 키워드가 본문 앞부분에 없음 — 제목 수정 또는 본문 도입 개선
2026-08-07-storage-auto-ffedfc,https://honsamnote.co.kr/blog/2026-08-07-storage-auto-ffedfc/,1인 가구 책 수납 알아보기｜좁은 원룸 책 정리,1인 가구 책 수납,문제해결형,KEYWORD_ABSENT_FROM_OPENING,no,yes,yes,문제 상황 퇴근 후 지친 몸을 이끌고 집에 돌아왔을 때， 현관을 지나 거실 겸 침실로 향하는 길목에， 침대 옆 협탁에도， 심지어 식탁 위에도 여기저기 쌓인 책 더미를 보면 한숨부터 나오지 않으신가요? 지난 주말에 산 소설책， 자기계발 서적， 예쁜 표지에 혹해 충동구매한,CONTENT_ALIGNMENT_REQUIRED: 제목 키워드가 본문 앞부분에 없음 — 제목 수정 또는 본문 도입 개선
2026-08-08-cleaning-auto-176b73,https://honsamnote.co.kr/blog/2026-08-08-cleaning-auto-176b73/,밥솥 냄새 알아보기｜밥솥 밥맛,밥솥 냄새,문제해결형,KEYWORD_ABSENT_FROM_OPENING,no,yes,no,문제 상황 바쁜 1인 가구 직장인에게 밥솥은 그야말로 '생명줄'입니다. 매일 끼니를 챙기기 어려운 현실 속에서， 밥 한 번 지어 여러 끼를 해결하거나 보온 기능으로 따뜻한 밥을 유지하는 건 너무나도 당연한 일상이 되었죠. 하지만 언제부터인가 밥맛이 예전 같지 않고， 밥,CONTENT_ALIGNMENT_REQUIRED: 제목 키워드가 본문 앞부분에 없음 — 제목 수정 또는 본문 도입 개선
2026-08-08-cleaning-auto-4d4ce4,https://honsamnote.co.kr/blog/2026-08-08-cleaning-auto-4d4ce4/,싱크대 냄새 제거 알아보기｜싱크대 물 빠짐,싱크대 냄새 제거,문제해결형,KEYWORD_ABSENT_FROM_OPENING,no,yes,yes,문제 상황 퇴근 후 지친 몸을 이끌고 저녁을 차려 먹은 당신. 설거지까지 마치면 하루의 큰 미션 하나를 끝낸 것 같아 안도감이 밀려옵니다. 그런데 왠지 모르게 싱크대 주변에서 꿉꿉하고 시큼한 냄새가 스멀스멀 올라오고 있지는 않나요? 분명 깨끗하게 닦았는데도 배수구 주변,CONTENT_ALIGNMENT_REQUIRED: 제목 키워드가 본문 앞부분에 없음 — 제목 수정 또는 본문 도입 개선
2026-08-08-cleaning-auto-a279f2,https://honsamnote.co.kr/blog/2026-08-08-cleaning-auto-a279f2/,1인 가구 설거지 비교｜식기세척기 장단점,1인 가구 설거지,비교형,KEYWORD_ABSENT_FROM_OPENING,no,no,yes,"문제 상황 퇴근 후 지친 몸으로 겨우 밥 한 끼 차려 먹고 나면， 싱크대 위에 홀로 남은 접시와 컵이 왠지 모르게 크게 느껴집니다. 양은 얼마 안 되지만， 이 피곤한 몸을 이끌고 다시 주방에 서야 한다는 생각에 한숨부터 나오죠. ""이거 하나 하자고 손에 물 묻히기도 귀",CONTENT_ALIGNMENT_REQUIRED: 제목 키워드가 본문 앞부분에 없음 — 제목 수정 또는 본문 도입 개선
2026-08-08-cleaning-auto-a4c61f,https://honsamnote.co.kr/blog/2026-08-08-cleaning-auto-a4c61f/,가습기 물때 알아보기｜제습기 냄새,가습기 물때,문제해결형,KEYWORD_ABSENT_FROM_OPENING,no,yes,no,문제 상황 선선한 바람이 불거나 유독 습한 날씨， 혼자 사는 원룸이나 오피스텔에서 쾌적한 공기를 위해 가습기나 제습기를 틀곤 합니다. 그런데 혹시 문득 기기 안쪽을 들여다본 적 있으신가요? 며칠 전부터 가습기에서 퀴퀴한 냄새가 나는 것 같기도 하고， 제습기 물통 주변에,CONTENT_ALIGNMENT_REQUIRED: 제목 키워드가 본문 앞부분에 없음 — 제목 수정 또는 본문 도입 개선
2026-08-08-cleaning-auto-b16ac0,https://honsamnote.co.kr/blog/2026-08-08-cleaning-auto-b16ac0/,"혼자 사는 당신, 집에 밴 꿉꿉한 생활 냄새! 향으로 덮을까? 근본을 잡을까? 방향제·디퓨저 vs 공기청정기, 현명한 선택 기준",집안냄새제거,비교형,KEYWORD_ABSENT_FROM_OPENING,no,yes,yes,문제 상황 퇴근 후 지친 몸을 이끌고 현관문을 열었을 때， 코끝을 스치는 꿉꿉하고 어딘가 모르게 섞인 듯한 냄새. 좁은 공간 특성상 환기가 쉽지 않고， 요리 냄새， 젖은 빨래 냄새， 묵은 먼지 냄새 등이 뒤섞여 집 전체에 배어버린 것 같아 답답하신가요? 바쁜 일상에 매,CONTENT_ALIGNMENT_REQUIRED: 제목 키워드가 본문 앞부분에 없음 — 제목 수정 또는 본문 도입 개선
2026-08-08-cleaning-auto-c188df,https://honsamnote.co.kr/blog/2026-08-08-cleaning-auto-c188df/,폐식용유 버리는 법 해결 방법｜음식물 기름 처리,폐식용유 버리는 법,방법형,KEYWORD_ABSENT_FROM_OPENING,no,yes,yes,문제 상황 퇴근 후 어렵게 시간을 내서 만든 근사한 요리. 바삭하게 튀긴 돈가스나 닭강정， 혹은 고소한 부침개를 만들고 나면 주방에 남는 것이 하나 있습니다. 바로 시커멓게 변한 폐식용유인데요. 기름 한 번 쓰고 버리자니 아깝고， 그렇다고 계속 쓰자니 찝찝하고... 가,CONTENT_ALIGNMENT_REQUIRED: 제목 키워드가 본문 앞부분에 없음 — 제목 수정 또는 본문 도입 개선
2026-08-08-cleaning-auto-e6a45e,https://honsamnote.co.kr/blog/2026-08-08-cleaning-auto-e6a45e/,세탁기 냄새 알아보기｜세탁기 곰팡이,세탁기 냄새,문제해결형,KEYWORD_ABSENT_FROM_OPENING,no,yes,yes,문제 상황 퇴근 후 쌓인 빨래를 돌리고 건조대에 널었는데， 며칠 뒤 옷에서 쿰쿰하고 눅눅한 냄새가 가시지 않아 다시 빨았던 경험， 혼자 사는 당신이라면 한두 번쯤 있을 겁니다. 분명 세제를 넉넉히 넣고 섬유 유연제까지 썼는데， 왜 유독 내 옷에서만 이런 꿉꿉한 냄새가 ,CONTENT_ALIGNMENT_REQUIRED: 제목 키워드가 본문 앞부분에 없음 — 제목 수정 또는 본문 도입 개선
2026-08-08-cost-auto-123a00,https://honsamnote.co.kr/blog/2026-08-08-cost-auto-123a00/,"혼자 사는 직장인, 매달 새는 통신비 아까울 때! 메이저 vs 알뜰폰, 내게 맞는 후회 없는 선택 가이드",통신비 아끼는 법,비교형,KEYWORD_ABSENT_FROM_OPENING,no,no,no,문제 상황 매달 고지서에 찍히는 5만 원， 7만 원， 때로는 10만 원을 훌쩍 넘는 통신비. 혼자 사는 직장인에게 이 비용은 특히 더 크게 다가옵니다. 가족 결합 할인도 받을 수 없고， 딱히 뭘 많이 쓰는 것 같지도 않은데 비싼 요금을 내고 있자면 괜스레 억울한 기분마,CONTENT_ALIGNMENT_REQUIRED: 제목 키워드가 본문 앞부분에 없음 — 제목 수정 또는 본문 도입 개선
2026-08-08-cost-auto-65e819,https://honsamnote.co.kr/blog/2026-08-08-cost-auto-65e819/,"혼자 사는 직장인, 매일 점심값으로 새는 돈 아깝다면? 도시락 vs 배달 vs 구내식당/식당, 내게 맞는 최적의 점심 식사 전략",1인 가구 점심,비교형,KEYWORD_ABSENT_FROM_OPENING,no,no,no,"문제 상황 매일 아침 눈 뜨자마자 출근 준비하기도 바쁜데， 회사에 도착하면 또다시 점심 메뉴 고민이 시작됩니다. 회사 근처 식당은 가격이 부담되거나 매일 똑같은 메뉴에 질리기도 하고， 배달 앱을 켤 때마다 불어나는 배달비와 음식값에 한숨만 나옵니다. ""오늘은 뭘 먹지?",CONTENT_ALIGNMENT_REQUIRED: 제목 키워드가 본문 앞부분에 없음 — 제목 수정 또는 본문 도입 개선
2026-08-08-cost-auto-770f4a,https://honsamnote.co.kr/blog/2026-08-08-cost-auto-770f4a/,"혼자 사는 직장인, 답답한 실내 공기, 어떻게 관리해야 할까? 공기청정기 vs 제습기 vs 환기, 내게 맞는 최적의 선택은?",1인 가구 공기청정기,비교형,KEYWORD_ABSENT_FROM_OPENING,no,yes,no,문제 상황 퇴근하고 겨우 집에 도착하면， 좁은 원룸이나 오피스텔 특유의 답답한 공기가 가장 먼저 당신을 맞이합니다. 창문을 열어 환기하고 싶어도 미세먼지 '나쁨' 알림에 망설여지고， 그렇다고 닫아두자니 음식물 냄새， 빨래 덜 마른 냄새， 눅눅한 습기까지 더해져 꿉꿉함에,CONTENT_ALIGNMENT_REQUIRED: 제목 키워드가 본문 앞부분에 없음 — 제목 수정 또는 본문 도입 개선
2026-08-08-cost-auto-bbb3d7,https://honsamnote.co.kr/blog/2026-08-08-cost-auto-bbb3d7/,"혼자 사는 직장인, 매달 아파트/오피스텔 관리비 폭탄 막고 지출 최적화하는 3단계 전략",1인 가구 관리비,문제해결형,KEYWORD_ABSENT_FROM_OPENING,no,yes,no,문제 상황 월급날이 지나고 나면 쥐도 새도 모르게 통장을 스쳐 가는 돈들. 그중에는 매달 꼬박꼬박 나가는 아파트나 오피스텔 관리비도 큰 비중을 차지하죠. 혼자 사는 집인데 생각보다 너무 많이 나오는 것 같고， 고지서를 받아도 빼곡한 항목들 때문에 어디서부터 확인해야 할,CONTENT_ALIGNMENT_REQUIRED: 제목 키워드가 본문 앞부분에 없음 — 제목 수정 또는 본문 도입 개선
2026-08-08-cost-auto-c1b0b5,https://honsamnote.co.kr/blog/2026-08-08-cost-auto-c1b0b5/,"혼자 사는 직장인, 가끔 차 필요할 때마다 택시비 부담되고 대중교통 불편하다면? 카셰어링 vs 중고차 vs 렌터카, 내게 맞는 최적의 이동 수단 찾는 법",1인 가구 자동차,비교형,KEYWORD_ABSENT_FROM_OPENING,no,no,no,문제 상황 주말에 대형 마트에서 한 주치 장을 보고 터덜터덜 집으로 돌아오는 길， 양손 가득한 짐 때문에 택시를 부르자니 매번 적지 않은 돈이 아깝고， 그렇다고 무거운 짐을 끌고 대중교통을 타자니 체력이 바닥납니다. 명절이나 휴일에 부모님 댁을 방문하거나， 근교로 잠깐,CONTENT_ALIGNMENT_REQUIRED: 제목 키워드가 본문 앞부분에 없음 — 제목 수정 또는 본문 도입 개선
2026-08-08-food-auto-0ac2e1,https://honsamnote.co.kr/blog/2026-08-08-food-auto-0ac2e1/,1인 가구 밥 해결 방법｜밥 보관법,1인 가구 밥,방법형,KEYWORD_ABSENT_FROM_OPENING,no,yes,yes,문제 상황 퇴근 후 지친 몸으로 집에 돌아왔을 때， 따뜻한 집밥 한 끼는 큰 위안이죠. 하지만 혼자 사는 직장인에게 밥 짓기는 늘 딜레마입니다. 밥솥의 최소 취사량으로 밥을 지어도 혼자 먹기에는 양이 너무 많고， 매일 새로 밥을 짓자니 시간도 아깝고 번거롭죠. 어렵게 ,CONTENT_ALIGNMENT_REQUIRED: 제목 키워드가 본문 앞부분에 없음 — 제목 수정 또는 본문 도입 개선
2026-08-08-food-auto-2c836a,https://honsamnote.co.kr/blog/2026-08-08-food-auto-2c836a/,개봉 식재료 비교｜신선 보관,개봉 식재료,비교형,KEYWORD_ABSENT_FROM_OPENING,no,yes,yes,문제 상황 퇴근 후 저녁을 먹고 냉장고 문을 닫으려는 순간， 문득 눈에 들어오는 반쪽 남은 양파， 포장지를 뜯은 지 며칠 된 햄， 그리고 시들어가기 시작하는 샐러드 채소들. ‘이걸 어떻게 보관해야 신선하게 오래 먹을 수 있을까?’ 매번 고민하지만， 결국 대충 랩으로 덮,CONTENT_ALIGNMENT_REQUIRED: 제목 키워드가 본문 앞부분에 없음 — 제목 수정 또는 본문 도입 개선
2026-08-08-food-auto-476c5f,https://honsamnote.co.kr/blog/2026-08-08-food-auto-476c5f/,1인 가구 밥 비교｜냉동밥 만드는 법,1인 가구 밥,비교형,KEYWORD_ABSENT_FROM_OPENING,no,no,yes,"문제 상황 퇴근 후 지친 몸을 이끌고 집에 왔을 때， 냉장고 문을 열어보니 마땅히 먹을 만한 반찬이 없습니다. 급하게 무언가를 해 먹어야 하는데， 텅 빈 밥솥을 보고 한숨이 나옵니다. ""아， 밥부터 해야 하는데…"". 매번 쌀을 씻고 밥솥 스위치를 누르는 15분， 그리고",CONTENT_ALIGNMENT_REQUIRED: 제목 키워드가 본문 앞부분에 없음 — 제목 수정 또는 본문 도입 개선
2026-08-08-food-auto-6f0a23,https://honsamnote.co.kr/blog/2026-08-08-food-auto-6f0a23/,1인 가구 채소 보관 알아보기｜남은 채소 활용법,1인 가구 채소 보관,문제해결형,KEYWORD_ABSENT_FROM_OPENING,no,yes,yes,문제 상황 퇴근 후 어렵게 마음먹고 김치찌개 한 솥 끓여냈습니다. 그런데 분명 대파는 반 단만 필요했는데 한 단을 다 사야 했고， 무도 국물 내려고 1/3토막만 썼더니 남은 2/3토막이 냉장고 한 칸을 차지하고 있네요. 당장 뭘 해 먹을지 계획도 없는데， 싱싱한 채소를,CONTENT_ALIGNMENT_REQUIRED: 제목 키워드가 본문 앞부분에 없음 — 제목 수정 또는 본문 도입 개선
2026-08-08-food-auto-76d24e,https://honsamnote.co.kr/blog/2026-08-08-food-auto-76d24e/,"1인 가구 직장인, 혼자 요리하고 남은 '애매한 한 끼분' 음식, 버리지 않고 다음 끼니까지 알뜰하게 즐기는 법",1인 가구 남은 음식,문제해결형,KEYWORD_ABSENT_FROM_OPENING,no,yes,yes,문제 상황 모처럼 주말에 쉬면서， 혹은 평일 퇴근 후 큰맘 먹고 혼자만의 근사한 요리를 시도했습니다. 파스타， 볶음밥， 혹은 매콤한 제육볶음까지. 레시피는 분명 '1인분'이라고 했는데， 막상 만들고 나니 꼭 한두 숟갈， 혹은 작은 반찬통에 담기도 애매하고， 한 번 더 ,CONTENT_ALIGNMENT_REQUIRED: 제목 키워드가 본문 앞부분에 없음 — 제목 수정 또는 본문 도입 개선
2026-08-08-food-auto-89ea49,https://honsamnote.co.kr/blog/2026-08-08-food-auto-89ea49/,"혼자 사는 직장인, 두부 한 모 앞에서 망설일 때: 버리지 않고 끝까지 신선하게 즐기는 구매부터 보관, 활용법",1인 가구 두부,문제해결형,KEYWORD_ABSENT_FROM_OPENING,no,yes,yes,문제 상황 퇴근 후 지친 몸을 이끌고 마트에 들렀습니다. 오늘 저녁은 가볍고 건강하게 먹고 싶어 두부가 눈에 들어옵니다. 단백질도 풍부하고 활용도도 높으니 좋은 선택이라 생각하지만， 선뜻 손이 가지 않습니다. 시판되는 두부는 대부분 300g~500g짜리 '한 모' 단위,CONTENT_ALIGNMENT_REQUIRED: 제목 키워드가 본문 앞부분에 없음 — 제목 수정 또는 본문 도입 개선
2026-08-08-food-auto-89f7c0,https://honsamnote.co.kr/blog/2026-08-08-food-auto-89f7c0/,1인 가구 쌀 비교｜쌀 보관,1인 가구 쌀,비교형,KEYWORD_ABSENT_FROM_OPENING,no,no,yes,문제 상황 퇴근길 마트， 쌀 코너 앞에서 발길을 멈춥니다. 10kg짜리 쌀 한 포대는 분명 저렴하지만， ‘이걸 언제 다 먹지? 쌀벌레라도 생기면 어쩌지?’ 하는 걱정이 앞섭니다. 옆에 놓인 1~2kg 소량 팩은 비싸게 느껴지고， 한쪽에 쌓인 즉석밥은 너무 비효율적인 소,CONTENT_ALIGNMENT_REQUIRED: 제목 키워드가 본문 앞부분에 없음 — 제목 수정 또는 본문 도입 개선
2026-08-08-food-auto-9b0e80,https://honsamnote.co.kr/blog/2026-08-08-food-auto-9b0e80/,1인 가구 허브 비교｜혼밥 향신료,1인 가구 허브,비교형,KEYWORD_ABSENT_FROM_OPENING,no,yes,yes,문제 상황 퇴근 후 간단하게 파스타를 만들거나， 닭가슴살을 좀 더 맛있게 구워 먹고 싶을 때가 있습니다. 레시피를 찾아보니 '생로즈마리'， '바질 페스토'， '오레가노 파우더' 같은 허브나 향신료가 필요하다고 하네요. 그런데 막상 마트에 가보면 생(生) 허브는 한 묶음,CONTENT_ALIGNMENT_REQUIRED: 제목 키워드가 본문 앞부분에 없음 — 제목 수정 또는 본문 도입 개선
2026-08-08-food-auto-cfd186,https://honsamnote.co.kr/blog/2026-08-08-food-auto-cfd186/,식용유 고르는 법 비교｜올리브유 카놀라유 차이,식용유 고르는 법,비교형,KEYWORD_ABSENT_FROM_OPENING,no,yes,yes,문제 상황 퇴근 후 허기진 배를 부여잡고 냉장고 문을 엽니다. 간단하게라도 해 먹으려는데， 매일 쓰는 식용유 앞에서 매번 고민에 빠집니다. 마트에서 파는 대용량 식용유는 가격이 저렴해서 샀다가 결국 유통기한이 지나거나 산패돼 버리기 일쑤고， 그렇다고 작은 병을 사자니 ,CONTENT_ALIGNMENT_REQUIRED: 제목 키워드가 본문 앞부분에 없음 — 제목 수정 또는 본문 도입 개선
2026-08-08-housing-auto-4e32dc,https://honsamnote.co.kr/blog/2026-08-08-housing-auto-4e32dc/,"혼자 사는 직장인, 새집 입주 후 예상 못한 숨은 하자 발견! 내 권리 지키며 계약 조정하는 현실 가이드",1인 가구 하자,문제해결형,KEYWORD_ABSENT_FROM_OPENING,no,yes,yes,문제 상황 새로운 보금자리에 설레는 마음으로 이사한 지 얼마 안 된 당신. 혼자 지내는 조용한 밤， 벽 뒤에서 '타닥타닥' 이상한 소음이 들려옵니다. 며칠 더 지나니 베란다 한쪽 벽에서 곰팡이 냄새가 스멀스멀 올라오고， 장롱 뒤편 벽지에 검은 얼룩이 보이네요. 애써 외,CONTENT_ALIGNMENT_REQUIRED: 제목 키워드가 본문 앞부분에 없음 — 제목 수정 또는 본문 도입 개선
2026-08-08-housing-auto-82f28f,https://honsamnote.co.kr/blog/2026-08-08-housing-auto-82f28f/,"혼자 사는 직장인, 숨겨진 관리비 폭탄 피하고 내 돈 아끼는 현명한 분석법",관리비 줄이기,비용형,KEYWORD_ABSENT_FROM_OPENING,no,no,yes,문제 상황 새로운 보금자리에 입주하며 설레는 마음도 잠시， 매달 날아오는 관리비 고지서를 보면 '이게 대체 무슨 돈이야?' 싶을 때가 많으실 겁니다. 특히 오피스텔이나 신축 원룸에 사는 혼자 사는 직장인이라면 관리비가 생각보다 많이 나와 당황하는 경우가 흔하죠. 계약할,CONTENT_ALIGNMENT_REQUIRED: 제목 키워드가 본문 앞부분에 없음 — 제목 수정 또는 본문 도입 개선
2026-08-08-housing-auto-8b0461,https://honsamnote.co.kr/blog/2026-08-08-housing-auto-8b0461/,"혼자 사는 직장인, 새집 입주 후 당황스러운 전기·가스·수도 명의 변경! 순서대로 해결하고 요금 폭탄 피하는 법",1인 가구 이사,비용형,KEYWORD_ABSENT_FROM_OPENING,no,no,yes,문제 상황 새집으로 이사 온 지 며칠. 잔뜩 쌓인 짐을 정리하기도 버거운데， 우편함을 열어보니 전 세입자 이름으로 된 공과금 고지서가 떡하니 도착해 있습니다. '내가 이걸 내야 하는 건가?'， '어디에 연락해야 하는 거지?'， '혹시라도 요금이 연체돼서 불이익이 생기면,CONTENT_ALIGNMENT_REQUIRED: 제목 키워드가 본문 앞부분에 없음 — 제목 수정 또는 본문 도입 개선
2026-08-08-housing-auto-d2c1ed,https://honsamnote.co.kr/blog/2026-08-08-housing-auto-d2c1ed/,"혼자 사는 직장인, 이사 갈 때 퇴실 청소? 셀프 vs 전문 업체, 보증금 지키는 현명한 선택 가이드",퇴실청소,비교형,KEYWORD_ABSENT_FROM_OPENING,no,yes,no,문제 상황 드디어 이사 날짜가 잡혔습니다. 새로운 보금자리로 간다는 설렘도 잠시， 산더미 같은 짐 정리와 포장에 이어 곧 닥쳐올 '퇴실 청소'의 압박감에 어깨가 무거워집니다. 평소 혼자 살면서도 대충 청소했던 터라， 묵은 때와 찌든 흔적들을 마주하니 막막하기만 합니다.,CONTENT_ALIGNMENT_REQUIRED: 제목 키워드가 본문 앞부분에 없음 — 제목 수정 또는 본문 도입 개선
2026-08-08-housing-auto-fd6c09,https://honsamnote.co.kr/blog/2026-08-08-housing-auto-fd6c09/,1인 가구 외풍 차단 비교｜난방비 절약,1인 가구 외풍 차단,비교형,KEYWORD_ABSENT_FROM_OPENING,no,yes,no,문제 상황 가을이 지나고 쌀쌀한 바람이 불기 시작하면， 혼자 사는 직장인들의 가장 큰 고민 중 하나는 바로 ‘난방비 폭탄’일 겁니다. 특히 오래된 오피스텔이나 빌라에 살고 있다면， 창문이나 문틈으로 스며드는 외풍 때문에 아무리 보일러를 틀어도 집이 금방 싸늘해지는 경험,CONTENT_ALIGNMENT_REQUIRED: 제목 키워드가 본문 앞부분에 없음 — 제목 수정 또는 본문 도입 개선
2026-08-08-lifestyle-auto-4e7860,https://honsamnote.co.kr/blog/2026-08-08-lifestyle-auto-4e7860/,혼밥 해결 비교｜밀키트 추천,혼밥 해결,비교형,KEYWORD_ABSENT_FROM_OPENING,no,yes,yes,문제 상황 퇴근 후 문을 열고 들어선 고요한 집， 배는 고픈데 냉장고를 열면 딱히 해 먹을 만한 것도 없고， 밖으로 나가기도 귀찮습니다. 결국 스마트폰으로 배달 앱을 뒤적이다 어제 먹은 메뉴와 비슷한 음식을 시켜 홀로 먹고 후회하는 나날. '이렇게 계속 혼자 먹어도 괜,CONTENT_ALIGNMENT_REQUIRED: 제목 키워드가 본문 앞부분에 없음 — 제목 수정 또는 본문 도입 개선
2026-08-08-lifestyle-auto-83e6d5,https://honsamnote.co.kr/blog/2026-08-08-lifestyle-auto-83e6d5/,혼자 사는 불편함 알아보기｜퇴근 후 적막,혼자 사는 불편함,문제해결형,KEYWORD_ABSENT_FROM_OPENING,no,no,yes,문제 상황 바쁜 하루를 마치고 지친 몸을 이끌고 현관문을 엽니다. '띠리리-' 현관 디지털 도어락이 닫히는 소리와 함께 훅 끼쳐오는 건 다름 아닌 정적입니다. 밖에서는 쉴 새 없이 사람들과 부대끼고 업무에 몰두했지만， 집에 돌아오면 언제 그랬냐는 듯 고요함이 지배합니다,CONTENT_ALIGNMENT_REQUIRED: 제목 키워드가 본문 앞부분에 없음 — 제목 수정 또는 본문 도입 개선
2026-08-08-lifestyle-auto-9fe492,https://honsamnote.co.kr/blog/2026-08-08-lifestyle-auto-9fe492/,1인 가구 친구 관계 알아보기｜라이프스타일 차이,1인 가구 친구 관계,문제해결형,KEYWORD_ABSENT_FROM_OPENING,no,yes,no,"문제 상황 오랜만에 주말 약속을 잡으려 단톡방을 열었습니다. 결혼해서 아이를 키우는 친구는 ""우리 애 봐줄 사람 없어. 낮에 키즈카페 어때?""라고 하고， 이제 막 연애를 시작한 친구는 ""커플 데이트 겸 분위기 좋은 레스토랑 예약했어， 너도 올래?""라고 묻습니다. 한편 ",CONTENT_ALIGNMENT_REQUIRED: 제목 키워드가 본문 앞부분에 없음 — 제목 수정 또는 본문 도입 개선
2026-08-08-lifestyle-auto-dd0e67,https://honsamnote.co.kr/blog/2026-08-08-lifestyle-auto-dd0e67/,1인 가구 운동 비교｜혼자 운동,1인 가구 운동,비교형,KEYWORD_ABSENT_FROM_OPENING,no,yes,yes,문제 상황 퇴근 후 현관문을 열면 텅 빈 집. 오늘 하루도 고생 많았다는 위로도 잠시， 밀려오는 피로와 함께 소파에 몸을 던집니다. 머릿속으로는 ‘운동해야 하는데…’ 수없이 되뇌지만， 이미 리모컨이 손에 들려 있죠. 혼자 살다 보니 누가 옆에서 잔소리할 사람도 없고， ,CONTENT_ALIGNMENT_REQUIRED: 제목 키워드가 본문 앞부분에 없음 — 제목 수정 또는 본문 도입 개선
2026-08-08-products-auto-06056d,https://honsamnote.co.kr/blog/2026-08-08-products-auto-06056d/,"혼자 사는 직장인, 매일 마시는 물, 똑똑하게 고르고 싶다면? 생수 vs 필터 정수기 vs 렌탈 정수기, 내게 맞는 최적의 선택은?",1인 가구 정수기,비교형,KEYWORD_ABSENT_FROM_OPENING,no,no,yes,문제 상황 퇴근 후 현관 앞에서 무거운 생수 묶음을 옮기다가 허리를 삐끗할 뻔했던 경험， 있으신가요? 냉장고 한 칸을 차지하는 생수병이 부담스럽고， 쌓여가는 페트병 쓰레기를 분리수거하는 것도 여간 귀찮은 일이 아닙니다. 그렇다고 1인 가구에 덩치 큰 렌탈 정수기를 놓자,CONTENT_ALIGNMENT_REQUIRED: 제목 키워드가 본문 앞부분에 없음 — 제목 수정 또는 본문 도입 개선
2026-08-08-products-auto-3477b8,https://honsamnote.co.kr/blog/2026-08-08-products-auto-3477b8/,1인 가구 공기청정기 방법｜좁은 집 공기,1인 가구 공기청정기,방법형,KEYWORD_ABSENT_FROM_OPENING,no,no,yes,문제 상황 힘든 하루를 마치고 퇴근 후 현관문을 열었을 때， 나를 반기는 건 쾌적한 공기가 아닌 답답하고 꿉꿉한 냄새， 혹은 어딘가 모르게 쾨쾨한 공기인가요? 요리하고 남은 음식 냄새， 묵은 먼지 냄새， 빨래 덜 마른 냄새 등 온갖 냄새가 뒤섞인 듯한 공기에 숨쉬기조차,CONTENT_ALIGNMENT_REQUIRED: 제목 키워드가 본문 앞부분에 없음 — 제목 수정 또는 본문 도입 개선
2026-08-08-products-auto-38bb22,https://honsamnote.co.kr/blog/2026-08-08-products-auto-38bb22/,"혼자 사는 직장인, 퇴근 후 설거지 산더미에 지쳤다면? 1인 가구 미니 식기세척기 vs 손설거지, 나에게 맞는 현명한 선택은?",1인 가구 식기세척기,비교형,KEYWORD_ABSENT_FROM_OPENING,no,yes,yes,문제 상황 퇴근 후 지친 몸을 이끌고 겨우 저녁 한 끼를 차려 먹고 나면， 싱크대에는 덩그러니 쌓인 설거지 거리들이 보입니다. 고작 한두 끼 식사인데도 매번 설거지하는 게 왜 이렇게 귀찮고 시간을 잡아먹는지 모르겠습니다. 좁은 주방에 식기세척기라니， 사치일까? 아니면 ,CONTENT_ALIGNMENT_REQUIRED: 제목 키워드가 본문 앞부분에 없음 — 제목 수정 또는 본문 도입 개선
2026-08-08-products-auto-3f53f6,https://honsamnote.co.kr/blog/2026-08-08-products-auto-3f53f6/,1인 가구 공구 기준｜가정용 공구 세트,1인 가구 공구,판단형,KEYWORD_ABSENT_FROM_OPENING,no,yes,yes,문제 상황 퇴근 후 현관문에 걸린 액자가 살짝 기울어져 있거나， 새로 배송 온 조립식 가구를 보고 한숨 쉬어본 적 있으신가요? 냉장고 문이 덜그럭거리거나， 전등 스위치 커버가 느슨해지는 등 사소한 고장은 혼자 사는 집에서 예상치 못한 순간에 불쑥 찾아옵니다. 매번 전문,CONTENT_ALIGNMENT_REQUIRED: 제목 키워드가 본문 앞부분에 없음 — 제목 수정 또는 본문 도입 개선
2026-08-08-products-auto-57c503,https://honsamnote.co.kr/blog/2026-08-08-products-auto-57c503/,"혼자 사는 직장인, 퇴근 후 끈적한 바닥에 지쳤다면? 1인 가구 로봇 물걸레 청소기 vs 무선 전동 물걸레 청소기, 나에게 맞는 현명한 선택은?",1인 가구 청소,비교형,KEYWORD_ABSENT_FROM_OPENING,no,no,yes,"문제 상황 퇴근 후 지친 몸을 이끌고 겨우 현관문을 열었는데， 온종일 집을 비운 사이 먼지와 발자국으로 얼룩진 바닥이 눈에 들어옵니다. 무선 스틱 청소기로 먼지는 대충 빨아들였지만， 어딘가 모르게 끈적하고 꿉꿉한 느낌은 사라지지 않습니다. ""아， 물걸레질 해야 하는데.",CONTENT_ALIGNMENT_REQUIRED: 제목 키워드가 본문 앞부분에 없음 — 제목 수정 또는 본문 도입 개선
2026-08-08-products-auto-613b49,https://honsamnote.co.kr/blog/2026-08-08-products-auto-613b49/,1인 가구 해충 비교｜벌레 퇴치법,1인 가구 해충,비교형,KEYWORD_ABSENT_FROM_OPENING,no,no,yes,문제 상황 늦은 밤， 퇴근 후 지친 몸으로 집에 돌아와 불을 켰는데 싱크대 모퉁이에서 후다닥 도망가는 바퀴벌레를 발견했습니다. 아침에 컵에 둔 과일 껍질 주변으로 초파리 떼가 윙윙거리고， 왠지 모르게 몸이 간지러워 살펴보니 작은 개미들이 줄지어 벽을 기어갑니다. 혼자 ,CONTENT_ALIGNMENT_REQUIRED: 제목 키워드가 본문 앞부분에 없음 — 제목 수정 또는 본문 도입 개선
2026-08-08-products-auto-a84bd7,https://honsamnote.co.kr/blog/2026-08-08-products-auto-a84bd7/,혼자 장보기 방법｜온라인 식료품 배달,혼자 장보기,방법형,KEYWORD_ABSENT_FROM_OPENING,no,yes,yes,문제 상황 혼자 사는 직장인에게 장보기는 여간 귀찮고 번거로운 일이 아닙니다. 퇴근 후 지친 몸을 이끌고 마트에 들러야 하고， 무거운 장바구니를 들고 집까지 오는 길은 고되기만 합니다. 겨우 장을 봐와도 막상 필요한 소량의 식재료는 찾기 어렵고， 충동구매로 냉장고를 채,CONTENT_ALIGNMENT_REQUIRED: 제목 키워드가 본문 앞부분에 없음 — 제목 수정 또는 본문 도입 개선
2026-08-08-products-auto-b03456,https://honsamnote.co.kr/blog/2026-08-08-products-auto-b03456/,1인 가구 해충 비교｜바퀴벌레 셀프 퇴치,1인 가구 해충,비교형,KEYWORD_ABSENT_FROM_OPENING,no,yes,yes,문제 상황 퇴근 후 문을 열고 들어선 순간， 싱크대 구석에서 번개처럼 스쳐 지나가는 검은 그림자. 혹은 잠자리에 들려는데 귓가를 맴도는 모기 소리， 음식물 쓰레기통 위를 점령한 초파리 떼까지. 혼자 사는 집에서 이런 불청객을 마주하면 그 막막함과 소름 끼침은 배가 됩니,CONTENT_ALIGNMENT_REQUIRED: 제목 키워드가 본문 앞부분에 없음 — 제목 수정 또는 본문 도입 개선
2026-08-08-products-auto-c4d689,https://honsamnote.co.kr/blog/2026-08-08-products-auto-c4d689/,"혼자 사는 직장인, 퇴근 후 빠르고 근사한 한 끼 식사, 매번 고민된다면? 밀키트 vs. 가정간편식(HMR), 나에게 딱 맞는 선택은?",1인 가구 식사,비교형,KEYWORD_ABSENT_FROM_OPENING,no,yes,yes,문제 상황 퇴근 후 현관문을 열고 들어서는 순간， 하루의 피로가 묵직하게 어깨를 짓누릅니다. 냉장고를 열어봐도 딱히 끌리는 식재료는 없고， 겨우 몇 가지 꺼내 요리하려니 손질부터 조리까지 너무 많은 에너지가 필요하죠. 결국 배달 앱을 뒤적이거나， 냉동실에 박혀 있던 인,CONTENT_ALIGNMENT_REQUIRED: 제목 키워드가 본문 앞부분에 없음 — 제목 수정 또는 본문 도입 개선
2026-08-08-safety-auto-55b509,https://honsamnote.co.kr/blog/2026-08-08-safety-auto-55b509/,1인 가구 구급상자 비교｜DIY 구급상자,1인 가구 구급상자,비교형,KEYWORD_ABSENT_FROM_OPENING,no,yes,yes,문제 상황 퇴근 후 지쳐서 요리를 하다 칼에 손을 살짝 베였습니다. 혹은 서두르다 발목을 삐끗했죠. 혼자 사는 집에 갑작스러운 작은 부상은 왠지 모르게 더 크게 다가옵니다. 당장 소독약이나 밴드 하나 찾으려 해도 어디 뒀는지 기억이 안 나 우왕좌왕하다가 결국 대충 붙이,CONTENT_ALIGNMENT_REQUIRED: 제목 키워드가 본문 앞부분에 없음 — 제목 수정 또는 본문 도입 개선
2026-08-08-safety-auto-71a5f3,https://honsamnote.co.kr/blog/2026-08-08-safety-auto-71a5f3/,"혼자 사는 당신, 빈집털이 걱정될 때? DIY 스마트 보안 시스템 vs. 전문 경비 서비스, 나에게 맞는 선택은?",혼자 사는 집 안전,비교형,KEYWORD_ABSENT_FROM_OPENING,no,no,yes,"문제 상황 퇴근 후 현관문을 열 때마다， 혹은 주말 동안 집을 비우고 돌아올 때마다 왠지 모를 불안감이 엄습할 때가 있습니다. ""혹시 내가 없는 사이에 누가 다녀간 건 아닐까?""， ""집이 비어있는 걸 알면 안 될 텐데…""， ""밤에 혼자 자는데 누가 침입하면 어쩌지?"" ",CONTENT_ALIGNMENT_REQUIRED: 제목 키워드가 본문 앞부분에 없음 — 제목 수정 또는 본문 도입 개선
2026-08-08-safety-auto-84a0bd,https://honsamnote.co.kr/blog/2026-08-08-safety-auto-84a0bd/,1인 가구 가스 냄새 방법｜가스 누출,1인 가구 가스 냄새,방법형,KEYWORD_ABSENT_FROM_OPENING,no,yes,yes,문제 상황 퇴근 후 문을 열고 집에 들어서는 순간， 혹은 주말에 따뜻한 커피 한 잔 마시며 쉬고 있는데 어디선가 희미하게 올라오는 낯선 냄새. 킁킁거려 보니， 평소 맡아본 적 없는 특유의 불쾌한 ‘가스 냄새’ 같기도 합니다. 혼자 사는 집에서 이런 냄새가 나니， 혹시나,CONTENT_ALIGNMENT_REQUIRED: 제목 키워드가 본문 앞부분에 없음 — 제목 수정 또는 본문 도입 개선
2026-08-08-safety-auto-9834c4,https://honsamnote.co.kr/blog/2026-08-08-safety-auto-9834c4/,1인 가구 식재료 방법｜유통기한,1인 가구 식재료,방법형,KEYWORD_ABSENT_FROM_OPENING,no,yes,yes,문제 상황 퇴근 후 지쳐서 냉장고 문을 열었는데， 텅 비어 있거나 반대로 뭐가 뭔지 모를 정도로 가득 차 있다면? 혼자 사는 당신이라면 흔히 겪는 일일 겁니다. 마트에서 분명 소량으로 구매한다고 했는데도， 며칠 먹고 나면 애매하게 남아 냉장고 한편에 잊혀지기 일쑤죠. ,CONTENT_ALIGNMENT_REQUIRED: 제목 키워드가 본문 앞부분에 없음 — 제목 수정 또는 본문 도입 개선
2026-08-08-safety-auto-985515,https://honsamnote.co.kr/blog/2026-08-08-safety-auto-985515/,혼자 사는 집 누수 방법｜아파트 누수,혼자 사는 집 누수,방법형,KEYWORD_ABSENT_FROM_OPENING,no,yes,yes,문제 상황 늦은 밤， 퇴근 후 따뜻한 물에 샤워하고 막 침대에 누웠는데， 조용하던 거실에서 '똑， 똑' 하는 소리가 들려옵니다. 설마 하는 마음에 가보니， 천장 한 귀퉁이에서 물방울이 떨어지고 있습니다. 처음엔 작은 얼룩이었던 것이 어느새 점점 번져가고， 바닥에는 투명,CONTENT_ALIGNMENT_REQUIRED: 제목 키워드가 본문 앞부분에 없음 — 제목 수정 또는 본문 도입 개선
2026-08-08-safety-auto-be207d,https://honsamnote.co.kr/blog/2026-08-08-safety-auto-be207d/,집 냄새 기준｜원인 모를 냄새,집 냄새,판단형,KEYWORD_ABSENT_FROM_OPENING,no,yes,yes,문제 상황 퇴근 후 문을 열고 들어선 순간， 집안을 가득 채운 불쾌한 냄새에 코를 찌푸립니다. 분명 아침에는 괜찮았는데， 어디선가 스며들어온 듯한 퀴퀴한 하수구 냄새일 수도， 아니면 희미하게 풍기는 가스 냄새나 매캐한 탄 냄새일 수도 있습니다. 혼자 사는 집에서 갑작스,CONTENT_ALIGNMENT_REQUIRED: 제목 키워드가 본문 앞부분에 없음 — 제목 수정 또는 본문 도입 개선
2026-08-08-safety-auto-ee80c6,https://honsamnote.co.kr/blog/2026-08-08-safety-auto-ee80c6/,천장 누수 방법｜벽 누수,천장 누수,방법형,KEYWORD_ABSENT_FROM_OPENING,no,yes,no,문제 상황 늦은 밤， 침대에 누워 휴식을 취하는데 '똑똑' 하는 불규칙한 소리가 들려옵니다. 처음엔 대수롭지 않게 여겼지만， 이내 주방이나 거실 천장 한쪽이 축축하게 젖어 있는 것을 발견합니다. 심지어 벽지까지 얼룩지고 물방울이 맺히기 시작합니다. 혼자 사는 집에 이런,CONTENT_ALIGNMENT_REQUIRED: 제목 키워드가 본문 앞부분에 없음 — 제목 수정 또는 본문 도입 개선
2026-08-08-safety-auto-fcd8d6,https://honsamnote.co.kr/blog/2026-08-08-safety-auto-fcd8d6/,1인가구 응급상황 비용 정리｜늦은 밤 병원,1인가구 응급상황,비용형,KEYWORD_ABSENT_FROM_OPENING,no,no,no,문제 상황 금요일 저녁， 일주일의 피로가 쏟아져 잠자리에 들려는 순간 갑자기 배가 심하게 아파오기 시작합니다. 처음에는 체했나 싶어 소화제를 먹어보지만， 통증은 점점 더 심해지고 식은땀까지 흐릅니다. 평소 같으면 가족이나 친구에게 도움을 요청했을 텐데， 지금은 혼자입니,CONTENT_ALIGNMENT_REQUIRED: 제목 키워드가 본문 앞부분에 없음 — 제목 수정 또는 본문 도입 개선
2026-08-08-storage-auto-12975c,https://honsamnote.co.kr/blog/2026-08-08-storage-auto-12975c/,1인 가구 청소 도구 수납 알아보기｜좁은 집 청소용품 정리,1인 가구 청소 도구 수납,문제해결형,KEYWORD_ABSENT_FROM_OPENING,no,yes,yes,"문제 상황 퇴근 후 현관문을 열고 들어서면， 어제 사용했던 무선 청소기가 벽에 기대어 있고， 작은 솔과 세제 스프레이가 싱크대 한쪽에 놓여있습니다. ""어차피 내일 또 쓸 텐데 뭐"" 하는 마음으로 며칠 지나면， 이들은 점점 거슬리기 시작합니다. 발에 걸리거나， 눈에 띄어",CONTENT_ALIGNMENT_REQUIRED: 제목 키워드가 본문 앞부분에 없음 — 제목 수정 또는 본문 도입 개선
2026-08-08-storage-auto-15969c,https://honsamnote.co.kr/blog/2026-08-08-storage-auto-15969c/,1인 가구 옷 수납 비교｜원룸 임시 보관,1인 가구 옷 수납,비교형,KEYWORD_ABSENT_FROM_OPENING,no,yes,yes,문제 상황 퇴근 후 현관문을 열고 들어서는 순간， 몸을 짓누르던 피곤함과 함께 오늘 입었던 겉옷을 의자 위로 던져두고， 무거운 가방은 바닥에 툭 내려놓습니다. 다음 날 입을 옷을 미리 골라두었지만， 마땅히 둘 곳이 없어 침대 한켠에 덩그러니 놓여있고요. 이렇게 하루 이,CONTENT_ALIGNMENT_REQUIRED: 제목 키워드가 본문 앞부분에 없음 — 제목 수정 또는 본문 도입 개선
2026-08-08-storage-auto-24e806,https://honsamnote.co.kr/blog/2026-08-08-storage-auto-24e806/,1인 가구 청소 도구 알아보기｜좁은 집 청소용품,1인 가구 청소 도구,문제해결형,KEYWORD_ABSENT_FROM_OPENING,no,yes,yes,문제 상황 퇴근하고 지친 몸으로 집에 들어섰는데， 현관 옆에는 덩치 큰 진공청소기가 삐죽 튀어나와 있고， 주방 한쪽에는 밀대와 빗자루가 위태롭게 기대어 서 있습니다. 겨우 몸을 이끌고 들어선 욕실은 샤워부스 한편에 청소용 솔과 세제통이 어지럽게 놓여 있어 눈살을 찌푸리,CONTENT_ALIGNMENT_REQUIRED: 제목 키워드가 본문 앞부분에 없음 — 제목 수정 또는 본문 도입 개선
2026-08-08-storage-auto-276b92,https://honsamnote.co.kr/blog/2026-08-08-storage-auto-276b92/,1인 가구 세탁 바구니 비교｜좁은 원룸 빨래통,1인 가구 세탁 바구니,비교형,KEYWORD_ABSENT_FROM_OPENING,no,yes,yes,문제 상황 퇴근 후 지친 몸을 이끌고 들어선 좁은 원룸. 침대 옆， 옷장 앞， 혹은 화장실 문턱에 대충 던져놓은 옷가지들이 산처럼 쌓여있는 모습을 보면 한숨부터 나옵니다. 바쁘다는 핑계로 미루다 보면 어느새 발 디딜 틈 없이 지저분해지고， 축축한 빨랫감은 퀴퀴한 냄새까,CONTENT_ALIGNMENT_REQUIRED: 제목 키워드가 본문 앞부분에 없음 — 제목 수정 또는 본문 도입 개선
2026-08-08-storage-auto-37bfb5,https://honsamnote.co.kr/blog/2026-08-08-storage-auto-37bfb5/,1인 가구 외투 알아보기｜좁은 집 가방 수납,1인 가구 외투,문제해결형,KEYWORD_ABSENT_FROM_OPENING,no,yes,no,문제 상황 바쁜 하루를 마치고 지쳐 집으로 돌아온 당신. 현관에 들어서자마자 무거운 가방을 툭 내려놓고， 답답했던 외투는 의자 위에， 모자는 아무렇게나 던져두곤 하죠. '내일 또 입을 거니까'， '잠깐만 걸어두지 뭐'라는 생각으로 시작된 행동은 어느새 습관이 되어 버립,CONTENT_ALIGNMENT_REQUIRED: 제목 키워드가 본문 앞부분에 없음 — 제목 수정 또는 본문 도입 개선
2026-08-08-storage-auto-55b81f,https://honsamnote.co.kr/blog/2026-08-08-storage-auto-55b81f/,1인 가구 주방 수납 비교｜프라이팬 정리,1인 가구 주방 수납,비교형,KEYWORD_ABSENT_FROM_OPENING,no,yes,yes,문제 상황 퇴근 후 간단하게라도 요리를 해 먹으려 주방으로 향할 때， 싱크대 하부장이나 인덕션 옆에 불안하게 쌓여있는 팬과 냄비 더미를 보면 한숨부터 나오시나요? 좁은 1인 가구 주방에서 이리저리 굴러다니는 프라이팬과 냄비는 공간을 차지할 뿐 아니라， 요리를 시작하기도,CONTENT_ALIGNMENT_REQUIRED: 제목 키워드가 본문 앞부분에 없음 — 제목 수정 또는 본문 도입 개선
2026-08-08-storage-auto-9dbb87,https://honsamnote.co.kr/blog/2026-08-08-storage-auto-9dbb87/,1인 가구 욕실 수납 알아보기｜좁은 욕실 정리,1인 가구 욕실 수납,문제해결형,KEYWORD_ABSENT_FROM_OPENING,no,yes,no,문제 상황 바쁜 출근 준비 시간， 좁은 욕실 세면대는 이미 전쟁터입니다. 엉켜있는 칫솔 치약 옆으로 샴푸， 린스， 바디워시 샘플이 굴러다니고， 어제저녁 대충 올려둔 스킨， 로션， 크림 병들이 거울 앞을 가로막고 있습니다. 잃어버린 헤어밴드를 찾느라 다른 물건들을 이리저,CONTENT_ALIGNMENT_REQUIRED: 제목 키워드가 본문 앞부분에 없음 — 제목 수정 또는 본문 도입 개선
2026-08-08-storage-auto-fda98a,https://honsamnote.co.kr/blog/2026-08-08-storage-auto-fda98a/,1인 가구 약 수납 알아보기｜좁은 집 약 정리,1인 가구 약 수납,문제해결형,KEYWORD_ABSENT_FROM_OPENING,no,yes,no,문제 상황 밤늦게 갑자기 열이 나거나 배탈이 났을 때， 서랍을 아무리 뒤져도 지난번에 받아온 약 봉투는 보이지 않고， 유통기한이 지난 약병만 한가득이라면 정말 난감합니다. 혹시나 하는 마음에 쌓아둔 소화제， 해열제， 연고들이 특정 장소 없이 이 방 저 방 굴러다니거나，,CONTENT_ALIGNMENT_REQUIRED: 제목 키워드가 본문 앞부분에 없음 — 제목 수정 또는 본문 도입 개선
2026-08-09-cleaning-auto-117267,https://honsamnote.co.kr/blog/2026-08-09-cleaning-auto-117267/,실리콘 곰팡이 제거 알아보기｜욕실 곰팡이,실리콘 곰팡이 제거,문제해결형,KEYWORD_ABSENT_FROM_OPENING,no,yes,no,문제 상황 따뜻하게 샤워를 마치고 개운하게 나오려는 찰나， 시야를 강탈하는 검은 얼룩에 눈살을 찌푸린 적 있으신가요? 바로 욕실 세면대， 샤워 부스， 욕조 주변 실리콘 틈새를 따라 번진 곰팡이입니다. 분명 어제도 청소했는데， 늘 그 자리에 피어있는 끈질긴 곰팡이 앞에서,CONTENT_ALIGNMENT_REQUIRED: 제목 키워드가 본문 앞부분에 없음 — 제목 수정 또는 본문 도입 개선
2026-08-09-cleaning-auto-c10b6d,https://honsamnote.co.kr/blog/2026-08-09-cleaning-auto-c10b6d/,로봇청소기 비교｜무선 스틱 청소기,로봇청소기,비교형,KEYWORD_ABSENT_FROM_OPENING,no,no,yes,문제 상황 퇴근 후 현관문을 열면 반겨주는 것은 평화로운 집이어야 하는데， 현실은 늘 바닥에 스며든 먼지와 머리카락， 그리고 어디선가 흘린 음식 부스러기들입니다. 좁은 원룸이나 오피스텔이라 먼지가 쌓이는 속도는 또 왜 이렇게 빠른지， 매일 청소하자니 지쳐 죽을 것 같고,CONTENT_ALIGNMENT_REQUIRED: 제목 키워드가 본문 앞부분에 없음 — 제목 수정 또는 본문 도입 개선
2026-08-09-cleaning-auto-e21eb5,https://honsamnote.co.kr/blog/2026-08-09-cleaning-auto-e21eb5/,혼자 매트리스 청소 알아보기｜매트리스 관리법,혼자 매트리스 청소,문제해결형,KEYWORD_ABSENT_FROM_OPENING,no,no,yes,문제 상황 퇴근 후 지친 몸을 뉘이는 유일한 안식처， 바로 침대죠. 혼자 사는 직장인에게 침대는 그저 잠만 자는 공간이 아니라 때론 작업실이 되고， 때론 식탁이 되기도 합니다. 그러다 보니 매트리스는 우리와 가장 밀접하게 닿아 있지만， 눈에 보이는 얼룩이 없으면 '나중,CONTENT_ALIGNMENT_REQUIRED: 제목 키워드가 본문 앞부분에 없음 — 제목 수정 또는 본문 도입 개선
2026-08-09-cost-auto-80b3c9,https://honsamnote.co.kr/blog/2026-08-09-cost-auto-80b3c9/,"혼자 사는 직장인, 매주 장보기 귀찮고 음식물 쓰레기 걱정된다면? 식료품 정기배송 vs 직접 장보기, 내게 맞는 최적의 선택은?",1인 가구 장보기,비교형,KEYWORD_ABSENT_FROM_OPENING,no,yes,yes,문제 상황 퇴근 후 지친 몸을 이끌고 집에 왔는데， 텅 빈 냉장고를 보면 한숨부터 나오시죠? 주말에 몰아서 장을 보려 해도 뭘 사야 할지 막막하고， 막상 사와도 1인 가구가 소화하기에는 너무 많은 양이라 결국 남아서 버리게 되는 일이 부지기수입니다. 온라인으로 주문하자,CONTENT_ALIGNMENT_REQUIRED: 제목 키워드가 본문 앞부분에 없음 — 제목 수정 또는 본문 도입 개선
2026-08-09-food-auto-937ea1,https://honsamnote.co.kr/blog/2026-08-09-food-auto-937ea1/,1인 가구 고기 보관 알아보기｜혼밥 생선 보관,1인 가구 고기 보관,문제해결형,KEYWORD_ABSENT_FROM_OPENING,no,yes,no,문제 상황 퇴근길 마트에 들러 신선 코너를 둘러봅니다. 오늘은 왠지 스테이크나 생선구이가 당기는 날입니다. 그런데 판매하는 고기나 생선은 대부분 2~3인분 이상 포장되어 있네요. '한 끼만 먹을 건데…' 잠시 망설이지만， 결국 '에라 모르겠다， 나머지는 어떻게든 되겠지,CONTENT_ALIGNMENT_REQUIRED: 제목 키워드가 본문 앞부분에 없음 — 제목 수정 또는 본문 도입 개선
2026-08-09-food-auto-bd7a7d,https://honsamnote.co.kr/blog/2026-08-09-food-auto-bd7a7d/,1인 가구 채소 비교｜손질 채소 구매,1인 가구 채소,비교형,KEYWORD_ABSENT_FROM_OPENING,no,yes,yes,"문제 상황 퇴근 후 현관문을 열고 들어서는 순간， 몸은 천근만근인데 텅 빈 냉장고를 보면 한숨부터 나옵니다. ""오늘은 꼭 집밥을 먹어야지!"" 다짐하지만， 싱싱한 채소를 씻고， 다듬고， 썰고， 버릴 부분 골라내는 과정이 너무 번거롭게 느껴집니다. 그 과정만 떠올려도 벌써",CONTENT_ALIGNMENT_REQUIRED: 제목 키워드가 본문 앞부분에 없음 — 제목 수정 또는 본문 도입 개선
2026-08-09-food-auto-e39c1f,https://honsamnote.co.kr/blog/2026-08-09-food-auto-e39c1f/,혼자 사는 직장인 닭가슴살 해결 방법｜대용량 닭가슴살 보관,혼자 사는 직장인 닭가슴살,방법형,KEYWORD_ABSENT_FROM_OPENING,no,yes,yes,문제 상황 퇴근 후 지친 몸을 이끌고 마트에 들렀는데， 할인하는 대용량 닭가슴살이 눈에 들어옵니다. '그래， 건강을 위해서도 좋고 단백질 보충도 할 겸 사볼까?' 싶어 냉큼 카트에 담아왔죠. 하지만 막상 집에 와서 냉동실 문을 여니， 덩어리째 넣기엔 부담스럽고， 이걸 ,CONTENT_ALIGNMENT_REQUIRED: 제목 키워드가 본문 앞부분에 없음 — 제목 수정 또는 본문 도입 개선
2026-08-09-housing-auto-1e381e,https://honsamnote.co.kr/blog/2026-08-09-housing-auto-1e381e/,"혼자 사는 직장인, 장기간 집 비울 때? 스마트 기기 vs 지인 vs 관리사무소, 뭘 믿어야 안심될까?",혼자 살 때 집 비우기,비교형,KEYWORD_ABSENT_FROM_OPENING,no,no,yes,"문제 상황 설레는 마음으로 장기 휴가를 계획하거나， 커리어에 중요한 해외 출장 및 파견을 앞두고 있나요? 혼자 사는 직장인이라면 아마 집을 비우는 순간부터 ‘집 걱정’이 마음 한구석을 차지할 겁니다. ""불은 끄고 나왔나?""부터 시작해서 ""택배는 누가 받지?""， ""혹시 ",CONTENT_ALIGNMENT_REQUIRED: 제목 키워드가 본문 앞부분에 없음 — 제목 수정 또는 본문 도입 개선
2026-08-09-housing-auto-da13ec,https://honsamnote.co.kr/blog/2026-08-09-housing-auto-da13ec/,나 홀로 이사 체크리스트｜이사 당일,나 홀로 이사,체크형,KEYWORD_ABSENT_FROM_OPENING,no,no,no,문제 상황 이사 당일 아침， 알람 소리에 눈을 떴지만 몸은 천근만근입니다. 곧 이사 업체 트럭이 도착할 텐데， 누가 짐 싸는 것을 감독하고， 누가 공과금 정산을 확인하고， 누가 집주인과 최종 퇴실 점검을 할까요? 이사 나갈 집과 들어갈 집을 오가며 홀로 모든 것을 처리,CONTENT_ALIGNMENT_REQUIRED: 제목 키워드가 본문 앞부분에 없음 — 제목 수정 또는 본문 도입 개선
2026-08-09-lifestyle-auto-12d150,https://honsamnote.co.kr/blog/2026-08-09-lifestyle-auto-12d150/,1인 가구 생활 리듬 방법｜코어 루틴 만들기,1인 가구 생활 리듬,방법형,KEYWORD_ABSENT_FROM_OPENING,no,no,yes,문제 상황 혼자 사는 직장인에게 퇴근 후 시간은 완벽한 자유입니다. 누군가의 눈치를 보거나 시간을 맞출 필요 없이 오롯이 나만의 공간， 나만의 시간을 누릴 수 있죠. 하지만 이 끝없는 자유가 오히려 독이 되어 돌아올 때도 있습니다. 퇴근 후 집에 오면 '뭘 해야 할지',CONTENT_ALIGNMENT_REQUIRED: 제목 키워드가 본문 앞부분에 없음 — 제목 수정 또는 본문 도입 개선
2026-08-09-products-auto-7bf3a6,https://honsamnote.co.kr/blog/2026-08-09-products-auto-7bf3a6/,"혼자 사는 직장인, 좁은 집에서도 나만의 영화관을 만들고 싶다면? 미니 빔 프로젝터 vs 스마트 TV, 내게 맞는 최적의 선택은?",1인 가구 엔터테인먼트,비교형,KEYWORD_ABSENT_FROM_OPENING,no,yes,yes,문제 상황 퇴근 후 지친 몸을 이끌고 집에 들어온 당신. 북적이는 사람들 틈에서 벗어나 나만의 공간에서 편안하게 영화 한 편， 드라마 한 편 보고 싶은데… 눈을 돌리면 좁은 원룸 벽 한 켠에 놓인 작은 모니터나 스마트폰 화면이 전부입니다. 큰 화면으로 실감 나게 즐기고,CONTENT_ALIGNMENT_REQUIRED: 제목 키워드가 본문 앞부분에 없음 — 제목 수정 또는 본문 도입 개선
2026-08-09-products-auto-b63f8d,https://honsamnote.co.kr/blog/2026-08-09-products-auto-b63f8d/,1인 가구 옷 정리 방법｜좁은 집 옷 수납,1인 가구 옷 정리,방법형,KEYWORD_ABSENT_FROM_OPENING,no,yes,yes,문제 상황 퇴근 후 좁은 원룸이나 오피스텔에 돌아오면， 꽉 찬 옷장이 한숨부터 나오게 만듭니다. 특히 계절이 바뀔 때마다 입지 않는 두꺼운 패딩， 코트， 아니면 지난여름의 얇은 옷들이 공간만 차지하며 당신을 괴롭히죠. 옷을 버리긴 아깝고， 그렇다고 새로 사기에는 비좁은,CONTENT_ALIGNMENT_REQUIRED: 제목 키워드가 본문 앞부분에 없음 — 제목 수정 또는 본문 도입 개선
2026-08-09-products-auto-df5dbc,https://honsamnote.co.kr/blog/2026-08-09-products-auto-df5dbc/,1인 가구 폐기물 알아보기｜대형 폐기물 신고,1인 가구 폐기물,문제해결형,KEYWORD_ABSENT_FROM_OPENING,no,yes,no,문제 상황 좁은 원룸 한구석， 애물단지처럼 자리 잡은 낡은 책상이나 더 이상 쓸모없는 고장 난 전자레인지를 볼 때마다 한숨부터 나오시죠? 이사 오면서 당장 버려야지 했던 오래된 매트리스가 몇 달째 거실 한쪽을 차지하며 공간만 차지하고 있나요? 혼자 사는 직장인에게 부피,CONTENT_ALIGNMENT_REQUIRED: 제목 키워드가 본문 앞부분에 없음 — 제목 수정 또는 본문 도입 개선
2026-08-09-safety-auto-14bba7,https://honsamnote.co.kr/blog/2026-08-09-safety-auto-14bba7/,"혼자 사는 당신, 주방이나 콘센트에서 작은 불이 났을 때: 스프레이형 간이 소화기 vs. 일반 분말 소화기, 나에게 맞는 선택은?",1인 가구 화재,비교형,KEYWORD_ABSENT_FROM_OPENING,no,no,no,문제 상황 밤늦게 퇴근하고 간단하게 요리하다 깜빡 졸았을 때， 혹은 오래된 멀티탭에서 갑자기 스파크가 튀며 작은 불꽃이 일어났을 때. 혼자 사는 집에서 이런 아찔한 상황을 겪어본 적 있으신가요? 작은 불씨 하나가 순식간에 집 전체를 위협하는 대형 화재로 번질 수 있다는,CONTENT_ALIGNMENT_REQUIRED: 제목 키워드가 본문 앞부분에 없음 — 제목 수정 또는 본문 도입 개선
2026-08-09-safety-auto-eb5e4c,https://honsamnote.co.kr/blog/2026-08-09-safety-auto-eb5e4c/,1인 가구 현관문 잠김 방법｜열쇠 분실 대처,1인 가구 현관문 잠김,방법형,KEYWORD_ABSENT_FROM_OPENING,no,no,yes,문제 상황 설레는 마음으로 퇴근 후 현관 앞에 섰는데， 가방을 뒤적여도 열쇠가 잡히지 않습니다. 스마트 도어락 비밀번호를 아무리 눌러도 반응이 없거나， 어딘가 카드키를 떨어뜨린 것 같습니다. 이 시간까지 기다려줄 사람은 없고， 쌓인 피로에 굶주림까지 겹쳐 눈앞이 캄캄합,CONTENT_ALIGNMENT_REQUIRED: 제목 키워드가 본문 앞부분에 없음 — 제목 수정 또는 본문 도입 개선
2026-08-09-storage-auto-897697,https://honsamnote.co.kr/blog/2026-08-09-storage-auto-897697/,1인 가구 공구 알아보기｜좁은 집 공구 수납,1인 가구 공구,문제해결형,KEYWORD_ABSENT_FROM_OPENING,no,yes,no,문제 상황 주말 모처럼 마음먹고 조립식 가구를 꺼냈는데， 육각렌치가 어디 갔는지 온 집안 서랍을 뒤지고 계신가요? 갑자기 멀티탭 나사가 헐거워져 드라이버를 찾아야 하는데， 지난번에 어디에 두었는지 기억이 나지 않아 답답했던 적은 없나요? 혼자 사는 좁은 집에서 자주 쓰,CONTENT_ALIGNMENT_REQUIRED: 제목 키워드가 본문 앞부분에 없음 — 제목 수정 또는 본문 도입 개선
2026-08-09-storage-auto-b05c4f,https://honsamnote.co.kr/blog/2026-08-09-storage-auto-b05c4f/,1인 가구 주방 수납 비교｜소형 가전 정리,1인 가구 주방 수납,비교형,KEYWORD_ABSENT_FROM_OPENING,no,yes,yes,문제 상황 퇴근 후 허기진 배를 채우기 위해 에어프라이어를 꺼내려는데， 좁은 주방 조리대는 이미 커피 머신과 토스터로 가득 차 있습니다. 간신히 자리를 만들어 에어프라이어를 사용하고 나면， 다시 제자리에 넣기는 귀찮고 결국 주방 한구석을 차지하게 되죠. 블렌더나 인스턴,CONTENT_ALIGNMENT_REQUIRED: 제목 키워드가 본문 앞부분에 없음 — 제목 수정 또는 본문 도입 개선
2026-08-09-storage-auto-b54398,https://honsamnote.co.kr/blog/2026-08-09-storage-auto-b54398/,1인 가구 이불 수납 알아보기｜원룸 이불 보관,1인 가구 이불 수납,문제해결형,KEYWORD_ABSENT_FROM_OPENING,no,yes,yes,문제 상황 따뜻했던 봄이 가고 여름이 오니， 겨울 내내 포근하게 덮었던 두꺼운 구스 이불이 애물단지가 됩니다. 퇴근 후 지친 몸으로 집에 돌아와 겨우 침구 교체를 마쳤지만， 이제 부피 큰 이불은 갈 곳을 잃고 침대 한쪽， 혹은 옷장 구석에 웅크리고 있네요. 보기만 해도,CONTENT_ALIGNMENT_REQUIRED: 제목 키워드가 본문 앞부분에 없음 — 제목 수정 또는 본문 도입 개선
2026-08-10-cleaning-auto-6e0644,https://honsamnote.co.kr/blog/2026-08-10-cleaning-auto-6e0644/,옷 얼룩 알아보기｜얼룩 지우기,옷 얼룩,문제해결형,KEYWORD_ABSENT_FROM_OPENING,no,yes,yes,문제 상황 퇴근 후 늦은 저녁， 홀로 드라마를 보며 맥주 한 잔을 마시거나 라면을 끓여 먹는 순간만큼 평화로운 시간이 또 있을까요? 그런데 갑자기 손이 미끄러져 아끼는 흰색 티셔츠에 김칫국물이 튀거나， 막 내린 커피를 쏟아버렸다면? 혹은 친구들과 신나는 주말을 보내다 ,CONTENT_ALIGNMENT_REQUIRED: 제목 키워드가 본문 앞부분에 없음 — 제목 수정 또는 본문 도입 개선
2026-08-10-cleaning-auto-8285cc,https://honsamnote.co.kr/blog/2026-08-10-cleaning-auto-8285cc/,주방 수납장 청소 알아보기｜혼자 살림,주방 수납장 청소,문제해결형,KEYWORD_ABSENT_FROM_OPENING,no,yes,yes,문제 상황 퇴근 후 지쳐서 대충 끼니를 때우고 돌아서면， 주방은 이미 아수라장입니다. 특히 눈에 잘 띄지 않는 싱크대 아래나 상부장 문을 열 때마다 한숨이 나옵니다. 조리하면서 튀었을 기름때가 끈적하게 굳어 있고， 어디서부터 손대야 할지 모를 잡동사니와 유통기한이 지난,CONTENT_ALIGNMENT_REQUIRED: 제목 키워드가 본문 앞부분에 없음 — 제목 수정 또는 본문 도입 개선
2026-08-10-cleaning-auto-aeb4a0,https://honsamnote.co.kr/blog/2026-08-10-cleaning-auto-aeb4a0/,1인 가구 빨래 비교｜좁은 집 빨래,1인 가구 빨래,비교형,KEYWORD_ABSENT_FROM_OPENING,no,no,yes,문제 상황 퇴근 후 피곤한 몸을 이끌고 집에 들어섰는데， 며칠째 베란다도 없는 좁은 거실 한구석을 차지하고 있는 빨래 더미가 눈에 들어옵니다. 비라도 오는 날엔 건조 속도는 더뎌지고， 옷에서는 눅눅하고 꿉꿉한 냄새가 스멀스멀 올라오는 것 같습니다. 애써 빨아둔 옷에서 ,CONTENT_ALIGNMENT_REQUIRED: 제목 키워드가 본문 앞부분에 없음 — 제목 수정 또는 본문 도입 개선
2026-08-10-cost-auto-2c9756,https://honsamnote.co.kr/blog/2026-08-10-cost-auto-2c9756/,세탁세제 종류 비교｜액체세제,세탁세제 종류,비교형,KEYWORD_ABSENT_FROM_OPENING,no,yes,yes,문제 상황 퇴근 후 쌓인 빨래를 보고 한숨부터 나오는 당신. 주말에 몰아서 하는 빨래라도 효율적으로 하고 싶어 마트에 가면 세제 코너에서 또 한 번 막막함을 느낍니다. 액체， 가루， 캡슐… 종류는 왜 이렇게 많은지， 대용량은 너무 많아 보관이 부담스럽고， 소량은 가성비,CONTENT_ALIGNMENT_REQUIRED: 제목 키워드가 본문 앞부분에 없음 — 제목 수정 또는 본문 도입 개선
2026-08-10-cost-auto-78f79c,https://honsamnote.co.kr/blog/2026-08-10-cost-auto-78f79c/,1인 가구 집 수리 비교｜자가 수리 비용,1인 가구 집 수리,비교형,KEYWORD_ABSENT_FROM_OPENING,no,no,no,문제 상황 퇴근하고 집에 돌아왔는데， 변기가 시원하게 내려가지 않거나 싱크대 수도꼭지에서 물이 똑똑 새고 있다면? 혼자 사는 당신에겐 막막함부터 밀려올 겁니다. '이걸 직접 고칠 수 있을까? 괜히 건드렸다가 더 망치는 거 아니야?'， '설마 이 작은 걸로 사람 불러야 ,CONTENT_ALIGNMENT_REQUIRED: 제목 키워드가 본문 앞부분에 없음 — 제목 수정 또는 본문 도입 개선
2026-08-10-cost-auto-88aeb7,https://honsamnote.co.kr/blog/2026-08-10-cost-auto-88aeb7/,1인 가구 주방 비교｜전기레인지 추천,1인 가구 주방,비교형,KEYWORD_ABSENT_FROM_OPENING,no,no,yes,"문제 상황 퇴근 후 지친 몸을 이끌고 간단히 저녁을 준비합니다. 찌개나 볶음 요리를 하고 나면 주방에 희미한 가스 냄새가 맴돌고， 무엇보다 매달 날아오는 도시가스 요금 고지서를 볼 때마다 한숨이 나옵니다. ""이번 달엔 요리를 좀 했다 싶으면 어김없이 요금이 오르네?"" ",CONTENT_ALIGNMENT_REQUIRED: 제목 키워드가 본문 앞부분에 없음 — 제목 수정 또는 본문 도입 개선
2026-08-10-food-auto-0b9c15,https://honsamnote.co.kr/blog/2026-08-10-food-auto-0b9c15/,혼자 사는 직장인 식사 비교｜저녁 메뉴 고민,혼자 사는 직장인 식사,비교형,KEYWORD_ABSENT_FROM_OPENING,no,yes,yes,문제 상황 퇴근 후 현관문을 열고 들어서는 순간， 몸은 천근만근인데 '오늘 저녁은 또 뭐 먹지?' 하는 질문이 머릿속을 맴돕니다. 냉장고를 열어봐도 마땅히 해 먹을 만한 재료는 없고， 겨우 뭘 해 먹을까 생각했지만， 요리하는 시간， 설거지하는 시간까지 떠올리면 벌써 피,CONTENT_ALIGNMENT_REQUIRED: 제목 키워드가 본문 앞부분에 없음 — 제목 수정 또는 본문 도입 개선
2026-08-10-food-auto-b034b3,https://honsamnote.co.kr/blog/2026-08-10-food-auto-b034b3/,1인 가구 도시락 해결 방법｜도시락 싸기,1인 가구 도시락,방법형,KEYWORD_ABSENT_FROM_OPENING,no,no,no,문제 상황 바쁜 직장인에게 점심시간은 짧고 소중합니다. 혼자 사는 직장인이라면 더욱 그렇습니다. 매일 똑같은 구내식당 메뉴는 질리고， 배달 앱을 열면 최소 주문 금액과 비싼 배달비에 한숨이 나옵니다. 건강 생각해서 직접 도시락을 싸볼까 싶다가도， 아침잠 줄여 요리할 생,CONTENT_ALIGNMENT_REQUIRED: 제목 키워드가 본문 앞부분에 없음 — 제목 수정 또는 본문 도입 개선
2026-08-10-food-auto-d3517e,https://honsamnote.co.kr/blog/2026-08-10-food-auto-d3517e/,"혼자 사는 직장인, 특정 요리 후 남은 '이색 소량 식재료' (고수, 코코넛 밀크 등): 버리지 않고 다음 끼니까지 알뜰하게 해치우는 현실 가이드",1인 가구 식재료,문제해결형,KEYWORD_ABSENT_FROM_OPENING,no,no,no,문제 상황 주말 저녁， 유튜브에서 본 레시피를 따라 야심 차게 태국 카레를 만들었습니다. 처음 시도한 요리였지만 결과는 대만족! 그런데 문제는 여기서부터 시작입니다. 카레에 쓰고 남은 코코넛 밀크 반 캔， 향신료로 썼던 고수 한 줌， 그리고 라임 반 개가 덩그러니 냉장,CONTENT_ALIGNMENT_REQUIRED: 제목 키워드가 본문 앞부분에 없음 — 제목 수정 또는 본문 도입 개선
2026-08-10-housing-auto-4bca9b,https://honsamnote.co.kr/blog/2026-08-10-housing-auto-4bca9b/,"혼자 사는 직장인, 집주인이 내가 사는 집을 팔겠다고? 잦은 방문 요청에도 사생활 지키며 현명하게 대처하는 법",전월세 매매,방법형,KEYWORD_ABSENT_FROM_OPENING,no,yes,yes,"문제 상황 당신은 모처럼 퇴근 후 조용히 휴식을 취하거나， 주말에 마음껏 늦잠을 자려는데， 갑자기 부동산에서 전화가 옵니다. ""집을 보러 갈 사람이 있는데， 지금 집 좀 볼 수 있을까요?"" 혹은 ""내일 오후 3시에 집을 보여줘야 하니 미리 연락 주세요."" 집주인에게서 ",CONTENT_ALIGNMENT_REQUIRED: 제목 키워드가 본문 앞부분에 없음 — 제목 수정 또는 본문 도입 개선
2026-08-10-lifestyle-auto-1dd1a3,https://honsamnote.co.kr/blog/2026-08-10-lifestyle-auto-1dd1a3/,1인 가구 긴급 연락처 알아보기｜혼자 살 때 비상 연락망,1인 가구 긴급 연락처,문제해결형,KEYWORD_ABSENT_FROM_OPENING,no,no,no,문제 상황 혼자 사는 직장인이라면 한 번쯤 이런 상황을 마주했을 겁니다. 병원 진료 기록지나 전세 계약서 같은 중요한 서류에 '긴급 연락처' 칸을 마주했을 때， 선뜻 누구의 이름과 번호를 적어야 할지 망설여지는 순간 말입니다. 부모님이나 형제자매가 있지만， 혹시 내가 ,CONTENT_ALIGNMENT_REQUIRED: 제목 키워드가 본문 앞부분에 없음 — 제목 수정 또는 본문 도입 개선
2026-08-10-lifestyle-auto-3e13f1,https://honsamnote.co.kr/blog/2026-08-10-lifestyle-auto-3e13f1/,1인 가구 여행 알아보기｜혼자 여행,1인 가구 여행,문제해결형,KEYWORD_ABSENT_FROM_OPENING,no,yes,no,"문제 상황 드디어 기다리던 여름휴가， 연차 시즌이 돌아왔습니다. 쌓인 피로를 풀고 새로운 활력을 얻기 위해 여행을 계획해야 하는데， 벌써부터 머리가 복잡해지시나요? 혼자 사는 직장인이라면 이런 고민 한 번쯤 해봤을 겁니다. ""이번 휴가， 친구들이랑 같이 떠날까? 아니면",CONTENT_ALIGNMENT_REQUIRED: 제목 키워드가 본문 앞부분에 없음 — 제목 수정 또는 본문 도입 개선
2026-08-10-products-auto-b0092a,https://honsamnote.co.kr/blog/2026-08-10-products-auto-b0092a/,"혼자 사는 직장인, 퇴근 후 간편하고 맛있는 요리, 어떤 조리 기구가 답일까? 에어프라이어 vs 전자레인지, 내게 맞는 최적의 선택은?",1인 가구 에어프라이어,비교형,KEYWORD_ABSENT_FROM_OPENING,no,yes,yes,문제 상황 퇴근 후 지친 몸을 이끌고 집에 왔을 때， 여러분의 머릿속을 스치는 생각은 아마 비슷할 겁니다. '오늘 저녁은 뭘 먹지?'. 매일 배달 음식이나 편의점 도시락으로 때우기엔 지겹고， 직접 요리하자니 재료 손질부터 설거지까지 너무 번거롭죠. 특히 혼자 사는 직장,CONTENT_ALIGNMENT_REQUIRED: 제목 키워드가 본문 앞부분에 없음 — 제목 수정 또는 본문 도입 개선
2026-08-10-products-auto-ea40dc,https://honsamnote.co.kr/blog/2026-08-10-products-auto-ea40dc/,1인 가구 난방 알아보기｜우풍 해결,1인 가구 난방,문제해결형,KEYWORD_ABSENT_FROM_OPENING,no,yes,yes,문제 상황 밤늦게 퇴근하고 돌아온 차가운 집， 보일러를 틀어도 어딘가 싸늘하고 발 시린 느낌에 좀처럼 온기가 돌지 않습니다. 특히 창가나 현관문 근처에 서 있으면 마치 바람이 새는 듯한 냉기가 온몸을 감싸죠. 난방 온도를 올리자니 한 달 후 날아올 '난방비 폭탄'이 두,CONTENT_ALIGNMENT_REQUIRED: 제목 키워드가 본문 앞부분에 없음 — 제목 수정 또는 본문 도입 개선
2026-08-10-safety-auto-1af8f5,https://honsamnote.co.kr/blog/2026-08-10-safety-auto-1af8f5/,1인 가구 해충 비교｜바퀴벌레 퇴치,1인 가구 해충,비교형,KEYWORD_ABSENT_FROM_OPENING,no,no,yes,문제 상황 늦은 밤， 불을 끄고 막 잠자리에 들려는 순간이었을 겁니다. 주방 싱크대 모퉁이에서 스윽， 어둠 속을 가로지르는 검은 그림자. 혹은 새벽녘 조용한 집에서 벽 안쪽에서 들려오는 '득득'거리는 낯선 소리. 혼자 사는 집에 예상치 못한 불청객， 바퀴벌레나 쥐를 발,CONTENT_ALIGNMENT_REQUIRED: 제목 키워드가 본문 앞부분에 없음 — 제목 수정 또는 본문 도입 개선
2026-08-10-storage-auto-046a46,https://honsamnote.co.kr/blog/2026-08-10-storage-auto-046a46/,1인 가구 장바구니 수납 알아보기｜에코백 정리,1인 가구 장바구니 수납,문제해결형,KEYWORD_ABSENT_FROM_OPENING,no,yes,yes,문제 상황 퇴근 후 현관문을 열면 제일 먼저 눈에 들어오는 건 신발장 위나 바닥 한구석에 무심히 던져진 장바구니와 에코백 더미. 지난 주말 마트에서 받아온 비닐봉투는 또 어딘가에 구겨져 있고， 선물 받은 예쁜 에코백은 아깝다고 서랍 속에 박혀 빛을 못 보고 있습니다. ,CONTENT_ALIGNMENT_REQUIRED: 제목 키워드가 본문 앞부분에 없음 — 제목 수정 또는 본문 도입 개선
2026-08-10-storage-auto-0a8470,https://honsamnote.co.kr/blog/2026-08-10-storage-auto-0a8470/,1인 가구 케이블 정리 알아보기｜충전기 수납,1인 가구 케이블 정리,문제해결형,KEYWORD_ABSENT_FROM_OPENING,no,yes,yes,문제 상황 퇴근 후 지친 몸을 이끌고 집에 왔는데， 스마트폰 배터리는 간당간당하고 무선 이어폰도 충전이 필요합니다. 그런데 충전기를 찾으려니 책상 위는 온갖 케이블이 뒤엉켜 마치 거미줄 같습니다. 어떤 케이블이 어떤 기기용인지 도통 알 수가 없고， 겨우 찾아서 꽂으면 ,CONTENT_ALIGNMENT_REQUIRED: 제목 키워드가 본문 앞부분에 없음 — 제목 수정 또는 본문 도입 개선
2026-08-10-storage-auto-48f5a4,https://honsamnote.co.kr/blog/2026-08-10-storage-auto-48f5a4/,좁은주방 비교｜싱글기능가전,좁은주방,비교형,KEYWORD_ABSENT_FROM_OPENING,no,yes,yes,문제 상황 퇴근 후 허기진 배를 부여잡고 원룸 주방에 들어서지만， 작은 조리대 위에는 어제 먹고 남은 컵라면 용기 옆으로 삐져나온 믹서기가 보입니다. 그 옆으로는 밥솥이 자리 잡고 있고， 식탁 대신 사용하는 작은 테이블 위에는 에어프라이어가 떡하니 놓여 있죠. 분명 요,CONTENT_ALIGNMENT_REQUIRED: 제목 키워드가 본문 앞부분에 없음 — 제목 수정 또는 본문 도입 개선
2026-08-11-cleaning-auto-1ad691,https://honsamnote.co.kr/blog/2026-08-11-cleaning-auto-1ad691/,샤워기 헤드 청소 알아보기｜샤워기 물때,샤워기 헤드 청소,문제해결형,KEYWORD_ABSENT_FROM_OPENING,no,yes,yes,문제 상황 퇴근 후 지친 몸을 이끌고 욕실로 향합니다. 따뜻한 물줄기에 하루의 피로를 씻어내고 싶지만， 어쩐지 샤워 후에도 개운함보다 찝찝함이 남습니다. 등이나 팔다리가 간질간질하고， 피부는 평소보다 더 건조한 것 같습니다. 가끔은 샤워기에서 물줄기가 사방으로 튀거나，,CONTENT_ALIGNMENT_REQUIRED: 제목 키워드가 본문 앞부분에 없음 — 제목 수정 또는 본문 도입 개선
2026-08-11-cleaning-auto-983cbd,https://honsamnote.co.kr/blog/2026-08-11-cleaning-auto-983cbd/,샤워기 물줄기 약함 알아보기｜샤워기 냄새,샤워기 물줄기 약함,문제해결형,KEYWORD_ABSENT_FROM_OPENING,no,yes,yes,문제 상황 퇴근 후 지친 몸을 이끌고 욕실로 향합니다. 따뜻한 물줄기에 하루의 피로를 씻어내고 싶지만， 샤워기 헤드에서 나오는 물줄기는 영 시원치 않습니다. 졸졸 흐르는 듯 약해진 수압에 답답함을 느끼고， 자세히 보니 구멍마다 하얀 물때가 잔뜩 끼어 있습니다. 심지어 ,CONTENT_ALIGNMENT_REQUIRED: 제목 키워드가 본문 앞부분에 없음 — 제목 수정 또는 본문 도입 개선
2026-08-11-cost-auto-bf7238,https://honsamnote.co.kr/blog/2026-08-11-cost-auto-bf7238/,"혼자 사는 직장인, '오늘 뭐 먹지?' 고민에 매번 지갑 열린다면? 식비 확 줄이는 1인 가구 맞춤 식단 계획법",1인 가구 식비 절약,질문형,KEYWORD_ABSENT_FROM_OPENING,no,no,yes,문제 상황 힘든 퇴근길， 현관문을 열면 텅 빈 집이 나를 맞이합니다. 냉장고를 열어봐도 마땅히 해 먹을 만한 재료도 없고， 설령 있다고 해도 요리할 기운조차 없습니다. 결국 스마트폰을 들고 배달 앱을 열어보지만， 매번 '오늘 뭐 먹지?' 고민에만 30분을 허비하죠. 간,CONTENT_ALIGNMENT_REQUIRED: 제목 키워드가 본문 앞부분에 없음 — 제목 수정 또는 본문 도입 개선
2026-08-11-cost-auto-ff0274,https://honsamnote.co.kr/blog/2026-08-11-cost-auto-ff0274/,"혼자 사는 직장인, 매번 휴지·키친타월 살 때마다 후회된다면? 대용량 vs 소량, 현명한 선택 가이드",1인 가구 휴지,비교형,KEYWORD_ABSENT_FROM_OPENING,no,no,no,문제 상황 퇴근길 마트에 들러 휴지나 키친타월을 살 때마다 한숨부터 나오시나요? 왠지 모르게 비싸게 느껴지는 작은 팩을 들고 계산대에 서면， “이 돈 주고 이걸 사야 하나?” 싶고， 대용량 묶음이 훨씬 저렴해 보입니다. 그런데 막상 대용량 묶음을 카트에 담으려니 좁은 ,CONTENT_ALIGNMENT_REQUIRED: 제목 키워드가 본문 앞부분에 없음 — 제목 수정 또는 본문 도입 개선
2026-08-11-food-auto-452e94,https://honsamnote.co.kr/blog/2026-08-11-food-auto-452e94/,1인 가구 채소 비교｜샐러드 정기배송,1인 가구 채소,비교형,KEYWORD_ABSENT_FROM_OPENING,no,no,yes,문제 상황 퇴근 후 지쳐서 현관문에 들어서는 순간， 냉장고 속 시들해진 채소 팩이 눈에 밟힙니다. ‘오늘 저녁엔 꼭 샐러드를 먹어야지’ 다짐했지만， 채소를 씻고， 다듬고， 드레싱까지 만드는 과정이 너무 번거롭게 느껴져 결국 배달 앱을 켜거나 냉동식품을 꺼내게 되죠. 어,CONTENT_ALIGNMENT_REQUIRED: 제목 키워드가 본문 앞부분에 없음 — 제목 수정 또는 본문 도입 개선
2026-08-11-food-auto-a86ad1,https://honsamnote.co.kr/blog/2026-08-11-food-auto-a86ad1/,혼자 빵 보관 해결 방법｜식빵 냉동,혼자 빵 보관,방법형,KEYWORD_ABSENT_FROM_OPENING,no,yes,yes,문제 상황 퇴근길에 들른 빵집에서 갓 구운 빵 냄새를 맡고 홀린 듯 식빵 한 봉지， 모닝빵 한 팩을 사 온 경험， 혼자 사는 직장인이라면 한두 번이 아닐 겁니다. 달콤한 행복도 잠시， 며칠 먹다 보면 금세 물리고， 눅눅해지거나 곰팡이가 피어 아깝게 버리는 일이 다반사죠,CONTENT_ALIGNMENT_REQUIRED: 제목 키워드가 본문 앞부분에 없음 — 제목 수정 또는 본문 도입 개선
2026-08-11-food-auto-d47a0f,https://honsamnote.co.kr/blog/2026-08-11-food-auto-d47a0f/,1인 가구 식재료 알아보기｜대용량 과일,1인 가구 식재료,문제해결형,KEYWORD_ABSENT_FROM_OPENING,no,yes,no,"문제 상황 주말 마트에서 ""싸다!""는 생각에 홀린 듯 사과 한 박스， 귤 한 망， 혹은 싱싱해 보이는 시금치 한 단을 카트에 담은 적 있으신가요? 처음 며칠은 뿌듯하게 먹지만， 어느새 냉장고 구석이나 베란다 한쪽에 쌓여 시들어가거나， 끝내 무르거나 곰팡이가 슬어버린 채",CONTENT_ALIGNMENT_REQUIRED: 제목 키워드가 본문 앞부분에 없음 — 제목 수정 또는 본문 도입 개선
2026-08-11-housing-auto-2bfaff,https://honsamnote.co.kr/blog/2026-08-11-housing-auto-2bfaff/,"혼자 사는 직장인, 조립 가구 앞에서 한숨 쉬지 마세요! 셀프 vs 전문가 조립, 시간과 돈 아끼는 현명한 선택 가이드",조립 가구 조립 방법,비교형,KEYWORD_ABSENT_FROM_OPENING,no,yes,yes,문제 상황 퇴근 후 지친 몸을 이끌고 집에 도착했는데， 현관 앞에 덩그러니 놓인 거대한 조립 가구 박스들. 분명 예쁜 디자인과 저렴한 가격에 혹해 구매했는데， 박스를 뜯기도 전에 그 압도적인 부피에 한숨부터 나옵니다. 설레는 마음으로 열어본 박스 안에는 쏟아져 나오는 ,CONTENT_ALIGNMENT_REQUIRED: 제목 키워드가 본문 앞부분에 없음 — 제목 수정 또는 본문 도입 개선
2026-08-11-lifestyle-auto-0f05f0,https://honsamnote.co.kr/blog/2026-08-11-lifestyle-auto-0f05f0/,혼자 사는 직장인 친구 관계 알아보기｜사회적 고립감 해소,혼자 사는 직장인 친구 관계,문제해결형,KEYWORD_ABSENT_FROM_OPENING,no,no,yes,문제 상황 혼자 산 지 꽤 되었고， 이제 막 익숙해지나 싶었는데 주변 친구들의 변화가 체감되기 시작합니다. 친한 친구들은 하나둘 결혼 소식을 알리고， 아이를 낳고， 내 삶과는 다른 라이프스타일을 꾸려갑니다. 자연스레 만나고 어울리는 시간도 줄어들고요. 예전에는 퇴근 후,CONTENT_ALIGNMENT_REQUIRED: 제목 키워드가 본문 앞부분에 없음 — 제목 수정 또는 본문 도입 개선
2026-08-11-lifestyle-auto-90d3e2,https://honsamnote.co.kr/blog/2026-08-11-lifestyle-auto-90d3e2/,생활 리듬 회복 해결 방법｜밤샘 야근 후,생활 리듬 회복,방법형,KEYWORD_ABSENT_FROM_OPENING,no,no,no,문제 상황 밤 11시， 겨우 마무리한 야근 보고서를 전송하고 집으로 향하는 길. 몸은 천근만근인데， 아무도 없는 적막한 집에 도착하면 이 피로가 더 가중되는 기분입니다. 간신히 잠자리에 들었지만 이미 새벽 1시를 훌쩍 넘겼고， 다음 날 알람 소리에 눈을 떠도 머리는 멍,CONTENT_ALIGNMENT_REQUIRED: 제목 키워드가 본문 앞부분에 없음 — 제목 수정 또는 본문 도입 개선
2026-08-11-products-auto-056afc,https://honsamnote.co.kr/blog/2026-08-11-products-auto-056afc/,"혼자 사는 직장인, 집 비울 때나 혼자 있을 때 우리 집 보안 걱정된다면? 1인 가구 홈 CCTV vs. 전문 보안 서비스, 내게 맞는 최적의 선택은?",1인 가구 보안,비교형,KEYWORD_ABSENT_FROM_OPENING,no,no,yes,문제 상황 퇴근 후 문을 잠그고 나서도， 혹시 창문은 잘 닫았나， 누가 문을 억지로 열려고 하지는 않을까 하는 불안감에 뒤를 돌아본 적 있으신가요? 혼자 사는 직장인에게 집의 안전은 특히 더 중요합니다. 낮 동안 집을 비울 때 빈집털이에 대한 걱정은 물론， 밤에는 혹시,CONTENT_ALIGNMENT_REQUIRED: 제목 키워드가 본문 앞부분에 없음 — 제목 수정 또는 본문 도입 개선
2026-08-11-products-auto-3a0a24,https://honsamnote.co.kr/blog/2026-08-11-products-auto-3a0a24/,"혼자 사는 직장인, 좁은 집에서 부피 큰 이불 빨래가 막막하다면? 코인 세탁소 vs 전문 업체, 내게 맞는 최적의 선택은?",1인 가구 이불 빨래,비교형,KEYWORD_ABSENT_FROM_OPENING,no,no,yes,문제 상황 주말 아침， 큰맘 먹고 이불을 걷어 세탁기에 넣으려는데 '이게 들어갈까?' 싶어 한숨부터 나옵니다. 겨우겨우 구겨 넣어도 세탁기 문이 닫힐까 말까 하고， 돌리고 나면 이불은 뭉쳐서 제대로 빨리지도 않은 것 같죠. 심지어 건조는 또 어떻고요. 좁은 방에 널어놓,CONTENT_ALIGNMENT_REQUIRED: 제목 키워드가 본문 앞부분에 없음 — 제목 수정 또는 본문 도입 개선
2026-08-11-products-auto-fb26b6,https://honsamnote.co.kr/blog/2026-08-11-products-auto-fb26b6/,"혼자 사는 직장인, 온라인으로 산 조립 가구 앞에서 막막하다면? 셀프 조립 vs. 전문가 서비스, 내게 딱 맞는 선택은?",1인 가구 가구 조립,비교형,KEYWORD_ABSENT_FROM_OPENING,no,yes,yes,문제 상황 퇴근 후 오랜만에 찾아온 주말， 드디어 기다리던 택배 상자가 현관 앞에 쌓여 있습니다. 온라인에서 여러 날을 고민하며 고른 예쁜 수납장과 책상이죠. 설레는 마음으로 상자를 뜯어봅니다. 그런데， 산처럼 쌓인 나무판자와 나사들， 알아볼 수 없는 그림만 가득한 설,CONTENT_ALIGNMENT_REQUIRED: 제목 키워드가 본문 앞부분에 없음 — 제목 수정 또는 본문 도입 개선
2026-08-11-safety-auto-197473,https://honsamnote.co.kr/blog/2026-08-11-safety-auto-197473/,"혼자 사는 당신, 집에서 넘어져 움직일 수 없을까 걱정될 때: 웨어러블 낙상 감지기 vs. 공간형 비접촉 센서, 나에게 맞는 안전 선택은?",1인 가구 낙상,비교형,KEYWORD_ABSENT_FROM_OPENING,no,yes,yes,문제 상황 혼자 사는 직장인이라면 누구나 한 번쯤은 이런 걱정을 해봤을 겁니다. 퇴근 후 지친 몸으로 집에 들어서다 미끄러지거나， 밤늦게 잠에서 깨 화장실에 가다 중심을 잃는 순간. 만약 예상치 못하게 넘어졌는데， 휴대폰이 손에 닿지 않는 곳에 있거나， 심한 부상으로 ,CONTENT_ALIGNMENT_REQUIRED: 제목 키워드가 본문 앞부분에 없음 — 제목 수정 또는 본문 도입 개선
2026-08-11-safety-auto-3045ad,https://honsamnote.co.kr/blog/2026-08-11-safety-auto-3045ad/,칼 베임 기준｜화상,칼 베임,판단형,KEYWORD_ABSENT_FROM_OPENING,no,yes,yes,문제 상황 퇴근 후 지친 몸을 이끌고 겨우 저녁 식사를 준비하던 당신. 한 손엔 칼을 들고 채소를 썰다가 순간 집중이 흐트러집니다. “앗!” 날카로운 칼날이 손가락을 스치고 지나간 자리， 시뻘건 피가 뚝뚝 떨어지기 시작합니다. 혹은 라면을 끓이려던 뜨거운 물이 팔에 그,CONTENT_ALIGNMENT_REQUIRED: 제목 키워드가 본문 앞부분에 없음 — 제목 수정 또는 본문 도입 개선
2026-08-11-safety-auto-d99e57,https://honsamnote.co.kr/blog/2026-08-11-safety-auto-d99e57/,"혼자 사는 당신, 갑자기 일부 전등이 나가거나 특정 콘센트가 작동 안 할 때: 당황하지 않고 안전하게 원인 파악 및 해결하는 현실적인 방법",1인 가구 전기 고장,방법형,KEYWORD_ABSENT_FROM_OPENING,no,no,yes,문제 상황 퇴근 후 지친 몸을 이끌고 집에 들어섰는데， 스위치를 올려도 주방 전등이 켜지지 않습니다. 화장실에서 드라이어를 사용하는데 갑자기 콘센트가 먹통이 되더니 전기가 끊기는 경험， 한 번쯤 있으실 겁니다. 어딘가 전기가 나간 것 같긴 한데， 뭐가 문제인지 도통 알,CONTENT_ALIGNMENT_REQUIRED: 제목 키워드가 본문 앞부분에 없음 — 제목 수정 또는 본문 도입 개선
2026-08-11-storage-auto-80b064,https://honsamnote.co.kr/blog/2026-08-11-storage-auto-80b064/,1인 가구 빨래 건조대 비교｜좁은 집 건조대,1인 가구 빨래 건조대,비교형,KEYWORD_ABSENT_FROM_OPENING,no,no,yes,문제 상황 퇴근 후 쌓인 빨래를 돌리고 나면 한숨부터 나옵니다. 좁은 원룸 한가운데 떡하니 자리 잡은 거대한 빨래 건조대 때문이죠. 빨래를 널 때는 어쩔 수 없다지만， 건조가 끝나도 마땅히 치울 곳이 없어 며칠이고 거실 한복판을 차지하고 있습니다. 걸려 있는 빨래만큼이,CONTENT_ALIGNMENT_REQUIRED: 제목 키워드가 본문 앞부분에 없음 — 제목 수정 또는 본문 도입 개선
2026-08-11-storage-auto-9064d7,https://honsamnote.co.kr/blog/2026-08-11-storage-auto-9064d7/,"1인 가구 직장인, 좁은 원룸 '퇴근 후 휴식 공간' 마저 잡동사니에 잠식당한다면? '수납형 스툴/오토만 vs 이동식 트롤리' 현명하게 고르는 법 비교",1인 가구 수납,비교형,KEYWORD_ABSENT_FROM_OPENING,no,no,yes,문제 상황 힘든 하루를 마치고 좁은 원룸 현관문을 열면， 몸은 이미 녹초가 됩니다. 간신히 소파나 침대에 몸을 던지려는데， 눈앞에 펼쳐진 풍경에 또 한 번 한숨이 나옵니다. 방금 전까지 손에 들고 있던 리모컨은 벗어놓은 담요 밑에 숨고， 읽다 만 책과 무심코 벗어둔 양,CONTENT_ALIGNMENT_REQUIRED: 제목 키워드가 본문 앞부분에 없음 — 제목 수정 또는 본문 도입 개선
2026-08-12-cleaning-auto-4cf6ca,https://honsamnote.co.kr/blog/2026-08-12-cleaning-auto-4cf6ca/,초파리 없애는 법 알아보기｜주방 초파리,초파리 없애는 법,문제해결형,KEYWORD_ABSENT_FROM_OPENING,no,yes,yes,문제 상황 힘든 하루를 마치고 퇴근했는데， 현관문을 열고 들어서는 순간 왠지 모를 꿉꿉한 공기. 그리고 주방으로 향했을 때， 눈앞에 펼쳐진 광경에 미간이 찌푸려집니다. 며칠 전 사다 놓은 과일 주변이나 설거지통 위로 검은 점들이 쉴 새 없이 날아다니고 있네요. 한두 마,CONTENT_ALIGNMENT_REQUIRED: 제목 키워드가 본문 앞부분에 없음 — 제목 수정 또는 본문 도입 개선
2026-08-12-cleaning-auto-868b91,https://honsamnote.co.kr/blog/2026-08-12-cleaning-auto-868b91/,유리창 닦는법 알아보기｜창문 청소,유리창 닦는법,문제해결형,KEYWORD_ABSENT_FROM_OPENING,no,yes,yes,문제 상황 퇴근 후 좁은 집에서 휴식을 취하지만， 왠지 모르게 공간이 답답하게 느껴지는 날이 있습니다. 분명 밖은 맑은데， 창밖 풍경이 뿌옇게 보이거나 유리창에 얼룩과 먼지가 가득해 햇살마저 칙칙하게 느껴지는 거죠. 이럴 때마다 '언젠가 한번 날 잡고 닦아야지' 마음만,CONTENT_ALIGNMENT_REQUIRED: 제목 키워드가 본문 앞부분에 없음 — 제목 수정 또는 본문 도입 개선
2026-08-12-cost-auto-b175c0,https://honsamnote.co.kr/blog/2026-08-12-cost-auto-b175c0/,"혼자 사는 직장인, 빈방에 가구 채워 넣으려니 막막하다면? 구매 vs 렌탈, 내게 맞는 최적의 가구 선택 가이드",1인 가구 가구,비교형,KEYWORD_ABSENT_FROM_OPENING,no,no,no,"문제 상황 새로운 보금자리로 이사 와 설레는 마음도 잠시， 텅 빈 방을 보면 한숨부터 나옵니다. ""가구를 사야 하는데， 뭘 어떻게 사야 할까?"" 침대， 소파， 책상， 옷장… 필요한 건 한두 가지가 아닌데， 혼자 살다 보니 큰돈 쓰기도 애매하고， 나중에 이사 갈 때 이 ",CONTENT_ALIGNMENT_REQUIRED: 제목 키워드가 본문 앞부분에 없음 — 제목 수정 또는 본문 도입 개선
2026-08-12-cost-auto-b36efb,https://honsamnote.co.kr/blog/2026-08-12-cost-auto-b36efb/,1인 가구 가구 비교｜중고 가구,1인 가구 가구,비교형,KEYWORD_ABSENT_FROM_OPENING,no,no,no,문제 상황 새로운 보금자리로 이사를 왔거나， 쓰던 냉장고가 갑자기 멈춰버렸을 때， 혹은 낡은 소파를 드디어 바꾸고 싶을 때. 혼자 사는 직장인이라면 이런 순간마다 한숨부터 나오기 마련입니다. 나 혼자 살림을 장만해야 하는데， 돈은 한정되어 있고， 어디서부터 어떻게 시작,CONTENT_ALIGNMENT_REQUIRED: 제목 키워드가 본문 앞부분에 없음 — 제목 수정 또는 본문 도입 개선
2026-08-12-food-auto-6ed755,https://honsamnote.co.kr/blog/2026-08-12-food-auto-6ed755/,1인 가구 우유 비교｜혼자 우유,1인 가구 우유,비교형,KEYWORD_ABSENT_FROM_OPENING,no,yes,no,"문제 상황 냉장고 문을 열 때마다 괜히 찝찝한 마음이 듭니다. 일주일 전 야심 차게 사온 우유 1리터 팩이 여전히 반쯤 남아있는데， 코를 대보면 슬며시 시큼한 냄새가 올라옵니다. ""이번에도 버려야 하나…"" 매번 버려지는 우유를 보며 돈도 아깝고， 음식물 쓰레기를 만들었",CONTENT_ALIGNMENT_REQUIRED: 제목 키워드가 본문 앞부분에 없음 — 제목 수정 또는 본문 도입 개선
2026-08-12-food-auto-7b4cd9,https://honsamnote.co.kr/blog/2026-08-12-food-auto-7b4cd9/,1인 가구 유제품 보관 알아보기｜남은 생크림 활용,1인 가구 유제품 보관,문제해결형,KEYWORD_ABSENT_FROM_OPENING,no,yes,yes,문제 상황 주말에 오랜만에 기분 내서 파스타 만들고 남은 생크림 반 통， 샌드위치에 딱 한 번 쓰고는 랩도 없이 굴러다니는 모차렐라 치즈 조각， 아니면 특정 베이킹 요리 때문에 샀다가 손도 안 댄 사워크림 한 컵. 혼자 사는 냉장고엔 이런 애매하게 남은 유제품들이 너무,CONTENT_ALIGNMENT_REQUIRED: 제목 키워드가 본문 앞부분에 없음 — 제목 수정 또는 본문 도입 개선
2026-08-12-food-auto-8fffcc,https://honsamnote.co.kr/blog/2026-08-12-food-auto-8fffcc/,1인 가구 음식 보관 비교｜음식 용기,1인 가구 음식 보관,비교형,KEYWORD_ABSENT_FROM_OPENING,no,yes,yes,문제 상황 퇴근 후 지친 몸을 이끌고 겨우 한 끼 요리를 해냈습니다. 맛있게 먹고 나니 뿌듯하지만， 늘 그렇듯 혼자 먹기엔 양이 많습니다. 남은 음식은 내일 점심 도시락으로 싸거나， 냉동실에 얼려두었다가 바쁠 때 꺼내 먹고 싶습니다. 그런데 주방 찬장을 열어보니 플라스,CONTENT_ALIGNMENT_REQUIRED: 제목 키워드가 본문 앞부분에 없음 — 제목 수정 또는 본문 도입 개선
2026-08-12-housing-auto-f420ec,https://honsamnote.co.kr/blog/2026-08-12-housing-auto-f420ec/,"혼자 사는 직장인, 집주인이 몰래 문 따고 들어왔다면? 내 사생활과 보증금 지키는 똑똑한 대처법",집주인무단침입,질문형,KEYWORD_ABSENT_FROM_OPENING,no,yes,yes,"문제 상황 퇴근 후 현관문을 열고 들어선 순간， 싸늘한 공기와 함께 묘한 위화감이 느껴집니다. 분명 아침에 잠그고 나간 현관 보조 잠금장치가 열려 있고， 서랍장 위치가 미묘하게 바뀌었거나， 어제와는 다른 낯선 물건이 놓여있을 때. 혹은 집주인이 ""어제 집에 들러서 보일",CONTENT_ALIGNMENT_REQUIRED: 제목 키워드가 본문 앞부분에 없음 — 제목 수정 또는 본문 도입 개선
2026-08-12-products-auto-2ee7a1,https://honsamnote.co.kr/blog/2026-08-12-products-auto-2ee7a1/,"혼자 사는 직장인, 매번 장보기 번거롭고 필요한 건 깜빡한다면? 1인 가구 맞춤 구독 박스 vs 직접 장보기, 나에게 딱 맞는 선택은?",1인 가구 구독 박스,비교형,KEYWORD_ABSENT_FROM_OPENING,no,no,yes,문제 상황 힘든 퇴근길， 문을 열고 들어서면 이미 몸도 마음도 지쳐있습니다. 간신히 저녁을 해결하고 쉬려는데， 아차! 치약이 똑떨어졌거나， 주말에 쓸 화장지가 바닥난 걸 발견합니다. 냉장고를 열어봐도 마땅히 해 먹을 재료는 없고， 매번 소량의 식재료와 생활용품을 사러 ,CONTENT_ALIGNMENT_REQUIRED: 제목 키워드가 본문 앞부분에 없음 — 제목 수정 또는 본문 도입 개선
2026-08-12-products-auto-74d817,https://honsamnote.co.kr/blog/2026-08-12-products-auto-74d817/,"혼자 사는 직장인, 냉난방비 아끼고 쾌적한 실내 공기? 서큘레이터 vs. 선풍기, 나에게 딱 맞는 선택은?",1인 가구 냉난방,비교형,KEYWORD_ABSENT_FROM_OPENING,no,yes,yes,문제 상황 퇴근 후 지친 몸을 이끌고 집에 들어왔는데， 여름엔 푹푹 찌고 겨울엔 한기까지 느껴지시나요? 그렇다고 에어컨이나 보일러를 마냥 틀어두자니 다음 달 관리비 고지서가 벌써부터 두려울 겁니다. 좁은 원룸이나 오피스텔이라 냉난방 효율이 떨어지는 것 같기도 하고， 공,CONTENT_ALIGNMENT_REQUIRED: 제목 키워드가 본문 앞부분에 없음 — 제목 수정 또는 본문 도입 개선
2026-08-12-safety-auto-020b2f,https://honsamnote.co.kr/blog/2026-08-12-safety-auto-020b2f/,배수구 냄새 제거 방법｜싱크대 악취,배수구 냄새 제거,방법형,KEYWORD_ABSENT_FROM_OPENING,no,yes,yes,문제 상황 퇴근 후 문을 열고 들어선 내 집. 반가워야 할 내 공간에서 꿉꿉하고 역한 냄새가 코를 찌릅니다. 분명 아침에 환기도 하고 청소도 했는데… 냄새의 근원지를 찾아보니， 주방 싱크대 배수구나 욕실 바닥 배수구 근처에서 스멀스멀 올라오는 악취. 음식물 쓰레기를 제,CONTENT_ALIGNMENT_REQUIRED: 제목 키워드가 본문 앞부분에 없음 — 제목 수정 또는 본문 도입 개선
2026-08-12-safety-auto-15ca61,https://honsamnote.co.kr/blog/2026-08-12-safety-auto-15ca61/,"혼자 사는 당신, 갑자기 정전될 때? 배터리식 비상등 vs. 충전식 자가발전/태양광 비상등, 나에게 맞는 안전 선택은?",1인 가구 정전,비교형,KEYWORD_ABSENT_FROM_OPENING,no,yes,yes,문제 상황 퇴근 후 지친 몸을 이끌고 집에 왔는데， 갑자기 '퍽!' 소리와 함께 온 집안이 암흑으로 변합니다. 잠시 후 핸드폰 플래시를 켜보지만 배터리는 얼마 남지 않았고， 충전도 불가능합니다. 혼자 사는 집에서 예상치 못한 정전은 단순히 불편함을 넘어 불안감을 극대화,CONTENT_ALIGNMENT_REQUIRED: 제목 키워드가 본문 앞부분에 없음 — 제목 수정 또는 본문 도입 개선
2026-08-12-safety-auto-52e6c7,https://honsamnote.co.kr/blog/2026-08-12-safety-auto-52e6c7/,혼자 화재 경보기 방법｜화재 경보기 오작동,혼자 화재 경보기,방법형,KEYWORD_ABSENT_FROM_OPENING,no,yes,yes,문제 상황 어느 날 저녁， 평화롭게 요리 중이거나 혹은 깊은 잠에 빠져 있는데 갑자기 '삐-삐-삐-' 하는 날카로운 소리에 심장이 덜컥 내려앉습니다. 바로 천장에 달린 화재 경보기， 즉 연기 감지기가 울리는 소리입니다. 주변을 둘러봐도 연기나 불꽃은 보이지 않고， 그렇,CONTENT_ALIGNMENT_REQUIRED: 제목 키워드가 본문 앞부분에 없음 — 제목 수정 또는 본문 도입 개선
2026-08-12-storage-auto-0db620,https://honsamnote.co.kr/blog/2026-08-12-storage-auto-0db620/,원룸 수납 알아보기｜자잘한 부품 정리,원룸 수납,문제해결형,KEYWORD_ABSENT_FROM_OPENING,no,yes,yes,문제 상황 퇴근 후 지친 몸을 이끌고 집에 들어서는데， 거실 바닥에 굴러다니는 작은 나사나 뜯어진 포장지가 눈에 밟힙니다. ‘어디에 넣었더라?’ 생각하며 서랍을 열면， 엉켜버린 충전 케이블들 틈으로 조립 가구의 남은 부품들， 쓰다 만 접착제， 다 쓴 건전지， 정체 모를,CONTENT_ALIGNMENT_REQUIRED: 제목 키워드가 본문 앞부분에 없음 — 제목 수정 또는 본문 도입 개선
2026-08-12-storage-auto-1aceff,https://honsamnote.co.kr/blog/2026-08-12-storage-auto-1aceff/,1인 가구 옷장 비교｜가방 정리,1인 가구 옷장,비교형,KEYWORD_ABSENT_FROM_OPENING,no,yes,yes,문제 상황 퇴근 후 문을 연 좁은 옷장. 행거에는 입을 옷이 빼곡하고， 서랍 속에는 양말과 속옷이 겨우 들어갑니다. 그런데 한쪽 구석， 혹은 침대 위에는 어딘가 어중간하게 쌓여있는 가방과 모자 더미가 보이시나요? 어제 들었던 가방을 아무렇게나 툭 던져두고， 유행하는 볼,CONTENT_ALIGNMENT_REQUIRED: 제목 키워드가 본문 앞부분에 없음 — 제목 수정 또는 본문 도입 개선
2026-08-12-storage-auto-ec0e5a,https://honsamnote.co.kr/blog/2026-08-12-storage-auto-ec0e5a/,1인 가구 재활용 알아보기｜좁은 원룸 분리수거,1인 가구 재활용,문제해결형,KEYWORD_ABSENT_FROM_OPENING,no,yes,yes,문제 상황 퇴근 후， 현관을 들어서는 순간 발에 걸리는 택배 상자와 배달 음식 용기들. 어제 마신 음료수 페트병은 싱크대 한쪽에 애매하게 놓여 있습니다. 좁은 원룸에서는 이 '버릴 물건'들을 둘 곳이 마땅치 않아， 현관 구석， 베란다 한편， 심지어 주방 바닥에 대충 쌓,CONTENT_ALIGNMENT_REQUIRED: 제목 키워드가 본문 앞부분에 없음 — 제목 수정 또는 본문 도입 개선
2026-08-13-cleaning-auto-7ef0d4,https://honsamnote.co.kr/blog/2026-08-13-cleaning-auto-7ef0d4/,바닥청소 추천 비교｜물걸레 청소법,바닥청소 추천,비교형,KEYWORD_ABSENT_FROM_OPENING,no,yes,no,문제 상황 퇴근하고 집에 돌아오면 보이는 깨끗한 바닥...은 꿈같은 이야기죠. 겨우 시간 내서 진공청소기로 먼지를 밀어냈는데도 왠지 모르게 발바닥에 끈적하게 달라붙는 잔여감， 혹시 느끼시나요? 특히 요리라도 한 날이면 주방 바닥은 기름때와 음식물 찌꺼기로 더 지저분해지,CONTENT_ALIGNMENT_REQUIRED: 제목 키워드가 본문 앞부분에 없음 — 제목 수정 또는 본문 도입 개선
2026-08-13-cleaning-auto-cf3699,https://honsamnote.co.kr/blog/2026-08-13-cleaning-auto-cf3699/,욕실 배수구 청소 알아보기｜배수구 막힘 방지,욕실 배수구 청소,문제해결형,KEYWORD_ABSENT_FROM_OPENING,no,yes,yes,문제 상황 퇴근 후 따뜻한 물로 샤워하며 하루의 피로를 씻어내려는 순간， 어느새 발목까지 차오르는 물에 짜증이 치밀어 오른 경험， 한 번쯤 있으실 겁니다. 시원하게 내려가지 않는 물줄기만큼 답답한 게 또 있을까요? 여기에 더해 배수구에서 스멀스멀 올라오는 퀴퀴한 냄새까,CONTENT_ALIGNMENT_REQUIRED: 제목 키워드가 본문 앞부분에 없음 — 제목 수정 또는 본문 도입 개선
2026-08-13-cost-auto-590148,https://honsamnote.co.kr/blog/2026-08-13-cost-auto-590148/,1인 가구 구독 서비스 비용 정리｜디지털 구독료 절약,1인 가구 구독 서비스,비용형,KEYWORD_ABSENT_FROM_OPENING,no,no,yes,문제 상황 안녕하세요， 바쁜 하루를 보내는 혼자 사는 직장인 여러분. 퇴근 후 지친 몸을 이끌고 겨우 소파에 앉았는데， 문득 카드 명세서를 보고 한숨 쉬는 일이 잦지는 않으신가요? 분명 OTT 구독 서비스는 현명하게 관리하고 있다고 생각했는데， 매달 통장에서 알게 모르,CONTENT_ALIGNMENT_REQUIRED: 제목 키워드가 본문 앞부분에 없음 — 제목 수정 또는 본문 도입 개선
2026-08-13-cost-auto-b1e536,https://honsamnote.co.kr/blog/2026-08-13-cost-auto-b1e536/,1인 가구 공구 비교｜멀티 공구 세트,1인 가구 공구,비교형,KEYWORD_ABSENT_FROM_OPENING,no,no,no,문제 상황 혼자 사는 당신의 공간에 작고 사소한 문제들이 생길 때마다 답답함을 느끼지 않으신가요? 새로 산 예쁜 액자를 걸고 싶은데 못 박을 망치가 없고， 조립식 가구를 주문했는데 나사 하나가 풀려 덜렁거려도 드라이버가 없어 손쓸 수 없을 때가 있습니다. 친한 친구나 ,CONTENT_ALIGNMENT_REQUIRED: 제목 키워드가 본문 앞부분에 없음 — 제목 수정 또는 본문 도입 개선
2026-08-13-food-auto-05f1fc,https://honsamnote.co.kr/blog/2026-08-13-food-auto-05f1fc/,혼밥 채소 해결 방법｜냉동 채소 활용,혼밥 채소,방법형,KEYWORD_ABSENT_FROM_OPENING,no,no,yes,문제 상황 퇴근 후 지친 몸을 이끌고 마트에 들렀지만， 신선 코너 앞에서 늘 고민에 빠집니다. 한 팩에 넉넉히 담긴 신선 채소를 사자니， 지난번에도 결국 다 먹지 못하고 물러서 버렸던 기억이 생생합니다. ‘이번엔 꼭 다 먹어야지!’ 다짐하지만 며칠 지나면 냉장고 한구석,CONTENT_ALIGNMENT_REQUIRED: 제목 키워드가 본문 앞부분에 없음 — 제목 수정 또는 본문 도입 개선
2026-08-13-food-auto-4b3fa7,https://honsamnote.co.kr/blog/2026-08-13-food-auto-4b3fa7/,1인 가구 과일 비교｜신선 베리,1인 가구 과일,비교형,KEYWORD_ABSENT_FROM_OPENING,no,yes,no,문제 상황 건강을 위해 과일을 챙겨 먹어야 한다는 사실은 누구나 알지만， 혼자 사는 직장인에게 과일은 늘 '계륵' 같은 존재입니다. 특히 블루베리， 딸기， 라즈베리 같은 베리류는 항산화 효과가 좋다고 해서 꾸준히 먹고 싶은데， 현실은 늘 녹록지 않죠. 마트에서 파는 신,CONTENT_ALIGNMENT_REQUIRED: 제목 키워드가 본문 앞부분에 없음 — 제목 수정 또는 본문 도입 개선
2026-08-13-food-auto-f7b0fc,https://honsamnote.co.kr/blog/2026-08-13-food-auto-f7b0fc/,1인 가구 장류 해결 방법｜된장 보관법,1인 가구 장류,방법형,KEYWORD_ABSENT_FROM_OPENING,no,yes,yes,문제 상황 퇴근 후 간단히 된장찌개를 끓이거나 제육볶음을 만들려 냉장고 문을 엽니다. 그런데 냉장고 한 칸을 떡하니 차지하고 있는 건 언제 샀는지도 기억나지 않는 거대한 된장 통과 고추장 통. 문을 닫으려니 자꾸 걸리고， 속을 들여다보니 표면에는 희끄무레한 막이 덮여있,CONTENT_ALIGNMENT_REQUIRED: 제목 키워드가 본문 앞부분에 없음 — 제목 수정 또는 본문 도입 개선
2026-08-13-housing-auto-0fa740,https://honsamnote.co.kr/blog/2026-08-13-housing-auto-0fa740/,"혼자 사는 직장인, 보증금 떼일까 불안하다면? 전월세 보증보험 vs 셀프 대비, 내 돈 지키는 현명한 선택 가이드",혼자 사는 직장인 보증금,비교형,KEYWORD_ABSENT_FROM_OPENING,no,no,yes,"문제 상황 퇴근 후 지친 몸으로 집에 들어서면， 문득 불안감이 엄습할 때가 있습니다. ""혹시 내 소중한 보증금， 이대로 괜찮을까?"" 열심히 모은 돈으로 마련한 전월세 보증금， 그 몇천만 원에서 몇억 원이 내 손을 떠나 집주인에게 들어가 있는 상황은 생각보다 심리적인 압",CONTENT_ALIGNMENT_REQUIRED: 제목 키워드가 본문 앞부분에 없음 — 제목 수정 또는 본문 도입 개선
2026-08-13-housing-auto-5aa38a,https://honsamnote.co.kr/blog/2026-08-13-housing-auto-5aa38a/,혼자 사는 직장인 택배 방법｜택배 분실,혼자 사는 직장인 택배,방법형,KEYWORD_ABSENT_FROM_OPENING,no,yes,yes,문제 상황 퇴근 후 지친 몸을 이끌고 집에 왔는데， 문득 오늘 도착하기로 한 택배가 떠오릅니다. 택배 앱을 확인하니 ‘배송 완료’라고 뜨는데， 현관 앞은 텅 비어있죠. 잠시 생각합니다. 혹시 옆집에 잘못 갔나? 누군가 가져갔나? 아니면 경비실? 애써 참았던 짜증이 밀려,CONTENT_ALIGNMENT_REQUIRED: 제목 키워드가 본문 앞부분에 없음 — 제목 수정 또는 본문 도입 개선
2026-08-13-lifestyle-auto-8d6b5e,https://honsamnote.co.kr/blog/2026-08-13-lifestyle-auto-8d6b5e/,친구와 살기 비교｜합가 고민,친구와 살기,비교형,KEYWORD_ABSENT_FROM_OPENING,no,no,no,문제 상황 혼자 산 지 몇 년， 이제 나만의 공간에서 자유를 만끽하는 데 익숙해졌습니다. 그러다 문득 친한 친구가 합가를 제안합니다. 경제적인 이유일 수도， 서로 의지하고 싶은 마음 때문일 수도 있죠. '오랜 친구니까 편하고 좋겠지? 외로움도 덜고， 월세도 아낄 수 있,CONTENT_ALIGNMENT_REQUIRED: 제목 키워드가 본문 앞부분에 없음 — 제목 수정 또는 본문 도입 개선
2026-08-13-products-auto-2cf601,https://honsamnote.co.kr/blog/2026-08-13-products-auto-2cf601/,1인 가구 제모 비교｜제모기 추천,1인 가구 제모,비교형,KEYWORD_ABSENT_FROM_OPENING,no,yes,yes,문제 상황 퇴근 후 지친 몸으로 집에 돌아오면， 겨우 쉬고 싶은데 거뭇거뭇 올라오는 털 때문에 면도기를 들거나 왁싱 스트립을 붙이는 나를 발견합니다. 깔끔하게 관리하고 싶은 마음은 굴뚝같지만， 매번 반복되는 이 루틴은 시간도 아깝고 귀찮기만 합니다. 그렇다고 전문 샵에,CONTENT_ALIGNMENT_REQUIRED: 제목 키워드가 본문 앞부분에 없음 — 제목 수정 또는 본문 도입 개선
2026-08-13-products-auto-8b83e4,https://honsamnote.co.kr/blog/2026-08-13-products-auto-8b83e4/,도어락 수리 방법｜열쇠 개방,도어락 수리,방법형,KEYWORD_ABSENT_FROM_OPENING,no,yes,yes,문제 상황 힘든 퇴근길， 지친 몸을 이끌고 겨우 집에 도착했습니다. 주머니에 손을 넣었는데 싸늘한 감촉， '아차! 열쇠가 없다!' 문 앞에서 한참을 서성이다 도어락 비밀번호를 눌렀는데 '삑-삑-.' 도어락이 먹통입니다. 어두워지는 밤하늘 아래， 누구에게도 도움을 청할 ,CONTENT_ALIGNMENT_REQUIRED: 제목 키워드가 본문 앞부분에 없음 — 제목 수정 또는 본문 도입 개선
2026-08-13-products-auto-ae3976,https://honsamnote.co.kr/blog/2026-08-13-products-auto-ae3976/,1인 가구 소음 알아보기｜층간 소음 해결,1인 가구 소음,문제해결형,KEYWORD_ABSENT_FROM_OPENING,no,yes,yes,문제 상황 퇴근 후 지친 몸으로 집에 돌아와 겨우 소파에 몸을 기댑니다. 한숨 돌리려는 찰나， 윗집 아이들이 뛰어다니는 소리， 옆집에서 들려오는 TV 소리， 늦은 밤 세탁기 돌아가는 소리가 귓가를 맴돌며 휴식을 방해합니다. 혼자 사는 집이기에 더욱 선명하게 들리는 소음,CONTENT_ALIGNMENT_REQUIRED: 제목 키워드가 본문 앞부분에 없음 — 제목 수정 또는 본문 도입 개선
2026-08-13-safety-auto-6b585a,https://honsamnote.co.kr/blog/2026-08-13-safety-auto-6b585a/,1인 가구 이웃 소음 기준｜밤늦은 소리,1인 가구 이웃 소음,판단형,KEYWORD_ABSENT_FROM_OPENING,no,yes,no,문제 상황 고요한 새벽， 혹은 늦은 밤 침대에 누워 잠을 청하려는데， 갑자기 옆집이나 윗집에서 '쿵!'， '탁!' 하는 큰 소리가 들려옵니다. 가구 끄는 소리 같기도 하고， 무언가 깨지는 소리 같기도 합니다. 간혹 비명 같은 소리나 다급한 말소리가 희미하게 들려올 때도,CONTENT_ALIGNMENT_REQUIRED: 제목 키워드가 본문 앞부분에 없음 — 제목 수정 또는 본문 도입 개선
2026-08-13-safety-auto-c86e8c,https://honsamnote.co.kr/blog/2026-08-13-safety-auto-c86e8c/,집 흔들림 기준｜지진 대처,집 흔들림,판단형,KEYWORD_ABSENT_FROM_OPENING,no,yes,yes,문제 상황 퇴근 후 오랜만에 쉬는 주말， 혼자 집에서 좋아하는 영화를 보거나 밀린 집안일을 하고 있는데， 갑자기 집 전체가 크게 흔들리는 느낌을 받습니다. 바닥에서부터 울리는 쿵 소리와 함께 가구가 흔들리고， 심장이 쿵 떨어지는 기분이죠. '지진인가?' 싶어 멍하니 서,CONTENT_ALIGNMENT_REQUIRED: 제목 키워드가 본문 앞부분에 없음 — 제목 수정 또는 본문 도입 개선
2026-08-13-safety-auto-dcd18d,https://honsamnote.co.kr/blog/2026-08-13-safety-auto-dcd18d/,"혼자 사는 당신, 비상식량·비상용 물, 어떻게 준비해야 할까? 시판 비상식량 키트 vs. DIY 식료품 로테이션, 나에게 맞는 안전 선택은?",1인 가구 비상식량,비교형,KEYWORD_ABSENT_FROM_OPENING,no,yes,no,문제 상황 홀로 사는 당신， 혹시 모를 재난 상황을 떠올리면 가슴이 철렁 내려앉을 때가 있으신가요? 갑작스러운 정전이 며칠간 이어지거나， 예상치 못한 자연재해로 인해 집 밖을 나갈 수 없을 때， 혹은 전염병 확산으로 외출 자체가 어려워지는 상황을 상상해보세요. 냉장고는,CONTENT_ALIGNMENT_REQUIRED: 제목 키워드가 본문 앞부분에 없음 — 제목 수정 또는 본문 도입 개선
2026-08-13-storage-auto-545d8d,https://honsamnote.co.kr/blog/2026-08-13-storage-auto-545d8d/,1인 가구 수납 비교｜좁은 집 정리,1인 가구 수납,비교형,KEYWORD_ABSENT_FROM_OPENING,no,yes,yes,문제 상황 퇴근 후 지친 몸을 이끌고 겨우 집에 돌아왔지만， 편안하게 쉬고 싶던 내 공간은 어쩐지 더 답답하게 느껴집니다. 특히 책상이나 침대 옆 협탁 위는 늘 전쟁터입니다. 늘 손에 잡히는 스마트폰 충전기， 리모컨， 안경， 펜， 잠시 벗어둔 이어폰부터 하루 한 번 먹,CONTENT_ALIGNMENT_REQUIRED: 제목 키워드가 본문 앞부분에 없음 — 제목 수정 또는 본문 도입 개선
2026-08-13-storage-auto-92e3bb,https://honsamnote.co.kr/blog/2026-08-13-storage-auto-92e3bb/,1인 가구 수납 알아보기｜좁은 집 수납,1인 가구 수납,문제해결형,KEYWORD_ABSENT_FROM_OPENING,no,yes,yes,문제 상황 퇴근 후 지친 몸을 이끌고 집에 들어섰는데， 갑자기 화장실 청소를 해야겠다는 생각에 욕실 수납장을 열었습니다. 하지만 선반 위는 각종 세제 병과 다 쓴 리필팩， 세척 솔 등이 뒤엉켜 발 디딜 틈도 없습니다. 원하는 변기 세정제는 저 안쪽에 숨어 있고， 그걸 ,CONTENT_ALIGNMENT_REQUIRED: 제목 키워드가 본문 앞부분에 없음 — 제목 수정 또는 본문 도입 개선
2026-08-13-storage-auto-ccc061,https://honsamnote.co.kr/blog/2026-08-13-storage-auto-ccc061/,싱크대 하부장 정리 알아보기｜세면대 하부장 수납,싱크대 하부장 정리,문제해결형,KEYWORD_ABSENT_FROM_OPENING,no,yes,yes,문제 상황 퇴근 후 지친 몸을 이끌고 집에 돌아와 설거지를 하거나 세면대에서 손을 씻을 때， 문득 싱크대나 세면대 아래 하부장이 눈에 들어옵니다. 문을 열면 각종 세제와 청소용품， 여분의 휴지나 비누 등이 뒤죽박죽 섞여 있어 필요한 물건을 찾기란 하늘의 별 따기죠. 깊,CONTENT_ALIGNMENT_REQUIRED: 제목 키워드가 본문 앞부분에 없음 — 제목 수정 또는 본문 도입 개선
2026-08-14-cleaning-auto-0fc7dd,https://honsamnote.co.kr/blog/2026-08-14-cleaning-auto-0fc7dd/,"혼자 사는 당신, 에어컨에서 퀴퀴한 냄새가 나고 시원하지 않다고요? 딱 20분, 필터 청소로 냉방 효율 높이고 전기료 아끼는 현실 솔루션",에어컨 냄새,질문형,KEYWORD_ABSENT_FROM_OPENING,no,no,yes,"문제 상황 여름의 문턱에 들어서자마자 푹푹 찌는 날씨， 퇴근 후 지친 몸을 이끌고 겨우 집에 돌아와 에어컨 리모컨을 누릅니다. 시원한 바람이 쏟아져 나오길 기대했지만， ""쉬이이익-"" 하는 소리와 함께 코를 찌르는 퀴퀴하고 꿉꿉한 냄새가 먼저 반겨줍니다. 바람은 나오는 ",CONTENT_ALIGNMENT_REQUIRED: 제목 키워드가 본문 앞부분에 없음 — 제목 수정 또는 본문 도입 개선
2026-08-14-cleaning-auto-b4a47e,https://honsamnote.co.kr/blog/2026-08-14-cleaning-auto-b4a47e/,1인 가구 청소 알아보기｜먼지 제거,1인 가구 청소,문제해결형,KEYWORD_ABSENT_FROM_OPENING,no,yes,yes,문제 상황 퇴근 후 문을 열고 들어선 당신의 자취방. 분명 주말에 청소를 했는데， 햇빛이 비치는 창가에는 벌써 먼지가 가득하고， 공기는 어쩐지 퀴퀴하게 느껴집니다. 애써 쓸고 닦아도 금세 다시 쌓이는 먼지 때문에 스트레스받고， 환기를 하자니 귀찮고 미세먼지 걱정에 망설,CONTENT_ALIGNMENT_REQUIRED: 제목 키워드가 본문 앞부분에 없음 — 제목 수정 또는 본문 도입 개선
2026-08-14-cost-auto-304499,https://honsamnote.co.kr/blog/2026-08-14-cost-auto-304499/,"혼자 사는 직장인, 책 읽고 싶은데 매번 구매 비용 부담된다면? 도서관 vs. 전자책 구독 vs. 종이책 구매, 나에게 맞는 최적의 독서법은?",1인 가구 독서,비교형,KEYWORD_ABSENT_FROM_OPENING,no,yes,yes,문제 상황 퇴근 후 나만의 시간을 즐기고 싶을 때， 혹은 주말 오후 침대에 기대어 여유롭게 책을 읽고 싶을 때가 많습니다. 하지만 새로 나온 베스트셀러나 읽고 싶었던 책들을 매번 사자니 얇아지는 지갑이 걱정되고， 아직 읽지도 않은 책들이 쌓여 작은 원룸의 한쪽 구석을 ,CONTENT_ALIGNMENT_REQUIRED: 제목 키워드가 본문 앞부분에 없음 — 제목 수정 또는 본문 도입 개선
2026-08-14-cost-auto-c66395,https://honsamnote.co.kr/blog/2026-08-14-cost-auto-c66395/,난방비 절약 알아보기｜외풍,난방비 절약,문제해결형,KEYWORD_ABSENT_FROM_OPENING,no,yes,yes,문제 상황 퇴근 후 지친 몸을 이끌고 집에 들어섰는데， 보일러를 아무리 돌려도 싸늘한 냉기가 가시지 않나요? 창문이나 현관문 틈새에서 솔솔 들어오는 외풍(웃풍) 때문에 실내 온도는 좀처럼 오르지 않고， 한숨 돌릴 새도 없이 난방비 고지서가 날아와 통장을 스쳐 지나가는 ,CONTENT_ALIGNMENT_REQUIRED: 제목 키워드가 본문 앞부분에 없음 — 제목 수정 또는 본문 도입 개선
2026-08-14-food-auto-0030b0,https://honsamnote.co.kr/blog/2026-08-14-food-auto-0030b0/,"혼자 사는 직장인, 개봉한 통조림·병조림·소분팩 소스 앞에서 망설일 때: 버리지 않고 끝까지 알뜰하게 즐기는 현실적인 보관 & 활용 전략",1인 가구 식재료 보관,문제해결형,KEYWORD_ABSENT_FROM_OPENING,no,yes,yes,문제 상황 퇴근 후 지쳐서 뚝딱 저녁을 해결하려고 파스타를 만들었습니다. 그런데 파스타 소스는 늘 한 병 사면 반 병은 남고， 참치캔 하나 뜯으면 한 끼 먹고 나면 애매하게 남습니다. 어쩌다 샐러드에 넣을 올리브도 한 병 열면 반도 못 먹고 냉장고 구석에서 시들어 버리,CONTENT_ALIGNMENT_REQUIRED: 제목 키워드가 본문 앞부분에 없음 — 제목 수정 또는 본문 도입 개선
2026-08-14-food-auto-78155f,https://honsamnote.co.kr/blog/2026-08-14-food-auto-78155f/,1인 가구 단백질 비교｜참치캔,1인 가구 단백질,비교형,KEYWORD_ABSENT_FROM_OPENING,no,yes,yes,문제 상황 퇴근 후 지친 몸으로 집에 돌아왔는데， 냉장고를 열어봐도 요리할 기운은 없고， 또다시 배달 앱을 켤까 말까 망설이고 계신가요? 건강한 식단을 챙겨야 한다는 생각은 늘 있지만， 매번 신선한 재료로 요리하는 건 혼자 사는 직장인에게 너무나 큰 장벽입니다. 그렇다,CONTENT_ALIGNMENT_REQUIRED: 제목 키워드가 본문 앞부분에 없음 — 제목 수정 또는 본문 도입 개선
2026-08-14-food-auto-950e9e,https://honsamnote.co.kr/blog/2026-08-14-food-auto-950e9e/,혼밥러 말린 식재료 알아보기｜건조 식재료 보관,혼밥러 말린 식재료,문제해결형,KEYWORD_ABSENT_FROM_OPENING,no,yes,yes,문제 상황 퇴근 후 허기진 배를 부여잡고 식재료를 찾던 당신. 어두운 팬트리 구석에서 한참 전에 사둔 말린 미역 봉지를 발견합니다. 언제 샀는지 기억도 가물가물하고， 봉지에는 희미한 유통기한 날짜만 보입니다. '이거 아직 먹어도 되나?' 냄새를 맡아봐도 괜찮은 것 같고,CONTENT_ALIGNMENT_REQUIRED: 제목 키워드가 본문 앞부분에 없음 — 제목 수정 또는 본문 도입 개선
2026-08-14-housing-auto-189ec3,https://honsamnote.co.kr/blog/2026-08-14-housing-auto-189ec3/,"혼자 사는 직장인, 이사/대청소 앞둔 대형 폐기물 처리! 비용 아끼고 깔끔하게 끝내는 현실 가이드",대형 폐기물 버리는 법,비용형,KEYWORD_ABSENT_FROM_OPENING,no,no,yes,문제 상황 퇴근 후 지쳐 돌아온 집. 주말엔 겨우 쉬거나 약속을 잡느라 바쁜데， 문득 이사 날짜가 한 달 앞으로 다가왔음을 깨닫습니다. 혹은 큰맘 먹고 대청소를 시작했지만， 생각지도 못했던 낡은 책상， 망가진 의자， 부피 큰 서랍장， 오래된 냉장고 같은 대형 폐기물들이,CONTENT_ALIGNMENT_REQUIRED: 제목 키워드가 본문 앞부분에 없음 — 제목 수정 또는 본문 도입 개선
2026-08-14-lifestyle-auto-e506f6,https://honsamnote.co.kr/blog/2026-08-14-lifestyle-auto-e506f6/,1인 가구 기념일 비교｜혼자 생일 보내기,1인 가구 기념일,비교형,KEYWORD_ABSENT_FROM_OPENING,no,yes,no,문제 상황 어느새 혼자 산 지 1년， 3년， 아니 벌써 5년째. 처음에는 모든 것이 신선하고 자유로웠지만， 문득 나만의 중요한 날이 다가오면 마음 한구석이 텅 비는 것 같은 기분이 듭니다. 생일， 승진， 오랜 프로젝트의 성공， 혹은 개인적인 목표 달성 같은 의미 있는 ,CONTENT_ALIGNMENT_REQUIRED: 제목 키워드가 본문 앞부분에 없음 — 제목 수정 또는 본문 도입 개선
2026-08-14-products-auto-50ff5a,https://honsamnote.co.kr/blog/2026-08-14-products-auto-50ff5a/,"혼자 사는 직장인, 낮에 배송된 택배 문 앞에 쌓여 불안하다면? 1인 가구 스마트 택배함 vs 무인택배함, 내게 맞는 최적의 선택은?",1인 가구 택배,비교형,KEYWORD_ABSENT_FROM_OPENING,no,no,yes,문제 상황 퇴근 후 현관문에 다다랐을 때， 덩그러니 놓인 택배 상자를 보면 한숨부터 나옵니다. 낮에 집을 비우는 직장인 1인 가구에게 택배 수령은 늘 골치 아픈 문제입니다. 혹시 누가 가져가지는 않을까 불안하고， 비라도 오면 내용물이 젖을까 노심초사하며， 심지어 개인 ,CONTENT_ALIGNMENT_REQUIRED: 제목 키워드가 본문 앞부분에 없음 — 제목 수정 또는 본문 도입 개선
2026-08-14-products-auto-6493cd,https://honsamnote.co.kr/blog/2026-08-14-products-auto-6493cd/,"혼자 사는 직장인, 좁은 집에 쌓여가는 짐 때문에 한숨 쉰다면? 공유 창고 vs 집 안 공간 최적화, 내게 맞는 최적의 선택은?",1인 가구 짐 보관,비교형,KEYWORD_ABSENT_FROM_OPENING,no,yes,yes,문제 상황 퇴근 후 문을 열고 들어선 내 공간. 그런데 이 공간이 과연 '나만의 안식처'라고 부를 수 있을까요? 벽 한쪽에는 지난겨울에 입었던 두꺼운 코트들이 그대로 걸려 있고， 다른 구석에는 언젠가 쓸 것 같아 쟁여둔 취미 용품 박스가 쌓여 있습니다. 친구들이 선물해,CONTENT_ALIGNMENT_REQUIRED: 제목 키워드가 본문 앞부분에 없음 — 제목 수정 또는 본문 도입 개선
2026-08-14-products-auto-da7759,https://honsamnote.co.kr/blog/2026-08-14-products-auto-da7759/,1인 가구 화재보험 해결 방법｜월세집 보험,1인 가구 화재보험,방법형,KEYWORD_ABSENT_FROM_OPENING,no,no,yes,"문제 상황 퇴근 후 지쳐서 돌아온 당신， 문을 여는 순간 현관에서부터 물이 흥건하게 차 있는 걸 발견했습니다. 또는， 주방에서 잠시 자리를 비운 사이 작은 불씨가 주변으로 옮겨 붙어 연기가 자욱합니다. 더 심각하게는 옆집에서 ""물이 새요!"" 하는 다급한 벨 소리가 들려",CONTENT_ALIGNMENT_REQUIRED: 제목 키워드가 본문 앞부분에 없음 — 제목 수정 또는 본문 도입 개선
2026-08-14-safety-auto-2f3ee3,https://honsamnote.co.kr/blog/2026-08-14-safety-auto-2f3ee3/,동파예방 방법｜수도관동파,동파예방,방법형,KEYWORD_ABSENT_FROM_OPENING,no,no,no,문제 상황 영하 10도를 오가는 매서운 한파가 연일 이어지는 겨울밤， 퇴근하고 돌아온 당신의 집은 유독 싸늘합니다. 온수도， 냉수도 나오지 않고， 혹시나 하는 마음에 싱크대 아래를 들여다보니 수도관에 살얼음이 맺혀 있거나， 벽면이 축축하게 젖어 있는 것을 발견합니다. ,CONTENT_ALIGNMENT_REQUIRED: 제목 키워드가 본문 앞부분에 없음 — 제목 수정 또는 본문 도입 개선
2026-08-14-safety-auto-f47696,https://honsamnote.co.kr/blog/2026-08-14-safety-auto-f47696/,"혼자 사는 당신, 집 열쇠를 잃어버렸을 때: 빈집털이 걱정 없이 안전하게 대처하고 우리 집 지키는 법",1인 가구 안전,문제해결형,KEYWORD_ABSENT_FROM_OPENING,no,yes,yes,문제 상황 퇴근 후 늘 들고 다니던 가방을 뒤적입니다. 현관문 앞에 서서 주머니를 뒤져봐도， 익숙한 열쇠 뭉치가 손에 잡히지 않습니다. 스마트 도어락이 있긴 하지만， 혹시 모를 비상 상황을 대비해 가지고 다니던 보조키나 비상 열쇠까지 통째로 사라졌습니다. 방금 전 들렀,CONTENT_ALIGNMENT_REQUIRED: 제목 키워드가 본문 앞부분에 없음 — 제목 수정 또는 본문 도입 개선
2026-08-14-storage-auto-8ede60,https://honsamnote.co.kr/blog/2026-08-14-storage-auto-8ede60/,좁은주방 비교｜식재료수납,좁은주방,비교형,KEYWORD_ABSENT_FROM_OPENING,no,yes,yes,"문제 상황 퇴근 후， 좁은 주방에 들어서면 싱크대 상판이나 조리대 한 켠에 굴러다니는 열린 과자봉지， 반쯤 쓰고 남은 라면 스프 봉투， 소량의 파스타 면， 뜯어진 시리얼 박스… 이 모든 것들이 마치 ""먹다 남은 잡동사니""처럼 눈에 거슬린 적 없으신가요? 혼자 살다 보니",CONTENT_ALIGNMENT_REQUIRED: 제목 키워드가 본문 앞부분에 없음 — 제목 수정 또는 본문 도입 개선
2026-08-14-storage-auto-be0ab4,https://honsamnote.co.kr/blog/2026-08-14-storage-auto-be0ab4/,1인 가구 식사 공간 비교｜원룸 작업 공간,1인 가구 식사 공간,비교형,KEYWORD_ABSENT_FROM_OPENING,no,yes,yes,문제 상황 퇴근 후 지친 몸을 이끌고 들어온 좁은 원룸. 간단하게 저녁 한 끼를 먹으려 해도 마땅히 앉을 곳이 없어 침대 위에서 밥을 먹거나， 작은 협탁에 꾸역꾸역 접시를 올리고 허리를 굽히게 됩니다. 주말에 재택근무를 하거나 자기계발을 위해 노트북을 켜려고 해도， 작,CONTENT_ALIGNMENT_REQUIRED: 제목 키워드가 본문 앞부분에 없음 — 제목 수정 또는 본문 도입 개선
2026-08-14-storage-auto-fcf546,https://honsamnote.co.kr/blog/2026-08-14-storage-auto-fcf546/,"1인 가구 직장인, 좁은 주방 '넘쳐나는 텀블러·물병·도시락 통' 때문에 싱크대 문이 닫히지 않는다면? 깔끔하게 정리하고 위생적으로 쓰는 현실 수납법",텀블러 수납,질문형,KEYWORD_ABSENT_FROM_OPENING,no,no,yes,문제 상황 퇴근 후 사용한 텀블러와 도시락 통을 설거지하고 나면， 좁은 싱크대 주변은 금세 물건들로 가득 차 버립니다. 헹궈둔 물병들은 좁은 식기 건조대 자리까지 차지하고， 겨우 말려 싱크대장 안에 넣으려고 해도 이미 넘쳐나는 다른 텀블러와 통들 때문에 문이 뻑뻑하게 ,CONTENT_ALIGNMENT_REQUIRED: 제목 키워드가 본문 앞부분에 없음 — 제목 수정 또는 본문 도입 개선
2026-07-30-cost-80,https://honsamnote.co.kr/blog/2026-07-30-cost-80/,알뜰폰 비교｜통신 3사,알뜰폰,비교형,INTENT_SIGNAL_ABSENT,yes,no,no,"문제 상황 퇴근 후 침대에 누워 휴대폰 요금 명세서를 받아볼 때마다 한숨부터 나오시나요? 통신 3사 요금제는 매달 5만원 이상 꼬박꼬박 빠져나가고， 옆자리 동료는 알뜰폰으로 훨씬 저렴하게 쓴다고 자랑합니다. ""나도 바꿔야 하나?"" 싶다가도， 막상 복잡한 요금제 표를 보",INTENT_SIGNAL_ABSENT: 제목 의도 신호가 본문 앞부분에 없음 — 본문 구조 점검
2026-07-30-food-15,https://honsamnote.co.kr/blog/2026-07-30-food-15/,1인용 밀키트 비교｜밀키트 추천,1인용 밀키트,비교형,INTENT_SIGNAL_ABSENT,yes,no,no,문제 상황 회사에서 녹초가 되어 돌아온 저녁， 현관문을 열고 들어서는 순간 한숨부터 나옵니다. 냉장고를 열어봐도 마땅히 해 먹을 만한 재료는 없고， 겨우 뭘 해볼까 싶다가도 막상 재료 손질하고 조리하는 과정이 너무 번거롭게 느껴집니다. 결국 손쉽게 배달 앱을 켜지만， ,INTENT_SIGNAL_ABSENT: 제목 의도 신호가 본문 앞부분에 없음 — 본문 구조 점검
2026-07-30-lifestyle-60,https://honsamnote.co.kr/blog/2026-07-30-lifestyle-60/,주말 무기력 해결 방법｜주말 계획,주말 무기력,방법형,INTENT_SIGNAL_ABSENT,yes,no,no,문제 상황 금요일 밤， 해방감도 잠시， 막상 주말이 되면 뭘 해야 할지 막막한가요? 늦잠으로 오전이 사라지고， 스마트폰을 붙잡고 배회하다 보면 어느새 일요일 저녁. '제대로 쉬지도 못했는데 벌써 월요일이라니!' 하는 탄식과 함께 밀려오는 무기력함과 피로감. 혼자 사는 ,INTENT_SIGNAL_ABSENT: 제목 의도 신호가 본문 앞부분에 없음 — 본문 구조 점검
2026-08-01-cleaning-auto-edbbf8,https://honsamnote.co.kr/blog/2026-08-01-cleaning-auto-edbbf8/,미니 식기세척기 비교｜식기세척기 추천,미니 식기세척기,비교형,INTENT_SIGNAL_ABSENT,yes,no,no,"문제 상황 퇴근 후 지친 몸을 이끌고 집에 돌아오면， 왠지 모르게 저녁 메뉴 고르기부터 망설여집니다. 겨우 밥 한 끼 해 먹고 나면 싱크대에는 밥그릇， 국그릇， 반찬 그릇， 심지어 조리 도구까지 쌓여 있죠. ""내일 아침에 해야지"" 하고 미루다 보면 다음 날 아침 허둥지",INTENT_SIGNAL_ABSENT: 제목 의도 신호가 본문 앞부분에 없음 — 본문 구조 점검
2026-08-01-safety-auto-0e6262,https://honsamnote.co.kr/blog/2026-08-01-safety-auto-0e6262/,일산화탄소 중독 해결 방법｜보일러 이상,일산화탄소 중독,방법형,INTENT_SIGNAL_ABSENT,yes,no,no,문제 상황 퇴근 후 따뜻한 집에서 쉬려는데， 왠지 모르게 머리가 지끈거리고 속이 울렁거립니다. 몸살감기라도 오려나 하고 대수롭지 않게 넘기려 하지만， 평소와 다른 묘한 피로감이 느껴집니다. 더군다나 보일러실 쪽에서 평소와 다른 '웅-' 하는 소리가 간헐적으로 들리는 것,INTENT_SIGNAL_ABSENT: 제목 의도 신호가 본문 앞부분에 없음 — 본문 구조 점검
2026-08-01-safety-auto-c574d6,https://honsamnote.co.kr/blog/2026-08-01-safety-auto-c574d6/,"혼자 사는 당신, 외부 침입 대비할 때? 스마트 도어벨 vs. 가정용 CCTV, 나에게 맞는 현관 보안은?",스마트 도어벨,비교형,INTENT_SIGNAL_ABSENT,yes,no,no,문제 상황 퇴근 후 문을 잠그고 집으로 들어서면， 비로소 마음이 놓입니다. 하지만 혹시 내가 없을 때， 내가 잠든 밤사이에 누군가 우리 집 현관을 기웃거리고 있지는 않을까? 혼자 사는 당신이라면 한 번쯤 이런 막연한 불안감을 느껴봤을 겁니다. 배달이나 택배를 가장한 수,INTENT_SIGNAL_ABSENT: 제목 의도 신호가 본문 앞부분에 없음 — 본문 구조 점검
2026-08-03-cost-auto-4d199c,https://honsamnote.co.kr/blog/2026-08-03-cost-auto-4d199c/,교통비 비교｜대중교통,교통비,비교형,INTENT_SIGNAL_ABSENT,yes,no,no,문제 상황 퇴근 후 지친 몸을 이끌고 집에 가려는데， 지하철역까지 걷기는 멀고 버스는 곧 끊길 시간. “에라 모르겠다!” 하고 앱을 켜 택시를 부르는 일이 잦지는 않으신가요? 주말엔 친구들과 약속 장소로 이동하거나， 마트에서 장을 보고 무거운 짐을 들고 집에 오는 길，,INTENT_SIGNAL_ABSENT: 제목 의도 신호가 본문 앞부분에 없음 — 본문 구조 점검
2026-08-03-safety-auto-7bde55,https://honsamnote.co.kr/blog/2026-08-03-safety-auto-7bde55/,"혼자 사는 당신, 주방 화재 발생 시? 소화기 vs. 소방 담요, 나에게 더 효과적인 것은?",주방 화재,비교형,INTENT_SIGNAL_ABSENT,yes,no,no,문제 상황 퇴근 후 허기진 배를 부여잡고 냉장고를 열어봅니다. 간단하게 볶음 요리를 하던 중， 잠깐 스마트폰 알림에 시선을 빼앗긴 사이 프라이팬에서 ‘치이익’ 소리와 함께 연기가 피어오르더니 순식간에 불꽃이 솟아오릅니다. “어떡하지?” 당황한 마음에 얼른 물을 뿌려야 ,INTENT_SIGNAL_ABSENT: 제목 의도 신호가 본문 앞부분에 없음 — 본문 구조 점검
2026-08-06-cleaning-auto-ab8bbf,https://honsamnote.co.kr/blog/2026-08-06-cleaning-auto-ab8bbf/,에어컨 필터 청소 비교｜에어컨 관리,에어컨 필터 청소,비교형,INTENT_SIGNAL_ABSENT,yes,no,no,문제 상황 여름이 성큼 다가오면 1인 가구 직장인들의 가장 큰 고민 중 하나는 바로 에어컨이죠. 퇴근 후 지친 몸을 이끌고 겨우 에어컨을 켰는데， 시원한 바람 대신 퀴퀴한 곰팡이 냄새가 코를 찌른다면? 작년보다 시원하지 않은 것 같은데， 왠지 모르게 전기세는 더 나올 ,INTENT_SIGNAL_ABSENT: 제목 의도 신호가 본문 앞부분에 없음 — 본문 구조 점검
2026-08-06-cleaning-auto-ec8541,https://honsamnote.co.kr/blog/2026-08-06-cleaning-auto-ec8541/,주방 후드 청소 알아보기｜레인지 후드 청소,주방 후드 청소,문제해결형,INTENT_SIGNAL_ABSENT,yes,no,no,문제 상황 퇴근 후 간단하게 저녁을 차려 먹고 나면， 주방에는 늘 꿉꿉한 기름 냄새가 진동합니다. 환기를 해도 금세 사라지지 않죠. 고개를 들어보면 주방 후드 필터에는 노랗고 끈적한 기름때가 덩어리져 있고， 가끔은 그 기름때가 뚝뚝 떨어져 싱크대와 상판을 오염시키기도 ,INTENT_SIGNAL_ABSENT: 제목 의도 신호가 본문 앞부분에 없음 — 본문 구조 점검
2026-08-06-safety-auto-0b96ff,https://honsamnote.co.kr/blog/2026-08-06-safety-auto-0b96ff/,일산화탄소 경보기 비교｜경보기 오작동,일산화탄소 경보기,비교형,INTENT_SIGNAL_ABSENT,yes,no,no,문제 상황 깊은 밤， 혼자 잠들어 있는데 갑자기 집안을 찢는 듯한 경보음이 울립니다. 심장을 쿵 떨어뜨리는 소리에 놀라 잠에서 깨보니， 거실 한편에 설치된 일산화탄소(CO) 경보기에서 빨간 불빛과 함께 다급한 경고음이 쉴 새 없이 울리고 있습니다. 보일러는 멀쩡히 돌아,INTENT_SIGNAL_ABSENT: 제목 의도 신호가 본문 앞부분에 없음 — 본문 구조 점검
2026-08-06-storage-auto-ae69e9,https://honsamnote.co.kr/blog/2026-08-06-storage-auto-ae69e9/,틈새 선반 비교｜이동식 트롤리,틈새 선반,비교형,INTENT_SIGNAL_ABSENT,yes,no,no,문제 상황 퇴근 후， 좁은 원룸 주방에 들어서면 한숨부터 나옵니다. 식료품 할인에 혹해서 사 온 대용량 간식과 재료들이 싱크대 한쪽을 점령하고 있죠. 인스턴트식품， 햇반， 봉지 라면부터 언젠가 해 먹겠다고 쌓아둔 소스류까지， 어디에 둬야 할지 몰라 대충 쌓아두다 보니 ,INTENT_SIGNAL_ABSENT: 제목 의도 신호가 본문 앞부분에 없음 — 본문 구조 점검
2026-08-07-safety-auto-0d1c1b,https://honsamnote.co.kr/blog/2026-08-07-safety-auto-0d1c1b/,인터넷 공유기 해킹 방법｜라우터 보안,인터넷 공유기 해킹,방법형,INTENT_SIGNAL_ABSENT,yes,no,no,문제 상황 퇴근 후 오랜만에 넷플릭스를 보려는데， 갑자기 인터넷이 이유 없이 느려지거나 끊깁니다. 스마트폰으로 와이파이를 확인해 보니 평소에 보지 못했던 이상한 기기가 내 네트워크에 연결되어 있는 것 같습니다. 혹시 내 와이파이가 해킹당한 건 아닐까， 내 컴퓨터나 스마,INTENT_SIGNAL_ABSENT: 제목 의도 신호가 본문 앞부분에 없음 — 본문 구조 점검
2026-08-11-cleaning-auto-5be420,https://honsamnote.co.kr/blog/2026-08-11-cleaning-auto-5be420/,액체 세제 비교｜캡슐 세제,액체 세제,비교형,INTENT_SIGNAL_ABSENT,yes,no,no,문제 상황 퇴근 후 쌓인 빨랫감을 세탁기에 넣고 돌렸는데， 왠지 모르게 옷에서 꿉꿉한 냄새가 가시지 않거나 섬유 깊숙이 개운하지 않은 느낌이 든 적 있으신가요? 분명 세탁기에 세제도 넉넉히 넣고 빨았는데， 기대했던 상쾌함 대신 미묘한 찝찝함이 남을 때가 있습니다. 드럼,INTENT_SIGNAL_ABSENT: 제목 의도 신호가 본문 앞부분에 없음 — 본문 구조 점검
2026-08-12-cleaning-auto-85acce,https://honsamnote.co.kr/blog/2026-08-12-cleaning-auto-85acce/,창문 청소 비교｜유리창 청소,창문 청소,비교형,INTENT_SIGNAL_ABSENT,yes,no,no,문제 상황 퇴근 후 지친 몸으로 집에 돌아와 창밖을 바라볼 때， 뿌옇고 지저분한 유리창 때문에 한숨 쉬어본 경험， 다들 있으실 겁니다. 특히 고층 아파트나 오래된 건물에 사는 1인 가구라면， 창문 청소는 단순히 귀찮은 일을 넘어 ‘위험한 일’이 되기도 합니다. 손이 닿,INTENT_SIGNAL_ABSENT: 제목 의도 신호가 본문 앞부분에 없음 — 본문 구조 점검
2026-08-14-cleaning-auto-1ca76b,https://honsamnote.co.kr/blog/2026-08-14-cleaning-auto-1ca76b/,음식물 처리 비교｜음식물 쓰레기통,음식물 처리,비교형,INTENT_SIGNAL_ABSENT,yes,no,no,문제 상황 퇴근하고 집에 오니 싱크대에 덩그러니 놓인 음식물 쓰레기가 보입니다. 어제 저녁에 먹다 남은 배달 음식 잔반， 아침에 마신 주스 과육 찌꺼기… 양은 얼마 안 되는데， 벌써부터 스멀스멀 퀴퀴한 냄새가 올라오는 것 같습니다. 냉장고에 넣어두기엔 다른 식재료와 섞,INTENT_SIGNAL_ABSENT: 제목 의도 신호가 본문 앞부분에 없음 — 본문 구조 점검
