source_slug,source_title,target_slug,target_title,relevance_score,relation_type,reason
2026-07-30-cleaning-29,"바쁜 1인 가구, 침구 세탁 주기 헷갈릴 때? 쾌적한 잠자리를 위한 현실 가이드",2026-07-30-cleaning-25,"퇴근 후 지친 1인 가구, 10분씩 쪼개서 끝내는 주간 청소 루틴",1,next,강한 신호(같은 클러스터/대표 키워드 일치) 없이 카테고리 일치 또는 소수 keyword/tag overlap만으로 연결됨(점수 1)
2026-07-30-cost-6,"내 돈 새는 줄도 몰랐죠? 1인 가구 직장인, 숨은 보험료 줄이는 3단계 점검법",2026-07-30-cost-2,"혼자 사는 직장인, 예상치 못한 공과금 폭탄 피하는 전기·가스·수도 요금 절약 실전 가이드",1,next,강한 신호(같은 클러스터/대표 키워드 일치) 없이 카테고리 일치 또는 소수 keyword/tag overlap만으로 연결됨(점수 1)
2026-07-30-cost-80,알뜰폰 비교｜통신 3사,2026-07-29-cost-1,"월급날 한숨만? 1인 가구 직장인의 한 달 고정비, 이대로 따라 하면 무조건 줄어듭니다",1,next,강한 신호(같은 클러스터/대표 키워드 일치) 없이 카테고리 일치 또는 소수 keyword/tag overlap만으로 연결됨(점수 1)
2026-07-30-cost-80,알뜰폰 비교｜통신 3사,2026-07-30-cost-2,"혼자 사는 직장인, 예상치 못한 공과금 폭탄 피하는 전기·가스·수도 요금 절약 실전 가이드",1,next,강한 신호(같은 클러스터/대표 키워드 일치) 없이 카테고리 일치 또는 소수 keyword/tag overlap만으로 연결됨(점수 1)
2026-07-30-food-10,"퇴근 후 요리 스트레스 줄여줄 1인 가구 필수템, 식재료 소분과 냉동 보관 완벽 가이드",2026-07-29-food-9,퇴근 후 지쳐도 괜찮아: 1인 가구 직장인이 냉장고 털어 일주일 식단을 미리 짜는 현실적인 방법,1,next,강한 신호(같은 클러스터/대표 키워드 일치) 없이 카테고리 일치 또는 소수 keyword/tag overlap만으로 연결됨(점수 1)
2026-07-30-food-10,"퇴근 후 요리 스트레스 줄여줄 1인 가구 필수템, 식재료 소분과 냉동 보관 완벽 가이드",2026-07-30-food-11,"퇴근 후 지친 당신, 냉장고 식재료 썩히지 않고 알뜰하게 다 먹는 보관 기간 가이드",1,next,강한 신호(같은 클러스터/대표 키워드 일치) 없이 카테고리 일치 또는 소수 keyword/tag overlap만으로 연결됨(점수 1)
2026-07-30-housing-44,"혼자 사는 직장인, 내 전월세 보증금 지키는 법: 이사 후 전입신고·확정일자 한 번에 끝내기",2026-07-30-housing-42,"내 첫 원룸 계약, 퇴근 후 15분으로 손해 없이 똑똑하게 확인하는 법",1,next,강한 신호(같은 클러스터/대표 키워드 일치) 없이 카테고리 일치 또는 소수 keyword/tag overlap만으로 연결됨(점수 1)
2026-07-30-housing-44,"혼자 사는 직장인, 내 전월세 보증금 지키는 법: 이사 후 전입신고·확정일자 한 번에 끝내기",2026-07-30-housing-43,"첫 관리비 고지서, 뭉뚱그려진 금액에 헷갈리는 1인 가구? 내 돈 지키는 항목별 확인법",1,next,강한 신호(같은 클러스터/대표 키워드 일치) 없이 카테고리 일치 또는 소수 keyword/tag overlap만으로 연결됨(점수 1)
2026-07-30-lifestyle-63,"혼자 사는 직장인, 안부 연락 부담 줄이고 부모님 걱정 덜어드리는 스마트 안부 시스템 만들기",2026-07-30-lifestyle-60,주말 무기력 해결 방법｜주말 계획,1,next,강한 신호(같은 클러스터/대표 키워드 일치) 없이 카테고리 일치 또는 소수 keyword/tag overlap만으로 연결됨(점수 1)
2026-07-30-lifestyle-63,"혼자 사는 직장인, 안부 연락 부담 줄이고 부모님 걱정 덜어드리는 스마트 안부 시스템 만들기",2026-07-30-lifestyle-62,"퇴근 후 혼밥이 귀찮은 1인 가구, 매일 끼니 거르지 않고 건강 챙기는 현실적인 식사 루틴",1,next,강한 신호(같은 클러스터/대표 키워드 일치) 없이 카테고리 일치 또는 소수 keyword/tag overlap만으로 연결됨(점수 1)
2026-07-30-storage-17,"직장인 원룸러, 좁은 집도 넓게 쓰는 '침실-거실' 공간분리 현실 가이드",2026-07-30-storage-18,"퇴근 후 좁은 원룸, 넘쳐나는 계절옷을 깔끔하게 정리하고 보관하는 현실적인 팁",1,next,강한 신호(같은 클러스터/대표 키워드 일치) 없이 카테고리 일치 또는 소수 keyword/tag overlap만으로 연결됨(점수 1)
2026-07-30-storage-17,"직장인 원룸러, 좁은 집도 넓게 쓰는 '침실-거실' 공간분리 현실 가이드",2026-07-30-storage-19,"1인 가구 직장인, 침대 밑 빈 공간에 짐 넣기 전 반드시 확인해야 할 3가지",1,next,강한 신호(같은 클러스터/대표 키워드 일치) 없이 카테고리 일치 또는 소수 keyword/tag overlap만으로 연결됨(점수 1)
2026-07-30-storage-21,"현관 열자마자 꿉꿉한 냄새? 1인 가구 신발장 냄새, 근본부터 해결하는 현실 관리법",2026-07-30-storage-17,"직장인 원룸러, 좁은 집도 넓게 쓰는 '침실-거실' 공간분리 현실 가이드",1,next,강한 신호(같은 클러스터/대표 키워드 일치) 없이 카테고리 일치 또는 소수 keyword/tag overlap만으로 연결됨(점수 1)
2026-07-30-storage-24,"자꾸 쌓이는 물건에 한숨 쉬는 1인 가구라면: '수납 용품, 이거 사야 할까?' 판단하는 3가지 기준",2026-07-30-storage-17,"직장인 원룸러, 좁은 집도 넓게 쓰는 '침실-거실' 공간분리 현실 가이드",1,next,강한 신호(같은 클러스터/대표 키워드 일치) 없이 카테고리 일치 또는 소수 keyword/tag overlap만으로 연결됨(점수 1)
2026-07-31-cleaning-68,"퇴근 후 발견한 화장실 날벌레, 하룻밤 만에 뿌리 뽑는 현실적인 초고속 퇴치법",2026-07-30-cleaning-25,"퇴근 후 지친 1인 가구, 10분씩 쪼개서 끝내는 주간 청소 루틴",1,next,강한 신호(같은 클러스터/대표 키워드 일치) 없이 카테고리 일치 또는 소수 keyword/tag overlap만으로 연결됨(점수 1)
2026-07-31-cleaning-68,"퇴근 후 발견한 화장실 날벌레, 하룻밤 만에 뿌리 뽑는 현실적인 초고속 퇴치법",2026-07-30-cleaning-28,"퇴근 후 급하게 돌린 빨래, 쉰 냄새 고민 끝! 1인 가구를 위한 초간단 세탁 관리법",1,next,강한 신호(같은 클러스터/대표 키워드 일치) 없이 카테고리 일치 또는 소수 keyword/tag overlap만으로 연결됨(점수 1)
2026-07-31-cleaning-74,"퇴근 후 빨래에서 쉰 냄새가 난다고? 세탁기 속 퀴퀴한 곰팡이 냄새, 이렇게 없애세요!",2026-07-30-cleaning-25,"퇴근 후 지친 1인 가구, 10분씩 쪼개서 끝내는 주간 청소 루틴",1,next,강한 신호(같은 클러스터/대표 키워드 일치) 없이 카테고리 일치 또는 소수 keyword/tag overlap만으로 연결됨(점수 1)
2026-07-31-cleaning-74,"퇴근 후 빨래에서 쉰 냄새가 난다고? 세탁기 속 퀴퀴한 곰팡이 냄새, 이렇게 없애세요!",2026-07-30-cleaning-26,"퇴근 후 마주한 눅눅한 욕실, 1인 가구 화장실 곰팡이, 딱 30분이면 끝내는 완벽 제거 가이드",1,next,강한 신호(같은 클러스터/대표 키워드 일치) 없이 카테고리 일치 또는 소수 keyword/tag overlap만으로 연결됨(점수 1)
2026-08-01-cleaning-auto-b67a07,1인 가구 세탁 비교｜대형 이불 세탁,2026-07-30-cleaning-25,"퇴근 후 지친 1인 가구, 10분씩 쪼개서 끝내는 주간 청소 루틴",1,next,강한 신호(같은 클러스터/대표 키워드 일치) 없이 카테고리 일치 또는 소수 keyword/tag overlap만으로 연결됨(점수 1)
2026-08-01-cost-auto-0d71f8,"혼자 사는 직장인, 배달 앱 유료 멤버십, 나에게 진짜 이득일까? 손익분기점 계산해 후회 없이 결정하는 법",2026-07-30-cost-2,"혼자 사는 직장인, 예상치 못한 공과금 폭탄 피하는 전기·가스·수도 요금 절약 실전 가이드",1,next,강한 신호(같은 클러스터/대표 키워드 일치) 없이 카테고리 일치 또는 소수 keyword/tag overlap만으로 연결됨(점수 1)
2026-08-01-cost-auto-0d71f8,"혼자 사는 직장인, 배달 앱 유료 멤버십, 나에게 진짜 이득일까? 손익분기점 계산해 후회 없이 결정하는 법",2026-07-30-cost-3,"혼자 사는 직장인, 통신비 월 2만원 아끼는 알뜰폰+인터넷 vs 3사 결합, 현명한 선택 가이드",1,next,강한 신호(같은 클러스터/대표 키워드 일치) 없이 카테고리 일치 또는 소수 keyword/tag overlap만으로 연결됨(점수 1)
2026-08-01-cost-auto-44803f,"혼자 사는 직장인, 매년 놓치는 연말정산 환급금! 내 돈 최대로 돌려받는 실전 가이드",2026-07-30-cost-2,"혼자 사는 직장인, 예상치 못한 공과금 폭탄 피하는 전기·가스·수도 요금 절약 실전 가이드",1,next,강한 신호(같은 클러스터/대표 키워드 일치) 없이 카테고리 일치 또는 소수 keyword/tag overlap만으로 연결됨(점수 1)
2026-08-01-cost-auto-44803f,"혼자 사는 직장인, 매년 놓치는 연말정산 환급금! 내 돈 최대로 돌려받는 실전 가이드",2026-07-30-cost-3,"혼자 사는 직장인, 통신비 월 2만원 아끼는 알뜰폰+인터넷 vs 3사 결합, 현명한 선택 가이드",1,next,강한 신호(같은 클러스터/대표 키워드 일치) 없이 카테고리 일치 또는 소수 keyword/tag overlap만으로 연결됨(점수 1)
2026-08-01-cost-auto-8e14b1,"혼자 사는 직장인, 대용량 생필품/식료품, 사야 할까? 말아야 할까? 내게 맞는 구매 기준 3단계",2026-07-30-cost-2,"혼자 사는 직장인, 예상치 못한 공과금 폭탄 피하는 전기·가스·수도 요금 절약 실전 가이드",1,next,강한 신호(같은 클러스터/대표 키워드 일치) 없이 카테고리 일치 또는 소수 keyword/tag overlap만으로 연결됨(점수 1)
2026-08-01-housing-auto-1c1518,"혼자 사는 직장인, 이사 갈 때 대형 폐기물 처리? 시간과 돈 아끼는 3가지 선택 비교",2026-07-30-housing-42,"내 첫 원룸 계약, 퇴근 후 15분으로 손해 없이 똑똑하게 확인하는 법",1,next,강한 신호(같은 클러스터/대표 키워드 일치) 없이 카테고리 일치 또는 소수 keyword/tag overlap만으로 연결됨(점수 1)
2026-08-01-housing-auto-abec0f,"내 첫 전월세 계약 만료, 집주인 무리한 요구에 당황? 계약갱신청구권으로 당당하게 대처하는 법",2026-07-30-housing-42,"내 첫 원룸 계약, 퇴근 후 15분으로 손해 없이 똑똑하게 확인하는 법",1,next,강한 신호(같은 클러스터/대표 키워드 일치) 없이 카테고리 일치 또는 소수 keyword/tag overlap만으로 연결됨(점수 1)
2026-08-01-housing-auto-abec0f,"내 첫 전월세 계약 만료, 집주인 무리한 요구에 당황? 계약갱신청구권으로 당당하게 대처하는 법",2026-07-30-housing-43,"첫 관리비 고지서, 뭉뚱그려진 금액에 헷갈리는 1인 가구? 내 돈 지키는 항목별 확인법",1,next,강한 신호(같은 클러스터/대표 키워드 일치) 없이 카테고리 일치 또는 소수 keyword/tag overlap만으로 연결됨(점수 1)
2026-08-01-housing-auto-ace922,"혼자 사는 직장인, 살던 집 주인이 바뀌었다고 연락 왔을 때? 내 보증금 지키고 계약 유지하는 똑똑한 대처법",2026-07-30-housing-42,"내 첫 원룸 계약, 퇴근 후 15분으로 손해 없이 똑똑하게 확인하는 법",1,next,강한 신호(같은 클러스터/대표 키워드 일치) 없이 카테고리 일치 또는 소수 keyword/tag overlap만으로 연결됨(점수 1)
2026-08-01-housing-auto-ace922,"혼자 사는 직장인, 살던 집 주인이 바뀌었다고 연락 왔을 때? 내 보증금 지키고 계약 유지하는 똑똑한 대처법",2026-07-30-housing-43,"첫 관리비 고지서, 뭉뚱그려진 금액에 헷갈리는 1인 가구? 내 돈 지키는 항목별 확인법",1,next,강한 신호(같은 클러스터/대표 키워드 일치) 없이 카테고리 일치 또는 소수 keyword/tag overlap만으로 연결됨(점수 1)
2026-08-01-housing-auto-ecfb76,"혼자 사는 직장인, 갑자기 이사 가야 할 때? 전월세 계약 중도 해지, 손해 최소화하는 현명한 대처법",2026-07-30-housing-42,"내 첫 원룸 계약, 퇴근 후 15분으로 손해 없이 똑똑하게 확인하는 법",1,next,강한 신호(같은 클러스터/대표 키워드 일치) 없이 카테고리 일치 또는 소수 keyword/tag overlap만으로 연결됨(점수 1)
2026-08-01-housing-auto-ecfb76,"혼자 사는 직장인, 갑자기 이사 가야 할 때? 전월세 계약 중도 해지, 손해 최소화하는 현명한 대처법",2026-07-30-housing-43,"첫 관리비 고지서, 뭉뚱그려진 금액에 헷갈리는 1인 가구? 내 돈 지키는 항목별 확인법",1,next,강한 신호(같은 클러스터/대표 키워드 일치) 없이 카테고리 일치 또는 소수 keyword/tag overlap만으로 연결됨(점수 1)
2026-08-01-lifestyle-auto-19ac88,"혼자 사는 직장인, 주말만 되면 흐트러지는 생활 리듬, 무너지지 않고 재정비하는 현실 가이드",2026-07-30-lifestyle-61,"혼자 사는 직장인, 퇴근 후 찾아오는 쓸쓸함을 현명하게 다루는 3단계 루틴",1,next,강한 신호(같은 클러스터/대표 키워드 일치) 없이 카테고리 일치 또는 소수 keyword/tag overlap만으로 연결됨(점수 1)
2026-08-01-lifestyle-auto-37c919,"1인 가구 직장인, 북적이던 집이 조용해질 때 찾아오는 허전함, 능숙하게 다루는 회복 루틴",2026-07-30-lifestyle-59,"1인 가구 직장인, 퇴근 후나 주말에 혼자 있을 때 자꾸 무기력해진다면? 당신의 생활 리듬을 되찾는 현실적인 방법",1,next,강한 신호(같은 클러스터/대표 키워드 일치) 없이 카테고리 일치 또는 소수 keyword/tag overlap만으로 연결됨(점수 1)
2026-08-01-lifestyle-auto-976633,"1인 가구 직장인, '혼자라서 시간 많지?' 오해에 지쳤다면? 퇴근 후 내 시간 지키는 현명한 거절법",2026-07-30-lifestyle-59,"1인 가구 직장인, 퇴근 후나 주말에 혼자 있을 때 자꾸 무기력해진다면? 당신의 생활 리듬을 되찾는 현실적인 방법",1,next,강한 신호(같은 클러스터/대표 키워드 일치) 없이 카테고리 일치 또는 소수 keyword/tag overlap만으로 연결됨(점수 1)
2026-08-01-lifestyle-auto-a6f950,"혼자 사는 직장인, 경조사 챙기기가 막막하다면? 시간과 에너지를 아끼는 스마트 가이드",2026-07-30-lifestyle-59,"1인 가구 직장인, 퇴근 후나 주말에 혼자 있을 때 자꾸 무기력해진다면? 당신의 생활 리듬을 되찾는 현실적인 방법",1,next,강한 신호(같은 클러스터/대표 키워드 일치) 없이 카테고리 일치 또는 소수 keyword/tag overlap만으로 연결됨(점수 1)
2026-08-01-lifestyle-auto-a6f950,"혼자 사는 직장인, 경조사 챙기기가 막막하다면? 시간과 에너지를 아끼는 스마트 가이드",2026-07-30-lifestyle-60,주말 무기력 해결 방법｜주말 계획,1,next,강한 신호(같은 클러스터/대표 키워드 일치) 없이 카테고리 일치 또는 소수 keyword/tag overlap만으로 연결됨(점수 1)
2026-08-01-lifestyle-auto-ac59b7,혼자 사는 직장인 관계 알아보기｜친구 약속 피로,2026-07-30-lifestyle-60,주말 무기력 해결 방법｜주말 계획,1,next,강한 신호(같은 클러스터/대표 키워드 일치) 없이 카테고리 일치 또는 소수 keyword/tag overlap만으로 연결됨(점수 1)
2026-08-01-lifestyle-auto-ac59b7,혼자 사는 직장인 관계 알아보기｜친구 약속 피로,2026-07-30-lifestyle-62,"퇴근 후 혼밥이 귀찮은 1인 가구, 매일 끼니 거르지 않고 건강 챙기는 현실적인 식사 루틴",1,next,강한 신호(같은 클러스터/대표 키워드 일치) 없이 카테고리 일치 또는 소수 keyword/tag overlap만으로 연결됨(점수 1)
2026-08-01-safety-auto-0466e2,"혼자 사는 당신, 집에서 갑자기 쓰러지거나 움직일 수 없을 때? 스마트 응급 호출 시스템, 나에게 정말 필요할까?",2026-07-30-safety-35,"혼자 사는 당신, 늦은 밤 퇴근 후 불안한 현관 보안 이대로 강화하세요",1,next,강한 신호(같은 클러스터/대표 키워드 일치) 없이 카테고리 일치 또는 소수 keyword/tag overlap만으로 연결됨(점수 1)
2026-08-01-safety-auto-0e6262,일산화탄소 중독 해결 방법｜보일러 이상,2026-07-30-safety-35,"혼자 사는 당신, 늦은 밤 퇴근 후 불안한 현관 보안 이대로 강화하세요",1,next,강한 신호(같은 클러스터/대표 키워드 일치) 없이 카테고리 일치 또는 소수 keyword/tag overlap만으로 연결됨(점수 1)
2026-08-01-storage-auto-316ab0,"좁은 원룸, 물건은 많은데 더 답답해 보이긴 싫다면? 오픈형 vs 문 있는 수납장, 현명하게 고르는 기준",2026-07-30-storage-17,"직장인 원룸러, 좁은 집도 넓게 쓰는 '침실-거실' 공간분리 현실 가이드",1,next,강한 신호(같은 클러스터/대표 키워드 일치) 없이 카테고리 일치 또는 소수 keyword/tag overlap만으로 연결됨(점수 1)
2026-08-01-storage-auto-39ae63,"좁은 원룸 1인 가구, 커다란 청소 도구와 공구, 어디에 두어야 할지 막막하다면? 깔끔하게 숨기고 효율적으로 쓰는 현실 수납법",2026-07-30-storage-17,"직장인 원룸러, 좁은 집도 넓게 쓰는 '침실-거실' 공간분리 현실 가이드",1,next,강한 신호(같은 클러스터/대표 키워드 일치) 없이 카테고리 일치 또는 소수 keyword/tag overlap만으로 연결됨(점수 1)
2026-08-01-storage-auto-499287,"베란다 없는 원룸러, 방 한가운데 빨래 건조대? 최소 공간으로 '빨래 지옥' 끝내는 법",2026-07-30-storage-17,"직장인 원룸러, 좁은 집도 넓게 쓰는 '침실-거실' 공간분리 현실 가이드",1,next,강한 신호(같은 클러스터/대표 키워드 일치) 없이 카테고리 일치 또는 소수 keyword/tag overlap만으로 연결됨(점수 1)
2026-08-01-storage-auto-4eec70,1인 가구 욕실 정리 비교｜원룸 욕실 수납,2026-07-30-storage-17,"직장인 원룸러, 좁은 집도 넓게 쓰는 '침실-거실' 공간분리 현실 가이드",1,next,강한 신호(같은 클러스터/대표 키워드 일치) 없이 카테고리 일치 또는 소수 keyword/tag overlap만으로 연결됨(점수 1)
2026-08-01-storage-auto-4eec70,1인 가구 욕실 정리 비교｜원룸 욕실 수납,2026-07-30-storage-20,"바쁜 1인 가구 직장인, 퇴근 후에도 어지러운 주방? 딱 3단계로 끝내는 현실적인 정리법",1,next,강한 신호(같은 클러스터/대표 키워드 일치) 없이 카테고리 일치 또는 소수 keyword/tag overlap만으로 연결됨(점수 1)
2026-08-01-storage-auto-f1fb81,"1인 가구 직장인, 큰 물건 둘 곳 없어 발에 걸린다면? '자주 쓰는 부피 큰 짐' 숨기는 현실 수납법",2026-07-30-storage-17,"직장인 원룸러, 좁은 집도 넓게 쓰는 '침실-거실' 공간분리 현실 가이드",1,next,강한 신호(같은 클러스터/대표 키워드 일치) 없이 카테고리 일치 또는 소수 keyword/tag overlap만으로 연결됨(점수 1)
2026-08-01-storage-auto-f1fb81,"1인 가구 직장인, 큰 물건 둘 곳 없어 발에 걸린다면? '자주 쓰는 부피 큰 짐' 숨기는 현실 수납법",2026-07-30-storage-20,"바쁜 1인 가구 직장인, 퇴근 후에도 어지러운 주방? 딱 3단계로 끝내는 현실적인 정리법",1,next,강한 신호(같은 클러스터/대표 키워드 일치) 없이 카테고리 일치 또는 소수 keyword/tag overlap만으로 연결됨(점수 1)
2026-08-03-cost-auto-4d199c,교통비 비교｜대중교통,2026-07-30-cost-2,"혼자 사는 직장인, 예상치 못한 공과금 폭탄 피하는 전기·가스·수도 요금 절약 실전 가이드",1,next,강한 신호(같은 클러스터/대표 키워드 일치) 없이 카테고리 일치 또는 소수 keyword/tag overlap만으로 연결됨(점수 1)
2026-08-03-cost-auto-4d199c,교통비 비교｜대중교통,2026-07-30-cost-3,"혼자 사는 직장인, 통신비 월 2만원 아끼는 알뜰폰+인터넷 vs 3사 결합, 현명한 선택 가이드",1,next,강한 신호(같은 클러스터/대표 키워드 일치) 없이 카테고리 일치 또는 소수 keyword/tag overlap만으로 연결됨(점수 1)
2026-08-03-food-auto-f85a75,"1인 가구, '이거 왜 샀지?' 냉장고 속 낯선 식재료, 버릴까 말까? 알뜰하게 다 쓰는 활용법",2026-07-29-food-9,퇴근 후 지쳐도 괜찮아: 1인 가구 직장인이 냉장고 털어 일주일 식단을 미리 짜는 현실적인 방법,1,next,강한 신호(같은 클러스터/대표 키워드 일치) 없이 카테고리 일치 또는 소수 keyword/tag overlap만으로 연결됨(점수 1)
2026-08-03-food-auto-f85a75,"1인 가구, '이거 왜 샀지?' 냉장고 속 낯선 식재료, 버릴까 말까? 알뜰하게 다 쓰는 활용법",2026-07-30-food-10,"퇴근 후 요리 스트레스 줄여줄 1인 가구 필수템, 식재료 소분과 냉동 보관 완벽 가이드",1,next,강한 신호(같은 클러스터/대표 키워드 일치) 없이 카테고리 일치 또는 소수 keyword/tag overlap만으로 연결됨(점수 1)
2026-08-03-housing-auto-5b4f05,"혼자 사는 직장인, 이사 당일 보증금 못 받을 위기? 당황 말고 내 돈 지키는 3단계 대처법",2026-07-30-housing-42,"내 첫 원룸 계약, 퇴근 후 15분으로 손해 없이 똑똑하게 확인하는 법",1,next,강한 신호(같은 클러스터/대표 키워드 일치) 없이 카테고리 일치 또는 소수 keyword/tag overlap만으로 연결됨(점수 1)
2026-08-03-housing-auto-e4e5c4,"혼자 사는 직장인, 이사 전 빈집 점검 소홀하면 보증금 날릴 수도! 꼼꼼하게 현장 확인하는 순서",2026-07-30-housing-42,"내 첫 원룸 계약, 퇴근 후 15분으로 손해 없이 똑똑하게 확인하는 법",1,next,강한 신호(같은 클러스터/대표 키워드 일치) 없이 카테고리 일치 또는 소수 keyword/tag overlap만으로 연결됨(점수 1)
2026-08-03-housing-auto-e4e5c4,"혼자 사는 직장인, 이사 전 빈집 점검 소홀하면 보증금 날릴 수도! 꼼꼼하게 현장 확인하는 순서",2026-07-30-housing-43,"첫 관리비 고지서, 뭉뚱그려진 금액에 헷갈리는 1인 가구? 내 돈 지키는 항목별 확인법",1,next,강한 신호(같은 클러스터/대표 키워드 일치) 없이 카테고리 일치 또는 소수 keyword/tag overlap만으로 연결됨(점수 1)
2026-08-03-housing-auto-f53851,"혼자 사는 직장인, 빈집 vs 풀옵션 원룸/오피스텔, 뭘 골라야 현명할까? 시간과 돈 아끼는 최적의 선택 가이드",2026-07-30-housing-42,"내 첫 원룸 계약, 퇴근 후 15분으로 손해 없이 똑똑하게 확인하는 법",1,next,강한 신호(같은 클러스터/대표 키워드 일치) 없이 카테고리 일치 또는 소수 keyword/tag overlap만으로 연결됨(점수 1)
2026-08-03-lifestyle-auto-7c20c0,"혼자 사는 직장인, 한동안 쉬었던 모임 다시 시작하려니 어색하고 부담스럽다면? 관계 회복을 위한 현실적인 첫걸음",2026-07-30-lifestyle-59,"1인 가구 직장인, 퇴근 후나 주말에 혼자 있을 때 자꾸 무기력해진다면? 당신의 생활 리듬을 되찾는 현실적인 방법",1,next,강한 신호(같은 클러스터/대표 키워드 일치) 없이 카테고리 일치 또는 소수 keyword/tag overlap만으로 연결됨(점수 1)
2026-08-03-lifestyle-auto-7c20c0,"혼자 사는 직장인, 한동안 쉬었던 모임 다시 시작하려니 어색하고 부담스럽다면? 관계 회복을 위한 현실적인 첫걸음",2026-07-30-lifestyle-60,주말 무기력 해결 방법｜주말 계획,1,next,강한 신호(같은 클러스터/대표 키워드 일치) 없이 카테고리 일치 또는 소수 keyword/tag overlap만으로 연결됨(점수 1)
2026-08-03-lifestyle-auto-dfa23e,"혼자 사는 직장인, 명절·연말연시 찾아오는 외로움, 나만의 방식으로 즐겁게 대비하는 법",2026-07-30-lifestyle-60,주말 무기력 해결 방법｜주말 계획,1,next,강한 신호(같은 클러스터/대표 키워드 일치) 없이 카테고리 일치 또는 소수 keyword/tag overlap만으로 연결됨(점수 1)
2026-08-03-lifestyle-auto-dfa23e,"혼자 사는 직장인, 명절·연말연시 찾아오는 외로움, 나만의 방식으로 즐겁게 대비하는 법",2026-07-30-lifestyle-62,"퇴근 후 혼밥이 귀찮은 1인 가구, 매일 끼니 거르지 않고 건강 챙기는 현실적인 식사 루틴",1,next,강한 신호(같은 클러스터/대표 키워드 일치) 없이 카테고리 일치 또는 소수 keyword/tag overlap만으로 연결됨(점수 1)
2026-08-03-safety-auto-75476d,1인 가구 지진 방법｜지진 대피 요령,2026-07-30-safety-35,"혼자 사는 당신, 늦은 밤 퇴근 후 불안한 현관 보안 이대로 강화하세요",1,next,강한 신호(같은 클러스터/대표 키워드 일치) 없이 카테고리 일치 또는 소수 keyword/tag overlap만으로 연결됨(점수 1)
2026-08-03-storage-auto-45d4eb,1인 가구 수납 비교｜좁은 집 이불,2026-07-30-storage-17,"직장인 원룸러, 좁은 집도 넓게 쓰는 '침실-거실' 공간분리 현실 가이드",1,next,강한 신호(같은 클러스터/대표 키워드 일치) 없이 카테고리 일치 또는 소수 keyword/tag overlap만으로 연결됨(점수 1)
2026-08-03-storage-auto-45d4eb,1인 가구 수납 비교｜좁은 집 이불,2026-07-30-storage-20,"바쁜 1인 가구 직장인, 퇴근 후에도 어지러운 주방? 딱 3단계로 끝내는 현실적인 정리법",1,next,강한 신호(같은 클러스터/대표 키워드 일치) 없이 카테고리 일치 또는 소수 keyword/tag overlap만으로 연결됨(점수 1)
2026-08-03-storage-auto-747118,"1인 가구 직장인, 좁은 주방 '가끔 쓰는 소형 가전' 공간만 차지한다면? '이것'부터 확인하고 똑똑하게 수납하는 법",2026-07-30-storage-17,"직장인 원룸러, 좁은 집도 넓게 쓰는 '침실-거실' 공간분리 현실 가이드",1,next,강한 신호(같은 클러스터/대표 키워드 일치) 없이 카테고리 일치 또는 소수 keyword/tag overlap만으로 연결됨(점수 1)
2026-08-03-storage-auto-747118,"1인 가구 직장인, 좁은 주방 '가끔 쓰는 소형 가전' 공간만 차지한다면? '이것'부터 확인하고 똑똑하게 수납하는 법",2026-07-30-storage-18,"퇴근 후 좁은 원룸, 넘쳐나는 계절옷을 깔끔하게 정리하고 보관하는 현실적인 팁",1,next,강한 신호(같은 클러스터/대표 키워드 일치) 없이 카테고리 일치 또는 소수 keyword/tag overlap만으로 연결됨(점수 1)
2026-08-04-cleaning-auto-99cb94,"혼자 사는 당신, 퇴근 후 끈적이는 바닥? 손 걸레질 vs 스팀 청소기, 후회 없는 선택 기준",2026-07-30-cleaning-25,"퇴근 후 지친 1인 가구, 10분씩 쪼개서 끝내는 주간 청소 루틴",1,next,강한 신호(같은 클러스터/대표 키워드 일치) 없이 카테고리 일치 또는 소수 keyword/tag overlap만으로 연결됨(점수 1)
2026-08-04-cleaning-auto-99cb94,"혼자 사는 당신, 퇴근 후 끈적이는 바닥? 손 걸레질 vs 스팀 청소기, 후회 없는 선택 기준",2026-07-30-cleaning-26,"퇴근 후 마주한 눅눅한 욕실, 1인 가구 화장실 곰팡이, 딱 30분이면 끝내는 완벽 제거 가이드",1,next,강한 신호(같은 클러스터/대표 키워드 일치) 없이 카테고리 일치 또는 소수 keyword/tag overlap만으로 연결됨(점수 1)
2026-08-04-lifestyle-auto-8920c5,"혼자 사는 직장인, 친구나 가족을 집으로 초대하고 싶은데 막상 망설여진다면? 부담 없이 즐기는 '우리 집' 초대의 기술",2026-07-30-lifestyle-59,"1인 가구 직장인, 퇴근 후나 주말에 혼자 있을 때 자꾸 무기력해진다면? 당신의 생활 리듬을 되찾는 현실적인 방법",1,next,강한 신호(같은 클러스터/대표 키워드 일치) 없이 카테고리 일치 또는 소수 keyword/tag overlap만으로 연결됨(점수 1)
2026-08-04-lifestyle-auto-dabdf3,"혼자 사는 직장인, 친구나 가족이 잠깐 머물겠다고 할 때, 내 공간 지키며 관계도 유지하는 현명한 대처법",2026-07-30-lifestyle-59,"1인 가구 직장인, 퇴근 후나 주말에 혼자 있을 때 자꾸 무기력해진다면? 당신의 생활 리듬을 되찾는 현실적인 방법",1,next,강한 신호(같은 클러스터/대표 키워드 일치) 없이 카테고리 일치 또는 소수 keyword/tag overlap만으로 연결됨(점수 1)
2026-08-04-lifestyle-auto-dabdf3,"혼자 사는 직장인, 친구나 가족이 잠깐 머물겠다고 할 때, 내 공간 지키며 관계도 유지하는 현명한 대처법",2026-07-30-lifestyle-61,"혼자 사는 직장인, 퇴근 후 찾아오는 쓸쓸함을 현명하게 다루는 3단계 루틴",1,next,강한 신호(같은 클러스터/대표 키워드 일치) 없이 카테고리 일치 또는 소수 keyword/tag overlap만으로 연결됨(점수 1)
2026-08-04-lifestyle-auto-fd9e87,"혼자 사는 직장인, 친구와의 약속, 늘 밖에서만? 집에서 초대 vs. 밖에서 만남, 나에게 맞는 관계 최적화",2026-07-30-lifestyle-59,"1인 가구 직장인, 퇴근 후나 주말에 혼자 있을 때 자꾸 무기력해진다면? 당신의 생활 리듬을 되찾는 현실적인 방법",1,next,강한 신호(같은 클러스터/대표 키워드 일치) 없이 카테고리 일치 또는 소수 keyword/tag overlap만으로 연결됨(점수 1)
2026-08-04-safety-auto-61ce38,"혼자 사는 당신, 요리하다 칼에 깊게 베였을 때: 당황하지 않고 지혈과 응급처치하는 현실적인 방법",2026-07-30-safety-35,"혼자 사는 당신, 늦은 밤 퇴근 후 불안한 현관 보안 이대로 강화하세요",1,next,강한 신호(같은 클러스터/대표 키워드 일치) 없이 카테고리 일치 또는 소수 keyword/tag overlap만으로 연결됨(점수 1)
2026-08-04-safety-auto-ceca45,창문 깨짐 방법｜유리 파편,2026-07-30-safety-35,"혼자 사는 당신, 늦은 밤 퇴근 후 불안한 현관 보안 이대로 강화하세요",1,next,강한 신호(같은 클러스터/대표 키워드 일치) 없이 카테고리 일치 또는 소수 keyword/tag overlap만으로 연결됨(점수 1)
2026-08-04-storage-auto-225475,1인 가구 테이블 비교｜다용도 테이블,2026-07-30-storage-17,"직장인 원룸러, 좁은 집도 넓게 쓰는 '침실-거실' 공간분리 현실 가이드",1,next,강한 신호(같은 클러스터/대표 키워드 일치) 없이 카테고리 일치 또는 소수 keyword/tag overlap만으로 연결됨(점수 1)
2026-08-04-storage-auto-225475,1인 가구 테이블 비교｜다용도 테이블,2026-07-30-storage-20,"바쁜 1인 가구 직장인, 퇴근 후에도 어지러운 주방? 딱 3단계로 끝내는 현실적인 정리법",1,next,강한 신호(같은 클러스터/대표 키워드 일치) 없이 카테고리 일치 또는 소수 keyword/tag overlap만으로 연결됨(점수 1)
2026-08-05-cleaning-auto-b9c84f,"혼자 사는 당신, 답답한 원룸 창문 밖 뿌연 먼지와 물때? 딱 30분, 안전하게 시야 트는 초간단 청소법",2026-07-30-cleaning-26,"퇴근 후 마주한 눅눅한 욕실, 1인 가구 화장실 곰팡이, 딱 30분이면 끝내는 완벽 제거 가이드",1,next,강한 신호(같은 클러스터/대표 키워드 일치) 없이 카테고리 일치 또는 소수 keyword/tag overlap만으로 연결됨(점수 1)
2026-08-05-cleaning-auto-b9c84f,"혼자 사는 당신, 답답한 원룸 창문 밖 뿌연 먼지와 물때? 딱 30분, 안전하게 시야 트는 초간단 청소법",2026-07-30-cleaning-27,"혼자 사는 당신, 샤워실 배수구 냄새? 퇴근 후 15분 만에 잡는 법",1,next,강한 신호(같은 클러스터/대표 키워드 일치) 없이 카테고리 일치 또는 소수 keyword/tag overlap만으로 연결됨(점수 1)
2026-08-05-housing-auto-7ef549,"혼자 사는 직장인, 새집 인터넷·TV 가입! 통신 3사 vs 알뜰 결합 vs 지역 케이블, 내 돈 아끼는 현명한 선택 가이드",2026-07-30-housing-42,"내 첫 원룸 계약, 퇴근 후 15분으로 손해 없이 똑똑하게 확인하는 법",1,next,강한 신호(같은 클러스터/대표 키워드 일치) 없이 카테고리 일치 또는 소수 keyword/tag overlap만으로 연결됨(점수 1)
2026-08-05-housing-auto-7ef549,"혼자 사는 직장인, 새집 인터넷·TV 가입! 통신 3사 vs 알뜰 결합 vs 지역 케이블, 내 돈 아끼는 현명한 선택 가이드",2026-07-30-housing-43,"첫 관리비 고지서, 뭉뚱그려진 금액에 헷갈리는 1인 가구? 내 돈 지키는 항목별 확인법",1,next,강한 신호(같은 클러스터/대표 키워드 일치) 없이 카테고리 일치 또는 소수 keyword/tag overlap만으로 연결됨(점수 1)
2026-08-05-lifestyle-auto-420299,재택근무 루틴 알아보기｜재택근무 생활 리듬,2026-07-30-lifestyle-60,주말 무기력 해결 방법｜주말 계획,1,next,강한 신호(같은 클러스터/대표 키워드 일치) 없이 카테고리 일치 또는 소수 keyword/tag overlap만으로 연결됨(점수 1)
2026-08-05-safety-auto-d98bca,"혼자 사는 당신, 늦은 밤 갑자기 두꺼비집이 내려가거나 콘센트에서 스파크가 튈 때: 당황하지 않고 안전하게 확인하고 대처하는 법",2026-07-30-safety-33,"혼자 사는 당신, 갑자기 아플 때 후회하지 않을 '생활 비상 키트' 미리 준비하기",1,next,강한 신호(같은 클러스터/대표 키워드 일치) 없이 카테고리 일치 또는 소수 keyword/tag overlap만으로 연결됨(점수 1)
2026-08-05-storage-auto-c8c36f,1인 가구 벽 수납 알아보기｜원룸 못 박기,2026-07-30-storage-17,"직장인 원룸러, 좁은 집도 넓게 쓰는 '침실-거실' 공간분리 현실 가이드",1,next,강한 신호(같은 클러스터/대표 키워드 일치) 없이 카테고리 일치 또는 소수 keyword/tag overlap만으로 연결됨(점수 1)
2026-08-05-storage-auto-c8c36f,1인 가구 벽 수납 알아보기｜원룸 못 박기,2026-07-30-storage-20,"바쁜 1인 가구 직장인, 퇴근 후에도 어지러운 주방? 딱 3단계로 끝내는 현실적인 정리법",1,next,강한 신호(같은 클러스터/대표 키워드 일치) 없이 카테고리 일치 또는 소수 keyword/tag overlap만으로 연결됨(점수 1)
2026-08-05-storage-auto-d93cd5,"1인 가구 직장인, 좁은 원룸 벽면을 효율적으로 쓰고 싶다면? 페그보드 vs. 벽 선반, 내게 맞는 선택 기준 비교",2026-07-30-storage-17,"직장인 원룸러, 좁은 집도 넓게 쓰는 '침실-거실' 공간분리 현실 가이드",1,next,강한 신호(같은 클러스터/대표 키워드 일치) 없이 카테고리 일치 또는 소수 keyword/tag overlap만으로 연결됨(점수 1)
2026-08-06-cleaning-auto-ba24cc,"혼자 사는 당신, 설거지 후 주방 싱크대 물이 안 내려가? 지금 당장 막힌 배수구 뻥 뚫는 현실적인 솔루션",2026-07-30-cleaning-25,"퇴근 후 지친 1인 가구, 10분씩 쪼개서 끝내는 주간 청소 루틴",1,next,강한 신호(같은 클러스터/대표 키워드 일치) 없이 카테고리 일치 또는 소수 keyword/tag overlap만으로 연결됨(점수 1)
2026-08-06-food-auto-3a64d3,"혼자 사는 직장인, 국/찌개 한 번 끓이면 일주일 내내 먹어야 할 때? 질리지 않고 맛있게 즐기는 현명한 대용량 조리 & 소분법",2026-07-29-food-9,퇴근 후 지쳐도 괜찮아: 1인 가구 직장인이 냉장고 털어 일주일 식단을 미리 짜는 현실적인 방법,1,next,강한 신호(같은 클러스터/대표 키워드 일치) 없이 카테고리 일치 또는 소수 keyword/tag overlap만으로 연결됨(점수 1)
2026-08-06-food-auto-3a64d3,"혼자 사는 직장인, 국/찌개 한 번 끓이면 일주일 내내 먹어야 할 때? 질리지 않고 맛있게 즐기는 현명한 대용량 조리 & 소분법",2026-07-30-food-11,"퇴근 후 지친 당신, 냉장고 식재료 썩히지 않고 알뜰하게 다 먹는 보관 기간 가이드",1,next,강한 신호(같은 클러스터/대표 키워드 일치) 없이 카테고리 일치 또는 소수 keyword/tag overlap만으로 연결됨(점수 1)
2026-08-06-food-auto-b02493,"혼자 사는 직장인, 대용량 통조림·건면·소스 앞에서 망설일 때: 소량 팩 vs. 대용량, 당신의 시간과 지갑을 위한 최적의 선택",2026-07-29-food-9,퇴근 후 지쳐도 괜찮아: 1인 가구 직장인이 냉장고 털어 일주일 식단을 미리 짜는 현실적인 방법,1,next,강한 신호(같은 클러스터/대표 키워드 일치) 없이 카테고리 일치 또는 소수 keyword/tag overlap만으로 연결됨(점수 1)
2026-08-06-housing-auto-36b1cd,"혼자 사는 직장인, 이사 나갈 때 보증금 깎일까 걱정? 원상회복 범위 알고 당당하게 돌려받는 법",2026-07-30-housing-42,"내 첫 원룸 계약, 퇴근 후 15분으로 손해 없이 똑똑하게 확인하는 법",1,next,강한 신호(같은 클러스터/대표 키워드 일치) 없이 카테고리 일치 또는 소수 keyword/tag overlap만으로 연결됨(점수 1)
2026-08-06-housing-auto-36b1cd,"혼자 사는 직장인, 이사 나갈 때 보증금 깎일까 걱정? 원상회복 범위 알고 당당하게 돌려받는 법",2026-07-30-housing-43,"첫 관리비 고지서, 뭉뚱그려진 금액에 헷갈리는 1인 가구? 내 돈 지키는 항목별 확인법",1,next,강한 신호(같은 클러스터/대표 키워드 일치) 없이 카테고리 일치 또는 소수 keyword/tag overlap만으로 연결됨(점수 1)
2026-08-06-housing-auto-5c27e6,"혼자 사는 직장인, 해외 파견/장기 출장 갈 때? 내 원룸 현명하게 단기 임대주고 돈 버는 법",2026-07-30-housing-42,"내 첫 원룸 계약, 퇴근 후 15분으로 손해 없이 똑똑하게 확인하는 법",1,next,강한 신호(같은 클러스터/대표 키워드 일치) 없이 카테고리 일치 또는 소수 keyword/tag overlap만으로 연결됨(점수 1)
2026-08-06-housing-auto-9d6fe3,"혼자 사는 직장인, 전월세 계약 만료로 이사 가려는데? 집주인에게 현명하게 통보하고 보증금 지키는 법",2026-07-30-housing-42,"내 첫 원룸 계약, 퇴근 후 15분으로 손해 없이 똑똑하게 확인하는 법",1,next,강한 신호(같은 클러스터/대표 키워드 일치) 없이 카테고리 일치 또는 소수 keyword/tag overlap만으로 연결됨(점수 1)
2026-08-06-lifestyle-auto-2e08db,"혼자 사는 직장인, 평일 연차나 공휴일에 생활 리듬이 무너진다면? 나만의 '갓생 휴일' 루틴으로 재정비하는 현실 가이드",2026-07-30-lifestyle-59,"1인 가구 직장인, 퇴근 후나 주말에 혼자 있을 때 자꾸 무기력해진다면? 당신의 생활 리듬을 되찾는 현실적인 방법",1,next,강한 신호(같은 클러스터/대표 키워드 일치) 없이 카테고리 일치 또는 소수 keyword/tag overlap만으로 연결됨(점수 1)
2026-08-06-lifestyle-auto-2e08db,"혼자 사는 직장인, 평일 연차나 공휴일에 생활 리듬이 무너진다면? 나만의 '갓생 휴일' 루틴으로 재정비하는 현실 가이드",2026-07-30-lifestyle-61,"혼자 사는 직장인, 퇴근 후 찾아오는 쓸쓸함을 현명하게 다루는 3단계 루틴",1,next,강한 신호(같은 클러스터/대표 키워드 일치) 없이 카테고리 일치 또는 소수 keyword/tag overlap만으로 연결됨(점수 1)
2026-08-06-lifestyle-auto-7d8463,"혼자 사는 직장인, 퇴근 후 적당한 외부 활동 찾기가 망설여진다면? 소규모 취미 클래스 vs. 단기 체험 모임, 나에게 맞는 선택 기준",2026-07-30-lifestyle-59,"1인 가구 직장인, 퇴근 후나 주말에 혼자 있을 때 자꾸 무기력해진다면? 당신의 생활 리듬을 되찾는 현실적인 방법",1,next,강한 신호(같은 클러스터/대표 키워드 일치) 없이 카테고리 일치 또는 소수 keyword/tag overlap만으로 연결됨(점수 1)
2026-08-06-lifestyle-auto-7d8463,"혼자 사는 직장인, 퇴근 후 적당한 외부 활동 찾기가 망설여진다면? 소규모 취미 클래스 vs. 단기 체험 모임, 나에게 맞는 선택 기준",2026-07-30-lifestyle-60,주말 무기력 해결 방법｜주말 계획,1,next,강한 신호(같은 클러스터/대표 키워드 일치) 없이 카테고리 일치 또는 소수 keyword/tag overlap만으로 연결됨(점수 1)
2026-08-06-lifestyle-auto-bf4537,1인 가구 이별 알아보기｜관계 단절 회복,2026-07-30-lifestyle-60,주말 무기력 해결 방법｜주말 계획,1,next,강한 신호(같은 클러스터/대표 키워드 일치) 없이 카테고리 일치 또는 소수 keyword/tag overlap만으로 연결됨(점수 1)
2026-08-06-lifestyle-auto-bf4537,1인 가구 이별 알아보기｜관계 단절 회복,2026-07-30-lifestyle-62,"퇴근 후 혼밥이 귀찮은 1인 가구, 매일 끼니 거르지 않고 건강 챙기는 현실적인 식사 루틴",1,next,강한 신호(같은 클러스터/대표 키워드 일치) 없이 카테고리 일치 또는 소수 keyword/tag overlap만으로 연결됨(점수 1)
2026-08-06-safety-auto-063890,1인 가구 식중독 기준｜혼자 살 때 아플 때,2026-07-30-safety-35,"혼자 사는 당신, 늦은 밤 퇴근 후 불안한 현관 보안 이대로 강화하세요",1,next,강한 신호(같은 클러스터/대표 키워드 일치) 없이 카테고리 일치 또는 소수 keyword/tag overlap만으로 연결됨(점수 1)
2026-08-06-safety-auto-063890,1인 가구 식중독 기준｜혼자 살 때 아플 때,2026-07-30-safety-37,나 혼자 사는 집에 불이 났다면? 당황하지 않고 대피하는 5단계 행동 수칙,1,next,강한 신호(같은 클러스터/대표 키워드 일치) 없이 카테고리 일치 또는 소수 keyword/tag overlap만으로 연결됨(점수 1)
2026-08-06-safety-auto-0b96ff,일산화탄소 경보기 비교｜경보기 오작동,2026-07-30-safety-35,"혼자 사는 당신, 늦은 밤 퇴근 후 불안한 현관 보안 이대로 강화하세요",1,next,강한 신호(같은 클러스터/대표 키워드 일치) 없이 카테고리 일치 또는 소수 keyword/tag overlap만으로 연결됨(점수 1)
2026-08-06-safety-auto-0b96ff,일산화탄소 경보기 비교｜경보기 오작동,2026-07-30-safety-37,나 혼자 사는 집에 불이 났다면? 당황하지 않고 대피하는 5단계 행동 수칙,1,next,강한 신호(같은 클러스터/대표 키워드 일치) 없이 카테고리 일치 또는 소수 keyword/tag overlap만으로 연결됨(점수 1)
2026-08-06-safety-auto-5817e5,1인가구 재난대비 체크리스트｜태풍 대비,2026-07-30-safety-35,"혼자 사는 당신, 늦은 밤 퇴근 후 불안한 현관 보안 이대로 강화하세요",1,next,강한 신호(같은 클러스터/대표 키워드 일치) 없이 카테고리 일치 또는 소수 keyword/tag overlap만으로 연결됨(점수 1)
2026-08-06-safety-auto-5817e5,1인가구 재난대비 체크리스트｜태풍 대비,2026-07-30-safety-37,나 혼자 사는 집에 불이 났다면? 당황하지 않고 대피하는 5단계 행동 수칙,1,next,강한 신호(같은 클러스터/대표 키워드 일치) 없이 카테고리 일치 또는 소수 keyword/tag overlap만으로 연결됨(점수 1)
2026-08-06-safety-auto-b35351,방문자 응대 체크리스트｜현관문,2026-07-30-safety-35,"혼자 사는 당신, 늦은 밤 퇴근 후 불안한 현관 보안 이대로 강화하세요",1,next,강한 신호(같은 클러스터/대표 키워드 일치) 없이 카테고리 일치 또는 소수 keyword/tag overlap만으로 연결됨(점수 1)
2026-08-06-safety-auto-d2f981,"혼자 사는 당신, 늦은 밤 귀갓길 불안할 때? 호신용 경보기 vs. 스마트폰 호신 앱, 나에게 맞는 선택은?",2026-07-30-safety-35,"혼자 사는 당신, 늦은 밤 퇴근 후 불안한 현관 보안 이대로 강화하세요",1,next,강한 신호(같은 클러스터/대표 키워드 일치) 없이 카테고리 일치 또는 소수 keyword/tag overlap만으로 연결됨(점수 1)
2026-08-06-storage-auto-11ba62,"1인 가구 직장인, 좁은 원룸 거실 '앉을 자리도, 수납도 부족'하다면? 수납 스툴 vs. 수납 벤치, 현명하게 고르는 법",2026-07-30-storage-17,"직장인 원룸러, 좁은 집도 넓게 쓰는 '침실-거실' 공간분리 현실 가이드",1,next,강한 신호(같은 클러스터/대표 키워드 일치) 없이 카테고리 일치 또는 소수 keyword/tag overlap만으로 연결됨(점수 1)
2026-08-06-storage-auto-19a86d,1인 가구 수납 가구 알아보기｜좁은 원룸 가구,2026-07-30-storage-17,"직장인 원룸러, 좁은 집도 넓게 쓰는 '침실-거실' 공간분리 현실 가이드",1,next,강한 신호(같은 클러스터/대표 키워드 일치) 없이 카테고리 일치 또는 소수 keyword/tag overlap만으로 연결됨(점수 1)
2026-08-06-storage-auto-b1740f,"1인 가구 직장인, 좁은 원룸 '매트·덤벨·폼롤러' 발에 채인다면? 홈트 용품 똑똑하게 보관하고 깔끔하게 쓰는 현실 수납법",2026-07-30-storage-17,"직장인 원룸러, 좁은 집도 넓게 쓰는 '침실-거실' 공간분리 현실 가이드",1,next,강한 신호(같은 클러스터/대표 키워드 일치) 없이 카테고리 일치 또는 소수 keyword/tag overlap만으로 연결됨(점수 1)
2026-08-06-storage-auto-b1740f,"1인 가구 직장인, 좁은 원룸 '매트·덤벨·폼롤러' 발에 채인다면? 홈트 용품 똑똑하게 보관하고 깔끔하게 쓰는 현실 수납법",2026-07-30-storage-20,"바쁜 1인 가구 직장인, 퇴근 후에도 어지러운 주방? 딱 3단계로 끝내는 현실적인 정리법",1,next,강한 신호(같은 클러스터/대표 키워드 일치) 없이 카테고리 일치 또는 소수 keyword/tag overlap만으로 연결됨(점수 1)
2026-08-06-storage-auto-bb011a,1인 가구 대용량 구매 알아보기｜원룸 생활용품 보관,2026-07-30-storage-17,"직장인 원룸러, 좁은 집도 넓게 쓰는 '침실-거실' 공간분리 현실 가이드",1,next,강한 신호(같은 클러스터/대표 키워드 일치) 없이 카테고리 일치 또는 소수 keyword/tag overlap만으로 연결됨(점수 1)
2026-08-06-storage-auto-bb011a,1인 가구 대용량 구매 알아보기｜원룸 생활용품 보관,2026-07-30-storage-20,"바쁜 1인 가구 직장인, 퇴근 후에도 어지러운 주방? 딱 3단계로 끝내는 현실적인 정리법",1,next,강한 신호(같은 클러스터/대표 키워드 일치) 없이 카테고리 일치 또는 소수 keyword/tag overlap만으로 연결됨(점수 1)
2026-08-06-storage-auto-c14a3a,1인 가구 서류 정리 알아보기｜원룸 수납,2026-07-30-storage-17,"직장인 원룸러, 좁은 집도 넓게 쓰는 '침실-거실' 공간분리 현실 가이드",1,next,강한 신호(같은 클러스터/대표 키워드 일치) 없이 카테고리 일치 또는 소수 keyword/tag overlap만으로 연결됨(점수 1)
2026-08-06-storage-auto-d7c10d,1인 가구 수납 알아보기｜좁은 공간 수납,2026-07-30-storage-17,"직장인 원룸러, 좁은 집도 넓게 쓰는 '침실-거실' 공간분리 현실 가이드",1,next,강한 신호(같은 클러스터/대표 키워드 일치) 없이 카테고리 일치 또는 소수 keyword/tag overlap만으로 연결됨(점수 1)
2026-08-06-storage-auto-ee77b8,"1인 가구 직장인, '언젠가 쓸모 있겠지' 빈 박스에 쌓여 답답하다면? 후회 없이 버리고 똑똑하게 보관하는 현실 수납법",2026-07-30-storage-17,"직장인 원룸러, 좁은 집도 넓게 쓰는 '침실-거실' 공간분리 현실 가이드",1,next,강한 신호(같은 클러스터/대표 키워드 일치) 없이 카테고리 일치 또는 소수 keyword/tag overlap만으로 연결됨(점수 1)
2026-08-06-storage-auto-ee77b8,"1인 가구 직장인, '언젠가 쓸모 있겠지' 빈 박스에 쌓여 답답하다면? 후회 없이 버리고 똑똑하게 보관하는 현실 수납법",2026-07-30-storage-20,"바쁜 1인 가구 직장인, 퇴근 후에도 어지러운 주방? 딱 3단계로 끝내는 현실적인 정리법",1,next,강한 신호(같은 클러스터/대표 키워드 일치) 없이 카테고리 일치 또는 소수 keyword/tag overlap만으로 연결됨(점수 1)
2026-08-07-cleaning-auto-cb5dfe,혼자 사는 오븐 청소 알아보기｜오븐 찌든 때,2026-07-30-cleaning-25,"퇴근 후 지친 1인 가구, 10분씩 쪼개서 끝내는 주간 청소 루틴",1,next,강한 신호(같은 클러스터/대표 키워드 일치) 없이 카테고리 일치 또는 소수 keyword/tag overlap만으로 연결됨(점수 1)
2026-08-07-cleaning-auto-e52e72,커튼 먼지 제거 알아보기｜커튼 세탁 주기,2026-07-30-cleaning-25,"퇴근 후 지친 1인 가구, 10분씩 쪼개서 끝내는 주간 청소 루틴",1,next,강한 신호(같은 클러스터/대표 키워드 일치) 없이 카테고리 일치 또는 소수 keyword/tag overlap만으로 연결됨(점수 1)
2026-08-07-cleaning-auto-ef484e,1인 가구 침구 세탁 알아보기｜베개 세탁 주기,2026-07-30-cleaning-25,"퇴근 후 지친 1인 가구, 10분씩 쪼개서 끝내는 주간 청소 루틴",1,next,강한 신호(같은 클러스터/대표 키워드 일치) 없이 카테고리 일치 또는 소수 keyword/tag overlap만으로 연결됨(점수 1)
2026-08-07-cleaning-auto-f46339,화장실 환풍기 냄새 알아보기｜환풍기 청소 주기,2026-07-30-cleaning-25,"퇴근 후 지친 1인 가구, 10분씩 쪼개서 끝내는 주간 청소 루틴",1,next,강한 신호(같은 클러스터/대표 키워드 일치) 없이 카테고리 일치 또는 소수 keyword/tag overlap만으로 연결됨(점수 1)
2026-08-07-cleaning-auto-f46339,화장실 환풍기 냄새 알아보기｜환풍기 청소 주기,2026-07-30-cleaning-28,"퇴근 후 급하게 돌린 빨래, 쉰 냄새 고민 끝! 1인 가구를 위한 초간단 세탁 관리법",1,next,강한 신호(같은 클러스터/대표 키워드 일치) 없이 카테고리 일치 또는 소수 keyword/tag overlap만으로 연결됨(점수 1)
2026-08-07-cost-auto-b1ff82,"혼자 사는 직장인, 매달 나가는 미용실 비용이 부담된다면? 저렴한 동네 미용실 vs 프랜차이즈 vs 셀프, 후회 없는 선택 가이드",2026-07-30-cost-2,"혼자 사는 직장인, 예상치 못한 공과금 폭탄 피하는 전기·가스·수도 요금 절약 실전 가이드",1,next,강한 신호(같은 클러스터/대표 키워드 일치) 없이 카테고리 일치 또는 소수 keyword/tag overlap만으로 연결됨(점수 1)
2026-08-07-cost-auto-b1ff82,"혼자 사는 직장인, 매달 나가는 미용실 비용이 부담된다면? 저렴한 동네 미용실 vs 프랜차이즈 vs 셀프, 후회 없는 선택 가이드",2026-07-30-cost-3,"혼자 사는 직장인, 통신비 월 2만원 아끼는 알뜰폰+인터넷 vs 3사 결합, 현명한 선택 가이드",1,next,강한 신호(같은 클러스터/대표 키워드 일치) 없이 카테고리 일치 또는 소수 keyword/tag overlap만으로 연결됨(점수 1)
2026-08-07-food-auto-44e578,1인 가구 식재료 알아보기｜남은 식재료 활용,2026-07-29-food-9,퇴근 후 지쳐도 괜찮아: 1인 가구 직장인이 냉장고 털어 일주일 식단을 미리 짜는 현실적인 방법,1,next,강한 신호(같은 클러스터/대표 키워드 일치) 없이 카테고리 일치 또는 소수 keyword/tag overlap만으로 연결됨(점수 1)
2026-08-07-lifestyle-auto-0b115c,1인 가구 감정 해소 비교｜심리 상담 비용,2026-07-30-lifestyle-60,주말 무기력 해결 방법｜주말 계획,1,next,강한 신호(같은 클러스터/대표 키워드 일치) 없이 카테고리 일치 또는 소수 keyword/tag overlap만으로 연결됨(점수 1)
2026-08-07-lifestyle-auto-0b115c,1인 가구 감정 해소 비교｜심리 상담 비용,2026-07-30-lifestyle-62,"퇴근 후 혼밥이 귀찮은 1인 가구, 매일 끼니 거르지 않고 건강 챙기는 현실적인 식사 루틴",1,next,강한 신호(같은 클러스터/대표 키워드 일치) 없이 카테고리 일치 또는 소수 keyword/tag overlap만으로 연결됨(점수 1)
2026-08-07-lifestyle-auto-c39ec1,"혼자 사는 직장인, 딱히 할 일 없는 자유 시간에 '무의미한 스크롤링'에 지쳤다면? 만족감 높은 나만의 '틈새 활력' 루틴 만들기",2026-07-30-lifestyle-59,"1인 가구 직장인, 퇴근 후나 주말에 혼자 있을 때 자꾸 무기력해진다면? 당신의 생활 리듬을 되찾는 현실적인 방법",1,next,강한 신호(같은 클러스터/대표 키워드 일치) 없이 카테고리 일치 또는 소수 keyword/tag overlap만으로 연결됨(점수 1)
2026-08-07-safety-auto-580f1f,1인 가구 알레르기 기준｜혼자 알레르기,2026-07-30-safety-35,"혼자 사는 당신, 늦은 밤 퇴근 후 불안한 현관 보안 이대로 강화하세요",1,next,강한 신호(같은 클러스터/대표 키워드 일치) 없이 카테고리 일치 또는 소수 keyword/tag overlap만으로 연결됨(점수 1)
2026-08-07-safety-auto-580f1f,1인 가구 알레르기 기준｜혼자 알레르기,2026-07-30-safety-37,나 혼자 사는 집에 불이 났다면? 당황하지 않고 대피하는 5단계 행동 수칙,1,next,강한 신호(같은 클러스터/대표 키워드 일치) 없이 카테고리 일치 또는 소수 keyword/tag overlap만으로 연결됨(점수 1)
2026-08-07-storage-auto-18dbcb,1인 가구 자전거 비교｜원룸 자전거 보관,2026-07-30-storage-17,"직장인 원룸러, 좁은 집도 넓게 쓰는 '침실-거실' 공간분리 현실 가이드",1,next,강한 신호(같은 클러스터/대표 키워드 일치) 없이 카테고리 일치 또는 소수 keyword/tag overlap만으로 연결됨(점수 1)
2026-08-07-storage-auto-18dbcb,1인 가구 자전거 비교｜원룸 자전거 보관,2026-07-30-storage-20,"바쁜 1인 가구 직장인, 퇴근 후에도 어지러운 주방? 딱 3단계로 끝내는 현실적인 정리법",1,next,강한 신호(같은 클러스터/대표 키워드 일치) 없이 카테고리 일치 또는 소수 keyword/tag overlap만으로 연결됨(점수 1)
2026-08-07-storage-auto-2cdaeb,"1인 가구 직장인, 좁은 현관 신발 더미에 발 걸린다면? '오픈형 vs 슬림형 신발장' 내게 맞는 선택 기준 비교",2026-07-30-storage-17,"직장인 원룸러, 좁은 집도 넓게 쓰는 '침실-거실' 공간분리 현실 가이드",1,next,강한 신호(같은 클러스터/대표 키워드 일치) 없이 카테고리 일치 또는 소수 keyword/tag overlap만으로 연결됨(점수 1)
2026-08-07-storage-auto-2cdaeb,"1인 가구 직장인, 좁은 현관 신발 더미에 발 걸린다면? '오픈형 vs 슬림형 신발장' 내게 맞는 선택 기준 비교",2026-07-30-storage-18,"퇴근 후 좁은 원룸, 넘쳐나는 계절옷을 깔끔하게 정리하고 보관하는 현실적인 팁",1,next,강한 신호(같은 클러스터/대표 키워드 일치) 없이 카테고리 일치 또는 소수 keyword/tag overlap만으로 연결됨(점수 1)
2026-08-07-storage-auto-54d5cd,"1인 가구 직장인, 좁은 침대 밑 공간 '애물단지'라면? 수납형 vs 일반 침대 프레임, 내게 맞는 선택 기준 비교",2026-07-30-storage-17,"직장인 원룸러, 좁은 집도 넓게 쓰는 '침실-거실' 공간분리 현실 가이드",1,next,강한 신호(같은 클러스터/대표 키워드 일치) 없이 카테고리 일치 또는 소수 keyword/tag overlap만으로 연결됨(점수 1)
2026-08-07-storage-auto-6dca4b,"1인 가구 직장인, 좁은 집에 쌓이는 '추억의 물건' 때문에 답답하다면? 공간 차지 없이 깔끔하게 보관하는 현실 수납법",2026-07-30-storage-17,"직장인 원룸러, 좁은 집도 넓게 쓰는 '침실-거실' 공간분리 현실 가이드",1,next,강한 신호(같은 클러스터/대표 키워드 일치) 없이 카테고리 일치 또는 소수 keyword/tag overlap만으로 연결됨(점수 1)
2026-08-07-storage-auto-c71b14,1인 가구 수납장 방법｜원룸 옷장,2026-07-30-storage-17,"직장인 원룸러, 좁은 집도 넓게 쓰는 '침실-거실' 공간분리 현실 가이드",1,next,강한 신호(같은 클러스터/대표 키워드 일치) 없이 카테고리 일치 또는 소수 keyword/tag overlap만으로 연결됨(점수 1)
2026-08-07-storage-auto-c71b14,1인 가구 수납장 방법｜원룸 옷장,2026-07-30-storage-20,"바쁜 1인 가구 직장인, 퇴근 후에도 어지러운 주방? 딱 3단계로 끝내는 현실적인 정리법",1,next,강한 신호(같은 클러스터/대표 키워드 일치) 없이 카테고리 일치 또는 소수 keyword/tag overlap만으로 연결됨(점수 1)
2026-08-07-storage-auto-ee20dc,1인 가구 취미 용품 알아보기｜좁은 집 수납,2026-07-30-storage-17,"직장인 원룸러, 좁은 집도 넓게 쓰는 '침실-거실' 공간분리 현실 가이드",1,next,강한 신호(같은 클러스터/대표 키워드 일치) 없이 카테고리 일치 또는 소수 keyword/tag overlap만으로 연결됨(점수 1)
2026-08-07-storage-auto-ee20dc,1인 가구 취미 용품 알아보기｜좁은 집 수납,2026-07-30-storage-20,"바쁜 1인 가구 직장인, 퇴근 후에도 어지러운 주방? 딱 3단계로 끝내는 현실적인 정리법",1,next,강한 신호(같은 클러스터/대표 키워드 일치) 없이 카테고리 일치 또는 소수 keyword/tag overlap만으로 연결됨(점수 1)
2026-08-07-storage-auto-fcc47d,"1인 가구 직장인, 좁은 원룸 '계절 가전' 어디에 보관해야 할지 막막하다면? 깔끔하게 숨기고 효율적으로 쓰는 현실 수납법",2026-07-30-storage-17,"직장인 원룸러, 좁은 집도 넓게 쓰는 '침실-거실' 공간분리 현실 가이드",1,next,강한 신호(같은 클러스터/대표 키워드 일치) 없이 카테고리 일치 또는 소수 keyword/tag overlap만으로 연결됨(점수 1)
2026-08-07-storage-auto-fcc47d,"1인 가구 직장인, 좁은 원룸 '계절 가전' 어디에 보관해야 할지 막막하다면? 깔끔하게 숨기고 효율적으로 쓰는 현실 수납법",2026-07-30-storage-20,"바쁜 1인 가구 직장인, 퇴근 후에도 어지러운 주방? 딱 3단계로 끝내는 현실적인 정리법",1,next,강한 신호(같은 클러스터/대표 키워드 일치) 없이 카테고리 일치 또는 소수 keyword/tag overlap만으로 연결됨(점수 1)
2026-08-08-cleaning-auto-3b9de2,보풀제거기 비교｜먼지롤러,2026-07-30-cleaning-25,"퇴근 후 지친 1인 가구, 10분씩 쪼개서 끝내는 주간 청소 루틴",1,next,강한 신호(같은 클러스터/대표 키워드 일치) 없이 카테고리 일치 또는 소수 keyword/tag overlap만으로 연결됨(점수 1)
2026-08-08-cleaning-auto-3b9de2,보풀제거기 비교｜먼지롤러,2026-07-30-cleaning-26,"퇴근 후 마주한 눅눅한 욕실, 1인 가구 화장실 곰팡이, 딱 30분이면 끝내는 완벽 제거 가이드",1,next,강한 신호(같은 클러스터/대표 키워드 일치) 없이 카테고리 일치 또는 소수 keyword/tag overlap만으로 연결됨(점수 1)
2026-08-08-cleaning-auto-e0020a,보풀 제거 알아보기｜옷 보풀,2026-07-30-cleaning-25,"퇴근 후 지친 1인 가구, 10분씩 쪼개서 끝내는 주간 청소 루틴",1,next,강한 신호(같은 클러스터/대표 키워드 일치) 없이 카테고리 일치 또는 소수 keyword/tag overlap만으로 연결됨(점수 1)
2026-08-08-cleaning-auto-e0020a,보풀 제거 알아보기｜옷 보풀,2026-07-30-cleaning-26,"퇴근 후 마주한 눅눅한 욕실, 1인 가구 화장실 곰팡이, 딱 30분이면 끝내는 완벽 제거 가이드",1,next,강한 신호(같은 클러스터/대표 키워드 일치) 없이 카테고리 일치 또는 소수 keyword/tag overlap만으로 연결됨(점수 1)
2026-08-08-cost-auto-123a00,"혼자 사는 직장인, 매달 새는 통신비 아까울 때! 메이저 vs 알뜰폰, 내게 맞는 후회 없는 선택 가이드",2026-07-29-cost-1,"월급날 한숨만? 1인 가구 직장인의 한 달 고정비, 이대로 따라 하면 무조건 줄어듭니다",1,next,강한 신호(같은 클러스터/대표 키워드 일치) 없이 카테고리 일치 또는 소수 keyword/tag overlap만으로 연결됨(점수 1)
2026-08-08-cost-auto-bbb3d7,"혼자 사는 직장인, 매달 아파트/오피스텔 관리비 폭탄 막고 지출 최적화하는 3단계 전략",2026-07-30-cost-2,"혼자 사는 직장인, 예상치 못한 공과금 폭탄 피하는 전기·가스·수도 요금 절약 실전 가이드",1,next,강한 신호(같은 클러스터/대표 키워드 일치) 없이 카테고리 일치 또는 소수 keyword/tag overlap만으로 연결됨(점수 1)
2026-08-08-cost-auto-c1b0b5,"혼자 사는 직장인, 가끔 차 필요할 때마다 택시비 부담되고 대중교통 불편하다면? 카셰어링 vs 중고차 vs 렌터카, 내게 맞는 최적의 이동 수단 찾는 법",2026-07-30-cost-2,"혼자 사는 직장인, 예상치 못한 공과금 폭탄 피하는 전기·가스·수도 요금 절약 실전 가이드",1,next,강한 신호(같은 클러스터/대표 키워드 일치) 없이 카테고리 일치 또는 소수 keyword/tag overlap만으로 연결됨(점수 1)
2026-08-08-food-auto-6f0a23,"1인 가구 직장인, 국물 요리 후 남은 대파·무·양파 자투리, 버릴까 말까? 낭비 없이 알뜰하게 활용하는 현실적인 전략",2026-07-29-food-9,퇴근 후 지쳐도 괜찮아: 1인 가구 직장인이 냉장고 털어 일주일 식단을 미리 짜는 현실적인 방법,1,next,강한 신호(같은 클러스터/대표 키워드 일치) 없이 카테고리 일치 또는 소수 keyword/tag overlap만으로 연결됨(점수 1)
2026-08-08-food-auto-76d24e,"1인 가구 직장인, 혼자 요리하고 남은 '애매한 한 끼분' 음식, 버리지 않고 다음 끼니까지 알뜰하게 즐기는 법",2026-07-29-food-9,퇴근 후 지쳐도 괜찮아: 1인 가구 직장인이 냉장고 털어 일주일 식단을 미리 짜는 현실적인 방법,1,next,강한 신호(같은 클러스터/대표 키워드 일치) 없이 카테고리 일치 또는 소수 keyword/tag overlap만으로 연결됨(점수 1)
2026-08-08-food-auto-76d24e,"1인 가구 직장인, 혼자 요리하고 남은 '애매한 한 끼분' 음식, 버리지 않고 다음 끼니까지 알뜰하게 즐기는 법",2026-07-30-food-10,"퇴근 후 요리 스트레스 줄여줄 1인 가구 필수템, 식재료 소분과 냉동 보관 완벽 가이드",1,next,강한 신호(같은 클러스터/대표 키워드 일치) 없이 카테고리 일치 또는 소수 keyword/tag overlap만으로 연결됨(점수 1)
2026-08-08-food-auto-9b0e80,1인 가구 허브 비교｜혼밥 향신료,2026-07-29-food-9,퇴근 후 지쳐도 괜찮아: 1인 가구 직장인이 냉장고 털어 일주일 식단을 미리 짜는 현실적인 방법,1,next,강한 신호(같은 클러스터/대표 키워드 일치) 없이 카테고리 일치 또는 소수 keyword/tag overlap만으로 연결됨(점수 1)
2026-08-08-housing-auto-4e32dc,"혼자 사는 직장인, 새집 입주 후 예상 못한 숨은 하자 발견! 내 권리 지키며 계약 조정하는 현실 가이드",2026-07-30-housing-42,"내 첫 원룸 계약, 퇴근 후 15분으로 손해 없이 똑똑하게 확인하는 법",1,next,강한 신호(같은 클러스터/대표 키워드 일치) 없이 카테고리 일치 또는 소수 keyword/tag overlap만으로 연결됨(점수 1)
2026-08-08-housing-auto-8b0461,"혼자 사는 직장인, 새집 입주 후 당황스러운 전기·가스·수도 명의 변경! 순서대로 해결하고 요금 폭탄 피하는 법",2026-07-30-housing-43,"첫 관리비 고지서, 뭉뚱그려진 금액에 헷갈리는 1인 가구? 내 돈 지키는 항목별 확인법",1,next,강한 신호(같은 클러스터/대표 키워드 일치) 없이 카테고리 일치 또는 소수 keyword/tag overlap만으로 연결됨(점수 1)
2026-08-08-housing-auto-d2c1ed,"혼자 사는 직장인, 이사 갈 때 퇴실 청소? 셀프 vs 전문 업체, 보증금 지키는 현명한 선택 가이드",2026-07-30-housing-42,"내 첫 원룸 계약, 퇴근 후 15분으로 손해 없이 똑똑하게 확인하는 법",1,next,강한 신호(같은 클러스터/대표 키워드 일치) 없이 카테고리 일치 또는 소수 keyword/tag overlap만으로 연결됨(점수 1)
2026-08-08-lifestyle-auto-83e6d5,혼자 사는 불편함 알아보기｜퇴근 후 적막,2026-07-30-lifestyle-60,주말 무기력 해결 방법｜주말 계획,1,next,강한 신호(같은 클러스터/대표 키워드 일치) 없이 카테고리 일치 또는 소수 keyword/tag overlap만으로 연결됨(점수 1)
2026-08-08-lifestyle-auto-83e6d5,혼자 사는 불편함 알아보기｜퇴근 후 적막,2026-07-30-lifestyle-62,"퇴근 후 혼밥이 귀찮은 1인 가구, 매일 끼니 거르지 않고 건강 챙기는 현실적인 식사 루틴",1,next,강한 신호(같은 클러스터/대표 키워드 일치) 없이 카테고리 일치 또는 소수 keyword/tag overlap만으로 연결됨(점수 1)
2026-08-08-lifestyle-auto-9fe492,1인 가구 친구 관계 알아보기｜라이프스타일 차이,2026-07-30-lifestyle-60,주말 무기력 해결 방법｜주말 계획,1,next,강한 신호(같은 클러스터/대표 키워드 일치) 없이 카테고리 일치 또는 소수 keyword/tag overlap만으로 연결됨(점수 1)
2026-08-08-lifestyle-auto-9fe492,1인 가구 친구 관계 알아보기｜라이프스타일 차이,2026-07-30-lifestyle-62,"퇴근 후 혼밥이 귀찮은 1인 가구, 매일 끼니 거르지 않고 건강 챙기는 현실적인 식사 루틴",1,next,강한 신호(같은 클러스터/대표 키워드 일치) 없이 카테고리 일치 또는 소수 keyword/tag overlap만으로 연결됨(점수 1)
2026-08-08-safety-auto-55b509,"혼자 사는 당신, 작은 부상에도 덜컥 겁나는 순간: DIY 구급상자 vs. 시판 기성품, 나에게 맞는 선택은?",2026-07-30-safety-33,"혼자 사는 당신, 갑자기 아플 때 후회하지 않을 '생활 비상 키트' 미리 준비하기",1,next,강한 신호(같은 클러스터/대표 키워드 일치) 없이 카테고리 일치 또는 소수 keyword/tag overlap만으로 연결됨(점수 1)
2026-08-08-storage-auto-12975c,"1인 가구 직장인, 좁은 집에 '자주 쓰는 청소 도구'가 발에 걸린다면? 깔끔하게 숨기고 효율적으로 쓰는 현실 수납법",2026-07-30-storage-17,"직장인 원룸러, 좁은 집도 넓게 쓰는 '침실-거실' 공간분리 현실 가이드",1,next,강한 신호(같은 클러스터/대표 키워드 일치) 없이 카테고리 일치 또는 소수 keyword/tag overlap만으로 연결됨(점수 1)
2026-08-08-storage-auto-12975c,"1인 가구 직장인, 좁은 집에 '자주 쓰는 청소 도구'가 발에 걸린다면? 깔끔하게 숨기고 효율적으로 쓰는 현실 수납법",2026-07-30-storage-20,"바쁜 1인 가구 직장인, 퇴근 후에도 어지러운 주방? 딱 3단계로 끝내는 현실적인 정리법",1,next,강한 신호(같은 클러스터/대표 키워드 일치) 없이 카테고리 일치 또는 소수 keyword/tag overlap만으로 연결됨(점수 1)
2026-08-08-storage-auto-276b92,1인 가구 세탁 바구니 비교｜좁은 원룸 빨래통,2026-07-30-storage-17,"직장인 원룸러, 좁은 집도 넓게 쓰는 '침실-거실' 공간분리 현실 가이드",1,next,강한 신호(같은 클러스터/대표 키워드 일치) 없이 카테고리 일치 또는 소수 keyword/tag overlap만으로 연결됨(점수 1)
2026-08-08-storage-auto-276b92,1인 가구 세탁 바구니 비교｜좁은 원룸 빨래통,2026-07-30-storage-20,"바쁜 1인 가구 직장인, 퇴근 후에도 어지러운 주방? 딱 3단계로 끝내는 현실적인 정리법",1,next,강한 신호(같은 클러스터/대표 키워드 일치) 없이 카테고리 일치 또는 소수 keyword/tag overlap만으로 연결됨(점수 1)
2026-08-09-food-auto-937ea1,1인 가구 고기 보관 알아보기｜혼밥 생선 보관,2026-07-29-food-9,퇴근 후 지쳐도 괜찮아: 1인 가구 직장인이 냉장고 털어 일주일 식단을 미리 짜는 현실적인 방법,1,next,강한 신호(같은 클러스터/대표 키워드 일치) 없이 카테고리 일치 또는 소수 keyword/tag overlap만으로 연결됨(점수 1)
2026-08-09-housing-auto-da13ec,나 홀로 이사 체크리스트｜이사 당일,2026-07-30-housing-43,"첫 관리비 고지서, 뭉뚱그려진 금액에 헷갈리는 1인 가구? 내 돈 지키는 항목별 확인법",1,next,강한 신호(같은 클러스터/대표 키워드 일치) 없이 카테고리 일치 또는 소수 keyword/tag overlap만으로 연결됨(점수 1)
2026-08-09-lifestyle-auto-12d150,"혼자 사는 직장인, 퇴근 후 아무도 간섭하지 않아 오히려 생활 리듬 잡기 어렵다면? 나만의 '일상 코어 루틴'으로 시간과 에너지를 최적화하는 법",2026-07-30-lifestyle-59,"1인 가구 직장인, 퇴근 후나 주말에 혼자 있을 때 자꾸 무기력해진다면? 당신의 생활 리듬을 되찾는 현실적인 방법",1,next,강한 신호(같은 클러스터/대표 키워드 일치) 없이 카테고리 일치 또는 소수 keyword/tag overlap만으로 연결됨(점수 1)
2026-08-09-lifestyle-auto-12d150,"혼자 사는 직장인, 퇴근 후 아무도 간섭하지 않아 오히려 생활 리듬 잡기 어렵다면? 나만의 '일상 코어 루틴'으로 시간과 에너지를 최적화하는 법",2026-07-30-lifestyle-61,"혼자 사는 직장인, 퇴근 후 찾아오는 쓸쓸함을 현명하게 다루는 3단계 루틴",1,next,강한 신호(같은 클러스터/대표 키워드 일치) 없이 카테고리 일치 또는 소수 keyword/tag overlap만으로 연결됨(점수 1)
2026-08-09-safety-auto-14bba7,"혼자 사는 당신, 주방이나 콘센트에서 작은 불이 났을 때: 스프레이형 간이 소화기 vs. 일반 분말 소화기, 나에게 맞는 선택은?",2026-07-30-safety-33,"혼자 사는 당신, 갑자기 아플 때 후회하지 않을 '생활 비상 키트' 미리 준비하기",1,next,강한 신호(같은 클러스터/대표 키워드 일치) 없이 카테고리 일치 또는 소수 keyword/tag overlap만으로 연결됨(점수 1)
2026-08-09-storage-auto-b05c4f,"1인 가구 직장인, 좁은 주방 '에어프라이어·블렌더' 때문에 조리대가 좁다면? '2단/3단 선반 vs 인출식 선반' 현명하게 고르는 법 비교",2026-07-30-storage-17,"직장인 원룸러, 좁은 집도 넓게 쓰는 '침실-거실' 공간분리 현실 가이드",1,next,강한 신호(같은 클러스터/대표 키워드 일치) 없이 카테고리 일치 또는 소수 keyword/tag overlap만으로 연결됨(점수 1)
2026-08-09-storage-auto-b54398,1인 가구 이불 수납 알아보기｜원룸 이불 보관,2026-07-30-storage-17,"직장인 원룸러, 좁은 집도 넓게 쓰는 '침실-거실' 공간분리 현실 가이드",1,next,강한 신호(같은 클러스터/대표 키워드 일치) 없이 카테고리 일치 또는 소수 keyword/tag overlap만으로 연결됨(점수 1)
2026-08-09-storage-auto-b54398,1인 가구 이불 수납 알아보기｜원룸 이불 보관,2026-07-30-storage-20,"바쁜 1인 가구 직장인, 퇴근 후에도 어지러운 주방? 딱 3단계로 끝내는 현실적인 정리법",1,next,강한 신호(같은 클러스터/대표 키워드 일치) 없이 카테고리 일치 또는 소수 keyword/tag overlap만으로 연결됨(점수 1)
2026-08-10-cleaning-auto-6e0644,"혼자 사는 당신, 아끼던 옷에 갑자기 얼룩이 묻었다면? 5분 만에 황금 골든타임을 잡는 응급처치와 완벽 제거 현실 가이드",2026-07-30-cleaning-25,"퇴근 후 지친 1인 가구, 10분씩 쪼개서 끝내는 주간 청소 루틴",1,next,강한 신호(같은 클러스터/대표 키워드 일치) 없이 카테고리 일치 또는 소수 keyword/tag overlap만으로 연결됨(점수 1)
2026-08-10-food-auto-b034b3,"혼자 사는 직장인, 점심 도시락 망설일 때: 귀찮음 없이 매일 든든한 '나만의 스마트 도시락' 만드는 법",2026-07-29-food-9,퇴근 후 지쳐도 괜찮아: 1인 가구 직장인이 냉장고 털어 일주일 식단을 미리 짜는 현실적인 방법,1,next,강한 신호(같은 클러스터/대표 키워드 일치) 없이 카테고리 일치 또는 소수 keyword/tag overlap만으로 연결됨(점수 1)
2026-08-10-food-auto-d3517e,"혼자 사는 직장인, 특정 요리 후 남은 '이색 소량 식재료' (고수, 코코넛 밀크 등): 버리지 않고 다음 끼니까지 알뜰하게 해치우는 현실 가이드",2026-07-29-food-9,퇴근 후 지쳐도 괜찮아: 1인 가구 직장인이 냉장고 털어 일주일 식단을 미리 짜는 현실적인 방법,1,next,강한 신호(같은 클러스터/대표 키워드 일치) 없이 카테고리 일치 또는 소수 keyword/tag overlap만으로 연결됨(점수 1)
2026-08-11-cleaning-auto-983cbd,"혼자 사는 당신, 샤워기 헤드 물줄기가 약하고 냄새난다고요? 딱 20분, 묵은 물때 싹 잡고 시원하게 되돌리는 현실 솔루션",2026-07-30-cleaning-25,"퇴근 후 지친 1인 가구, 10분씩 쪼개서 끝내는 주간 청소 루틴",1,next,강한 신호(같은 클러스터/대표 키워드 일치) 없이 카테고리 일치 또는 소수 keyword/tag overlap만으로 연결됨(점수 1)
2026-08-11-cleaning-auto-983cbd,"혼자 사는 당신, 샤워기 헤드 물줄기가 약하고 냄새난다고요? 딱 20분, 묵은 물때 싹 잡고 시원하게 되돌리는 현실 솔루션",2026-07-30-cleaning-28,"퇴근 후 급하게 돌린 빨래, 쉰 냄새 고민 끝! 1인 가구를 위한 초간단 세탁 관리법",1,next,강한 신호(같은 클러스터/대표 키워드 일치) 없이 카테고리 일치 또는 소수 keyword/tag overlap만으로 연결됨(점수 1)
2026-08-11-food-auto-a86ad1,"혼자 사는 직장인, 빵 한 팩 앞에서 망설일 때: 버리지 않고 끝까지 촉촉하게 즐기는 구매부터 보관, 활용법",2026-07-29-food-9,퇴근 후 지쳐도 괜찮아: 1인 가구 직장인이 냉장고 털어 일주일 식단을 미리 짜는 현실적인 방법,1,next,강한 신호(같은 클러스터/대표 키워드 일치) 없이 카테고리 일치 또는 소수 keyword/tag overlap만으로 연결됨(점수 1)
2026-08-11-food-auto-a86ad1,"혼자 사는 직장인, 빵 한 팩 앞에서 망설일 때: 버리지 않고 끝까지 촉촉하게 즐기는 구매부터 보관, 활용법",2026-07-30-food-10,"퇴근 후 요리 스트레스 줄여줄 1인 가구 필수템, 식재료 소분과 냉동 보관 완벽 가이드",1,next,강한 신호(같은 클러스터/대표 키워드 일치) 없이 카테고리 일치 또는 소수 keyword/tag overlap만으로 연결됨(점수 1)
2026-08-11-food-auto-d47a0f,"혼자 사는 직장인, 대용량으로 산 신선 과일·채소, 버릴까 말까? 신선도 낭비 없이 끝까지 알뜰하게 해치우는 현실적인 전략",2026-07-29-food-9,퇴근 후 지쳐도 괜찮아: 1인 가구 직장인이 냉장고 털어 일주일 식단을 미리 짜는 현실적인 방법,1,next,강한 신호(같은 클러스터/대표 키워드 일치) 없이 카테고리 일치 또는 소수 keyword/tag overlap만으로 연결됨(점수 1)
2026-08-11-food-auto-d47a0f,"혼자 사는 직장인, 대용량으로 산 신선 과일·채소, 버릴까 말까? 신선도 낭비 없이 끝까지 알뜰하게 해치우는 현실적인 전략",2026-07-30-food-10,"퇴근 후 요리 스트레스 줄여줄 1인 가구 필수템, 식재료 소분과 냉동 보관 완벽 가이드",1,next,강한 신호(같은 클러스터/대표 키워드 일치) 없이 카테고리 일치 또는 소수 keyword/tag overlap만으로 연결됨(점수 1)
2026-08-11-housing-auto-a2f088,문제성 집 체크리스트｜전월세 계약,2026-07-30-housing-42,"내 첫 원룸 계약, 퇴근 후 15분으로 손해 없이 똑똑하게 확인하는 법",1,next,강한 신호(같은 클러스터/대표 키워드 일치) 없이 카테고리 일치 또는 소수 keyword/tag overlap만으로 연결됨(점수 1)
2026-08-11-housing-auto-a2f088,문제성 집 체크리스트｜전월세 계약,2026-07-30-housing-43,"첫 관리비 고지서, 뭉뚱그려진 금액에 헷갈리는 1인 가구? 내 돈 지키는 항목별 확인법",1,next,강한 신호(같은 클러스터/대표 키워드 일치) 없이 카테고리 일치 또는 소수 keyword/tag overlap만으로 연결됨(점수 1)
2026-08-11-lifestyle-auto-0f05f0,"혼자 사는 직장인, 친구들 라이프스타일 달라져 '관계 정체기'를 겪는다면? 나만의 다층적 사회생활 구축으로 활력 찾는 법",2026-07-30-lifestyle-60,주말 무기력 해결 방법｜주말 계획,1,next,강한 신호(같은 클러스터/대표 키워드 일치) 없이 카테고리 일치 또는 소수 keyword/tag overlap만으로 연결됨(점수 1)
2026-08-11-safety-auto-197473,"혼자 사는 당신, 집에서 넘어져 움직일 수 없을까 걱정될 때: 웨어러블 낙상 감지기 vs. 공간형 비접촉 센서, 나에게 맞는 안전 선택은?",2026-07-30-safety-35,"혼자 사는 당신, 늦은 밤 퇴근 후 불안한 현관 보안 이대로 강화하세요",1,next,강한 신호(같은 클러스터/대표 키워드 일치) 없이 카테고리 일치 또는 소수 keyword/tag overlap만으로 연결됨(점수 1)
2026-08-11-safety-auto-197473,"혼자 사는 당신, 집에서 넘어져 움직일 수 없을까 걱정될 때: 웨어러블 낙상 감지기 vs. 공간형 비접촉 센서, 나에게 맞는 안전 선택은?",2026-07-30-safety-37,나 혼자 사는 집에 불이 났다면? 당황하지 않고 대피하는 5단계 행동 수칙,1,next,강한 신호(같은 클러스터/대표 키워드 일치) 없이 카테고리 일치 또는 소수 keyword/tag overlap만으로 연결됨(점수 1)
2026-08-11-safety-auto-3045ad,"혼자 사는 당신, 요리하다 칼에 베이거나 뜨거운 물에 데였을 때: 당황하지 않고 신속하게 응급처치하고 병원 갈지 판단하는 현실적인 방법",2026-07-30-safety-35,"혼자 사는 당신, 늦은 밤 퇴근 후 불안한 현관 보안 이대로 강화하세요",1,next,강한 신호(같은 클러스터/대표 키워드 일치) 없이 카테고리 일치 또는 소수 keyword/tag overlap만으로 연결됨(점수 1)
2026-08-11-storage-auto-80b064,1인 가구 빨래 건조대 비교｜좁은 집 건조대,2026-07-30-storage-17,"직장인 원룸러, 좁은 집도 넓게 쓰는 '침실-거실' 공간분리 현실 가이드",1,next,강한 신호(같은 클러스터/대표 키워드 일치) 없이 카테고리 일치 또는 소수 keyword/tag overlap만으로 연결됨(점수 1)
2026-08-11-storage-auto-80b064,1인 가구 빨래 건조대 비교｜좁은 집 건조대,2026-07-30-storage-20,"바쁜 1인 가구 직장인, 퇴근 후에도 어지러운 주방? 딱 3단계로 끝내는 현실적인 정리법",1,next,강한 신호(같은 클러스터/대표 키워드 일치) 없이 카테고리 일치 또는 소수 keyword/tag overlap만으로 연결됨(점수 1)
2026-08-12-food-auto-6ed755,"혼자 사는 직장인, 우유 한 팩 앞에서 망설일 때: 신선 우유 vs. 멸균 우유, 당신의 건강과 지갑을 위한 현명한 선택",2026-07-29-food-9,퇴근 후 지쳐도 괜찮아: 1인 가구 직장인이 냉장고 털어 일주일 식단을 미리 짜는 현실적인 방법,1,next,강한 신호(같은 클러스터/대표 키워드 일치) 없이 카테고리 일치 또는 소수 keyword/tag overlap만으로 연결됨(점수 1)
2026-08-12-food-auto-6ed755,"혼자 사는 직장인, 우유 한 팩 앞에서 망설일 때: 신선 우유 vs. 멸균 우유, 당신의 건강과 지갑을 위한 현명한 선택",2026-07-30-food-10,"퇴근 후 요리 스트레스 줄여줄 1인 가구 필수템, 식재료 소분과 냉동 보관 완벽 가이드",1,next,강한 신호(같은 클러스터/대표 키워드 일치) 없이 카테고리 일치 또는 소수 keyword/tag overlap만으로 연결됨(점수 1)
2026-08-12-food-auto-7b4cd9,"혼자 사는 직장인, 냉장고 속 '남은 유제품' 버릴까 말까? 신선도 낭비 없이 끝까지 알뜰하게 즐기는 현실적인 활용법",2026-07-29-food-9,퇴근 후 지쳐도 괜찮아: 1인 가구 직장인이 냉장고 털어 일주일 식단을 미리 짜는 현실적인 방법,1,next,강한 신호(같은 클러스터/대표 키워드 일치) 없이 카테고리 일치 또는 소수 keyword/tag overlap만으로 연결됨(점수 1)
2026-08-12-food-auto-7b4cd9,"혼자 사는 직장인, 냉장고 속 '남은 유제품' 버릴까 말까? 신선도 낭비 없이 끝까지 알뜰하게 즐기는 현실적인 활용법",2026-07-30-food-10,"퇴근 후 요리 스트레스 줄여줄 1인 가구 필수템, 식재료 소분과 냉동 보관 완벽 가이드",1,next,강한 신호(같은 클러스터/대표 키워드 일치) 없이 카테고리 일치 또는 소수 keyword/tag overlap만으로 연결됨(점수 1)
2026-08-12-safety-auto-15ca61,"혼자 사는 당신, 갑자기 정전될 때? 배터리식 비상등 vs. 충전식 자가발전/태양광 비상등, 나에게 맞는 안전 선택은?",2026-07-30-safety-35,"혼자 사는 당신, 늦은 밤 퇴근 후 불안한 현관 보안 이대로 강화하세요",1,next,강한 신호(같은 클러스터/대표 키워드 일치) 없이 카테고리 일치 또는 소수 keyword/tag overlap만으로 연결됨(점수 1)
2026-08-12-safety-auto-52e6c7,혼자 화재 경보기 방법｜화재 경보기 오작동,2026-07-30-safety-35,"혼자 사는 당신, 늦은 밤 퇴근 후 불안한 현관 보안 이대로 강화하세요",1,next,강한 신호(같은 클러스터/대표 키워드 일치) 없이 카테고리 일치 또는 소수 keyword/tag overlap만으로 연결됨(점수 1)
2026-08-12-storage-auto-0db620,원룸 수납 알아보기｜자잘한 부품 정리,2026-07-30-storage-17,"직장인 원룸러, 좁은 집도 넓게 쓰는 '침실-거실' 공간분리 현실 가이드",1,next,강한 신호(같은 클러스터/대표 키워드 일치) 없이 카테고리 일치 또는 소수 keyword/tag overlap만으로 연결됨(점수 1)
2026-08-12-storage-auto-0db620,원룸 수납 알아보기｜자잘한 부품 정리,2026-07-30-storage-20,"바쁜 1인 가구 직장인, 퇴근 후에도 어지러운 주방? 딱 3단계로 끝내는 현실적인 정리법",1,next,강한 신호(같은 클러스터/대표 키워드 일치) 없이 카테고리 일치 또는 소수 keyword/tag overlap만으로 연결됨(점수 1)
2026-08-12-storage-auto-ec0e5a,1인 가구 재활용 알아보기｜좁은 원룸 분리수거,2026-07-30-storage-17,"직장인 원룸러, 좁은 집도 넓게 쓰는 '침실-거실' 공간분리 현실 가이드",1,next,강한 신호(같은 클러스터/대표 키워드 일치) 없이 카테고리 일치 또는 소수 keyword/tag overlap만으로 연결됨(점수 1)
2026-08-12-storage-auto-ec0e5a,1인 가구 재활용 알아보기｜좁은 원룸 분리수거,2026-07-30-storage-20,"바쁜 1인 가구 직장인, 퇴근 후에도 어지러운 주방? 딱 3단계로 끝내는 현실적인 정리법",1,next,강한 신호(같은 클러스터/대표 키워드 일치) 없이 카테고리 일치 또는 소수 keyword/tag overlap만으로 연결됨(점수 1)
2026-08-13-cost-auto-590148,1인 가구 구독 서비스 비용 정리｜디지털 구독료 절약,2026-07-30-cost-2,"혼자 사는 직장인, 예상치 못한 공과금 폭탄 피하는 전기·가스·수도 요금 절약 실전 가이드",1,next,강한 신호(같은 클러스터/대표 키워드 일치) 없이 카테고리 일치 또는 소수 keyword/tag overlap만으로 연결됨(점수 1)
2026-08-13-food-auto-05f1fc,"혼자 사는 직장인, 신선 채소는 썩히기 일쑤, 냉동 채소는 맛없을까 걱정될 때: 혼밥러를 위한 최적의 채소 선택 가이드",2026-07-29-food-9,퇴근 후 지쳐도 괜찮아: 1인 가구 직장인이 냉장고 털어 일주일 식단을 미리 짜는 현실적인 방법,1,next,강한 신호(같은 클러스터/대표 키워드 일치) 없이 카테고리 일치 또는 소수 keyword/tag overlap만으로 연결됨(점수 1)
2026-08-13-housing-auto-0fa740,"혼자 사는 직장인, 보증금 떼일까 불안하다면? 전월세 보증보험 vs 셀프 대비, 내 돈 지키는 현명한 선택 가이드",2026-07-30-housing-42,"내 첫 원룸 계약, 퇴근 후 15분으로 손해 없이 똑똑하게 확인하는 법",1,next,강한 신호(같은 클러스터/대표 키워드 일치) 없이 카테고리 일치 또는 소수 keyword/tag overlap만으로 연결됨(점수 1)
2026-08-13-products-auto-2cf601,"혼자 사는 직장인, 매번 번거로운 제모에 시간/돈 낭비 그만! 가정용 제모기 vs 전문 샵 레이저, 나에게 딱 맞는 선택은?",2026-07-30-products-50,"혼자 사는 직장인, 빨래방 갈 시간 없을 때! 소형 세탁기, '이 기준'으로 후회 없이 고르세요",1,next,강한 신호(같은 클러스터/대표 키워드 일치) 없이 카테고리 일치 또는 소수 keyword/tag overlap만으로 연결됨(점수 1)
2026-08-13-products-auto-2cf601,"혼자 사는 직장인, 매번 번거로운 제모에 시간/돈 낭비 그만! 가정용 제모기 vs 전문 샵 레이저, 나에게 딱 맞는 선택은?",2026-07-30-products-51,"꿉꿉한 빨래, 좁은 방에 널지 마세요! 1인 가구 직장인을 위한 미니 건조기, 실패 없이 선택하는 법",1,next,강한 신호(같은 클러스터/대표 키워드 일치) 없이 카테고리 일치 또는 소수 keyword/tag overlap만으로 연결됨(점수 1)
2026-08-13-safety-auto-c86e8c,집 흔들림 기준｜지진 대처,2026-07-30-safety-35,"혼자 사는 당신, 늦은 밤 퇴근 후 불안한 현관 보안 이대로 강화하세요",1,next,강한 신호(같은 클러스터/대표 키워드 일치) 없이 카테고리 일치 또는 소수 keyword/tag overlap만으로 연결됨(점수 1)
2026-08-13-safety-auto-c86e8c,집 흔들림 기준｜지진 대처,2026-07-30-safety-37,나 혼자 사는 집에 불이 났다면? 당황하지 않고 대피하는 5단계 행동 수칙,1,next,강한 신호(같은 클러스터/대표 키워드 일치) 없이 카테고리 일치 또는 소수 keyword/tag overlap만으로 연결됨(점수 1)
2026-08-13-safety-auto-dcd18d,"혼자 사는 당신, 비상식량·비상용 물, 어떻게 준비해야 할까? 시판 비상식량 키트 vs. DIY 식료품 로테이션, 나에게 맞는 안전 선택은?",2026-07-30-safety-35,"혼자 사는 당신, 늦은 밤 퇴근 후 불안한 현관 보안 이대로 강화하세요",1,next,강한 신호(같은 클러스터/대표 키워드 일치) 없이 카테고리 일치 또는 소수 keyword/tag overlap만으로 연결됨(점수 1)
2026-08-13-safety-auto-dcd18d,"혼자 사는 당신, 비상식량·비상용 물, 어떻게 준비해야 할까? 시판 비상식량 키트 vs. DIY 식료품 로테이션, 나에게 맞는 안전 선택은?",2026-07-30-safety-37,나 혼자 사는 집에 불이 났다면? 당황하지 않고 대피하는 5단계 행동 수칙,1,next,강한 신호(같은 클러스터/대표 키워드 일치) 없이 카테고리 일치 또는 소수 keyword/tag overlap만으로 연결됨(점수 1)
2026-08-13-storage-auto-545d8d,1인 가구 수납 비교｜좁은 집 정리,2026-07-30-storage-17,"직장인 원룸러, 좁은 집도 넓게 쓰는 '침실-거실' 공간분리 현실 가이드",1,next,강한 신호(같은 클러스터/대표 키워드 일치) 없이 카테고리 일치 또는 소수 keyword/tag overlap만으로 연결됨(점수 1)
2026-08-13-storage-auto-545d8d,1인 가구 수납 비교｜좁은 집 정리,2026-07-30-storage-20,"바쁜 1인 가구 직장인, 퇴근 후에도 어지러운 주방? 딱 3단계로 끝내는 현실적인 정리법",1,next,강한 신호(같은 클러스터/대표 키워드 일치) 없이 카테고리 일치 또는 소수 keyword/tag overlap만으로 연결됨(점수 1)
2026-08-13-storage-auto-ccc061,싱크대 하부장 정리 알아보기｜세면대 하부장 수납,2026-07-30-storage-17,"직장인 원룸러, 좁은 집도 넓게 쓰는 '침실-거실' 공간분리 현실 가이드",1,next,강한 신호(같은 클러스터/대표 키워드 일치) 없이 카테고리 일치 또는 소수 keyword/tag overlap만으로 연결됨(점수 1)
2026-08-14-cost-auto-304499,"혼자 사는 직장인, 책 읽고 싶은데 매번 구매 비용 부담된다면? 도서관 vs. 전자책 구독 vs. 종이책 구매, 나에게 맞는 최적의 독서법은?",2026-07-30-cost-2,"혼자 사는 직장인, 예상치 못한 공과금 폭탄 피하는 전기·가스·수도 요금 절약 실전 가이드",1,next,강한 신호(같은 클러스터/대표 키워드 일치) 없이 카테고리 일치 또는 소수 keyword/tag overlap만으로 연결됨(점수 1)
2026-08-14-food-auto-0030b0,"혼자 사는 직장인, 개봉한 통조림·병조림·소분팩 소스 앞에서 망설일 때: 버리지 않고 끝까지 알뜰하게 즐기는 현실적인 보관 & 활용 전략",2026-07-29-food-9,퇴근 후 지쳐도 괜찮아: 1인 가구 직장인이 냉장고 털어 일주일 식단을 미리 짜는 현실적인 방법,1,next,강한 신호(같은 클러스터/대표 키워드 일치) 없이 카테고리 일치 또는 소수 keyword/tag overlap만으로 연결됨(점수 1)
2026-08-14-food-auto-0030b0,"혼자 사는 직장인, 개봉한 통조림·병조림·소분팩 소스 앞에서 망설일 때: 버리지 않고 끝까지 알뜰하게 즐기는 현실적인 보관 & 활용 전략",2026-07-30-food-10,"퇴근 후 요리 스트레스 줄여줄 1인 가구 필수템, 식재료 소분과 냉동 보관 완벽 가이드",1,next,강한 신호(같은 클러스터/대표 키워드 일치) 없이 카테고리 일치 또는 소수 keyword/tag overlap만으로 연결됨(점수 1)
2026-08-14-food-auto-78155f,"혼자 사는 직장인, 빠르고 간편하게 단백질 챙기고 싶을 때: 참치캔 vs. 닭가슴살 통조림/팩 vs. 즉석 두부, 당신의 건강과 편리함을 위한 현명한 선택",2026-07-30-food-10,"퇴근 후 요리 스트레스 줄여줄 1인 가구 필수템, 식재료 소분과 냉동 보관 완벽 가이드",1,next,강한 신호(같은 클러스터/대표 키워드 일치) 없이 카테고리 일치 또는 소수 keyword/tag overlap만으로 연결됨(점수 1)
2026-08-14-food-auto-950e9e,"혼자 사는 직장인, 팬트리 속 '말린 식재료' (미역, 다시마, 표고버섯 등), 언제까지, 어떻게 보관해야 할까? 맛과 건강 다 잡는 현실적인 관리법",2026-07-29-food-9,퇴근 후 지쳐도 괜찮아: 1인 가구 직장인이 냉장고 털어 일주일 식단을 미리 짜는 현실적인 방법,1,next,강한 신호(같은 클러스터/대표 키워드 일치) 없이 카테고리 일치 또는 소수 keyword/tag overlap만으로 연결됨(점수 1)
2026-08-14-food-auto-950e9e,"혼자 사는 직장인, 팬트리 속 '말린 식재료' (미역, 다시마, 표고버섯 등), 언제까지, 어떻게 보관해야 할까? 맛과 건강 다 잡는 현실적인 관리법",2026-07-30-food-10,"퇴근 후 요리 스트레스 줄여줄 1인 가구 필수템, 식재료 소분과 냉동 보관 완벽 가이드",1,next,강한 신호(같은 클러스터/대표 키워드 일치) 없이 카테고리 일치 또는 소수 keyword/tag overlap만으로 연결됨(점수 1)
2026-08-14-lifestyle-auto-e506f6,1인 가구 기념일 비교｜혼자 생일 보내기,2026-07-30-lifestyle-60,주말 무기력 해결 방법｜주말 계획,1,next,강한 신호(같은 클러스터/대표 키워드 일치) 없이 카테고리 일치 또는 소수 keyword/tag overlap만으로 연결됨(점수 1)
2026-08-14-lifestyle-auto-e506f6,1인 가구 기념일 비교｜혼자 생일 보내기,2026-07-30-lifestyle-62,"퇴근 후 혼밥이 귀찮은 1인 가구, 매일 끼니 거르지 않고 건강 챙기는 현실적인 식사 루틴",1,next,강한 신호(같은 클러스터/대표 키워드 일치) 없이 카테고리 일치 또는 소수 keyword/tag overlap만으로 연결됨(점수 1)
2026-08-14-storage-auto-be0ab4,1인 가구 식사 공간 비교｜원룸 작업 공간,2026-07-30-storage-17,"직장인 원룸러, 좁은 집도 넓게 쓰는 '침실-거실' 공간분리 현실 가이드",1,next,강한 신호(같은 클러스터/대표 키워드 일치) 없이 카테고리 일치 또는 소수 keyword/tag overlap만으로 연결됨(점수 1)
2026-08-14-storage-auto-be0ab4,1인 가구 식사 공간 비교｜원룸 작업 공간,2026-07-30-storage-20,"바쁜 1인 가구 직장인, 퇴근 후에도 어지러운 주방? 딱 3단계로 끝내는 현실적인 정리법",1,next,강한 신호(같은 클러스터/대표 키워드 일치) 없이 카테고리 일치 또는 소수 keyword/tag overlap만으로 연결됨(점수 1)
2026-07-30-cleaning-26,"퇴근 후 마주한 눅눅한 욕실, 1인 가구 화장실 곰팡이, 딱 30분이면 끝내는 완벽 제거 가이드",2026-08-08-products-auto-57c503,"혼자 사는 직장인, 퇴근 후 끈적한 바닥에 지쳤다면? 1인 가구 로봇 물걸레 청소기 vs 무선 전동 물걸레 청소기, 나에게 맞는 현명한 선택은?",2,next,강한 신호(같은 클러스터/대표 키워드 일치) 없이 카테고리 일치 또는 소수 keyword/tag overlap만으로 연결됨(점수 2)
2026-07-30-housing-45,"1인 가구 이사, 퇴근 후 틈틈이 준비해도 시간과 돈 아끼는 최적의 체크리스트",2026-08-07-cleaning-auto-21d8af,다림질 매트 비교｜다리미판,2,next,강한 신호(같은 클러스터/대표 키워드 일치) 없이 카테고리 일치 또는 소수 keyword/tag overlap만으로 연결됨(점수 2)
2026-07-30-housing-48,옵션 가전 고장 알아보기｜세입자 책임,2026-07-30-cleaning-29,"바쁜 1인 가구, 침구 세탁 주기 헷갈릴 때? 쾌적한 잠자리를 위한 현실 가이드",2,next,강한 신호(같은 클러스터/대표 키워드 일치) 없이 카테고리 일치 또는 소수 keyword/tag overlap만으로 연결됨(점수 2)
2026-07-30-housing-48,옵션 가전 고장 알아보기｜세입자 책임,2026-07-30-products-57,"바쁜 1인 가구 직장인, 장보기 시간 아깝다면? 돈과 시간 아끼는 정기배송 서비스 선택 가이드",2,next,강한 신호(같은 클러스터/대표 키워드 일치) 없이 카테고리 일치 또는 소수 keyword/tag overlap만으로 연결됨(점수 2)
2026-07-30-housing-69,"한겨울 밤, 1인 가구 보일러 고장? 당황 말고 이 순서대로 대처하세요",2026-08-01-safety-auto-835af8,"혼자 사는 당신, 보일러나 난방기 사용 중 갑자기 어지럽고 메스꺼울 때? 침묵의 살인자 일산화탄소 대처법",2,next,강한 신호(같은 클러스터/대표 키워드 일치) 없이 카테고리 일치 또는 소수 keyword/tag overlap만으로 연결됨(점수 2)
2026-07-30-lifestyle-60,주말 무기력 해결 방법｜주말 계획,2026-08-07-food-auto-55d572,"혼자 사는 직장인, 퇴근 후 저녁 요리 망설일 때: 주말 2시간으로 평일 요리 시간 10분 만드는 스마트 식재료 준비 루틴",2,next,강한 신호(같은 클러스터/대표 키워드 일치) 없이 카테고리 일치 또는 소수 keyword/tag overlap만으로 연결됨(점수 2)
2026-07-30-lifestyle-61,"혼자 사는 직장인, 퇴근 후 찾아오는 쓸쓸함을 현명하게 다루는 3단계 루틴",2026-07-30-housing-42,"내 첫 원룸 계약, 퇴근 후 15분으로 손해 없이 똑똑하게 확인하는 법",2,next,강한 신호(같은 클러스터/대표 키워드 일치) 없이 카테고리 일치 또는 소수 keyword/tag overlap만으로 연결됨(점수 2)
2026-07-30-lifestyle-61,"혼자 사는 직장인, 퇴근 후 찾아오는 쓸쓸함을 현명하게 다루는 3단계 루틴",2026-08-07-housing-auto-0bc6a2,"혼자 사는 직장인, 좁은 집 짐 처치 곤란? 셀프 스토리지 vs 비우기, 내 돈 아끼는 현명한 선택 가이드",2,next,강한 신호(같은 클러스터/대표 키워드 일치) 없이 카테고리 일치 또는 소수 keyword/tag overlap만으로 연결됨(점수 2)
2026-07-30-lifestyle-64,"퇴근 후 무기력함에 지친 1인 가구 직장인, 잠들기 전 2시간으로 내일을 바꾸는 저녁 루틴",2026-08-01-cleaning-auto-2b8bbd,"출근길 커피 얼룩, 퇴근 후 저녁 식사 흔적? 혼자 사는 당신의 옷 얼룩, 망치지 않고 빠르게 지우는 법",2,next,강한 신호(같은 클러스터/대표 키워드 일치) 없이 카테고리 일치 또는 소수 keyword/tag overlap만으로 연결됨(점수 2)
2026-07-30-lifestyle-65,"혼자 사는 내가 갑자기 아플 때, 망설임 없이 도움을 요청하고 돌봐줄 사람 찾는 실전 가이드",2026-07-30-safety-41,"혼자 사는 당신이 아프거나 연락 안 될 때: 위기 상황 대비 비상연락망, 이렇게 만드세요!",2,next,강한 신호(같은 클러스터/대표 키워드 일치) 없이 카테고리 일치 또는 소수 keyword/tag overlap만으로 연결됨(점수 2)
2026-07-30-lifestyle-65,"혼자 사는 내가 갑자기 아플 때, 망설임 없이 도움을 요청하고 돌봐줄 사람 찾는 실전 가이드",2026-08-07-safety-auto-86e30d,혼자 살 때 아플 때 해결 방법｜아플 때 식사,2,next,강한 신호(같은 클러스터/대표 키워드 일치) 없이 카테고리 일치 또는 소수 keyword/tag overlap만으로 연결됨(점수 2)
2026-07-30-products-57,"바쁜 1인 가구 직장인, 장보기 시간 아깝다면? 돈과 시간 아끼는 정기배송 서비스 선택 가이드",2026-07-29-food-9,퇴근 후 지쳐도 괜찮아: 1인 가구 직장인이 냉장고 털어 일주일 식단을 미리 짜는 현실적인 방법,2,next,강한 신호(같은 클러스터/대표 키워드 일치) 없이 카테고리 일치 또는 소수 keyword/tag overlap만으로 연결됨(점수 2)
2026-07-30-products-57,"바쁜 1인 가구 직장인, 장보기 시간 아깝다면? 돈과 시간 아끼는 정기배송 서비스 선택 가이드",2026-07-30-food-13,"1인 가구, 남은 배달음식 버릴까? 다음 끼니까지 안전하게 보관하는 현실적인 팁",2,next,강한 신호(같은 클러스터/대표 키워드 일치) 없이 카테고리 일치 또는 소수 keyword/tag overlap만으로 연결됨(점수 2)
2026-07-30-safety-34,"혼자 사는 내가 갑자기 아플 때, 응급실 가기 전 챙길 물건 최소화 리스트",2026-07-30-lifestyle-62,"퇴근 후 혼밥이 귀찮은 1인 가구, 매일 끼니 거르지 않고 건강 챙기는 현실적인 식사 루틴",2,next,강한 신호(같은 클러스터/대표 키워드 일치) 없이 카테고리 일치 또는 소수 keyword/tag overlap만으로 연결됨(점수 2)
2026-07-30-safety-39,"늦은 밤, 혼자 사는 여성이 집에서 불안감 느낄 때? 외부 침입 완벽 차단하는 우리 집 점검법",2026-07-30-products-56,"빈집 걱정 끝! 1인 가구를 위한 가정용 보안카메라, 이 5가지만 보고 고르세요",2,next,강한 신호(같은 클러스터/대표 키워드 일치) 없이 카테고리 일치 또는 소수 keyword/tag overlap만으로 연결됨(점수 2)
2026-07-30-safety-40,"해외여행/출장 떠나는 1인 가구, 집 비우기 전 잊지 말아야 할 안전 점검 순서",2026-07-30-lifestyle-59,"1인 가구 직장인, 퇴근 후나 주말에 혼자 있을 때 자꾸 무기력해진다면? 당신의 생활 리듬을 되찾는 현실적인 방법",2,next,강한 신호(같은 클러스터/대표 키워드 일치) 없이 카테고리 일치 또는 소수 keyword/tag overlap만으로 연결됨(점수 2)
2026-07-30-storage-19,"1인 가구 직장인, 침대 밑 빈 공간에 짐 넣기 전 반드시 확인해야 할 3가지",2026-07-30-housing-48,옵션 가전 고장 알아보기｜세입자 책임,2,next,강한 신호(같은 클러스터/대표 키워드 일치) 없이 카테고리 일치 또는 소수 keyword/tag overlap만으로 연결됨(점수 2)
2026-07-30-storage-21,"현관 열자마자 꿉꿉한 냄새? 1인 가구 신발장 냄새, 근본부터 해결하는 현실 관리법",2026-08-06-cleaning-auto-907063,"혼자 사는 당신, 현관문 열자마자 신발장 냄새에 미간 찌푸린다고요? 10분 만에 꿉꿉한 냄새 싹 잡고 쾌적하게 만드는 현실 솔루션",2,next,강한 신호(같은 클러스터/대표 키워드 일치) 없이 카테고리 일치 또는 소수 keyword/tag overlap만으로 연결됨(점수 2)
2026-07-31-housing-71,"혼자 사는 집 고장! 집주인이 수리 미룰 때, 내 돈 아끼는 현실적인 해결 순서",2026-08-01-safety-auto-4f0708,"혼자 사는 당신, 늦은 밤 갑자기 정전될 때? 당황하지 않고 안전하게 대처하는 현실적인 방법",2,next,강한 신호(같은 클러스터/대표 키워드 일치) 없이 카테고리 일치 또는 소수 keyword/tag overlap만으로 연결됨(점수 2)
2026-07-31-housing-71,"혼자 사는 집 고장! 집주인이 수리 미룰 때, 내 돈 아끼는 현실적인 해결 순서",2026-08-04-safety-auto-ceca45,창문 깨짐 방법｜유리 파편,2,next,강한 신호(같은 클러스터/대표 키워드 일치) 없이 카테고리 일치 또는 소수 keyword/tag overlap만으로 연결됨(점수 2)
2026-07-31-safety-73,"혼자 사는 당신, 퇴근 후 갑자기 고열이 날 때 병원까지 안전하게 가는 현실적인 대처법",2026-07-30-lifestyle-62,"퇴근 후 혼밥이 귀찮은 1인 가구, 매일 끼니 거르지 않고 건강 챙기는 현실적인 식사 루틴",2,next,강한 신호(같은 클러스터/대표 키워드 일치) 없이 카테고리 일치 또는 소수 keyword/tag overlap만으로 연결됨(점수 2)
2026-07-31-safety-73,"혼자 사는 당신, 퇴근 후 갑자기 고열이 날 때 병원까지 안전하게 가는 현실적인 대처법",2026-08-11-food-auto-452e94,"혼자 사는 직장인, 매일 신선 채소 챙겨 먹기 어려울 때: 샐러드 정기배송 vs. 직접 재료 손질, 당신의 건강과 지갑을 위한 현명한 선택",2,next,강한 신호(같은 클러스터/대표 키워드 일치) 없이 카테고리 일치 또는 소수 keyword/tag overlap만으로 연결됨(점수 2)
2026-08-01-cleaning-auto-2b8bbd,"출근길 커피 얼룩, 퇴근 후 저녁 식사 흔적? 혼자 사는 당신의 옷 얼룩, 망치지 않고 빠르게 지우는 법",2026-07-30-lifestyle-64,"퇴근 후 무기력함에 지친 1인 가구 직장인, 잠들기 전 2시간으로 내일을 바꾸는 저녁 루틴",2,next,강한 신호(같은 클러스터/대표 키워드 일치) 없이 카테고리 일치 또는 소수 keyword/tag overlap만으로 연결됨(점수 2)
2026-08-01-cleaning-auto-2b8bbd,"출근길 커피 얼룩, 퇴근 후 저녁 식사 흔적? 혼자 사는 당신의 옷 얼룩, 망치지 않고 빠르게 지우는 법",2026-08-01-cost-auto-4a41b3,"혼자 사는 직장인, 빨래 쌓일 때마다 한숨 나온다면? 코인 세탁방 vs. 미니 세탁기, 후회 없는 선택 가이드",2,next,강한 신호(같은 클러스터/대표 키워드 일치) 없이 카테고리 일치 또는 소수 keyword/tag overlap만으로 연결됨(점수 2)
2026-08-01-cleaning-auto-48265b,"혼자 사는 당신, 퇴근 후 마주하는 음식물 쓰레기 냄새? 지금 당장 싹 잡고 깔끔하게 처리하는 법",2026-07-30-food-16,"퇴근 후 요리하는 1인 가구, 냄새 없이 음식물 쓰레기 줄이는 현실적인 루틴",2,next,강한 신호(같은 클러스터/대표 키워드 일치) 없이 카테고리 일치 또는 소수 keyword/tag overlap만으로 연결됨(점수 2)
2026-08-01-cleaning-auto-48265b,"혼자 사는 당신, 퇴근 후 마주하는 음식물 쓰레기 냄새? 지금 당장 싹 잡고 깔끔하게 처리하는 법",2026-07-30-products-53,퇴근 후 음식물 쓰레기 냄새? 1인 가구에 딱 맞는 음식물처리기 현명하게 고르는 법,2,next,강한 신호(같은 클러스터/대표 키워드 일치) 없이 카테고리 일치 또는 소수 keyword/tag overlap만으로 연결됨(점수 2)
2026-08-01-cost-auto-8e14b1,"혼자 사는 직장인, 대용량 생필품/식료품, 사야 할까? 말아야 할까? 내게 맞는 구매 기준 3단계",2026-08-06-food-auto-06029f,"혼자 사는 직장인, 첫 요리에 어떤 양념 살지 막막할 때? 낭비 없이 우리 집 만능 양념통 만드는 현실적인 기준",2,next,강한 신호(같은 클러스터/대표 키워드 일치) 없이 카테고리 일치 또는 소수 keyword/tag overlap만으로 연결됨(점수 2)
2026-08-01-cost-auto-9c7467,혼자 사는 직장인 옷 방법｜옷값 절약,2026-08-05-storage-auto-1764b0,"1인 가구 직장인, 좁은 옷장 '꽉 찬 옷' 때문에 숨막힌다면? 옷걸이 하나라도 더 거는 현실 수납법",2,next,강한 신호(같은 클러스터/대표 키워드 일치) 없이 카테고리 일치 또는 소수 keyword/tag overlap만으로 연결됨(점수 2)
2026-08-01-cost-auto-9c7467,혼자 사는 직장인 옷 방법｜옷값 절약,2026-08-06-storage-auto-4e768a,"1인 가구 직장인, '꽉 찬 옷장' 막막하다면? 내 옷에 맞춰 '선반 vs 서랍 vs 수납함' 최적 조합 찾는 현실 가이드",2,next,강한 신호(같은 클러스터/대표 키워드 일치) 없이 카테고리 일치 또는 소수 keyword/tag overlap만으로 연결됨(점수 2)
2026-08-01-food-auto-0ac183,"혼자 사는 직장인, 반만 쓰고 남은 채소, 싱싱하게 다음 끼니까지 보관하는 현실적인 방법",2026-07-30-storage-22,"좁은 원룸 냉장고, 식재료 낭비 없이 깔끔하게 쓰는 현실 정리법",2,next,강한 신호(같은 클러스터/대표 키워드 일치) 없이 카테고리 일치 또는 소수 keyword/tag overlap만으로 연결됨(점수 2)
2026-08-01-housing-auto-18e480,"혼자 사는 직장인, 우리 집 화재·누수 걱정 끝! 내 보증금·물건 지키는 전월세 보험 똑똑하게 가입하기",2026-08-06-safety-auto-669f80,"혼자 사는 당신, 예기치 못한 사고에 재산 보호는? 일반 주택화재보험 vs. 1인 가구 맞춤 종합보험, 어떤 보험이 나에게 유리할까?",2,next,강한 신호(같은 클러스터/대표 키워드 일치) 없이 카테고리 일치 또는 소수 keyword/tag overlap만으로 연결됨(점수 2)
2026-08-01-housing-auto-18e480,"혼자 사는 직장인, 우리 집 화재·누수 걱정 끝! 내 보증금·물건 지키는 전월세 보험 똑똑하게 가입하기",2026-08-07-cost-auto-846842,"혼자 사는 직장인, 예상치 못한 사고에 내 물건 다 날아갈까 봐 불안하다면? 1인 가구 주택화재보험(세입자 보험), 과연 돈 값 할까?",2,next,강한 신호(같은 클러스터/대표 키워드 일치) 없이 카테고리 일치 또는 소수 keyword/tag overlap만으로 연결됨(점수 2)
2026-08-01-housing-auto-1c1518,"혼자 사는 직장인, 이사 갈 때 대형 폐기물 처리? 시간과 돈 아끼는 3가지 선택 비교",2026-08-13-cleaning-auto-545cef,"혼자 사는 당신, 자취방에 쌓인 못 쓰는 가구와 가전, 어떻게 버려야 할지 막막하다고? 딱 15분, 골치 아픈 대형 폐기물 스마트하게 처리하는 현실 가이드",2,next,강한 신호(같은 클러스터/대표 키워드 일치) 없이 카테고리 일치 또는 소수 keyword/tag overlap만으로 연결됨(점수 2)
2026-08-01-housing-auto-bd24e0,"혼자 사는 직장인, 늦은 밤 이웃 소음에 잠 못 들 때? 감정 소모 줄이고 똑똑하게 해결하는 순서",2026-07-30-lifestyle-64,"퇴근 후 무기력함에 지친 1인 가구 직장인, 잠들기 전 2시간으로 내일을 바꾸는 저녁 루틴",2,next,강한 신호(같은 클러스터/대표 키워드 일치) 없이 카테고리 일치 또는 소수 keyword/tag overlap만으로 연결됨(점수 2)
2026-08-01-lifestyle-auto-29922b,혼자 사는 삶 비교｜하우스메이트 장단점,2026-07-30-cost-2,"혼자 사는 직장인, 예상치 못한 공과금 폭탄 피하는 전기·가스·수도 요금 절약 실전 가이드",2,next,강한 신호(같은 클러스터/대표 키워드 일치) 없이 카테고리 일치 또는 소수 keyword/tag overlap만으로 연결됨(점수 2)
2026-08-01-lifestyle-auto-29922b,혼자 사는 삶 비교｜하우스메이트 장단점,2026-07-30-cost-3,"혼자 사는 직장인, 통신비 월 2만원 아끼는 알뜰폰+인터넷 vs 3사 결합, 현명한 선택 가이드",2,next,강한 신호(같은 클러스터/대표 키워드 일치) 없이 카테고리 일치 또는 소수 keyword/tag overlap만으로 연결됨(점수 2)
2026-08-01-lifestyle-auto-f56796,혼자 사는 집 비교｜퇴근 후 루틴,2026-08-05-safety-auto-9a8ad6,"혼자 사는 당신, 퇴근 후 안전하게 택배를 받을 때? 스마트 무인 택배함 vs. 문 앞 비대면 배송, 나에게 맞는 선택은?",2,next,강한 신호(같은 클러스터/대표 키워드 일치) 없이 카테고리 일치 또는 소수 keyword/tag overlap만으로 연결됨(점수 2)
2026-08-01-safety-auto-0e6262,일산화탄소 중독 해결 방법｜보일러 이상,2026-08-04-cost-auto-7e7d88,"혼자 사는 직장인, 난방비 폭탄 걱정될 때! 우리 집 겨울, 후회 없이 따뜻하고 저렴하게 나는 법",2,next,강한 신호(같은 클러스터/대표 키워드 일치) 없이 카테고리 일치 또는 소수 keyword/tag overlap만으로 연결됨(점수 2)
2026-08-01-safety-auto-b177af,"혼자 사는 당신, 갑자기 천장에서 물이 새거나 벽이 젖을 때 당황하지 않고 대처하는 방법",2026-07-30-cost-70,"혼자 사는 직장인, 갑자기 늘어난 수도요금: 숨은 누수 찾고 해결하는 실전 가이드",2,next,강한 신호(같은 클러스터/대표 키워드 일치) 없이 카테고리 일치 또는 소수 keyword/tag overlap만으로 연결됨(점수 2)
2026-08-01-storage-auto-499287,"베란다 없는 원룸러, 방 한가운데 빨래 건조대? 최소 공간으로 '빨래 지옥' 끝내는 법",2026-08-10-cleaning-auto-aeb4a0,"혼자 사는 당신, 좁은 집에서 빨래가 축축하고 냄새난다고요? 소형 건조기 vs 스마트 건조대, 후회 없는 선택 기준",2,next,강한 신호(같은 클러스터/대표 키워드 일치) 없이 카테고리 일치 또는 소수 keyword/tag overlap만으로 연결됨(점수 2)
2026-08-01-storage-auto-c54f86,1인 가구 액세서리 수납 비교｜원룸 가방 정리,2026-08-04-housing-auto-e8de0c,"혼자 사는 직장인, 집주인/관리사무소의 갑작스러운 방문 요청, 내 사생활 지키며 똑똑하게 대처하는 법",2,next,강한 신호(같은 클러스터/대표 키워드 일치) 없이 카테고리 일치 또는 소수 keyword/tag overlap만으로 연결됨(점수 2)
2026-08-03-cost-auto-d01191,1인 가구 청소 서비스 방법｜생활비 절약,2026-07-30-lifestyle-64,"퇴근 후 무기력함에 지친 1인 가구 직장인, 잠들기 전 2시간으로 내일을 바꾸는 저녁 루틴",2,next,강한 신호(같은 클러스터/대표 키워드 일치) 없이 카테고리 일치 또는 소수 keyword/tag overlap만으로 연결됨(점수 2)
2026-08-03-cost-auto-d01191,1인 가구 청소 서비스 방법｜생활비 절약,2026-08-01-lifestyle-auto-976633,"1인 가구 직장인, '혼자라서 시간 많지?' 오해에 지쳤다면? 퇴근 후 내 시간 지키는 현명한 거절법",2,next,강한 신호(같은 클러스터/대표 키워드 일치) 없이 카테고리 일치 또는 소수 keyword/tag overlap만으로 연결됨(점수 2)
2026-08-03-products-auto-1b3cc6,"퇴근 후 내 방만 시원하게! 1인 가구 이동식 에어컨 VS 서큘레이터, 뭐가 맞을까?",2026-08-06-cleaning-auto-ab8bbf,에어컨 필터 청소 비교｜에어컨 관리,2,next,강한 신호(같은 클러스터/대표 키워드 일치) 없이 카테고리 일치 또는 소수 keyword/tag overlap만으로 연결됨(점수 2)
2026-08-04-cost-auto-dac7b3,"혼자 사는 직장인, 건강 관리 돈 아끼려면? 헬스장 vs 홈트 vs 야외 운동, 내게 맞는 선택 기준 3가지",2026-08-06-products-auto-99b34b,"혼자 사는 직장인, 좁은 집에서도 허리 편한 홈 오피스? 인체공학 의자 vs 스탠딩 데스크 컨버터, 내게 맞는 선택은?",2,next,강한 신호(같은 클러스터/대표 키워드 일치) 없이 카테고리 일치 또는 소수 keyword/tag overlap만으로 연결됨(점수 2)
2026-08-04-housing-auto-e8de0c,"혼자 사는 직장인, 집주인/관리사무소의 갑작스러운 방문 요청, 내 사생활 지키며 똑똑하게 대처하는 법",2026-08-01-storage-auto-c54f86,1인 가구 액세서리 수납 비교｜원룸 가방 정리,2,next,강한 신호(같은 클러스터/대표 키워드 일치) 없이 카테고리 일치 또는 소수 keyword/tag overlap만으로 연결됨(점수 2)
2026-08-04-safety-auto-ceca45,창문 깨짐 방법｜유리 파편,2026-07-31-housing-71,"혼자 사는 집 고장! 집주인이 수리 미룰 때, 내 돈 아끼는 현실적인 해결 순서",2,next,강한 신호(같은 클러스터/대표 키워드 일치) 없이 카테고리 일치 또는 소수 keyword/tag overlap만으로 연결됨(점수 2)
2026-08-05-cost-auto-9715f2,"혼자 사는 직장인, 물값 매달 낭비 말고! 생수 vs. 정수기 vs. 필터, 내게 맞는 최적의 선택은?",2026-07-30-cleaning-67,냉장고 냄새 방법｜냉장고 청소법,2,next,강한 신호(같은 클러스터/대표 키워드 일치) 없이 카테고리 일치 또는 소수 keyword/tag overlap만으로 연결됨(점수 2)
2026-08-05-cost-auto-e4ec33,"혼자 사는 직장인, 매달 쓰레기 봉투값도 아깝다면? 생활 폐기물 비용 줄이고 버리는 스트레스 없애는 법",2026-07-30-cleaning-28,"퇴근 후 급하게 돌린 빨래, 쉰 냄새 고민 끝! 1인 가구를 위한 초간단 세탁 관리법",2,next,강한 신호(같은 클러스터/대표 키워드 일치) 없이 카테고리 일치 또는 소수 keyword/tag overlap만으로 연결됨(점수 2)
2026-08-05-housing-auto-580e50,"혼자 사는 직장인, 반려동물 키우고 싶은데 계약 위반 걱정? 집주인과 현명하게 합의하는 3단계",2026-08-06-products-auto-2eb0f5,"혼자 사는 직장인, 짧은 출장/휴가 때 반려동물 돌봄 걱정이라면? 펫시터 vs. 펫호텔 vs. 스마트 기기, 내게 맞는 최적의 선택은?",2,next,강한 신호(같은 클러스터/대표 키워드 일치) 없이 카테고리 일치 또는 소수 keyword/tag overlap만으로 연결됨(점수 2)
2026-08-05-housing-auto-580e50,"혼자 사는 직장인, 반려동물 키우고 싶은데 계약 위반 걱정? 집주인과 현명하게 합의하는 3단계",2026-08-07-cost-auto-efcd2f,"혼자 사는 직장인, 사랑하는 반려동물 병원비 폭탄 걱정된다면? 펫보험 vs 예방 관리, 내게 맞는 최적의 선택은?",2,next,강한 신호(같은 클러스터/대표 키워드 일치) 없이 카테고리 일치 또는 소수 keyword/tag overlap만으로 연결됨(점수 2)
2026-08-05-lifestyle-auto-420299,재택근무 루틴 알아보기｜재택근무 생활 리듬,2026-08-06-products-auto-99b34b,"혼자 사는 직장인, 좁은 집에서도 허리 편한 홈 오피스? 인체공학 의자 vs 스탠딩 데스크 컨버터, 내게 맞는 선택은?",2,next,강한 신호(같은 클러스터/대표 키워드 일치) 없이 카테고리 일치 또는 소수 keyword/tag overlap만으로 연결됨(점수 2)
2026-08-06-cleaning-auto-643cdf,"혼자 사는 당신, 이사/대청소 후 버릴 곳 없는 가구·가전·매트리스? 10분 만에 깔끔하게 처리하는 현실 가이드",2026-08-01-products-auto-7e3829,"혼자 사는 직장인, 가구·가전제품 폐기 막막하다면? 대형 폐기물 현명하게 버리는 4가지 방법 비교",2,next,강한 신호(같은 클러스터/대표 키워드 일치) 없이 카테고리 일치 또는 소수 keyword/tag overlap만으로 연결됨(점수 2)
2026-08-06-cleaning-auto-858326,청소포 비교｜극세사 걸레,2026-07-30-products-54,"바쁜 1인 가구, 남은 밥 버릴 걱정 없이 딱 맞는 전기밥솥 고르는 3가지 기준",2,next,강한 신호(같은 클러스터/대표 키워드 일치) 없이 카테고리 일치 또는 소수 keyword/tag overlap만으로 연결됨(점수 2)
2026-08-06-cleaning-auto-ba24cc,"혼자 사는 당신, 설거지 후 주방 싱크대 물이 안 내려가? 지금 당장 막힌 배수구 뻥 뚫는 현실적인 솔루션",2026-08-04-storage-auto-28ed9d,1인 가구 식료품 수납 알아보기｜좁은 주방 정리,2,next,강한 신호(같은 클러스터/대표 키워드 일치) 없이 카테고리 일치 또는 소수 keyword/tag overlap만으로 연결됨(점수 2)
2026-08-06-cleaning-auto-ec8541,"혼자 사는 당신, 주방 후드에서 끈적한 기름때 뚝뚝? 퇴근 후 30분, 새것처럼 되돌리는 초간단 청소법",2026-07-30-storage-20,"바쁜 1인 가구 직장인, 퇴근 후에도 어지러운 주방? 딱 3단계로 끝내는 현실적인 정리법",2,next,강한 신호(같은 클러스터/대표 키워드 일치) 없이 카테고리 일치 또는 소수 keyword/tag overlap만으로 연결됨(점수 2)
2026-08-06-cleaning-auto-ec8541,"혼자 사는 당신, 주방 후드에서 끈적한 기름때 뚝뚝? 퇴근 후 30분, 새것처럼 되돌리는 초간단 청소법",2026-08-04-products-auto-db26cb,"혼자 사는 직장인, 퇴근 후 빠르고 맛있는 한 끼! 에어프라이어 vs 토스터 오븐, 우리 집에 맞는 건?",2,next,강한 신호(같은 클러스터/대표 키워드 일치) 없이 카테고리 일치 또는 소수 keyword/tag overlap만으로 연결됨(점수 2)
2026-08-06-cost-auto-b32a96,온라인 쇼핑 배송비 기준｜배송비 아끼는 법,2026-07-30-cleaning-28,"퇴근 후 급하게 돌린 빨래, 쉰 냄새 고민 끝! 1인 가구를 위한 초간단 세탁 관리법",2,next,강한 신호(같은 클러스터/대표 키워드 일치) 없이 카테고리 일치 또는 소수 keyword/tag overlap만으로 연결됨(점수 2)
2026-08-06-cost-auto-b32a96,온라인 쇼핑 배송비 기준｜배송비 아끼는 법,2026-08-01-food-auto-6b8a79,"1인 가구, 마트에서 '이거 살까 말까?' 망설일 때: 식재료 낭비 막는 현명한 구매 결정 가이드",2,next,강한 신호(같은 클러스터/대표 키워드 일치) 없이 카테고리 일치 또는 소수 keyword/tag overlap만으로 연결됨(점수 2)
2026-08-06-cost-auto-c59747,"혼자 사는 직장인, 밤마다 OTT 유목민이라면? 나에게 딱 맞는 구독 전략으로 매달 만원 아끼는 법",2026-08-09-products-auto-7bf3a6,"혼자 사는 직장인, 좁은 집에서도 나만의 영화관을 만들고 싶다면? 미니 빔 프로젝터 vs 스마트 TV, 내게 맞는 최적의 선택은?",2,next,강한 신호(같은 클러스터/대표 키워드 일치) 없이 카테고리 일치 또는 소수 keyword/tag overlap만으로 연결됨(점수 2)
2026-08-06-cost-auto-c59747,"혼자 사는 직장인, 밤마다 OTT 유목민이라면? 나에게 딱 맞는 구독 전략으로 매달 만원 아끼는 법",2026-08-12-products-auto-2ee7a1,"혼자 사는 직장인, 매번 장보기 번거롭고 필요한 건 깜빡한다면? 1인 가구 맞춤 구독 박스 vs 직접 장보기, 나에게 딱 맞는 선택은?",2,next,강한 신호(같은 클러스터/대표 키워드 일치) 없이 카테고리 일치 또는 소수 keyword/tag overlap만으로 연결됨(점수 2)
2026-08-06-cost-auto-e8c32b,"혼자 사는 직장인, 예상치 못한 지출에 늘 불안하다면? 나만의 비상금 통장, 어떻게 만들어야 할까?",2026-08-06-products-auto-1d916e,1인 가구 전월세 안심보험 방법｜세입자 보험,2,next,강한 신호(같은 클러스터/대표 키워드 일치) 없이 카테고리 일치 또는 소수 keyword/tag overlap만으로 연결됨(점수 2)
2026-08-06-cost-auto-f652a0,"혼자 사는 직장인, 안 쓰는 물건 쌓여만 간다면? 중고거래 vs 나눔, 후회 없이 처분하고 용돈 버는 법",2026-08-01-storage-auto-387eaf,"좁은 원룸, 의자에 쌓이는 '어중간한 옷'더미! 1인 가구라면 이것부터 확인하세요",2,next,강한 신호(같은 클러스터/대표 키워드 일치) 없이 카테고리 일치 또는 소수 keyword/tag overlap만으로 연결됨(점수 2)
2026-08-06-cost-auto-f652a0,"혼자 사는 직장인, 안 쓰는 물건 쌓여만 간다면? 중고거래 vs 나눔, 후회 없이 처분하고 용돈 버는 법",2026-08-05-storage-auto-1764b0,"1인 가구 직장인, 좁은 옷장 '꽉 찬 옷' 때문에 숨막힌다면? 옷걸이 하나라도 더 거는 현실 수납법",2,next,강한 신호(같은 클러스터/대표 키워드 일치) 없이 카테고리 일치 또는 소수 keyword/tag overlap만으로 연결됨(점수 2)
2026-08-06-food-auto-585c1b,"퇴근 후 지친 1인 가구 직장인, 간단한 한 끼 요리 도구: 미니 멀티 쿠커 vs. 냄비+프라이팬, 당신의 주방에 더 현명한 선택은?",2026-07-30-products-54,"바쁜 1인 가구, 남은 밥 버릴 걱정 없이 딱 맞는 전기밥솥 고르는 3가지 기준",2,next,강한 신호(같은 클러스터/대표 키워드 일치) 없이 카테고리 일치 또는 소수 keyword/tag overlap만으로 연결됨(점수 2)
2026-08-06-food-auto-9e2cfe,"1인 가구 직장인, 냉장고 속 개봉한 소스·반찬류, 언제까지 먹어야 할지 헷갈릴 때? 버리지 않고 안전하게 끝까지 다 먹는 법",2026-08-08-safety-auto-9834c4,"혼자 사는 당신, 냉장고 속 식재료 유통기한 때문에 고민될 때: 식중독 걱정 없이 안전하게 관리하고 섭취하는 현실적인 방법",2,next,강한 신호(같은 클러스터/대표 키워드 일치) 없이 카테고리 일치 또는 소수 keyword/tag overlap만으로 연결됨(점수 2)
2026-08-06-food-auto-9e2cfe,"1인 가구 직장인, 냉장고 속 개봉한 소스·반찬류, 언제까지 먹어야 할지 헷갈릴 때? 버리지 않고 안전하게 끝까지 다 먹는 법",2026-08-14-cost-auto-c66395,난방비 절약 알아보기｜외풍,2,next,강한 신호(같은 클러스터/대표 키워드 일치) 없이 카테고리 일치 또는 소수 keyword/tag overlap만으로 연결됨(점수 2)
2026-08-06-food-auto-c5562a,"1인 가구 직장인, 달걀 한 판 앞에서 망설일 때: 신선도 낭비 없이 끝까지 알뜰하게 즐기는 구매부터 보관, 활용법",2026-08-01-storage-auto-662a7f,"1인 가구 직장인, 좁은 원룸 '한 번 입은 옷' 더미! 간편한 의류 리프레시 존 만드는 현실 팁",2,next,강한 신호(같은 클러스터/대표 키워드 일치) 없이 카테고리 일치 또는 소수 keyword/tag overlap만으로 연결됨(점수 2)
2026-08-06-housing-auto-1a9827,"혼자 사는 직장인, 급하게 작은 짐 옮길 때? 카셰어링 탑차 vs 용달 서비스, 내 돈 아끼는 현명한 선택은?",2026-07-30-cleaning-27,"혼자 사는 당신, 샤워실 배수구 냄새? 퇴근 후 15분 만에 잡는 법",2,next,강한 신호(같은 클러스터/대표 키워드 일치) 없이 카테고리 일치 또는 소수 keyword/tag overlap만으로 연결됨(점수 2)
2026-08-06-products-auto-99b34b,"혼자 사는 직장인, 좁은 집에서도 허리 편한 홈 오피스? 인체공학 의자 vs 스탠딩 데스크 컨버터, 내게 맞는 선택은?",2026-08-04-cost-auto-dac7b3,"혼자 사는 직장인, 건강 관리 돈 아끼려면? 헬스장 vs 홈트 vs 야외 운동, 내게 맞는 선택 기준 3가지",2,next,강한 신호(같은 클러스터/대표 키워드 일치) 없이 카테고리 일치 또는 소수 keyword/tag overlap만으로 연결됨(점수 2)
2026-08-06-products-auto-99b34b,"혼자 사는 직장인, 좁은 집에서도 허리 편한 홈 오피스? 인체공학 의자 vs 스탠딩 데스크 컨버터, 내게 맞는 선택은?",2026-08-05-lifestyle-auto-420299,재택근무 루틴 알아보기｜재택근무 생활 리듬,2,next,강한 신호(같은 클러스터/대표 키워드 일치) 없이 카테고리 일치 또는 소수 keyword/tag overlap만으로 연결됨(점수 2)
2026-08-06-products-auto-b3c106,"혼자 사는 직장인, 퇴근 후 현관문 앞에서 허둥지둥? 1인 가구 스마트 도어록, 똑똑하게 선택하고 설치하는 법",2026-08-04-housing-auto-24e082,"혼자 사는 직장인, 빈집 걱정 이제 그만! 우리 집 지키는 스마트 홈CCTV vs 보안 서비스, 뭘 골라야 현명할까?",2,next,강한 신호(같은 클러스터/대표 키워드 일치) 없이 카테고리 일치 또는 소수 keyword/tag overlap만으로 연결됨(점수 2)
2026-08-06-storage-auto-11ba62,"1인 가구 직장인, 좁은 원룸 거실 '앉을 자리도, 수납도 부족'하다면? 수납 스툴 vs. 수납 벤치, 현명하게 고르는 법",2026-07-30-products-58,"퇴근 후 지친 1인 가구 직장인, 쌓여가는 먼지 속에서 해방! 청소대행 서비스, 현명하게 선택하는 법",2,next,강한 신호(같은 클러스터/대표 키워드 일치) 없이 카테고리 일치 또는 소수 keyword/tag overlap만으로 연결됨(점수 2)
2026-08-06-storage-auto-239c0d,"1인 가구 직장인, 좁은 원룸 쌓여가는 분리수거 쓰레기, 냄새 걱정 없이 깔끔하게 보관하는 현실 수납법",2026-07-30-housing-48,옵션 가전 고장 알아보기｜세입자 책임,2,next,강한 신호(같은 클러스터/대표 키워드 일치) 없이 카테고리 일치 또는 소수 keyword/tag overlap만으로 연결됨(점수 2)
2026-08-06-storage-auto-4e768a,"1인 가구 직장인, '꽉 찬 옷장' 막막하다면? 내 옷에 맞춰 '선반 vs 서랍 vs 수납함' 최적 조합 찾는 현실 가이드",2026-08-01-cost-auto-9c7467,혼자 사는 직장인 옷 방법｜옷값 절약,2,next,강한 신호(같은 클러스터/대표 키워드 일치) 없이 카테고리 일치 또는 소수 keyword/tag overlap만으로 연결됨(점수 2)
2026-08-06-storage-auto-4e768a,"1인 가구 직장인, '꽉 찬 옷장' 막막하다면? 내 옷에 맞춰 '선반 vs 서랍 vs 수납함' 최적 조합 찾는 현실 가이드",2026-08-09-products-auto-b63f8d,"혼자 사는 직장인, 좁은 집 꽉 찬 옷장, 계절 옷 수납 때문에 골치 아프다면? 1인 가구 맞춤 계절 옷 보관, 이 3가지 방법으로 공간을 되찾으세요!",2,next,강한 신호(같은 클러스터/대표 키워드 일치) 없이 카테고리 일치 또는 소수 keyword/tag overlap만으로 연결됨(점수 2)
2026-08-06-storage-auto-53c51c,1인 가구 틈새 수납 비교｜초슬림 선반,2026-08-06-housing-auto-849c13,"혼자 사는 직장인, 내 공간 꾸미고 싶은데 벽 손상 걱정될 때? 못 vs 무타공 인테리어, 현명하게 결정하는 법",2,next,강한 신호(같은 클러스터/대표 키워드 일치) 없이 카테고리 일치 또는 소수 keyword/tag overlap만으로 연결됨(점수 2)
2026-08-06-storage-auto-53c51c,1인 가구 틈새 수납 비교｜초슬림 선반,2026-08-11-housing-auto-2bfaff,"혼자 사는 직장인, 조립 가구 앞에서 한숨 쉬지 마세요! 셀프 vs 전문가 조립, 시간과 돈 아끼는 현명한 선택 가이드",2,next,강한 신호(같은 클러스터/대표 키워드 일치) 없이 카테고리 일치 또는 소수 keyword/tag overlap만으로 연결됨(점수 2)
2026-08-06-storage-auto-772373,"1인 가구 직장인, 여행 후 빈 캐리어 좁은 원룸 '애물단지'라면? 숨겨진 공간 200% 활용하는 현실 수납법",2026-08-06-products-auto-9bb85c,"혼자 사는 직장인, 좁은 집에 쌓인 짐 처리 난감하다면? 셀프 스토리지 vs 방문형 짐 보관 서비스, 내게 맞는 선택은?",2,next,강한 신호(같은 클러스터/대표 키워드 일치) 없이 카테고리 일치 또는 소수 keyword/tag overlap만으로 연결됨(점수 2)
2026-08-06-storage-auto-c14a3a,1인 가구 서류 정리 알아보기｜원룸 수납,2026-08-07-safety-auto-5a549d,"혼자 사는 당신, 중요한 서류나 귀중품을 안전하게 보관할 때: 방화/방수 금고 vs. 보안 서류함, 나에게 맞는 선택은?",2,next,강한 신호(같은 클러스터/대표 키워드 일치) 없이 카테고리 일치 또는 소수 keyword/tag overlap만으로 연결됨(점수 2)
2026-08-06-storage-auto-ddb1d8,"1인 가구 직장인, 퇴근 후 던져놓는 지갑·열쇠·휴대폰… 잃어버리지 않고 깔끔하게 정리하는 현실 수납법",2026-08-01-lifestyle-auto-f56796,혼자 사는 집 비교｜퇴근 후 루틴,2,next,강한 신호(같은 클러스터/대표 키워드 일치) 없이 카테고리 일치 또는 소수 keyword/tag overlap만으로 연결됨(점수 2)
2026-08-07-cleaning-auto-5100a8,"혼자 사는 당신, '드라이클리닝 전용' 라벨 옷, 세탁소 없이 집에서 안전하게 세탁하는 현실 가이드",2026-08-05-products-auto-8d663c,"혼자 사는 직장인, 퇴근 후 드라이클리닝 번거롭다면? 동네 세탁소 vs 세탁 앱 vs 홈케어, 내게 맞는 선택은?",2,next,강한 신호(같은 클러스터/대표 키워드 일치) 없이 카테고리 일치 또는 소수 keyword/tag overlap만으로 연결됨(점수 2)
2026-08-07-cost-auto-846842,"혼자 사는 직장인, 예상치 못한 사고에 내 물건 다 날아갈까 봐 불안하다면? 1인 가구 주택화재보험(세입자 보험), 과연 돈 값 할까?",2026-08-01-housing-auto-18e480,"혼자 사는 직장인, 우리 집 화재·누수 걱정 끝! 내 보증금·물건 지키는 전월세 보험 똑똑하게 가입하기",2,next,강한 신호(같은 클러스터/대표 키워드 일치) 없이 카테고리 일치 또는 소수 keyword/tag overlap만으로 연결됨(점수 2)
2026-08-07-cost-auto-efcd2f,"혼자 사는 직장인, 사랑하는 반려동물 병원비 폭탄 걱정된다면? 펫보험 vs 예방 관리, 내게 맞는 최적의 선택은?",2026-08-05-housing-auto-580e50,"혼자 사는 직장인, 반려동물 키우고 싶은데 계약 위반 걱정? 집주인과 현명하게 합의하는 3단계",2,next,강한 신호(같은 클러스터/대표 키워드 일치) 없이 카테고리 일치 또는 소수 keyword/tag overlap만으로 연결됨(점수 2)
2026-08-07-cost-auto-efcd2f,"혼자 사는 직장인, 사랑하는 반려동물 병원비 폭탄 걱정된다면? 펫보험 vs 예방 관리, 내게 맞는 최적의 선택은?",2026-08-06-products-auto-2eb0f5,"혼자 사는 직장인, 짧은 출장/휴가 때 반려동물 돌봄 걱정이라면? 펫시터 vs. 펫호텔 vs. 스마트 기기, 내게 맞는 최적의 선택은?",2,next,강한 신호(같은 클러스터/대표 키워드 일치) 없이 카테고리 일치 또는 소수 keyword/tag overlap만으로 연결됨(점수 2)
2026-08-07-food-auto-0e8387,"1인 가구 직장인, 혼자 시킨 배달 음식 한 끼에 다 못 먹을 때: 버리지 않고 다음 끼니까지 알뜰하게 즐기는 현실적인 전략",2026-07-29-cost-1,"월급날 한숨만? 1인 가구 직장인의 한 달 고정비, 이대로 따라 하면 무조건 줄어듭니다",2,next,강한 신호(같은 클러스터/대표 키워드 일치) 없이 카테고리 일치 또는 소수 keyword/tag overlap만으로 연결됨(점수 2)
2026-08-07-food-auto-44e578,1인 가구 식재료 알아보기｜남은 식재료 활용,2026-08-12-cleaning-auto-4cf6ca,초파리 없애는 법 알아보기｜주방 초파리,2,next,강한 신호(같은 클러스터/대표 키워드 일치) 없이 카테고리 일치 또는 소수 keyword/tag overlap만으로 연결됨(점수 2)
2026-08-07-food-auto-55d572,"혼자 사는 직장인, 퇴근 후 저녁 요리 망설일 때: 주말 2시간으로 평일 요리 시간 10분 만드는 스마트 식재료 준비 루틴",2026-07-30-lifestyle-60,주말 무기력 해결 방법｜주말 계획,2,next,강한 신호(같은 클러스터/대표 키워드 일치) 없이 카테고리 일치 또는 소수 keyword/tag overlap만으로 연결됨(점수 2)
2026-08-07-food-auto-bb56bf,"혼자 사는 직장인, 냉장고 속 '조금 애매한 상태' 식재료, 버릴까 말까? 안전하게 판단하고 알뜰하게 활용하는 법",2026-07-30-cleaning-28,"퇴근 후 급하게 돌린 빨래, 쉰 냄새 고민 끝! 1인 가구를 위한 초간단 세탁 관리법",2,next,강한 신호(같은 클러스터/대표 키워드 일치) 없이 카테고리 일치 또는 소수 keyword/tag overlap만으로 연결됨(점수 2)
2026-08-07-food-auto-bb56bf,"혼자 사는 직장인, 냉장고 속 '조금 애매한 상태' 식재료, 버릴까 말까? 안전하게 판단하고 알뜰하게 활용하는 법",2026-08-03-cleaning-auto-fc046f,"바쁜 1인 가구 직장인, 매일 아침 구겨진 옷? 다림질 vs 스팀다리미, 현명한 선택 기준",2,next,강한 신호(같은 클러스터/대표 키워드 일치) 없이 카테고리 일치 또는 소수 keyword/tag overlap만으로 연결됨(점수 2)
2026-08-07-housing-auto-e33294,"혼자 사는 직장인, 입주 며칠 만에 새 집에서 누수 발견! 당황 말고 수리비 책임 따지고 해결하는 법",2026-07-30-cost-70,"혼자 사는 직장인, 갑자기 늘어난 수도요금: 숨은 누수 찾고 해결하는 실전 가이드",2,next,강한 신호(같은 클러스터/대표 키워드 일치) 없이 카테고리 일치 또는 소수 keyword/tag overlap만으로 연결됨(점수 2)
2026-08-07-housing-auto-e33294,"혼자 사는 직장인, 입주 며칠 만에 새 집에서 누수 발견! 당황 말고 수리비 책임 따지고 해결하는 법",2026-08-01-safety-auto-b177af,"혼자 사는 당신, 갑자기 천장에서 물이 새거나 벽이 젖을 때 당황하지 않고 대처하는 방법",2,next,강한 신호(같은 클러스터/대표 키워드 일치) 없이 카테고리 일치 또는 소수 keyword/tag overlap만으로 연결됨(점수 2)
2026-08-07-lifestyle-auto-6d2617,1인가구 반려동물 알아보기｜반려동물 입양,2026-08-05-housing-auto-580e50,"혼자 사는 직장인, 반려동물 키우고 싶은데 계약 위반 걱정? 집주인과 현명하게 합의하는 3단계",2,next,강한 신호(같은 클러스터/대표 키워드 일치) 없이 카테고리 일치 또는 소수 keyword/tag overlap만으로 연결됨(점수 2)
2026-08-07-lifestyle-auto-6d2617,1인가구 반려동물 알아보기｜반려동물 입양,2026-08-06-products-auto-2eb0f5,"혼자 사는 직장인, 짧은 출장/휴가 때 반려동물 돌봄 걱정이라면? 펫시터 vs. 펫호텔 vs. 스마트 기기, 내게 맞는 최적의 선택은?",2,next,강한 신호(같은 클러스터/대표 키워드 일치) 없이 카테고리 일치 또는 소수 keyword/tag overlap만으로 연결됨(점수 2)
2026-08-07-products-auto-bd7178,"혼자 사는 직장인, 낯선 초인종 소리에 불안하다면? 1인 가구 스마트 도어벨, 현명하게 고르는 3가지 기준",2026-08-06-cost-auto-3826dd,1인 가구 보안 비교｜스마트 도어락,2,next,강한 신호(같은 클러스터/대표 키워드 일치) 없이 카테고리 일치 또는 소수 keyword/tag overlap만으로 연결됨(점수 2)
2026-08-07-products-auto-d33666,"혼자 사는 직장인, 좁은 욕실 물때·곰팡이 관리가 어렵다면? 1인 가구 맞춤 욕실 청소, 셀프 vs 전문가 관리 현명하게 고르는 법",2026-08-03-safety-auto-273fdf,"혼자 사는 당신, 한밤중 갑자기 대형 바퀴벌레나 쥐를 발견했을 때: 패닉 없이 안전하게 퇴치하고 예방하는 법",2,next,강한 신호(같은 클러스터/대표 키워드 일치) 없이 카테고리 일치 또는 소수 keyword/tag overlap만으로 연결됨(점수 2)
2026-08-07-safety-auto-0d1c1b,인터넷 공유기 해킹 방법｜라우터 보안,2026-08-01-storage-auto-662a7f,"1인 가구 직장인, 좁은 원룸 '한 번 입은 옷' 더미! 간편한 의류 리프레시 존 만드는 현실 팁",2,next,강한 신호(같은 클러스터/대표 키워드 일치) 없이 카테고리 일치 또는 소수 keyword/tag overlap만으로 연결됨(점수 2)
2026-08-07-safety-auto-0d1c1b,인터넷 공유기 해킹 방법｜라우터 보안,2026-08-03-storage-auto-9015de,"1인 가구 직장인, 필요한 작은 물건 찾다 시간 다 보낸다면? '숨은 아이템' 한 번에 찾아내는 현실 수납법",2,next,강한 신호(같은 클러스터/대표 키워드 일치) 없이 카테고리 일치 또는 소수 keyword/tag overlap만으로 연결됨(점수 2)
2026-08-07-safety-auto-22735c,"혼자 사는 당신, 한밤중 반려동물 응급 상황 발생 시? 24시 동물병원 vs. 방문 진료 앱, 어떤 선택이 더 빠르고 안전할까?",2026-08-05-housing-auto-580e50,"혼자 사는 직장인, 반려동물 키우고 싶은데 계약 위반 걱정? 집주인과 현명하게 합의하는 3단계",2,next,강한 신호(같은 클러스터/대표 키워드 일치) 없이 카테고리 일치 또는 소수 keyword/tag overlap만으로 연결됨(점수 2)
2026-08-07-safety-auto-86e30d,혼자 살 때 아플 때 해결 방법｜아플 때 식사,2026-07-30-lifestyle-65,"혼자 사는 내가 갑자기 아플 때, 망설임 없이 도움을 요청하고 돌봐줄 사람 찾는 실전 가이드",2,next,강한 신호(같은 클러스터/대표 키워드 일치) 없이 카테고리 일치 또는 소수 keyword/tag overlap만으로 연결됨(점수 2)
2026-08-07-safety-auto-86e30d,혼자 살 때 아플 때 해결 방법｜아플 때 식사,2026-08-04-cost-auto-dac7b3,"혼자 사는 직장인, 건강 관리 돈 아끼려면? 헬스장 vs 홈트 vs 야외 운동, 내게 맞는 선택 기준 3가지",2,next,강한 신호(같은 클러스터/대표 키워드 일치) 없이 카테고리 일치 또는 소수 keyword/tag overlap만으로 연결됨(점수 2)
2026-08-07-safety-auto-e50d7a,"혼자 사는 당신, 집에서 미끄러지거나 넘어져 몸을 움직이기 힘들 때: 당황하지 않고 부상 상태 확인 및 도움 요청하는 현실적인 방법",2026-07-30-lifestyle-65,"혼자 사는 내가 갑자기 아플 때, 망설임 없이 도움을 요청하고 돌봐줄 사람 찾는 실전 가이드",2,next,강한 신호(같은 클러스터/대표 키워드 일치) 없이 카테고리 일치 또는 소수 keyword/tag overlap만으로 연결됨(점수 2)
2026-08-07-storage-auto-4a268b,좁은 집 수납 비교｜원룸 정리,2026-07-30-food-16,"퇴근 후 요리하는 1인 가구, 냄새 없이 음식물 쓰레기 줄이는 현실적인 루틴",2,next,강한 신호(같은 클러스터/대표 키워드 일치) 없이 카테고리 일치 또는 소수 keyword/tag overlap만으로 연결됨(점수 2)
2026-08-07-storage-auto-4a268b,좁은 집 수납 비교｜원룸 정리,2026-07-30-products-53,퇴근 후 음식물 쓰레기 냄새? 1인 가구에 딱 맞는 음식물처리기 현명하게 고르는 법,2,next,강한 신호(같은 클러스터/대표 키워드 일치) 없이 카테고리 일치 또는 소수 keyword/tag overlap만으로 연결됨(점수 2)
2026-08-07-storage-auto-6dca4b,"1인 가구 직장인, 좁은 집에 쌓이는 '추억의 물건' 때문에 답답하다면? 공간 차지 없이 깔끔하게 보관하는 현실 수납법",2026-08-06-products-auto-aad52f,"혼자 사는 직장인, 매일 입는 옷 관리 막막하다면? 의류관리기 vs. 핸디 스팀다리미, 내게 딱 맞는 선택은?",2,next,강한 신호(같은 클러스터/대표 키워드 일치) 없이 카테고리 일치 또는 소수 keyword/tag overlap만으로 연결됨(점수 2)
2026-08-07-storage-auto-b02bd8,1인 가구 소품 알아보기｜원룸 소품 정리,2026-08-06-cleaning-auto-ff8d39,1인 가구 옷 정리 알아보기｜헌 옷 버리기,2,next,강한 신호(같은 클러스터/대표 키워드 일치) 없이 카테고리 일치 또는 소수 keyword/tag overlap만으로 연결됨(점수 2)
2026-08-07-storage-auto-ffedfc,1인 가구 책 수납 알아보기｜좁은 원룸 책 정리,2026-08-01-cost-auto-9c7467,혼자 사는 직장인 옷 방법｜옷값 절약,2,next,강한 신호(같은 클러스터/대표 키워드 일치) 없이 카테고리 일치 또는 소수 keyword/tag overlap만으로 연결됨(점수 2)
2026-08-07-storage-auto-ffedfc,1인 가구 책 수납 알아보기｜좁은 원룸 책 정리,2026-08-08-products-auto-3f53f6,"혼자 사는 직장인, 뚝딱 고치고 싶어도 막막하다면? 1인 가구 필수 공구 키트, 이 3가지 기준으로 현명하게 고르세요!",2,next,강한 신호(같은 클러스터/대표 키워드 일치) 없이 카테고리 일치 또는 소수 keyword/tag overlap만으로 연결됨(점수 2)
2026-08-08-cleaning-auto-176b73,밥솥 냄새 알아보기｜밥솥 밥맛,2026-07-30-products-53,퇴근 후 음식물 쓰레기 냄새? 1인 가구에 딱 맞는 음식물처리기 현명하게 고르는 법,2,next,강한 신호(같은 클러스터/대표 키워드 일치) 없이 카테고리 일치 또는 소수 keyword/tag overlap만으로 연결됨(점수 2)
2026-08-08-cleaning-auto-176b73,밥솥 냄새 알아보기｜밥솥 밥맛,2026-08-06-food-auto-38c543,"혼자 사는 직장인, 냉장고 문 열 때마다 스멀스멀 올라오는 퀴퀴한 냄새? 식욕도 위생도 살리는 깔끔한 해결법",2,next,강한 신호(같은 클러스터/대표 키워드 일치) 없이 카테고리 일치 또는 소수 keyword/tag overlap만으로 연결됨(점수 2)
2026-08-08-cleaning-auto-b16ac0,"혼자 사는 당신, 집에 밴 꿉꿉한 생활 냄새! 향으로 덮을까? 근본을 잡을까? 방향제·디퓨저 vs 공기청정기, 현명한 선택 기준",2026-08-01-products-auto-153ac4,"혼자 사는 직장인, 환기 어려운 집에 꿉꿉한 냄새가 밴다면? 1인 가구 공기 케어, 공기청정기 vs 제습기 현명하게 고르는 법",2,next,강한 신호(같은 클러스터/대표 키워드 일치) 없이 카테고리 일치 또는 소수 keyword/tag overlap만으로 연결됨(점수 2)
2026-08-08-cost-auto-65e819,"혼자 사는 직장인, 매일 점심값으로 새는 돈 아깝다면? 도시락 vs 배달 vs 구내식당/식당, 내게 맞는 최적의 점심 식사 전략",2026-07-30-food-13,"1인 가구, 남은 배달음식 버릴까? 다음 끼니까지 안전하게 보관하는 현실적인 팁",2,next,강한 신호(같은 클러스터/대표 키워드 일치) 없이 카테고리 일치 또는 소수 keyword/tag overlap만으로 연결됨(점수 2)
2026-08-08-cost-auto-65e819,"혼자 사는 직장인, 매일 점심값으로 새는 돈 아깝다면? 도시락 vs 배달 vs 구내식당/식당, 내게 맞는 최적의 점심 식사 전략",2026-08-10-food-auto-b034b3,"혼자 사는 직장인, 점심 도시락 망설일 때: 귀찮음 없이 매일 든든한 '나만의 스마트 도시락' 만드는 법",2,next,강한 신호(같은 클러스터/대표 키워드 일치) 없이 카테고리 일치 또는 소수 keyword/tag overlap만으로 연결됨(점수 2)
2026-08-08-cost-auto-c1b0b5,"혼자 사는 직장인, 가끔 차 필요할 때마다 택시비 부담되고 대중교통 불편하다면? 카셰어링 vs 중고차 vs 렌터카, 내게 맞는 최적의 이동 수단 찾는 법",2026-08-06-housing-auto-1a9827,"혼자 사는 직장인, 급하게 작은 짐 옮길 때? 카셰어링 탑차 vs 용달 서비스, 내 돈 아끼는 현명한 선택은?",2,next,강한 신호(같은 클러스터/대표 키워드 일치) 없이 카테고리 일치 또는 소수 keyword/tag overlap만으로 연결됨(점수 2)
2026-08-08-food-auto-2c836a,"1인 가구 직장인, 개봉한 식재료 신선하게 보관할 때: 밀폐 용기 vs. 랩·지퍼백, 당신의 최적 선택 가이드",2026-08-06-cleaning-auto-07ebe3,건조기 정전기 비교｜건조 시간 단축,2,next,강한 신호(같은 클러스터/대표 키워드 일치) 없이 카테고리 일치 또는 소수 keyword/tag overlap만으로 연결됨(점수 2)
2026-08-08-food-auto-2c836a,"1인 가구 직장인, 개봉한 식재료 신선하게 보관할 때: 밀폐 용기 vs. 랩·지퍼백, 당신의 최적 선택 가이드",2026-08-06-cleaning-auto-858326,청소포 비교｜극세사 걸레,2,next,강한 신호(같은 클러스터/대표 키워드 일치) 없이 카테고리 일치 또는 소수 keyword/tag overlap만으로 연결됨(점수 2)
2026-08-08-housing-auto-82f28f,"혼자 사는 직장인, 숨겨진 관리비 폭탄 피하고 내 돈 아끼는 현명한 분석법",2026-07-29-cost-1,"월급날 한숨만? 1인 가구 직장인의 한 달 고정비, 이대로 따라 하면 무조건 줄어듭니다",2,next,강한 신호(같은 클러스터/대표 키워드 일치) 없이 카테고리 일치 또는 소수 keyword/tag overlap만으로 연결됨(점수 2)
2026-08-08-housing-auto-8b0461,"혼자 사는 직장인, 새집 입주 후 당황스러운 전기·가스·수도 명의 변경! 순서대로 해결하고 요금 폭탄 피하는 법",2026-07-30-cost-2,"혼자 사는 직장인, 예상치 못한 공과금 폭탄 피하는 전기·가스·수도 요금 절약 실전 가이드",2,next,강한 신호(같은 클러스터/대표 키워드 일치) 없이 카테고리 일치 또는 소수 keyword/tag overlap만으로 연결됨(점수 2)
2026-08-08-housing-auto-fd6c09,"혼자 사는 직장인, 매년 겨울 외풍 때문에 난방비 폭탄 걱정이라면? 문풍지 vs 전문 시공, 내 돈 아끼는 현명한 선택 가이드",2026-08-10-products-auto-ea40dc,"혼자 사는 직장인, 난방비 폭탄은 싫은데 발 시린 창가에 지쳤다면? 1인 가구 맞춤 '우풍 완벽 차단', 이 3단계로 끝내세요!",2,next,강한 신호(같은 클러스터/대표 키워드 일치) 없이 카테고리 일치 또는 소수 keyword/tag overlap만으로 연결됨(점수 2)
2026-08-08-lifestyle-auto-dd0e67,"혼자 사는 직장인, 퇴근 후 운동 루틴 잡기가 힘들다면? 홈트 앱 vs. 오프라인 그룹 운동, 나에게 맞는 선택 기준",2026-08-06-products-auto-99b34b,"혼자 사는 직장인, 좁은 집에서도 허리 편한 홈 오피스? 인체공학 의자 vs 스탠딩 데스크 컨버터, 내게 맞는 선택은?",2,next,강한 신호(같은 클러스터/대표 키워드 일치) 없이 카테고리 일치 또는 소수 keyword/tag overlap만으로 연결됨(점수 2)
2026-08-08-products-auto-a84bd7,"혼자 사는 직장인, 퇴근 후 무거운 장바구니 대신? 1인 가구 온라인 장보기 서비스, 현명하게 고르고 알뜰하게 이용하는 법",2026-08-06-cost-auto-bf984a,1인 가구 식비 절약 비교｜에어프라이어 구매,2,next,강한 신호(같은 클러스터/대표 키워드 일치) 없이 카테고리 일치 또는 소수 keyword/tag overlap만으로 연결됨(점수 2)
2026-08-08-safety-auto-2186aa,"혼자 사는 당신, 응급상황 시 내 몸이 말 못 할 때? 비상 의료 정보 카드 vs. 스마트폰 응급 ID, 어떤 대비가 나에게 맞을까?",2026-08-07-housing-auto-baa8f0,"혼자 사는 직장인, 습한 내 방에 곰팡이가 피었다면? 덮어두지 말고 원인 찾아 건강 지키는 현실 해결책",2,next,강한 신호(같은 클러스터/대표 키워드 일치) 없이 카테고리 일치 또는 소수 keyword/tag overlap만으로 연결됨(점수 2)
2026-08-08-safety-auto-ee80c6,"혼자 사는 당신, 갑자기 천장이나 벽에서 물이 샐 때: 당황하지 않고 원인 파악부터 안전하게 대처하는 현실적인 방법",2026-07-30-cost-70,"혼자 사는 직장인, 갑자기 늘어난 수도요금: 숨은 누수 찾고 해결하는 실전 가이드",2,next,강한 신호(같은 클러스터/대표 키워드 일치) 없이 카테고리 일치 또는 소수 keyword/tag overlap만으로 연결됨(점수 2)
2026-08-08-safety-auto-fcd8d6,1인가구 응급상황 비용 정리｜늦은 밤 병원,2026-07-30-lifestyle-62,"퇴근 후 혼밥이 귀찮은 1인 가구, 매일 끼니 거르지 않고 건강 챙기는 현실적인 식사 루틴",2,next,강한 신호(같은 클러스터/대표 키워드 일치) 없이 카테고리 일치 또는 소수 keyword/tag overlap만으로 연결됨(점수 2)
2026-08-08-safety-auto-fcd8d6,1인가구 응급상황 비용 정리｜늦은 밤 병원,2026-08-11-food-auto-452e94,"혼자 사는 직장인, 매일 신선 채소 챙겨 먹기 어려울 때: 샐러드 정기배송 vs. 직접 재료 손질, 당신의 건강과 지갑을 위한 현명한 선택",2,next,강한 신호(같은 클러스터/대표 키워드 일치) 없이 카테고리 일치 또는 소수 keyword/tag overlap만으로 연결됨(점수 2)
2026-08-08-storage-auto-24e806,"1인 가구 직장인, 좁은 집에 '부피 큰 청소 도구' 어디에 보관해야 할지 막막하다면? 깔끔하게 숨기고 효율적으로 쓰는 현실 수납법",2026-07-31-cleaning-79,"주말 순삭하는 청소 지옥? 1인 가구, 정기 청소 vs 직접 청소 딱 맞는 답 찾는 법",2,next,강한 신호(같은 클러스터/대표 키워드 일치) 없이 카테고리 일치 또는 소수 keyword/tag overlap만으로 연결됨(점수 2)
2026-08-08-storage-auto-24e806,"1인 가구 직장인, 좁은 집에 '부피 큰 청소 도구' 어디에 보관해야 할지 막막하다면? 깔끔하게 숨기고 효율적으로 쓰는 현실 수납법",2026-08-03-cleaning-auto-d96324,"혼자 사는 직장인, 퇴근 후 지저분한 바닥? 로봇청소기 vs 무선청소기, 후회 없는 선택 기준",2,next,강한 신호(같은 클러스터/대표 키워드 일치) 없이 카테고리 일치 또는 소수 keyword/tag overlap만으로 연결됨(점수 2)
2026-08-08-storage-auto-55b81f,"1인 가구 직장인, 좁은 주방 '부피 큰 팬·냄비' 때문에 서랍 열기 무섭다면? '프라이팬 정리대 vs 서랍 디바이더 vs 스태킹' 현명하게 고르는 법 비교",2026-07-30-products-51,"꿉꿉한 빨래, 좁은 방에 널지 마세요! 1인 가구 직장인을 위한 미니 건조기, 실패 없이 선택하는 법",2,next,강한 신호(같은 클러스터/대표 키워드 일치) 없이 카테고리 일치 또는 소수 keyword/tag overlap만으로 연결됨(점수 2)
2026-08-08-storage-auto-55b81f,"1인 가구 직장인, 좁은 주방 '부피 큰 팬·냄비' 때문에 서랍 열기 무섭다면? '프라이팬 정리대 vs 서랍 디바이더 vs 스태킹' 현명하게 고르는 법 비교",2026-07-30-products-55,"냉동실 자리 부족한 1인 가구 직장인, 식비 절약 소형 냉동고 꼭 사야 할까요?",2,next,강한 신호(같은 클러스터/대표 키워드 일치) 없이 카테고리 일치 또는 소수 keyword/tag overlap만으로 연결됨(점수 2)
2026-08-08-storage-auto-fda98a,1인 가구 약 수납 알아보기｜좁은 집 약 정리,2026-07-30-safety-33,"혼자 사는 당신, 갑자기 아플 때 후회하지 않을 '생활 비상 키트' 미리 준비하기",2,next,강한 신호(같은 클러스터/대표 키워드 일치) 없이 카테고리 일치 또는 소수 keyword/tag overlap만으로 연결됨(점수 2)
2026-08-08-storage-auto-fda98a,1인 가구 약 수납 알아보기｜좁은 집 약 정리,2026-08-04-cost-auto-dac7b3,"혼자 사는 직장인, 건강 관리 돈 아끼려면? 헬스장 vs 홈트 vs 야외 운동, 내게 맞는 선택 기준 3가지",2,next,강한 신호(같은 클러스터/대표 키워드 일치) 없이 카테고리 일치 또는 소수 keyword/tag overlap만으로 연결됨(점수 2)
2026-08-09-food-auto-e39c1f,"혼자 사는 직장인, 대용량 닭가슴살 앞에서 망설일 때: 버리지 않고 끝까지 촉촉하게 즐기는 구매부터 보관, 활용법",2026-07-30-products-57,"바쁜 1인 가구 직장인, 장보기 시간 아깝다면? 돈과 시간 아끼는 정기배송 서비스 선택 가이드",2,next,강한 신호(같은 클러스터/대표 키워드 일치) 없이 카테고리 일치 또는 소수 keyword/tag overlap만으로 연결됨(점수 2)
2026-08-09-safety-auto-14bba7,"혼자 사는 당신, 주방이나 콘센트에서 작은 불이 났을 때: 스프레이형 간이 소화기 vs. 일반 분말 소화기, 나에게 맞는 선택은?",2026-08-06-products-auto-be51b1,1인 가구 소화기 방법｜K급 소화기,2,next,강한 신호(같은 클러스터/대표 키워드 일치) 없이 카테고리 일치 또는 소수 keyword/tag overlap만으로 연결됨(점수 2)
2026-08-09-storage-auto-b05c4f,"1인 가구 직장인, 좁은 주방 '에어프라이어·블렌더' 때문에 조리대가 좁다면? '2단/3단 선반 vs 인출식 선반' 현명하게 고르는 법 비교",2026-08-07-products-auto-0e769c,"혼자 사는 직장인, 좁은 주방 조리 기구 선택에 고민된다면? 1인 가구 인덕션 vs 휴대용 가스레인지, 내게 맞는 최적의 선택은?",2,next,강한 신호(같은 클러스터/대표 키워드 일치) 없이 카테고리 일치 또는 소수 keyword/tag overlap만으로 연결됨(점수 2)
2026-08-10-food-auto-b034b3,"혼자 사는 직장인, 점심 도시락 망설일 때: 귀찮음 없이 매일 든든한 '나만의 스마트 도시락' 만드는 법",2026-08-08-cost-auto-65e819,"혼자 사는 직장인, 매일 점심값으로 새는 돈 아깝다면? 도시락 vs 배달 vs 구내식당/식당, 내게 맞는 최적의 점심 식사 전략",2,next,강한 신호(같은 클러스터/대표 키워드 일치) 없이 카테고리 일치 또는 소수 keyword/tag overlap만으로 연결됨(점수 2)
2026-08-10-housing-auto-4bca9b,"혼자 사는 직장인, 집주인이 내가 사는 집을 팔겠다고? 잦은 방문 요청에도 사생활 지키며 현명하게 대처하는 법",2026-08-07-lifestyle-auto-6e452d,"혼자 사는 직장인, 낯선 이웃이 자꾸 말 걸고 다가올 때? 적정 거리 지키며 관계 최적화하는 실전 가이드",2,next,강한 신호(같은 클러스터/대표 키워드 일치) 없이 카테고리 일치 또는 소수 keyword/tag overlap만으로 연결됨(점수 2)
2026-08-10-lifestyle-auto-1dd1a3,"혼자 사는 직장인, 혹시 모를 상황에 대비한 긴급 연락처, 누구로 지정해야 할지 고민이라면? 나만의 스마트 비상 연락 시스템 구축 가이드",2026-08-06-products-auto-be51b1,1인 가구 소화기 방법｜K급 소화기,2,next,강한 신호(같은 클러스터/대표 키워드 일치) 없이 카테고리 일치 또는 소수 keyword/tag overlap만으로 연결됨(점수 2)
2026-08-10-lifestyle-auto-1dd1a3,"혼자 사는 직장인, 혹시 모를 상황에 대비한 긴급 연락처, 누구로 지정해야 할지 고민이라면? 나만의 스마트 비상 연락 시스템 구축 가이드",2026-08-07-safety-auto-7d89fc,"혼자 사는 당신, 우리 집 복도·엘리베이터·주차장에서 수상한 사람을 마주쳤을 때: 당황하지 않고 나를 지키는 현실적인 대처법",2,next,강한 신호(같은 클러스터/대표 키워드 일치) 없이 카테고리 일치 또는 소수 keyword/tag overlap만으로 연결됨(점수 2)
2026-08-10-safety-auto-46a836,"혼자 사는 당신, 갑자기 집에 바퀴벌레나 쥐가 출몰했을 때: 당황하지 않고 위생적으로 퇴치하고 예방하는 현실적인 방법",2026-08-01-products-auto-d180b4,1인 가구 해충 비교｜바퀴벌레 없애는 법,2,next,강한 신호(같은 클러스터/대표 키워드 일치) 없이 카테고리 일치 또는 소수 keyword/tag overlap만으로 연결됨(점수 2)
2026-08-10-safety-auto-46a836,"혼자 사는 당신, 갑자기 집에 바퀴벌레나 쥐가 출몰했을 때: 당황하지 않고 위생적으로 퇴치하고 예방하는 현실적인 방법",2026-08-06-housing-auto-baef02,"혼자 사는 직장인, 집에 바퀴벌레가 출몰했다면? 당황 말고 내 돈 아끼며 완벽 박멸하는 법",2,next,강한 신호(같은 클러스터/대표 키워드 일치) 없이 카테고리 일치 또는 소수 keyword/tag overlap만으로 연결됨(점수 2)
2026-08-11-cleaning-auto-1ad691,"혼자 사는 당신, 샤워 후 왠지 모르게 피부가 간지럽다면? 샤워기 헤드 속 물때·세균, 딱 15분이면 새것처럼 깨끗하게!",2026-07-31-housing-71,"혼자 사는 집 고장! 집주인이 수리 미룰 때, 내 돈 아끼는 현실적인 해결 순서",2,next,강한 신호(같은 클러스터/대표 키워드 일치) 없이 카테고리 일치 또는 소수 keyword/tag overlap만으로 연결됨(점수 2)
2026-08-11-cleaning-auto-1ad691,"혼자 사는 당신, 샤워 후 왠지 모르게 피부가 간지럽다면? 샤워기 헤드 속 물때·세균, 딱 15분이면 새것처럼 깨끗하게!",2026-08-01-safety-auto-4f0708,"혼자 사는 당신, 늦은 밤 갑자기 정전될 때? 당황하지 않고 안전하게 대처하는 현실적인 방법",2,next,강한 신호(같은 클러스터/대표 키워드 일치) 없이 카테고리 일치 또는 소수 keyword/tag overlap만으로 연결됨(점수 2)
2026-08-11-cost-auto-bf7238,"혼자 사는 직장인, '오늘 뭐 먹지?' 고민에 매번 지갑 열린다면? 식비 확 줄이는 1인 가구 맞춤 식단 계획법",2026-07-29-food-9,퇴근 후 지쳐도 괜찮아: 1인 가구 직장인이 냉장고 털어 일주일 식단을 미리 짜는 현실적인 방법,2,next,강한 신호(같은 클러스터/대표 키워드 일치) 없이 카테고리 일치 또는 소수 keyword/tag overlap만으로 연결됨(점수 2)
2026-08-11-cost-auto-bf7238,"혼자 사는 직장인, '오늘 뭐 먹지?' 고민에 매번 지갑 열린다면? 식비 확 줄이는 1인 가구 맞춤 식단 계획법",2026-07-30-food-10,"퇴근 후 요리 스트레스 줄여줄 1인 가구 필수템, 식재료 소분과 냉동 보관 완벽 가이드",2,next,강한 신호(같은 클러스터/대표 키워드 일치) 없이 카테고리 일치 또는 소수 keyword/tag overlap만으로 연결됨(점수 2)
2026-08-11-cost-auto-ff0274,"혼자 사는 직장인, 매번 휴지·키친타월 살 때마다 후회된다면? 대용량 vs 소량, 현명한 선택 가이드",2026-07-30-products-51,"꿉꿉한 빨래, 좁은 방에 널지 마세요! 1인 가구 직장인을 위한 미니 건조기, 실패 없이 선택하는 법",2,next,강한 신호(같은 클러스터/대표 키워드 일치) 없이 카테고리 일치 또는 소수 keyword/tag overlap만으로 연결됨(점수 2)
2026-08-11-products-auto-3a0a24,"혼자 사는 직장인, 좁은 집에서 부피 큰 이불 빨래가 막막하다면? 코인 세탁소 vs 전문 업체, 내게 맞는 최적의 선택은?",2026-08-01-cleaning-auto-b67a07,1인 가구 세탁 비교｜대형 이불 세탁,2,next,강한 신호(같은 클러스터/대표 키워드 일치) 없이 카테고리 일치 또는 소수 keyword/tag overlap만으로 연결됨(점수 2)
2026-08-11-storage-auto-9064d7,"1인 가구 직장인, 좁은 원룸 '퇴근 후 휴식 공간' 마저 잡동사니에 잠식당한다면? '수납형 스툴/오토만 vs 이동식 트롤리' 현명하게 고르는 법 비교",2026-07-30-housing-48,옵션 가전 고장 알아보기｜세입자 책임,2,next,강한 신호(같은 클러스터/대표 키워드 일치) 없이 카테고리 일치 또는 소수 keyword/tag overlap만으로 연결됨(점수 2)
2026-08-12-cleaning-auto-4cf6ca,초파리 없애는 법 알아보기｜주방 초파리,2026-08-07-food-auto-44e578,1인 가구 식재료 알아보기｜남은 식재료 활용,2,next,강한 신호(같은 클러스터/대표 키워드 일치) 없이 카테고리 일치 또는 소수 keyword/tag overlap만으로 연결됨(점수 2)
2026-08-12-safety-auto-020b2f,배수구 냄새 제거 방법｜싱크대 악취,2026-07-30-cleaning-25,"퇴근 후 지친 1인 가구, 10분씩 쪼개서 끝내는 주간 청소 루틴",2,next,강한 신호(같은 클러스터/대표 키워드 일치) 없이 카테고리 일치 또는 소수 keyword/tag overlap만으로 연결됨(점수 2)
2026-08-12-safety-auto-020b2f,배수구 냄새 제거 방법｜싱크대 악취,2026-07-30-cleaning-26,"퇴근 후 마주한 눅눅한 욕실, 1인 가구 화장실 곰팡이, 딱 30분이면 끝내는 완벽 제거 가이드",2,next,강한 신호(같은 클러스터/대표 키워드 일치) 없이 카테고리 일치 또는 소수 keyword/tag overlap만으로 연결됨(점수 2)
2026-08-12-safety-auto-52e6c7,혼자 화재 경보기 방법｜화재 경보기 오작동,2026-08-06-products-auto-be51b1,1인 가구 소화기 방법｜K급 소화기,2,next,강한 신호(같은 클러스터/대표 키워드 일치) 없이 카테고리 일치 또는 소수 keyword/tag overlap만으로 연결됨(점수 2)
2026-08-13-storage-auto-ccc061,싱크대 하부장 정리 알아보기｜세면대 하부장 수납,2026-08-07-food-auto-9b0d72,"혼자 사는 직장인, 좁은 주방에 꽉 찬 식료품 관리 어려울 때: 효율적인 '나만의 미니 팬트리' 만드는 현실적인 전략",2,next,강한 신호(같은 클러스터/대표 키워드 일치) 없이 카테고리 일치 또는 소수 keyword/tag overlap만으로 연결됨(점수 2)
2026-08-14-cost-auto-304499,"혼자 사는 직장인, 책 읽고 싶은데 매번 구매 비용 부담된다면? 도서관 vs. 전자책 구독 vs. 종이책 구매, 나에게 맞는 최적의 독서법은?",2026-08-01-food-auto-0ac183,"혼자 사는 직장인, 반만 쓰고 남은 채소, 싱싱하게 다음 끼니까지 보관하는 현실적인 방법",2,next,강한 신호(같은 클러스터/대표 키워드 일치) 없이 카테고리 일치 또는 소수 keyword/tag overlap만으로 연결됨(점수 2)
2026-08-14-cost-auto-c66395,난방비 절약 알아보기｜외풍,2026-08-06-food-auto-9e2cfe,"1인 가구 직장인, 냉장고 속 개봉한 소스·반찬류, 언제까지 먹어야 할지 헷갈릴 때? 버리지 않고 안전하게 끝까지 다 먹는 법",2,next,강한 신호(같은 클러스터/대표 키워드 일치) 없이 카테고리 일치 또는 소수 keyword/tag overlap만으로 연결됨(점수 2)
2026-08-14-food-auto-78155f,"혼자 사는 직장인, 빠르고 간편하게 단백질 챙기고 싶을 때: 참치캔 vs. 닭가슴살 통조림/팩 vs. 즉석 두부, 당신의 건강과 편리함을 위한 현명한 선택",2026-08-04-cost-auto-959521,"혼자 사는 직장인, 집밥 먹고 싶은데 매번 고민된다면? 밀키트 vs 직접 요리 vs 간편식, 내게 맞는 최적의 선택은?",2,next,강한 신호(같은 클러스터/대표 키워드 일치) 없이 카테고리 일치 또는 소수 keyword/tag overlap만으로 연결됨(점수 2)
2026-08-14-products-auto-da7759,"혼자 사는 직장인, 혹시 모를 사고에 내 보증금·월세 가구 지켜줄 '이 보험' 꼭 확인하세요!",2026-08-07-cost-auto-846842,"혼자 사는 직장인, 예상치 못한 사고에 내 물건 다 날아갈까 봐 불안하다면? 1인 가구 주택화재보험(세입자 보험), 과연 돈 값 할까?",2,next,강한 신호(같은 클러스터/대표 키워드 일치) 없이 카테고리 일치 또는 소수 keyword/tag overlap만으로 연결됨(점수 2)
2026-07-30-cleaning-25,"퇴근 후 지친 1인 가구, 10분씩 쪼개서 끝내는 주간 청소 루틴",2026-07-30-cleaning-31,"혼자 사는 직장인, 요리 후 쌓이는 주방 기름때 찌든 때 되기 전에 싹 지우는 현실적인 루틴",3,next,강한 신호(같은 클러스터/대표 키워드 일치) 없이 카테고리 일치 또는 소수 keyword/tag overlap만으로 연결됨(점수 3)
2026-07-30-cleaning-25,"퇴근 후 지친 1인 가구, 10분씩 쪼개서 끝내는 주간 청소 루틴",2026-08-09-cleaning-auto-117267,실리콘 곰팡이 제거 알아보기｜욕실 곰팡이,3,next,강한 신호(같은 클러스터/대표 키워드 일치) 없이 카테고리 일치 또는 소수 keyword/tag overlap만으로 연결됨(점수 3)
2026-07-30-cleaning-26,"퇴근 후 마주한 눅눅한 욕실, 1인 가구 화장실 곰팡이, 딱 30분이면 끝내는 완벽 제거 가이드",2026-08-08-cleaning-auto-e6a45e,"혼자 사는 당신, 세탁 후에도 옷에서 쿰쿰한 냄새? 세탁기 고무패킹과 세제 투입구 곰팡이, 딱 15분이면 끝!",3,next,강한 신호(같은 클러스터/대표 키워드 일치) 없이 카테고리 일치 또는 소수 keyword/tag overlap만으로 연결됨(점수 3)
2026-07-30-cleaning-27,"혼자 사는 당신, 샤워실 배수구 냄새? 퇴근 후 15분 만에 잡는 법",2026-07-30-cleaning-67,냉장고 냄새 방법｜냉장고 청소법,3,next,강한 신호(같은 클러스터/대표 키워드 일치) 없이 카테고리 일치 또는 소수 keyword/tag overlap만으로 연결됨(점수 3)
2026-07-30-cleaning-27,"혼자 사는 당신, 샤워실 배수구 냄새? 퇴근 후 15분 만에 잡는 법",2026-07-31-cleaning-79,"주말 순삭하는 청소 지옥? 1인 가구, 정기 청소 vs 직접 청소 딱 맞는 답 찾는 법",3,next,강한 신호(같은 클러스터/대표 키워드 일치) 없이 카테고리 일치 또는 소수 keyword/tag overlap만으로 연결됨(점수 3)
2026-07-30-cleaning-28,"퇴근 후 급하게 돌린 빨래, 쉰 냄새 고민 끝! 1인 가구를 위한 초간단 세탁 관리법",2026-08-03-cleaning-auto-fc046f,"바쁜 1인 가구 직장인, 매일 아침 구겨진 옷? 다림질 vs 스팀다리미, 현명한 선택 기준",3,next,강한 신호(같은 클러스터/대표 키워드 일치) 없이 카테고리 일치 또는 소수 keyword/tag overlap만으로 연결됨(점수 3)
2026-07-30-cleaning-28,"퇴근 후 급하게 돌린 빨래, 쉰 냄새 고민 끝! 1인 가구를 위한 초간단 세탁 관리법",2026-08-08-cleaning-auto-c188df,"혼자 사는 당신, 쓰고 남은 기름, 아무렇게나 버렸다간 큰코다쳐요! 폐식용유 깔끔하게 버리고 환경 지키는 현실 가이드",3,next,강한 신호(같은 클러스터/대표 키워드 일치) 없이 카테고리 일치 또는 소수 keyword/tag overlap만으로 연결됨(점수 3)
2026-07-30-cleaning-29,"바쁜 1인 가구, 침구 세탁 주기 헷갈릴 때? 쾌적한 잠자리를 위한 현실 가이드",2026-08-01-cleaning-auto-d3bef1,매트리스 청소 알아보기｜침대 위생,3,next,강한 신호(같은 클러스터/대표 키워드 일치) 없이 카테고리 일치 또는 소수 keyword/tag overlap만으로 연결됨(점수 3)
2026-07-30-cleaning-30,"바쁜 1인 가구 원룸, 매일 쌓이는 먼지? 근본적으로 줄이는 현실적인 생활 습관",2026-08-04-cleaning-auto-0b0c02,"혼자 사는 당신, 퇴근 후 밟히는 끈적한 바닥? 좁은 원룸 물걸레 청소, 딱 10분이면 충분합니다!",3,next,강한 신호(같은 클러스터/대표 키워드 일치) 없이 카테고리 일치 또는 소수 keyword/tag overlap만으로 연결됨(점수 3)
2026-07-30-cleaning-30,"바쁜 1인 가구 원룸, 매일 쌓이는 먼지? 근본적으로 줄이는 현실적인 생활 습관",2026-08-07-cleaning-auto-f340ae,"혼자 사는 당신, 냉장고 속 '이것' 안 버리면 돈 낭비에 냄새까지! 20분 만에 새것처럼 비우고 정리하는 법",3,next,강한 신호(같은 클러스터/대표 키워드 일치) 없이 카테고리 일치 또는 소수 keyword/tag overlap만으로 연결됨(점수 3)
2026-07-30-cleaning-31,"혼자 사는 직장인, 요리 후 쌓이는 주방 기름때 찌든 때 되기 전에 싹 지우는 현실적인 루틴",2026-07-30-cleaning-25,"퇴근 후 지친 1인 가구, 10분씩 쪼개서 끝내는 주간 청소 루틴",3,next,강한 신호(같은 클러스터/대표 키워드 일치) 없이 카테고리 일치 또는 소수 keyword/tag overlap만으로 연결됨(점수 3)
2026-07-30-cleaning-31,"혼자 사는 직장인, 요리 후 쌓이는 주방 기름때 찌든 때 되기 전에 싹 지우는 현실적인 루틴",2026-08-09-cleaning-auto-117267,실리콘 곰팡이 제거 알아보기｜욕실 곰팡이,3,next,강한 신호(같은 클러스터/대표 키워드 일치) 없이 카테고리 일치 또는 소수 keyword/tag overlap만으로 연결됨(점수 3)
2026-07-30-cleaning-67,냉장고 냄새 방법｜냉장고 청소법,2026-07-30-cleaning-27,"혼자 사는 당신, 샤워실 배수구 냄새? 퇴근 후 15분 만에 잡는 법",3,next,강한 신호(같은 클러스터/대표 키워드 일치) 없이 카테고리 일치 또는 소수 keyword/tag overlap만으로 연결됨(점수 3)
2026-07-30-cleaning-67,냉장고 냄새 방법｜냉장고 청소법,2026-08-03-cleaning-auto-d96324,"혼자 사는 직장인, 퇴근 후 지저분한 바닥? 로봇청소기 vs 무선청소기, 후회 없는 선택 기준",3,next,강한 신호(같은 클러스터/대표 키워드 일치) 없이 카테고리 일치 또는 소수 keyword/tag overlap만으로 연결됨(점수 3)
2026-07-30-cost-2,"혼자 사는 직장인, 예상치 못한 공과금 폭탄 피하는 전기·가스·수도 요금 절약 실전 가이드",2026-07-30-cost-70,"혼자 사는 직장인, 갑자기 늘어난 수도요금: 숨은 누수 찾고 해결하는 실전 가이드",3,next,강한 신호(같은 클러스터/대표 키워드 일치) 없이 카테고리 일치 또는 소수 keyword/tag overlap만으로 연결됨(점수 3)
2026-07-30-cost-2,"혼자 사는 직장인, 예상치 못한 공과금 폭탄 피하는 전기·가스·수도 요금 절약 실전 가이드",2026-08-04-cost-auto-7e7d88,"혼자 사는 직장인, 난방비 폭탄 걱정될 때! 우리 집 겨울, 후회 없이 따뜻하고 저렴하게 나는 법",3,next,강한 신호(같은 클러스터/대표 키워드 일치) 없이 카테고리 일치 또는 소수 keyword/tag overlap만으로 연결됨(점수 3)
2026-07-30-cost-3,"혼자 사는 직장인, 통신비 월 2만원 아끼는 알뜰폰+인터넷 vs 3사 결합, 현명한 선택 가이드",2026-07-30-cost-8,"혼자 사는 직장인, 월급은 통장을 스쳐갈 뿐? 나만의 적정 생활비 기준 세우고 지출 최적화하는 3단계",3,next,강한 신호(같은 클러스터/대표 키워드 일치) 없이 카테고리 일치 또는 소수 keyword/tag overlap만으로 연결됨(점수 3)
2026-07-30-cost-3,"혼자 사는 직장인, 통신비 월 2만원 아끼는 알뜰폰+인터넷 vs 3사 결합, 현명한 선택 가이드",2026-08-07-cost-auto-0c25d9,"혼자 사는 직장인, 매달 알게 모르게 새는 퍼스널 케어 비용! 나에게 딱 맞는 '스마트 지출'로 피부도 지갑도 지키는 법",3,next,강한 신호(같은 클러스터/대표 키워드 일치) 없이 카테고리 일치 또는 소수 keyword/tag overlap만으로 연결됨(점수 3)
2026-07-30-cost-4,"퇴근 후 지친 혼밥러, 매달 20만원 아끼는 배달비·식비 줄이는 생활 습관",2026-07-30-cost-5,"바쁜 1인 가구 직장인, 매달 새는 돈 막으려면? 잠든 구독 서비스 깨끗하게 정리하는 3단계",3,next,강한 신호(같은 클러스터/대표 키워드 일치) 없이 카테고리 일치 또는 소수 keyword/tag overlap만으로 연결됨(점수 3)
2026-07-30-cost-4,"퇴근 후 지친 혼밥러, 매달 20만원 아끼는 배달비·식비 줄이는 생활 습관",2026-07-30-cost-70,"혼자 사는 직장인, 갑자기 늘어난 수도요금: 숨은 누수 찾고 해결하는 실전 가이드",3,next,강한 신호(같은 클러스터/대표 키워드 일치) 없이 카테고리 일치 또는 소수 keyword/tag overlap만으로 연결됨(점수 3)
2026-07-30-cost-5,"바쁜 1인 가구 직장인, 매달 새는 돈 막으려면? 잠든 구독 서비스 깨끗하게 정리하는 3단계",2026-07-30-cost-4,"퇴근 후 지친 혼밥러, 매달 20만원 아끼는 배달비·식비 줄이는 생활 습관",3,next,강한 신호(같은 클러스터/대표 키워드 일치) 없이 카테고리 일치 또는 소수 keyword/tag overlap만으로 연결됨(점수 3)
2026-07-30-cost-5,"바쁜 1인 가구 직장인, 매달 새는 돈 막으려면? 잠든 구독 서비스 깨끗하게 정리하는 3단계",2026-07-30-cost-70,"혼자 사는 직장인, 갑자기 늘어난 수도요금: 숨은 누수 찾고 해결하는 실전 가이드",3,next,강한 신호(같은 클러스터/대표 키워드 일치) 없이 카테고리 일치 또는 소수 keyword/tag overlap만으로 연결됨(점수 3)
2026-07-30-cost-70,"혼자 사는 직장인, 갑자기 늘어난 수도요금: 숨은 누수 찾고 해결하는 실전 가이드",2026-07-30-cost-2,"혼자 사는 직장인, 예상치 못한 공과금 폭탄 피하는 전기·가스·수도 요금 절약 실전 가이드",3,next,강한 신호(같은 클러스터/대표 키워드 일치) 없이 카테고리 일치 또는 소수 keyword/tag overlap만으로 연결됨(점수 3)
2026-07-30-cost-70,"혼자 사는 직장인, 갑자기 늘어난 수도요금: 숨은 누수 찾고 해결하는 실전 가이드",2026-07-30-cost-4,"퇴근 후 지친 혼밥러, 매달 20만원 아끼는 배달비·식비 줄이는 생활 습관",3,next,강한 신호(같은 클러스터/대표 키워드 일치) 없이 카테고리 일치 또는 소수 keyword/tag overlap만으로 연결됨(점수 3)
2026-07-30-food-11,"퇴근 후 지친 당신, 냉장고 식재료 썩히지 않고 알뜰하게 다 먹는 보관 기간 가이드",2026-07-29-food-9,퇴근 후 지쳐도 괜찮아: 1인 가구 직장인이 냉장고 털어 일주일 식단을 미리 짜는 현실적인 방법,3,next,강한 신호(같은 클러스터/대표 키워드 일치) 없이 카테고리 일치 또는 소수 keyword/tag overlap만으로 연결됨(점수 3)
2026-07-30-food-12,"혼자 사는 당신, 냉장고 속 남은 음식 버릴지 말지 망설일 때, 안전하고 맛있게 활용하는 법",2026-08-01-food-auto-2c9171,"1인 가구 직장인, 대형마트 대용량 식재료 앞에서 망설일 때? 현명하게 구매하고 다 쓰는 전략",3,next,강한 신호(같은 클러스터/대표 키워드 일치) 없이 카테고리 일치 또는 소수 keyword/tag overlap만으로 연결됨(점수 3)
2026-07-30-food-12,"혼자 사는 당신, 냉장고 속 남은 음식 버릴지 말지 망설일 때, 안전하고 맛있게 활용하는 법",2026-08-01-food-auto-976f1b,"1인 가구, 명절 선물 식재료 너무 많을 때? 버리지 않고 알뜰하게 소비하는 현명한 계획 세우기",3,next,강한 신호(같은 클러스터/대표 키워드 일치) 없이 카테고리 일치 또는 소수 keyword/tag overlap만으로 연결됨(점수 3)
2026-07-30-food-13,"1인 가구, 남은 배달음식 버릴까? 다음 끼니까지 안전하게 보관하는 현실적인 팁",2026-08-09-food-auto-e39c1f,"혼자 사는 직장인, 대용량 닭가슴살 앞에서 망설일 때: 버리지 않고 끝까지 촉촉하게 즐기는 구매부터 보관, 활용법",3,next,강한 신호(같은 클러스터/대표 키워드 일치) 없이 카테고리 일치 또는 소수 keyword/tag overlap만으로 연결됨(점수 3)
2026-07-30-food-14,"바쁜 1인 가구 직장인, 편의점 식사로 건강과 지갑 동시에 잡는 실전 조합",2026-08-06-food-auto-36b7bb,"1인 가구 직장인, 한 끼 요리 후 설거지 산더미에 지칠 때? 시간과 재료 낭비 줄이는 원팬·원팟 요리 전략",3,next,강한 신호(같은 클러스터/대표 키워드 일치) 없이 카테고리 일치 또는 소수 keyword/tag overlap만으로 연결됨(점수 3)
2026-07-30-food-14,"바쁜 1인 가구 직장인, 편의점 식사로 건강과 지갑 동시에 잡는 실전 조합",2026-08-07-food-auto-f5cf37,"혼자 사는 직장인, 특정 요리가 당길 때: 원팩 밀키트 vs. 개별 소량 식재료 구매, 당신의 시간과 지갑을 위한 현명한 선택",3,next,강한 신호(같은 클러스터/대표 키워드 일치) 없이 카테고리 일치 또는 소수 keyword/tag overlap만으로 연결됨(점수 3)
2026-07-30-housing-42,"내 첫 원룸 계약, 퇴근 후 15분으로 손해 없이 똑똑하게 확인하는 법",2026-08-01-housing-auto-c039f6,전월세 계약 갱신 방법｜묵시적 갱신,3,next,강한 신호(같은 클러스터/대표 키워드 일치) 없이 카테고리 일치 또는 소수 keyword/tag overlap만으로 연결됨(점수 3)
2026-07-30-housing-42,"내 첫 원룸 계약, 퇴근 후 15분으로 손해 없이 똑똑하게 확인하는 법",2026-08-04-housing-auto-cbaa3c,"혼자 사는 직장인, 첫 집 계약 전세 vs 월세? 내 돈 아끼는 현명한 선택 가이드",3,next,강한 신호(같은 클러스터/대표 키워드 일치) 없이 카테고리 일치 또는 소수 keyword/tag overlap만으로 연결됨(점수 3)
2026-07-30-housing-45,"1인 가구 이사, 퇴근 후 틈틈이 준비해도 시간과 돈 아끼는 최적의 체크리스트",2026-08-04-housing-auto-cbaa3c,"혼자 사는 직장인, 첫 집 계약 전세 vs 월세? 내 돈 아끼는 현명한 선택 가이드",3,next,강한 신호(같은 클러스터/대표 키워드 일치) 없이 카테고리 일치 또는 소수 keyword/tag overlap만으로 연결됨(점수 3)
2026-07-30-housing-46,"이사 나가는 1인 가구, 복비·공과금 덤터기 없이 보증금 100% 안전하게 돌려받는 준비",2026-07-30-housing-47,"원룸/오피스텔 고장났나요? 혼자 끙끙 앓지 말고, 집주인에게 스마트하게 수리 요청하는 법",3,next,강한 신호(같은 클러스터/대표 키워드 일치) 없이 카테고리 일치 또는 소수 keyword/tag overlap만으로 연결됨(점수 3)
2026-07-30-housing-47,"원룸/오피스텔 고장났나요? 혼자 끙끙 앓지 말고, 집주인에게 스마트하게 수리 요청하는 법",2026-07-30-housing-46,"이사 나가는 1인 가구, 복비·공과금 덤터기 없이 보증금 100% 안전하게 돌려받는 준비",3,next,강한 신호(같은 클러스터/대표 키워드 일치) 없이 카테고리 일치 또는 소수 keyword/tag overlap만으로 연결됨(점수 3)
2026-07-30-housing-47,"원룸/오피스텔 고장났나요? 혼자 끙끙 앓지 말고, 집주인에게 스마트하게 수리 요청하는 법",2026-08-07-housing-auto-baa8f0,"혼자 사는 직장인, 습한 내 방에 곰팡이가 피었다면? 덮어두지 말고 원인 찾아 건강 지키는 현실 해결책",3,next,강한 신호(같은 클러스터/대표 키워드 일치) 없이 카테고리 일치 또는 소수 keyword/tag overlap만으로 연결됨(점수 3)
2026-07-30-housing-49,퇴실청소 분쟁 체크리스트｜원상복구 의무,2026-08-08-housing-auto-d2c1ed,"혼자 사는 직장인, 이사 갈 때 퇴실 청소? 셀프 vs 전문 업체, 보증금 지키는 현명한 선택 가이드",3,next,강한 신호(같은 클러스터/대표 키워드 일치) 없이 카테고리 일치 또는 소수 keyword/tag overlap만으로 연결됨(점수 3)
2026-07-30-housing-49,퇴실청소 분쟁 체크리스트｜원상복구 의무,2026-08-09-housing-auto-da13ec,나 홀로 이사 체크리스트｜이사 당일,3,next,강한 신호(같은 클러스터/대표 키워드 일치) 없이 카테고리 일치 또는 소수 keyword/tag overlap만으로 연결됨(점수 3)
2026-07-30-lifestyle-59,"1인 가구 직장인, 퇴근 후나 주말에 혼자 있을 때 자꾸 무기력해진다면? 당신의 생활 리듬을 되찾는 현실적인 방법",2026-07-30-lifestyle-60,주말 무기력 해결 방법｜주말 계획,3,next,강한 신호(같은 클러스터/대표 키워드 일치) 없이 카테고리 일치 또는 소수 keyword/tag overlap만으로 연결됨(점수 3)
2026-07-30-lifestyle-59,"1인 가구 직장인, 퇴근 후나 주말에 혼자 있을 때 자꾸 무기력해진다면? 당신의 생활 리듬을 되찾는 현실적인 방법",2026-08-01-lifestyle-auto-19ac88,"혼자 사는 직장인, 주말만 되면 흐트러지는 생활 리듬, 무너지지 않고 재정비하는 현실 가이드",3,next,강한 신호(같은 클러스터/대표 키워드 일치) 없이 카테고리 일치 또는 소수 keyword/tag overlap만으로 연결됨(점수 3)
2026-07-30-lifestyle-60,주말 무기력 해결 방법｜주말 계획,2026-07-30-lifestyle-59,"1인 가구 직장인, 퇴근 후나 주말에 혼자 있을 때 자꾸 무기력해진다면? 당신의 생활 리듬을 되찾는 현실적인 방법",3,next,강한 신호(같은 클러스터/대표 키워드 일치) 없이 카테고리 일치 또는 소수 keyword/tag overlap만으로 연결됨(점수 3)
2026-07-30-lifestyle-64,"퇴근 후 무기력함에 지친 1인 가구 직장인, 잠들기 전 2시간으로 내일을 바꾸는 저녁 루틴",2026-08-07-lifestyle-auto-6e452d,"혼자 사는 직장인, 낯선 이웃이 자꾸 말 걸고 다가올 때? 적정 거리 지키며 관계 최적화하는 실전 가이드",3,next,강한 신호(같은 클러스터/대표 키워드 일치) 없이 카테고리 일치 또는 소수 keyword/tag overlap만으로 연결됨(점수 3)
2026-07-30-lifestyle-66,"혼자 사는 당신, 옆집 소음에 지쳤다면 이웃과 '선'을 지키는 현실 관계 맺기",2026-08-13-lifestyle-auto-8d6b5e,"혼자 사는 직장인, 절친과의 합가 고민된다면? '관계 유지' vs. '생활 최적화', 나에게 맞는 선택 기준",3,next,강한 신호(같은 클러스터/대표 키워드 일치) 없이 카테고리 일치 또는 소수 keyword/tag overlap만으로 연결됨(점수 3)
2026-07-30-products-51,"꿉꿉한 빨래, 좁은 방에 널지 마세요! 1인 가구 직장인을 위한 미니 건조기, 실패 없이 선택하는 법",2026-07-30-products-55,"냉동실 자리 부족한 1인 가구 직장인, 식비 절약 소형 냉동고 꼭 사야 할까요?",3,next,강한 신호(같은 클러스터/대표 키워드 일치) 없이 카테고리 일치 또는 소수 keyword/tag overlap만으로 연결됨(점수 3)
2026-07-30-products-54,"바쁜 1인 가구, 남은 밥 버릴 걱정 없이 딱 맞는 전기밥솥 고르는 3가지 기준",2026-07-31-products-76,"자취생, 퇴근 후 음식물쓰레기 악취 탈출? 우리집에 딱 맞는 처리기 고르는 법",3,next,강한 신호(같은 클러스터/대표 키워드 일치) 없이 카테고리 일치 또는 소수 keyword/tag overlap만으로 연결됨(점수 3)
2026-07-30-products-54,"바쁜 1인 가구, 남은 밥 버릴 걱정 없이 딱 맞는 전기밥솥 고르는 3가지 기준",2026-08-07-products-auto-462713,1인 가구 식재료 알아보기｜냉장고 정리법,3,next,강한 신호(같은 클러스터/대표 키워드 일치) 없이 카테고리 일치 또는 소수 keyword/tag overlap만으로 연결됨(점수 3)
2026-07-30-products-55,"냉동실 자리 부족한 1인 가구 직장인, 식비 절약 소형 냉동고 꼭 사야 할까요?",2026-07-30-products-51,"꿉꿉한 빨래, 좁은 방에 널지 마세요! 1인 가구 직장인을 위한 미니 건조기, 실패 없이 선택하는 법",3,next,강한 신호(같은 클러스터/대표 키워드 일치) 없이 카테고리 일치 또는 소수 keyword/tag overlap만으로 연결됨(점수 3)
2026-07-30-products-55,"냉동실 자리 부족한 1인 가구 직장인, 식비 절약 소형 냉동고 꼭 사야 할까요?",2026-07-30-products-52,"퇴근 후 지친 당신, 로봇청소기 정말 필요할까? 1인 가구에 딱 맞는 선택 기준",3,next,강한 신호(같은 클러스터/대표 키워드 일치) 없이 카테고리 일치 또는 소수 keyword/tag overlap만으로 연결됨(점수 3)
2026-07-30-products-56,"빈집 걱정 끝! 1인 가구를 위한 가정용 보안카메라, 이 5가지만 보고 고르세요",2026-08-07-products-auto-b07e5f,"혼자 사는 직장인, 퇴근 후 창문/베란다 보안 걱정된다면? 1인 가구 맞춤 방범, '물리 + 감지 + 경고' 3단계로 끝내세요!",3,next,강한 신호(같은 클러스터/대표 키워드 일치) 없이 카테고리 일치 또는 소수 keyword/tag overlap만으로 연결됨(점수 3)
2026-07-30-safety-33,"혼자 사는 당신, 갑자기 아플 때 후회하지 않을 '생활 비상 키트' 미리 준비하기",2026-07-30-safety-35,"혼자 사는 당신, 늦은 밤 퇴근 후 불안한 현관 보안 이대로 강화하세요",3,next,강한 신호(같은 클러스터/대표 키워드 일치) 없이 카테고리 일치 또는 소수 keyword/tag overlap만으로 연결됨(점수 3)
2026-07-30-safety-33,"혼자 사는 당신, 갑자기 아플 때 후회하지 않을 '생활 비상 키트' 미리 준비하기",2026-08-01-safety-auto-909169,"혼자 사는 당신, 퇴근 후 문이 잠겼을 때? 열쇠 분실 대비, 현명한 선택 가이드",3,next,강한 신호(같은 클러스터/대표 키워드 일치) 없이 카테고리 일치 또는 소수 keyword/tag overlap만으로 연결됨(점수 3)
2026-07-30-safety-34,"혼자 사는 내가 갑자기 아플 때, 응급실 가기 전 챙길 물건 최소화 리스트",2026-08-08-safety-auto-55b509,"혼자 사는 당신, 작은 부상에도 덜컥 겁나는 순간: DIY 구급상자 vs. 시판 기성품, 나에게 맞는 선택은?",3,next,강한 신호(같은 클러스터/대표 키워드 일치) 없이 카테고리 일치 또는 소수 keyword/tag overlap만으로 연결됨(점수 3)
2026-07-30-safety-35,"혼자 사는 당신, 늦은 밤 퇴근 후 불안한 현관 보안 이대로 강화하세요",2026-07-30-safety-33,"혼자 사는 당신, 갑자기 아플 때 후회하지 않을 '생활 비상 키트' 미리 준비하기",3,next,강한 신호(같은 클러스터/대표 키워드 일치) 없이 카테고리 일치 또는 소수 keyword/tag overlap만으로 연결됨(점수 3)
2026-07-30-safety-35,"혼자 사는 당신, 늦은 밤 퇴근 후 불안한 현관 보안 이대로 강화하세요",2026-07-30-safety-41,"혼자 사는 당신이 아프거나 연락 안 될 때: 위기 상황 대비 비상연락망, 이렇게 만드세요!",3,next,강한 신호(같은 클러스터/대표 키워드 일치) 없이 카테고리 일치 또는 소수 keyword/tag overlap만으로 연결됨(점수 3)
2026-07-30-safety-36,"혼자 사는 당신, 퇴근 후 집에 들어서자마자 섬뜩한 가스 냄새가 날 때, 이렇게 행동하세요",2026-07-30-safety-38,"퇴근 후 쌓이는 택배 송장, 개인정보 노출 없이 안전하게 버리는 확실한 방법",3,next,강한 신호(같은 클러스터/대표 키워드 일치) 없이 카테고리 일치 또는 소수 keyword/tag overlap만으로 연결됨(점수 3)
2026-07-30-safety-36,"혼자 사는 당신, 퇴근 후 집에 들어서자마자 섬뜩한 가스 냄새가 날 때, 이렇게 행동하세요",2026-08-01-safety-auto-909169,"혼자 사는 당신, 퇴근 후 문이 잠겼을 때? 열쇠 분실 대비, 현명한 선택 가이드",3,next,강한 신호(같은 클러스터/대표 키워드 일치) 없이 카테고리 일치 또는 소수 keyword/tag overlap만으로 연결됨(점수 3)
2026-07-30-safety-37,나 혼자 사는 집에 불이 났다면? 당황하지 않고 대피하는 5단계 행동 수칙,2026-07-31-safety-72,"장기 출장/휴가, 혼자 사는 집을 비울 때 빈집털이, 고지서 폭탄 걱정 없이 안전하게 떠나는 법",3,next,강한 신호(같은 클러스터/대표 키워드 일치) 없이 카테고리 일치 또는 소수 keyword/tag overlap만으로 연결됨(점수 3)
2026-07-30-safety-37,나 혼자 사는 집에 불이 났다면? 당황하지 않고 대피하는 5단계 행동 수칙,2026-08-07-safety-auto-6b24c5,"혼자 사는 당신, 새 집 이사 직후 '이것' 안 하면 위험! 도어락 비밀번호와 열쇠 관리 안전 가이드",3,next,강한 신호(같은 클러스터/대표 키워드 일치) 없이 카테고리 일치 또는 소수 keyword/tag overlap만으로 연결됨(점수 3)
2026-07-30-safety-38,"퇴근 후 쌓이는 택배 송장, 개인정보 노출 없이 안전하게 버리는 확실한 방법",2026-07-30-safety-36,"혼자 사는 당신, 퇴근 후 집에 들어서자마자 섬뜩한 가스 냄새가 날 때, 이렇게 행동하세요",3,next,강한 신호(같은 클러스터/대표 키워드 일치) 없이 카테고리 일치 또는 소수 keyword/tag overlap만으로 연결됨(점수 3)
2026-07-30-safety-38,"퇴근 후 쌓이는 택배 송장, 개인정보 노출 없이 안전하게 버리는 확실한 방법",2026-08-01-safety-auto-909169,"혼자 사는 당신, 퇴근 후 문이 잠겼을 때? 열쇠 분실 대비, 현명한 선택 가이드",3,next,강한 신호(같은 클러스터/대표 키워드 일치) 없이 카테고리 일치 또는 소수 keyword/tag overlap만으로 연결됨(점수 3)
2026-07-30-safety-40,"해외여행/출장 떠나는 1인 가구, 집 비우기 전 잊지 말아야 할 안전 점검 순서",2026-07-31-safety-72,"장기 출장/휴가, 혼자 사는 집을 비울 때 빈집털이, 고지서 폭탄 걱정 없이 안전하게 떠나는 법",3,next,강한 신호(같은 클러스터/대표 키워드 일치) 없이 카테고리 일치 또는 소수 keyword/tag overlap만으로 연결됨(점수 3)
2026-07-30-safety-41,"혼자 사는 당신이 아프거나 연락 안 될 때: 위기 상황 대비 비상연락망, 이렇게 만드세요!",2026-07-30-safety-35,"혼자 사는 당신, 늦은 밤 퇴근 후 불안한 현관 보안 이대로 강화하세요",3,next,강한 신호(같은 클러스터/대표 키워드 일치) 없이 카테고리 일치 또는 소수 keyword/tag overlap만으로 연결됨(점수 3)
2026-07-30-safety-41,"혼자 사는 당신이 아프거나 연락 안 될 때: 위기 상황 대비 비상연락망, 이렇게 만드세요!",2026-08-05-safety-auto-9a8ad6,"혼자 사는 당신, 퇴근 후 안전하게 택배를 받을 때? 스마트 무인 택배함 vs. 문 앞 비대면 배송, 나에게 맞는 선택은?",3,next,강한 신호(같은 클러스터/대표 키워드 일치) 없이 카테고리 일치 또는 소수 keyword/tag overlap만으로 연결됨(점수 3)
2026-07-30-storage-18,"퇴근 후 좁은 원룸, 넘쳐나는 계절옷을 깔끔하게 정리하고 보관하는 현실적인 팁",2026-08-07-storage-auto-613d62,"1인 가구 직장인, 계절 바뀌는 좁은 옷장 '철 지난 옷' 때문에 스트레스라면? 손상 없이 깔끔하게 보관하는 현실 수납법",3,next,강한 신호(같은 클러스터/대표 키워드 일치) 없이 카테고리 일치 또는 소수 keyword/tag overlap만으로 연결됨(점수 3)
2026-07-30-storage-18,"퇴근 후 좁은 원룸, 넘쳐나는 계절옷을 깔끔하게 정리하고 보관하는 현실적인 팁",2026-08-08-storage-auto-37bfb5,"1인 가구 직장인, 퇴근 후 외투·가방·모자 좁은 집 의자에 던져두고 쌓인다면? 깔끔하게 정리하고 다음 날 바로 쓰는 현실 수납법",3,next,강한 신호(같은 클러스터/대표 키워드 일치) 없이 카테고리 일치 또는 소수 keyword/tag overlap만으로 연결됨(점수 3)
2026-07-30-storage-19,"1인 가구 직장인, 침대 밑 빈 공간에 짐 넣기 전 반드시 확인해야 할 3가지",2026-08-10-storage-auto-48f5a4,"1인 가구 직장인, 좁은 주방 '수납 공간 잡아먹는' 주방 가전 때문에 고민이라면? '싱글 기능 vs 멀티 기능' 가전, 현명하게 고르는 법 비교",3,next,강한 신호(같은 클러스터/대표 키워드 일치) 없이 카테고리 일치 또는 소수 keyword/tag overlap만으로 연결됨(점수 3)
2026-07-30-storage-22,"좁은 원룸 냉장고, 식재료 낭비 없이 깔끔하게 쓰는 현실 정리법",2026-07-30-storage-20,"바쁜 1인 가구 직장인, 퇴근 후에도 어지러운 주방? 딱 3단계로 끝내는 현실적인 정리법",3,next,강한 신호(같은 클러스터/대표 키워드 일치) 없이 카테고리 일치 또는 소수 keyword/tag overlap만으로 연결됨(점수 3)
2026-07-30-storage-24,"자꾸 쌓이는 물건에 한숨 쉬는 1인 가구라면: '수납 용품, 이거 사야 할까?' 판단하는 3가지 기준",2026-08-10-storage-auto-0a8470,"1인 가구 직장인, 좁은 집에 엉킨 충전 케이블·이어폰 때문에 스트레스라면? 깔끔하게 정리하고 바로 찾아 쓰는 현실 수납법",3,next,강한 신호(같은 클러스터/대표 키워드 일치) 없이 카테고리 일치 또는 소수 keyword/tag overlap만으로 연결됨(점수 3)
2026-07-31-cleaning-79,"주말 순삭하는 청소 지옥? 1인 가구, 정기 청소 vs 직접 청소 딱 맞는 답 찾는 법",2026-07-30-cleaning-27,"혼자 사는 당신, 샤워실 배수구 냄새? 퇴근 후 15분 만에 잡는 법",3,next,강한 신호(같은 클러스터/대표 키워드 일치) 없이 카테고리 일치 또는 소수 keyword/tag overlap만으로 연결됨(점수 3)
2026-07-31-products-76,"자취생, 퇴근 후 음식물쓰레기 악취 탈출? 우리집에 딱 맞는 처리기 고르는 법",2026-07-30-products-53,퇴근 후 음식물 쓰레기 냄새? 1인 가구에 딱 맞는 음식물처리기 현명하게 고르는 법,3,next,강한 신호(같은 클러스터/대표 키워드 일치) 없이 카테고리 일치 또는 소수 keyword/tag overlap만으로 연결됨(점수 3)
2026-07-31-safety-72,"장기 출장/휴가, 혼자 사는 집을 비울 때 빈집털이, 고지서 폭탄 걱정 없이 안전하게 떠나는 법",2026-07-30-safety-37,나 혼자 사는 집에 불이 났다면? 당황하지 않고 대피하는 5단계 행동 수칙,3,next,강한 신호(같은 클러스터/대표 키워드 일치) 없이 카테고리 일치 또는 소수 keyword/tag overlap만으로 연결됨(점수 3)
2026-08-01-cleaning-auto-84665e,"혼자 사는 직장인, 좁은 원룸 쓰레기 산? 악취 없이 깔끔하게 버리는 스마트 분리배출 루틴",2026-08-03-cleaning-auto-fc046f,"바쁜 1인 가구 직장인, 매일 아침 구겨진 옷? 다림질 vs 스팀다리미, 현명한 선택 기준",3,next,강한 신호(같은 클러스터/대표 키워드 일치) 없이 카테고리 일치 또는 소수 keyword/tag overlap만으로 연결됨(점수 3)
2026-08-01-cleaning-auto-d3bef1,매트리스 청소 알아보기｜침대 위생,2026-07-30-cleaning-29,"바쁜 1인 가구, 침구 세탁 주기 헷갈릴 때? 쾌적한 잠자리를 위한 현실 가이드",3,next,강한 신호(같은 클러스터/대표 키워드 일치) 없이 카테고리 일치 또는 소수 keyword/tag overlap만으로 연결됨(점수 3)
2026-08-01-cleaning-auto-d3bef1,매트리스 청소 알아보기｜침대 위생,2026-08-09-cleaning-auto-e21eb5,"혼자 사는 당신, 잠자리가 꿉꿉하고 간지럽다면? 매트리스 위생, 딱 30분이면 충분합니다!",3,next,강한 신호(같은 클러스터/대표 키워드 일치) 없이 카테고리 일치 또는 소수 keyword/tag overlap만으로 연결됨(점수 3)
2026-08-01-cleaning-auto-dd0fd9,"혼자 사는 당신, 약해진 수압과 거뭇한 샤워기 헤드? 15분 만에 새것처럼 되돌리는 초간단 청소법",2026-08-03-cleaning-auto-fd154a,"혼자 사는 당신, 퇴근 후 전자레인지 속 찌든 때? 냄새와 얼룩, 10분 만에 새것처럼 되돌리는 초간단 청소법",3,next,강한 신호(같은 클러스터/대표 키워드 일치) 없이 카테고리 일치 또는 소수 keyword/tag overlap만으로 연결됨(점수 3)
2026-08-01-cleaning-auto-dd0fd9,"혼자 사는 당신, 약해진 수압과 거뭇한 샤워기 헤드? 15분 만에 새것처럼 되돌리는 초간단 청소법",2026-08-06-cleaning-auto-eb5789,"혼자 사는 당신, 매일 쓰는 세탁기, 속까지 깨끗하게 관리하고 있나요? 세탁 효율 높이고 고장 막는 구석구석 청소 가이드",3,next,강한 신호(같은 클러스터/대표 키워드 일치) 없이 카테고리 일치 또는 소수 keyword/tag overlap만으로 연결됨(점수 3)
2026-08-01-cleaning-auto-e1e505,벽 곰팡이 알아보기｜곰팡이 없애는 법,2026-08-06-cleaning-auto-ab8bbf,에어컨 필터 청소 비교｜에어컨 관리,3,next,강한 신호(같은 클러스터/대표 키워드 일치) 없이 카테고리 일치 또는 소수 keyword/tag overlap만으로 연결됨(점수 3)
2026-08-01-cleaning-auto-e1e505,벽 곰팡이 알아보기｜곰팡이 없애는 법,2026-08-07-cleaning-auto-1c4212,건조기 비교｜제습기,3,next,강한 신호(같은 클러스터/대표 키워드 일치) 없이 카테고리 일치 또는 소수 keyword/tag overlap만으로 연결됨(점수 3)
2026-08-01-cost-auto-aa6f9d,"혼자 사는 직장인, 큰돈 드는 가전·가구! 새것 vs 중고 vs 렌탈, 내게 맞는 선택 기준 3가지",2026-07-30-cost-4,"퇴근 후 지친 혼밥러, 매달 20만원 아끼는 배달비·식비 줄이는 생활 습관",3,next,강한 신호(같은 클러스터/대표 키워드 일치) 없이 카테고리 일치 또는 소수 keyword/tag overlap만으로 연결됨(점수 3)
2026-08-01-cost-auto-aa6f9d,"혼자 사는 직장인, 큰돈 드는 가전·가구! 새것 vs 중고 vs 렌탈, 내게 맞는 선택 기준 3가지",2026-07-30-cost-5,"바쁜 1인 가구 직장인, 매달 새는 돈 막으려면? 잠든 구독 서비스 깨끗하게 정리하는 3단계",3,next,강한 신호(같은 클러스터/대표 키워드 일치) 없이 카테고리 일치 또는 소수 keyword/tag overlap만으로 연결됨(점수 3)
2026-08-01-cost-auto-e9d2d3,"혼자 사는 직장인, 새집 꾸밀 가전·가구, 사야 할까? 빌려야 할까? 후회 없는 결정 가이드",2026-07-30-cost-70,"혼자 사는 직장인, 갑자기 늘어난 수도요금: 숨은 누수 찾고 해결하는 실전 가이드",3,next,강한 신호(같은 클러스터/대표 키워드 일치) 없이 카테고리 일치 또는 소수 keyword/tag overlap만으로 연결됨(점수 3)
2026-08-01-food-auto-0ac183,"혼자 사는 직장인, 반만 쓰고 남은 채소, 싱싱하게 다음 끼니까지 보관하는 현실적인 방법",2026-08-01-food-auto-976f1b,"1인 가구, 명절 선물 식재료 너무 많을 때? 버리지 않고 알뜰하게 소비하는 현명한 계획 세우기",3,next,강한 신호(같은 클러스터/대표 키워드 일치) 없이 카테고리 일치 또는 소수 keyword/tag overlap만으로 연결됨(점수 3)
2026-08-01-food-auto-174113,"자주 장 볼까, 한 번에 살까? 1인 가구 직장인, 시간과 돈 아끼는 식재료 쇼핑 주기 최적화 가이드",2026-08-01-food-auto-0f5d02,"퇴근 후 지친 1인 가구 직장인, 오프라인 마트 vs. 온라인 장보기, 당신의 시간과 돈을 아껴줄 현명한 선택",3,next,강한 신호(같은 클러스터/대표 키워드 일치) 없이 카테고리 일치 또는 소수 keyword/tag overlap만으로 연결됨(점수 3)
2026-08-01-food-auto-6b8a79,"1인 가구, 마트에서 '이거 살까 말까?' 망설일 때: 식재료 낭비 막는 현명한 구매 결정 가이드",2026-08-01-food-auto-2c9171,"1인 가구 직장인, 대형마트 대용량 식재료 앞에서 망설일 때? 현명하게 구매하고 다 쓰는 전략",3,next,강한 신호(같은 클러스터/대표 키워드 일치) 없이 카테고리 일치 또는 소수 keyword/tag overlap만으로 연결됨(점수 3)
2026-08-01-food-auto-6b8a79,"1인 가구, 마트에서 '이거 살까 말까?' 망설일 때: 식재료 낭비 막는 현명한 구매 결정 가이드",2026-08-07-food-auto-5b5eb1,"혼자 사는 직장인, 마트/반찬가게 '조리된 반찬' 살까 말까 망설일 때: 집밥 만족도 높이는 현명한 선택 가이드",3,next,강한 신호(같은 클러스터/대표 키워드 일치) 없이 카테고리 일치 또는 소수 keyword/tag overlap만으로 연결됨(점수 3)
2026-08-01-food-auto-7f290f,"퇴근 후 요리 시간 아끼는 1인 가구 직장인, 미니 다지기 vs. 칼질: 당신의 손목과 시간을 위한 현명한 선택",2026-08-03-food-auto-fb2380,"퇴근 후 요리 시간 아끼는 1인 가구, 손질 채소 vs. 통 채소: 당신의 식탁을 위한 현명한 선택",3,next,강한 신호(같은 클러스터/대표 키워드 일치) 없이 카테고리 일치 또는 소수 keyword/tag overlap만으로 연결됨(점수 3)
2026-08-01-food-auto-7f290f,"퇴근 후 요리 시간 아끼는 1인 가구 직장인, 미니 다지기 vs. 칼질: 당신의 손목과 시간을 위한 현명한 선택",2026-08-06-food-auto-dea971,"혼자 사는 직장인, 신선 채소 한 팩 앞에서 망설일 때: 버리지 않고 끝까지 신선하게 즐기는 현실적인 구매부터 소비 전략",3,next,강한 신호(같은 클러스터/대표 키워드 일치) 없이 카테고리 일치 또는 소수 keyword/tag overlap만으로 연결됨(점수 3)
2026-08-01-food-auto-8c9a71,"혼자 사는 직장인, 냉장고 속 식용유와 조미료, 버릴까 말까? 알뜰하게 다 쓰는 보관법",2026-08-07-food-auto-9b0d72,"혼자 사는 직장인, 좁은 주방에 꽉 찬 식료품 관리 어려울 때: 효율적인 '나만의 미니 팬트리' 만드는 현실적인 전략",3,next,강한 신호(같은 클러스터/대표 키워드 일치) 없이 카테고리 일치 또는 소수 keyword/tag overlap만으로 연결됨(점수 3)
2026-08-01-food-auto-8c9a71,"혼자 사는 직장인, 냉장고 속 식용유와 조미료, 버릴까 말까? 알뜰하게 다 쓰는 보관법",2026-08-08-food-auto-cfd186,"혼자 사는 직장인, 매일 쓰는 식용유: 만능 콩기름 vs. 건강 올리브유, 당신의 요리 스타일과 지갑을 위한 현명한 선택",3,next,강한 신호(같은 클러스터/대표 키워드 일치) 없이 카테고리 일치 또는 소수 keyword/tag overlap만으로 연결됨(점수 3)
2026-08-01-food-auto-976f1b,"1인 가구, 명절 선물 식재료 너무 많을 때? 버리지 않고 알뜰하게 소비하는 현명한 계획 세우기",2026-07-30-food-12,"혼자 사는 당신, 냉장고 속 남은 음식 버릴지 말지 망설일 때, 안전하고 맛있게 활용하는 법",3,next,강한 신호(같은 클러스터/대표 키워드 일치) 없이 카테고리 일치 또는 소수 keyword/tag overlap만으로 연결됨(점수 3)
2026-08-01-food-auto-976f1b,"1인 가구, 명절 선물 식재료 너무 많을 때? 버리지 않고 알뜰하게 소비하는 현명한 계획 세우기",2026-07-30-food-16,"퇴근 후 요리하는 1인 가구, 냄새 없이 음식물 쓰레기 줄이는 현실적인 루틴",3,next,강한 신호(같은 클러스터/대표 키워드 일치) 없이 카테고리 일치 또는 소수 keyword/tag overlap만으로 연결됨(점수 3)
2026-08-01-housing-auto-c039f6,전월세 계약 갱신 방법｜묵시적 갱신,2026-07-30-housing-42,"내 첫 원룸 계약, 퇴근 후 15분으로 손해 없이 똑똑하게 확인하는 법",3,next,강한 신호(같은 클러스터/대표 키워드 일치) 없이 카테고리 일치 또는 소수 keyword/tag overlap만으로 연결됨(점수 3)
2026-08-01-housing-auto-c039f6,전월세 계약 갱신 방법｜묵시적 갱신,2026-08-05-housing-auto-f0090f,"혼자 사는 직장인, 다음 집 어디로 갈까? 퇴근 후 짬 내서 내게 맞는 전월세집 똑똑하게 찾는 순서",3,next,강한 신호(같은 클러스터/대표 키워드 일치) 없이 카테고리 일치 또는 소수 keyword/tag overlap만으로 연결됨(점수 3)
2026-08-01-housing-auto-e6f8ea,"혼자 사는 직장인, 이사 갈 때 포장·반포장·용달 이사 중 뭘 고를까? 내 상황에 맞는 최적의 선택 가이드",2026-08-07-housing-auto-5dd703,"혼자 사는 직장인, 갑자기 이사 가야 하는데 다음 세입자 직접 구하라니? 계약 중도 해지 부담 줄이는 현실적인 방법",3,next,강한 신호(같은 클러스터/대표 키워드 일치) 없이 카테고리 일치 또는 소수 keyword/tag overlap만으로 연결됨(점수 3)
2026-08-01-lifestyle-auto-19ac88,"혼자 사는 직장인, 주말만 되면 흐트러지는 생활 리듬, 무너지지 않고 재정비하는 현실 가이드",2026-07-30-lifestyle-59,"1인 가구 직장인, 퇴근 후나 주말에 혼자 있을 때 자꾸 무기력해진다면? 당신의 생활 리듬을 되찾는 현실적인 방법",3,next,강한 신호(같은 클러스터/대표 키워드 일치) 없이 카테고리 일치 또는 소수 keyword/tag overlap만으로 연결됨(점수 3)
2026-08-01-lifestyle-auto-37c919,"1인 가구 직장인, 북적이던 집이 조용해질 때 찾아오는 허전함, 능숙하게 다루는 회복 루틴",2026-08-06-lifestyle-auto-dd68b0,"혼자 사는 직장인, 친구 커플/가족 모임 초대받았을 때 어색함 없이 즐기는 현실 가이드",3,next,강한 신호(같은 클러스터/대표 키워드 일치) 없이 카테고리 일치 또는 소수 keyword/tag overlap만으로 연결됨(점수 3)
2026-08-01-lifestyle-auto-976633,"1인 가구 직장인, '혼자라서 시간 많지?' 오해에 지쳤다면? 퇴근 후 내 시간 지키는 현명한 거절법",2026-08-07-lifestyle-auto-6e452d,"혼자 사는 직장인, 낯선 이웃이 자꾸 말 걸고 다가올 때? 적정 거리 지키며 관계 최적화하는 실전 가이드",3,next,강한 신호(같은 클러스터/대표 키워드 일치) 없이 카테고리 일치 또는 소수 keyword/tag overlap만으로 연결됨(점수 3)
2026-08-01-lifestyle-auto-ab470f,"혼자 사는 직장인, 새로운 인연 찾기가 막막하다면? 데이팅 앱 vs. 오프라인 모임, 나에게 맞는 선택 기준",2026-07-30-lifestyle-62,"퇴근 후 혼밥이 귀찮은 1인 가구, 매일 끼니 거르지 않고 건강 챙기는 현실적인 식사 루틴",3,next,강한 신호(같은 클러스터/대표 키워드 일치) 없이 카테고리 일치 또는 소수 keyword/tag overlap만으로 연결됨(점수 3)
2026-08-01-lifestyle-auto-ab470f,"혼자 사는 직장인, 새로운 인연 찾기가 막막하다면? 데이팅 앱 vs. 오프라인 모임, 나에게 맞는 선택 기준",2026-08-01-lifestyle-auto-b13421,"혼자 사는 직장인, 퇴근 후 나만의 커뮤니티 찾고 든든한 관계 맺는 현실 가이드",3,next,강한 신호(같은 클러스터/대표 키워드 일치) 없이 카테고리 일치 또는 소수 keyword/tag overlap만으로 연결됨(점수 3)
2026-08-01-lifestyle-auto-b13421,"혼자 사는 직장인, 퇴근 후 나만의 커뮤니티 찾고 든든한 관계 맺는 현실 가이드",2026-08-01-lifestyle-auto-ab470f,"혼자 사는 직장인, 새로운 인연 찾기가 막막하다면? 데이팅 앱 vs. 오프라인 모임, 나에게 맞는 선택 기준",3,next,강한 신호(같은 클러스터/대표 키워드 일치) 없이 카테고리 일치 또는 소수 keyword/tag overlap만으로 연결됨(점수 3)
2026-08-01-lifestyle-auto-b13421,"혼자 사는 직장인, 퇴근 후 나만의 커뮤니티 찾고 든든한 관계 맺는 현실 가이드",2026-08-07-lifestyle-auto-6e452d,"혼자 사는 직장인, 낯선 이웃이 자꾸 말 걸고 다가올 때? 적정 거리 지키며 관계 최적화하는 실전 가이드",3,next,강한 신호(같은 클러스터/대표 키워드 일치) 없이 카테고리 일치 또는 소수 keyword/tag overlap만으로 연결됨(점수 3)
2026-08-01-products-78,"퇴근 후 갓 지은 밥 한 그릇, 1인 가구에게 딱 맞는 밥솥 용량 효율적으로 고르는 법",2026-07-30-products-51,"꿉꿉한 빨래, 좁은 방에 널지 마세요! 1인 가구 직장인을 위한 미니 건조기, 실패 없이 선택하는 법",3,next,강한 신호(같은 클러스터/대표 키워드 일치) 없이 카테고리 일치 또는 소수 keyword/tag overlap만으로 연결됨(점수 3)
2026-08-01-products-78,"퇴근 후 갓 지은 밥 한 그릇, 1인 가구에게 딱 맞는 밥솥 용량 효율적으로 고르는 법",2026-07-31-products-76,"자취생, 퇴근 후 음식물쓰레기 악취 탈출? 우리집에 딱 맞는 처리기 고르는 법",3,next,강한 신호(같은 클러스터/대표 키워드 일치) 없이 카테고리 일치 또는 소수 keyword/tag overlap만으로 연결됨(점수 3)
2026-08-01-products-auto-153ac4,"혼자 사는 직장인, 환기 어려운 집에 꿉꿉한 냄새가 밴다면? 1인 가구 공기 케어, 공기청정기 vs 제습기 현명하게 고르는 법",2026-08-12-products-auto-6c6a4a,"혼자 사는 직장인, 퇴근 후 어두운 집, 굳이 불 켜러 가기 귀찮다면? 1인 가구 스마트 전구, 과연 나에게 필요한 최적의 선택일까?",3,next,강한 신호(같은 클러스터/대표 키워드 일치) 없이 카테고리 일치 또는 소수 keyword/tag overlap만으로 연결됨(점수 3)
2026-08-01-products-auto-fee2c4,1인 가구 공기청정기 기준｜원룸 공기정화,2026-07-31-products-77,퇴근 후 로봇청소기만 돌렸는데도 먼지가 쌓인다고요? 혼자 사는 당신의 바닥 청소가 실패하는 진짜 이유,3,next,강한 신호(같은 클러스터/대표 키워드 일치) 없이 카테고리 일치 또는 소수 keyword/tag overlap만으로 연결됨(점수 3)
2026-08-01-products-auto-ff2c16,1인 가구 정수기 기준｜정수기 렌탈,2026-07-30-products-51,"꿉꿉한 빨래, 좁은 방에 널지 마세요! 1인 가구 직장인을 위한 미니 건조기, 실패 없이 선택하는 법",3,next,강한 신호(같은 클러스터/대표 키워드 일치) 없이 카테고리 일치 또는 소수 keyword/tag overlap만으로 연결됨(점수 3)
2026-08-01-safety-auto-0466e2,"혼자 사는 당신, 집에서 갑자기 쓰러지거나 움직일 수 없을 때? 스마트 응급 호출 시스템, 나에게 정말 필요할까?",2026-08-07-safety-auto-7d0e1d,"혼자 사는 당신, 쓰러지거나 의식 없을 때: 스마트 비상 연락 시스템 vs. 비상 키 공유, 어떤 대비책이 나에게 맞을까?",3,next,강한 신호(같은 클러스터/대표 키워드 일치) 없이 카테고리 일치 또는 소수 keyword/tag overlap만으로 연결됨(점수 3)
2026-08-01-safety-auto-1a5c71,"혼자 사는 당신, 늦은 밤 현관문 비밀번호를 잊었거나 열쇠를 잃어버렸을 때 대처법",2026-08-09-safety-auto-eb5e4c,"혼자 사는 당신, 퇴근 후 현관문이 잠겨 집 못 들어갈 때: 당황하지 않고 안전하게 집으로 돌아가는 현실적인 방법",3,next,강한 신호(같은 클러스터/대표 키워드 일치) 없이 카테고리 일치 또는 소수 keyword/tag overlap만으로 연결됨(점수 3)
2026-08-01-safety-auto-4f0708,"혼자 사는 당신, 늦은 밤 갑자기 정전될 때? 당황하지 않고 안전하게 대처하는 현실적인 방법",2026-08-03-safety-auto-75476d,1인 가구 지진 방법｜지진 대피 요령,3,next,강한 신호(같은 클러스터/대표 키워드 일치) 없이 카테고리 일치 또는 소수 keyword/tag overlap만으로 연결됨(점수 3)
2026-08-01-safety-auto-835af8,"혼자 사는 당신, 보일러나 난방기 사용 중 갑자기 어지럽고 메스꺼울 때? 침묵의 살인자 일산화탄소 대처법",2026-08-01-safety-auto-909169,"혼자 사는 당신, 퇴근 후 문이 잠겼을 때? 열쇠 분실 대비, 현명한 선택 가이드",3,next,강한 신호(같은 클러스터/대표 키워드 일치) 없이 카테고리 일치 또는 소수 keyword/tag overlap만으로 연결됨(점수 3)
2026-08-01-safety-auto-835af8,"혼자 사는 당신, 보일러나 난방기 사용 중 갑자기 어지럽고 메스꺼울 때? 침묵의 살인자 일산화탄소 대처법",2026-08-07-safety-auto-a9b07e,"혼자 사는 당신, 우리 집 말고 다른 곳에서 건물 전체 화재 경보기가 울릴 때: 당황하지 않고 안전하게 상황을 판단하고 대피하는 현실적인 방법",3,next,강한 신호(같은 클러스터/대표 키워드 일치) 없이 카테고리 일치 또는 소수 keyword/tag overlap만으로 연결됨(점수 3)
2026-08-01-safety-auto-c574d6,"혼자 사는 당신, 외부 침입 대비할 때? 스마트 도어벨 vs. 가정용 CCTV, 나에게 맞는 현관 보안은?",2026-08-04-safety-auto-3547d2,"혼자 사는 당신, 집에 불이 났을 때? 일반 vs. 스마트 화재경보기, 나에게 맞는 선택은?",3,next,강한 신호(같은 클러스터/대표 키워드 일치) 없이 카테고리 일치 또는 소수 keyword/tag overlap만으로 연결됨(점수 3)
2026-08-01-storage-auto-316ab0,"좁은 원룸, 물건은 많은데 더 답답해 보이긴 싫다면? 오픈형 vs 문 있는 수납장, 현명하게 고르는 기준",2026-08-10-storage-auto-0a8470,"1인 가구 직장인, 좁은 집에 엉킨 충전 케이블·이어폰 때문에 스트레스라면? 깔끔하게 정리하고 바로 찾아 쓰는 현실 수납법",3,next,강한 신호(같은 클러스터/대표 키워드 일치) 없이 카테고리 일치 또는 소수 keyword/tag overlap만으로 연결됨(점수 3)
2026-08-01-storage-auto-39ae63,"좁은 원룸 1인 가구, 커다란 청소 도구와 공구, 어디에 두어야 할지 막막하다면? 깔끔하게 숨기고 효율적으로 쓰는 현실 수납법",2026-08-09-storage-auto-897697,"1인 가구 직장인, 갑자기 필요한 '공구' 때문에 좁은 집 서랍 뒤지다 지친다면? 필수 공구 깔끔하게 수납하고 바로 찾는 현실 가이드",3,next,강한 신호(같은 클러스터/대표 키워드 일치) 없이 카테고리 일치 또는 소수 keyword/tag overlap만으로 연결됨(점수 3)
2026-08-01-storage-auto-c54f86,1인 가구 액세서리 수납 비교｜원룸 가방 정리,2026-08-12-storage-auto-1aceff,"1인 가구 직장인, 좁은 옷장 속 '애매한 부피의 가방과 모자' 때문에 정리하기 어렵다면? '전용 수납걸이/랙 vs 다용도 수납함/선반', 현명하게 고르는 법 비교",3,next,강한 신호(같은 클러스터/대표 키워드 일치) 없이 카테고리 일치 또는 소수 keyword/tag overlap만으로 연결됨(점수 3)
2026-08-01-storage-auto-c94563,"퇴근 후 1인 가구, 현관문 열자마자 어지럽다면? 1평 현관, '비우는 공간'으로 만드는 현실 수납법",2026-08-06-storage-auto-c25261,1인 가구 서랍 정리 비교｜서랍 칸막이,3,next,강한 신호(같은 클러스터/대표 키워드 일치) 없이 카테고리 일치 또는 소수 keyword/tag overlap만으로 연결됨(점수 3)
2026-08-03-cleaning-auto-fd154a,"혼자 사는 당신, 퇴근 후 전자레인지 속 찌든 때? 냄새와 얼룩, 10분 만에 새것처럼 되돌리는 초간단 청소법",2026-08-01-cleaning-auto-dd0fd9,"혼자 사는 당신, 약해진 수압과 거뭇한 샤워기 헤드? 15분 만에 새것처럼 되돌리는 초간단 청소법",3,next,강한 신호(같은 클러스터/대표 키워드 일치) 없이 카테고리 일치 또는 소수 keyword/tag overlap만으로 연결됨(점수 3)
2026-08-03-cleaning-auto-fd154a,"혼자 사는 당신, 퇴근 후 전자레인지 속 찌든 때? 냄새와 얼룩, 10분 만에 새것처럼 되돌리는 초간단 청소법",2026-08-06-cleaning-auto-eb5789,"혼자 사는 당신, 매일 쓰는 세탁기, 속까지 깨끗하게 관리하고 있나요? 세탁 효율 높이고 고장 막는 구석구석 청소 가이드",3,next,강한 신호(같은 클러스터/대표 키워드 일치) 없이 카테고리 일치 또는 소수 keyword/tag overlap만으로 연결됨(점수 3)
2026-08-03-food-auto-b8f8a0,"1인 가구 직장인, 신선한 고기·생선 한 팩이 부담될 때? 버리지 않고 맛있게 즐기는 구매부터 소분, 냉동 보관까지의 현실적인 루틴",2026-08-06-food-auto-75ad3e,"혼자 사는 직장인, 냉동실에 뭐가 있는지 맨날 까먹을 때? 식재료 낭비 막는 효율적인 정리와 관리법",3,next,강한 신호(같은 클러스터/대표 키워드 일치) 없이 카테고리 일치 또는 소수 keyword/tag overlap만으로 연결됨(점수 3)
2026-08-03-housing-auto-5b4f05,"혼자 사는 직장인, 이사 당일 보증금 못 받을 위기? 당황 말고 내 돈 지키는 3단계 대처법",2026-08-07-housing-auto-5dd703,"혼자 사는 직장인, 갑자기 이사 가야 하는데 다음 세입자 직접 구하라니? 계약 중도 해지 부담 줄이는 현실적인 방법",3,next,강한 신호(같은 클러스터/대표 키워드 일치) 없이 카테고리 일치 또는 소수 keyword/tag overlap만으로 연결됨(점수 3)
2026-08-03-housing-auto-f53851,"혼자 사는 직장인, 빈집 vs 풀옵션 원룸/오피스텔, 뭘 골라야 현명할까? 시간과 돈 아끼는 최적의 선택 가이드",2026-08-08-housing-auto-4e32dc,"혼자 사는 직장인, 새집 입주 후 예상 못한 숨은 하자 발견! 내 권리 지키며 계약 조정하는 현실 가이드",3,next,강한 신호(같은 클러스터/대표 키워드 일치) 없이 카테고리 일치 또는 소수 keyword/tag overlap만으로 연결됨(점수 3)
2026-08-03-lifestyle-auto-06c5e8,1인 가구 시간 활용 비교｜의무적 약속,2026-08-01-lifestyle-auto-ab470f,"혼자 사는 직장인, 새로운 인연 찾기가 막막하다면? 데이팅 앱 vs. 오프라인 모임, 나에게 맞는 선택 기준",3,next,강한 신호(같은 클러스터/대표 키워드 일치) 없이 카테고리 일치 또는 소수 keyword/tag overlap만으로 연결됨(점수 3)
2026-08-03-lifestyle-auto-06c5e8,1인 가구 시간 활용 비교｜의무적 약속,2026-08-06-lifestyle-auto-dd68b0,"혼자 사는 직장인, 친구 커플/가족 모임 초대받았을 때 어색함 없이 즐기는 현실 가이드",3,next,강한 신호(같은 클러스터/대표 키워드 일치) 없이 카테고리 일치 또는 소수 keyword/tag overlap만으로 연결됨(점수 3)
2026-08-03-products-auto-1b3cc6,"퇴근 후 내 방만 시원하게! 1인 가구 이동식 에어컨 VS 서큘레이터, 뭐가 맞을까?",2026-08-12-products-auto-74d817,"혼자 사는 직장인, 냉난방비 아끼고 쾌적한 실내 공기? 서큘레이터 vs. 선풍기, 나에게 딱 맞는 선택은?",3,next,강한 신호(같은 클러스터/대표 키워드 일치) 없이 카테고리 일치 또는 소수 keyword/tag overlap만으로 연결됨(점수 3)
2026-08-03-products-auto-55fd7c,1인 가구 스마트 조명 알아보기｜스마트홈 입문,2026-08-06-products-auto-f84639,"혼자 사는 직장인, 난방비 폭탄 맞기 싫다면? 퇴근 후 우리집 보일러, '이 3가지'로 현명하게 관리하세요!",3,next,강한 신호(같은 클러스터/대표 키워드 일치) 없이 카테고리 일치 또는 소수 keyword/tag overlap만으로 연결됨(점수 3)
2026-08-03-safety-auto-75476d,1인 가구 지진 방법｜지진 대피 요령,2026-08-01-safety-auto-4f0708,"혼자 사는 당신, 늦은 밤 갑자기 정전될 때? 당황하지 않고 안전하게 대처하는 현실적인 방법",3,next,강한 신호(같은 클러스터/대표 키워드 일치) 없이 카테고리 일치 또는 소수 keyword/tag overlap만으로 연결됨(점수 3)
2026-08-03-safety-auto-7bde55,"혼자 사는 당신, 주방 화재 발생 시? 소화기 vs. 소방 담요, 나에게 더 효과적인 것은?",2026-08-04-safety-auto-61ce38,"혼자 사는 당신, 요리하다 칼에 깊게 베였을 때: 당황하지 않고 지혈과 응급처치하는 현실적인 방법",3,next,강한 신호(같은 클러스터/대표 키워드 일치) 없이 카테고리 일치 또는 소수 keyword/tag overlap만으로 연결됨(점수 3)
2026-08-03-safety-auto-7bde55,"혼자 사는 당신, 주방 화재 발생 시? 소화기 vs. 소방 담요, 나에게 더 효과적인 것은?",2026-08-11-safety-auto-3045ad,"혼자 사는 당신, 요리하다 칼에 베이거나 뜨거운 물에 데였을 때: 당황하지 않고 신속하게 응급처치하고 병원 갈지 판단하는 현실적인 방법",3,next,강한 신호(같은 클러스터/대표 키워드 일치) 없이 카테고리 일치 또는 소수 keyword/tag overlap만으로 연결됨(점수 3)
2026-08-03-storage-auto-9015de,"1인 가구 직장인, 필요한 작은 물건 찾다 시간 다 보낸다면? '숨은 아이템' 한 번에 찾아내는 현실 수납법",2026-08-01-storage-auto-662a7f,"1인 가구 직장인, 좁은 원룸 '한 번 입은 옷' 더미! 간편한 의류 리프레시 존 만드는 현실 팁",3,next,강한 신호(같은 클러스터/대표 키워드 일치) 없이 카테고리 일치 또는 소수 keyword/tag overlap만으로 연결됨(점수 3)
2026-08-03-storage-auto-9015de,"1인 가구 직장인, 필요한 작은 물건 찾다 시간 다 보낸다면? '숨은 아이템' 한 번에 찾아내는 현실 수납법",2026-08-10-storage-auto-48f5a4,"1인 가구 직장인, 좁은 주방 '수납 공간 잡아먹는' 주방 가전 때문에 고민이라면? '싱글 기능 vs 멀티 기능' 가전, 현명하게 고르는 법 비교",3,next,강한 신호(같은 클러스터/대표 키워드 일치) 없이 카테고리 일치 또는 소수 keyword/tag overlap만으로 연결됨(점수 3)
2026-08-04-cleaning-auto-0b0c02,"혼자 사는 당신, 퇴근 후 밟히는 끈적한 바닥? 좁은 원룸 물걸레 청소, 딱 10분이면 충분합니다!",2026-07-30-cleaning-30,"바쁜 1인 가구 원룸, 매일 쌓이는 먼지? 근본적으로 줄이는 현실적인 생활 습관",3,next,강한 신호(같은 클러스터/대표 키워드 일치) 없이 카테고리 일치 또는 소수 keyword/tag overlap만으로 연결됨(점수 3)
2026-08-04-cleaning-auto-123d17,"혼자 사는 당신, 아끼던 니트/티셔츠가 빨래 후 줄어들거나 늘어났다고? 망가진 옷 되살리고 예방하는 현실적인 솔루션",2026-08-03-cleaning-auto-fc046f,"바쁜 1인 가구 직장인, 매일 아침 구겨진 옷? 다림질 vs 스팀다리미, 현명한 선택 기준",3,next,강한 신호(같은 클러스터/대표 키워드 일치) 없이 카테고리 일치 또는 소수 keyword/tag overlap만으로 연결됨(점수 3)
2026-08-04-cleaning-auto-123d17,"혼자 사는 당신, 아끼던 니트/티셔츠가 빨래 후 줄어들거나 늘어났다고? 망가진 옷 되살리고 예방하는 현실적인 솔루션",2026-08-08-cleaning-auto-c188df,"혼자 사는 당신, 쓰고 남은 기름, 아무렇게나 버렸다간 큰코다쳐요! 폐식용유 깔끔하게 버리고 환경 지키는 현실 가이드",3,next,강한 신호(같은 클러스터/대표 키워드 일치) 없이 카테고리 일치 또는 소수 keyword/tag overlap만으로 연결됨(점수 3)
2026-08-04-cost-auto-7e7d88,"혼자 사는 직장인, 난방비 폭탄 걱정될 때! 우리 집 겨울, 후회 없이 따뜻하고 저렴하게 나는 법",2026-07-30-cost-2,"혼자 사는 직장인, 예상치 못한 공과금 폭탄 피하는 전기·가스·수도 요금 절약 실전 가이드",3,next,강한 신호(같은 클러스터/대표 키워드 일치) 없이 카테고리 일치 또는 소수 keyword/tag overlap만으로 연결됨(점수 3)
2026-08-04-food-auto-8d3bfc,"1인 가구 직장인, 마트에서 산 감자 싹 나고 양파 물러질 때, 버릴까 말까? 알뜰하게 살리고 안전하게 먹는 법",2026-07-30-food-11,"퇴근 후 지친 당신, 냉장고 식재료 썩히지 않고 알뜰하게 다 먹는 보관 기간 가이드",3,next,강한 신호(같은 클러스터/대표 키워드 일치) 없이 카테고리 일치 또는 소수 keyword/tag overlap만으로 연결됨(점수 3)
2026-08-04-food-auto-8d3bfc,"1인 가구 직장인, 마트에서 산 감자 싹 나고 양파 물러질 때, 버릴까 말까? 알뜰하게 살리고 안전하게 먹는 법",2026-08-05-food-auto-1636b6,"혼자 사는 직장인, 직접 요리한 음식 식탁에 뒀거나 여러 번 데워 먹을 때: 배탈 없이 안전하게 먹을 현실적인 기준",3,next,강한 신호(같은 클러스터/대표 키워드 일치) 없이 카테고리 일치 또는 소수 keyword/tag overlap만으로 연결됨(점수 3)
2026-08-04-food-auto-908ca9,"1인 가구, 대용량 잡곡·가루·장류 앞에서 망설일 때? 진짜 이득인지 따져보는 현명한 선택 가이드",2026-08-01-food-auto-976f1b,"1인 가구, 명절 선물 식재료 너무 많을 때? 버리지 않고 알뜰하게 소비하는 현명한 계획 세우기",3,next,강한 신호(같은 클러스터/대표 키워드 일치) 없이 카테고리 일치 또는 소수 keyword/tag overlap만으로 연결됨(점수 3)
2026-08-04-food-auto-908ca9,"1인 가구, 대용량 잡곡·가루·장류 앞에서 망설일 때? 진짜 이득인지 따져보는 현명한 선택 가이드",2026-08-06-food-auto-19b20f,못난이 채소 알아보기｜B급 과일,3,next,강한 신호(같은 클러스터/대표 키워드 일치) 없이 카테고리 일치 또는 소수 keyword/tag overlap만으로 연결됨(점수 3)
2026-08-04-housing-auto-cbaa3c,"혼자 사는 직장인, 첫 집 계약 전세 vs 월세? 내 돈 아끼는 현명한 선택 가이드",2026-07-30-housing-42,"내 첫 원룸 계약, 퇴근 후 15분으로 손해 없이 똑똑하게 확인하는 법",3,next,강한 신호(같은 클러스터/대표 키워드 일치) 없이 카테고리 일치 또는 소수 keyword/tag overlap만으로 연결됨(점수 3)
2026-08-04-housing-auto-cbaa3c,"혼자 사는 직장인, 첫 집 계약 전세 vs 월세? 내 돈 아끼는 현명한 선택 가이드",2026-07-30-housing-45,"1인 가구 이사, 퇴근 후 틈틈이 준비해도 시간과 돈 아끼는 최적의 체크리스트",3,next,강한 신호(같은 클러스터/대표 키워드 일치) 없이 카테고리 일치 또는 소수 keyword/tag overlap만으로 연결됨(점수 3)
2026-08-04-housing-auto-e8de0c,"혼자 사는 직장인, 집주인/관리사무소의 갑작스러운 방문 요청, 내 사생활 지키며 똑똑하게 대처하는 법",2026-08-07-housing-auto-baa8f0,"혼자 사는 직장인, 습한 내 방에 곰팡이가 피었다면? 덮어두지 말고 원인 찾아 건강 지키는 현실 해결책",3,next,강한 신호(같은 클러스터/대표 키워드 일치) 없이 카테고리 일치 또는 소수 keyword/tag overlap만으로 연결됨(점수 3)
2026-08-04-products-auto-e91dfc,"혼자 사는 직장인, 새 가구 조립/분해 엄두가 안 난다면? 1인 가구 맞춤 가구 조립·분해 서비스, '이 3가지'로 현명하게 고르세요",2026-08-04-products-auto-d4b4c6,"혼자 사는 직장인, 좁은 원룸/오피스텔 공간 활용이 답답할 때! 1인 가구 다기능 가구, '이 3가지' 따져보고 고르세요",3,next,강한 신호(같은 클러스터/대표 키워드 일치) 없이 카테고리 일치 또는 소수 keyword/tag overlap만으로 연결됨(점수 3)
2026-08-04-safety-auto-3547d2,"혼자 사는 당신, 집에 불이 났을 때? 일반 vs. 스마트 화재경보기, 나에게 맞는 선택은?",2026-08-01-safety-auto-c574d6,"혼자 사는 당신, 외부 침입 대비할 때? 스마트 도어벨 vs. 가정용 CCTV, 나에게 맞는 현관 보안은?",3,next,강한 신호(같은 클러스터/대표 키워드 일치) 없이 카테고리 일치 또는 소수 keyword/tag overlap만으로 연결됨(점수 3)
2026-08-04-safety-auto-3547d2,"혼자 사는 당신, 집에 불이 났을 때? 일반 vs. 스마트 화재경보기, 나에게 맞는 선택은?",2026-08-06-safety-auto-8dc9e3,"혼자 사는 당신, 스마트 기기 많아 정전에 불안하다면? 휴대용 파워뱅크 vs. UPS, 나에게 맞는 정전 대비책은?",3,next,강한 신호(같은 클러스터/대표 키워드 일치) 없이 카테고리 일치 또는 소수 keyword/tag overlap만으로 연결됨(점수 3)
2026-08-04-safety-auto-61ce38,"혼자 사는 당신, 요리하다 칼에 깊게 베였을 때: 당황하지 않고 지혈과 응급처치하는 현실적인 방법",2026-08-03-safety-auto-7bde55,"혼자 사는 당신, 주방 화재 발생 시? 소화기 vs. 소방 담요, 나에게 더 효과적인 것은?",3,next,강한 신호(같은 클러스터/대표 키워드 일치) 없이 카테고리 일치 또는 소수 keyword/tag overlap만으로 연결됨(점수 3)
2026-08-04-storage-auto-06061f,1인 가구 책상 정리 알아보기｜원룸 케이블 정리,2026-08-10-storage-auto-0a8470,"1인 가구 직장인, 좁은 집에 엉킨 충전 케이블·이어폰 때문에 스트레스라면? 깔끔하게 정리하고 바로 찾아 쓰는 현실 수납법",3,next,강한 신호(같은 클러스터/대표 키워드 일치) 없이 카테고리 일치 또는 소수 keyword/tag overlap만으로 연결됨(점수 3)
2026-08-04-storage-auto-06061f,1인 가구 책상 정리 알아보기｜원룸 케이블 정리,2026-08-12-storage-auto-1aceff,"1인 가구 직장인, 좁은 옷장 속 '애매한 부피의 가방과 모자' 때문에 정리하기 어렵다면? '전용 수납걸이/랙 vs 다용도 수납함/선반', 현명하게 고르는 법 비교",3,next,강한 신호(같은 클러스터/대표 키워드 일치) 없이 카테고리 일치 또는 소수 keyword/tag overlap만으로 연결됨(점수 3)
2026-08-04-storage-auto-28ed9d,1인 가구 식료품 수납 알아보기｜좁은 주방 정리,2026-08-06-storage-auto-ae69e9,틈새 선반 비교｜이동식 트롤리,3,next,강한 신호(같은 클러스터/대표 키워드 일치) 없이 카테고리 일치 또는 소수 keyword/tag overlap만으로 연결됨(점수 3)
2026-08-04-storage-auto-28ed9d,1인 가구 식료품 수납 알아보기｜좁은 주방 정리,2026-08-14-storage-auto-fcf546,"1인 가구 직장인, 좁은 주방 '넘쳐나는 텀블러·물병·도시락 통' 때문에 싱크대 문이 닫히지 않는다면? 깔끔하게 정리하고 위생적으로 쓰는 현실 수납법",3,next,강한 신호(같은 클러스터/대표 키워드 일치) 없이 카테고리 일치 또는 소수 keyword/tag overlap만으로 연결됨(점수 3)
2026-08-05-food-auto-1636b6,"혼자 사는 직장인, 직접 요리한 음식 식탁에 뒀거나 여러 번 데워 먹을 때: 배탈 없이 안전하게 먹을 현실적인 기준",2026-08-04-food-auto-8d3bfc,"1인 가구 직장인, 마트에서 산 감자 싹 나고 양파 물러질 때, 버릴까 말까? 알뜰하게 살리고 안전하게 먹는 법",3,next,강한 신호(같은 클러스터/대표 키워드 일치) 없이 카테고리 일치 또는 소수 keyword/tag overlap만으로 연결됨(점수 3)
2026-08-05-food-auto-c06744,"1인 가구 직장인, 요리에 쓰고 남은 신선 허브, 시들기 전에 이렇게 하세요! 버리지 않고 오래 쓰는 보관법",2026-08-01-food-auto-0f5d02,"퇴근 후 지친 1인 가구 직장인, 오프라인 마트 vs. 온라인 장보기, 당신의 시간과 돈을 아껴줄 현명한 선택",3,next,강한 신호(같은 클러스터/대표 키워드 일치) 없이 카테고리 일치 또는 소수 keyword/tag overlap만으로 연결됨(점수 3)
2026-08-05-food-auto-c06744,"1인 가구 직장인, 요리에 쓰고 남은 신선 허브, 시들기 전에 이렇게 하세요! 버리지 않고 오래 쓰는 보관법",2026-08-08-food-auto-9b0e80,1인 가구 허브 비교｜혼밥 향신료,3,next,강한 신호(같은 클러스터/대표 키워드 일치) 없이 카테고리 일치 또는 소수 keyword/tag overlap만으로 연결됨(점수 3)
2026-08-05-housing-auto-f0090f,"혼자 사는 직장인, 다음 집 어디로 갈까? 퇴근 후 짬 내서 내게 맞는 전월세집 똑똑하게 찾는 순서",2026-08-01-housing-auto-c039f6,전월세 계약 갱신 방법｜묵시적 갱신,3,next,강한 신호(같은 클러스터/대표 키워드 일치) 없이 카테고리 일치 또는 소수 keyword/tag overlap만으로 연결됨(점수 3)
2026-08-05-housing-auto-f0090f,"혼자 사는 직장인, 다음 집 어디로 갈까? 퇴근 후 짬 내서 내게 맞는 전월세집 똑똑하게 찾는 순서",2026-08-06-housing-auto-1870eb,"혼자 사는 직장인, 새 집 어디로 갈까? 빌라 vs 오피스텔 vs 아파트, 시간과 돈 아끼는 현명한 선택 가이드",3,next,강한 신호(같은 클러스터/대표 키워드 일치) 없이 카테고리 일치 또는 소수 keyword/tag overlap만으로 연결됨(점수 3)
2026-08-05-products-auto-7a3772,"혼자 사는 직장인, 로봇청소기로 놓친 먼지까지 깔끔하게! 1인 가구 무선 스틱 청소기, 후회 없이 고르는 3가지 기준",2026-07-30-products-50,"혼자 사는 직장인, 빨래방 갈 시간 없을 때! 소형 세탁기, '이 기준'으로 후회 없이 고르세요",3,next,강한 신호(같은 클러스터/대표 키워드 일치) 없이 카테고리 일치 또는 소수 keyword/tag overlap만으로 연결됨(점수 3)
2026-08-05-products-auto-8d663c,"혼자 사는 직장인, 퇴근 후 드라이클리닝 번거롭다면? 동네 세탁소 vs 세탁 앱 vs 홈케어, 내게 맞는 선택은?",2026-08-06-products-auto-17f494,"혼자 사는 직장인, 구겨진 옷 때문에 출근길 스트레스받는다면? 1인 가구 스팀다리미 vs 의류관리기, 내게 맞는 최적의 선택은?",3,next,강한 신호(같은 클러스터/대표 키워드 일치) 없이 카테고리 일치 또는 소수 keyword/tag overlap만으로 연결됨(점수 3)
2026-08-05-safety-auto-4e7f26,"혼자 사는 당신, 콘센트에서 타는 냄새나 스파크가 튈 때: 감전과 화재 위험 없이 안전하게 대처하는 법",2026-08-05-safety-auto-d98bca,"혼자 사는 당신, 늦은 밤 갑자기 두꺼비집이 내려가거나 콘센트에서 스파크가 튈 때: 당황하지 않고 안전하게 확인하고 대처하는 법",3,next,강한 신호(같은 클러스터/대표 키워드 일치) 없이 카테고리 일치 또는 소수 keyword/tag overlap만으로 연결됨(점수 3)
2026-08-05-safety-auto-4e7f26,"혼자 사는 당신, 콘센트에서 타는 냄새나 스파크가 튈 때: 감전과 화재 위험 없이 안전하게 대처하는 법",2026-08-11-safety-auto-d99e57,"혼자 사는 당신, 갑자기 일부 전등이 나가거나 특정 콘센트가 작동 안 할 때: 당황하지 않고 안전하게 원인 파악 및 해결하는 현실적인 방법",3,next,강한 신호(같은 클러스터/대표 키워드 일치) 없이 카테고리 일치 또는 소수 keyword/tag overlap만으로 연결됨(점수 3)
2026-08-05-safety-auto-d98bca,"혼자 사는 당신, 늦은 밤 갑자기 두꺼비집이 내려가거나 콘센트에서 스파크가 튈 때: 당황하지 않고 안전하게 확인하고 대처하는 법",2026-08-05-safety-auto-4e7f26,"혼자 사는 당신, 콘센트에서 타는 냄새나 스파크가 튈 때: 감전과 화재 위험 없이 안전하게 대처하는 법",3,next,강한 신호(같은 클러스터/대표 키워드 일치) 없이 카테고리 일치 또는 소수 keyword/tag overlap만으로 연결됨(점수 3)
2026-08-05-storage-auto-1764b0,"1인 가구 직장인, 좁은 옷장 '꽉 찬 옷' 때문에 숨막힌다면? 옷걸이 하나라도 더 거는 현실 수납법",2026-08-01-storage-auto-387eaf,"좁은 원룸, 의자에 쌓이는 '어중간한 옷'더미! 1인 가구라면 이것부터 확인하세요",3,next,강한 신호(같은 클러스터/대표 키워드 일치) 없이 카테고리 일치 또는 소수 keyword/tag overlap만으로 연결됨(점수 3)
2026-08-05-storage-auto-1764b0,"1인 가구 직장인, 좁은 옷장 '꽉 찬 옷' 때문에 숨막힌다면? 옷걸이 하나라도 더 거는 현실 수납법",2026-08-06-storage-auto-c25261,1인 가구 서랍 정리 비교｜서랍 칸막이,3,next,강한 신호(같은 클러스터/대표 키워드 일치) 없이 카테고리 일치 또는 소수 keyword/tag overlap만으로 연결됨(점수 3)
2026-08-05-storage-auto-d93cd5,"1인 가구 직장인, 좁은 원룸 벽면을 효율적으로 쓰고 싶다면? 페그보드 vs. 벽 선반, 내게 맞는 선택 기준 비교",2026-07-30-storage-22,"좁은 원룸 냉장고, 식재료 낭비 없이 깔끔하게 쓰는 현실 정리법",3,next,강한 신호(같은 클러스터/대표 키워드 일치) 없이 카테고리 일치 또는 소수 keyword/tag overlap만으로 연결됨(점수 3)
2026-08-06-cleaning-auto-17f2ed,"혼자 사는 당신, 세탁 세제 유목민 탈출! 액체·분말·캡슐, 나에게 맞는 현명한 선택 기준",2026-08-07-cleaning-auto-27a7fe,1인 가구 행주 비교｜일회용 행주,3,next,강한 신호(같은 클러스터/대표 키워드 일치) 없이 카테고리 일치 또는 소수 keyword/tag overlap만으로 연결됨(점수 3)
2026-08-06-cleaning-auto-17f2ed,"혼자 사는 당신, 세탁 세제 유목민 탈출! 액체·분말·캡슐, 나에게 맞는 현명한 선택 기준",2026-08-07-cleaning-auto-cb5dfe,혼자 사는 오븐 청소 알아보기｜오븐 찌든 때,3,next,강한 신호(같은 클러스터/대표 키워드 일치) 없이 카테고리 일치 또는 소수 keyword/tag overlap만으로 연결됨(점수 3)
2026-08-06-cleaning-auto-467d7f,전동청소솔 비교｜손청소도구,2026-08-13-cleaning-auto-7ef0d4,"혼자 사는 당신, 퇴근 후 끈적이는 바닥 스트레스? 물걸레 vs 물걸레 청소포, 후회 없는 선택 기준",3,next,강한 신호(같은 클러스터/대표 키워드 일치) 없이 카테고리 일치 또는 소수 keyword/tag overlap만으로 연결됨(점수 3)
2026-08-06-cleaning-auto-530ba0,"혼자 사는 당신, 세탁 후 어깨 뿔룩! 아끼던 옷 망치는 옷걸이 자국, 지금 당장 없애는 현실 팁",2026-08-06-cleaning-auto-e80db8,"혼자 사는 당신, 냄새나는 음식물 쓰레기, 버릴까? 말릴까? 음식물처리기 vs. 간편 배출, 현명한 선택 기준",3,next,강한 신호(같은 클러스터/대표 키워드 일치) 없이 카테고리 일치 또는 소수 keyword/tag overlap만으로 연결됨(점수 3)
2026-08-06-cleaning-auto-858326,청소포 비교｜극세사 걸레,2026-08-06-cleaning-auto-07ebe3,건조기 정전기 비교｜건조 시간 단축,3,next,강한 신호(같은 클러스터/대표 키워드 일치) 없이 카테고리 일치 또는 소수 keyword/tag overlap만으로 연결됨(점수 3)
2026-08-06-cleaning-auto-907063,"혼자 사는 당신, 현관문 열자마자 신발장 냄새에 미간 찌푸린다고요? 10분 만에 꿉꿉한 냄새 싹 잡고 쾌적하게 만드는 현실 솔루션",2026-08-13-cleaning-auto-545cef,"혼자 사는 당신, 자취방에 쌓인 못 쓰는 가구와 가전, 어떻게 버려야 할지 막막하다고? 딱 15분, 골치 아픈 대형 폐기물 스마트하게 처리하는 현실 가이드",3,next,강한 신호(같은 클러스터/대표 키워드 일치) 없이 카테고리 일치 또는 소수 keyword/tag overlap만으로 연결됨(점수 3)
2026-08-06-cleaning-auto-907063,"혼자 사는 당신, 현관문 열자마자 신발장 냄새에 미간 찌푸린다고요? 10분 만에 꿉꿉한 냄새 싹 잡고 쾌적하게 만드는 현실 솔루션",2026-08-14-cleaning-auto-0fc7dd,"혼자 사는 당신, 에어컨에서 퀴퀴한 냄새가 나고 시원하지 않다고요? 딱 20분, 필터 청소로 냉방 효율 높이고 전기료 아끼는 현실 솔루션",3,next,강한 신호(같은 클러스터/대표 키워드 일치) 없이 카테고리 일치 또는 소수 keyword/tag overlap만으로 연결됨(점수 3)
2026-08-06-cleaning-auto-ab8bbf,에어컨 필터 청소 비교｜에어컨 관리,2026-08-01-cleaning-auto-e1e505,벽 곰팡이 알아보기｜곰팡이 없애는 법,3,next,강한 신호(같은 클러스터/대표 키워드 일치) 없이 카테고리 일치 또는 소수 keyword/tag overlap만으로 연결됨(점수 3)
2026-08-06-cleaning-auto-e80db8,"혼자 사는 당신, 냄새나는 음식물 쓰레기, 버릴까? 말릴까? 음식물처리기 vs. 간편 배출, 현명한 선택 기준",2026-08-06-cleaning-auto-530ba0,"혼자 사는 당신, 세탁 후 어깨 뿔룩! 아끼던 옷 망치는 옷걸이 자국, 지금 당장 없애는 현실 팁",3,next,강한 신호(같은 클러스터/대표 키워드 일치) 없이 카테고리 일치 또는 소수 keyword/tag overlap만으로 연결됨(점수 3)
2026-08-06-cleaning-auto-e80db8,"혼자 사는 당신, 냄새나는 음식물 쓰레기, 버릴까? 말릴까? 음식물처리기 vs. 간편 배출, 현명한 선택 기준",2026-08-06-cleaning-auto-eb5789,"혼자 사는 당신, 매일 쓰는 세탁기, 속까지 깨끗하게 관리하고 있나요? 세탁 효율 높이고 고장 막는 구석구석 청소 가이드",3,next,강한 신호(같은 클러스터/대표 키워드 일치) 없이 카테고리 일치 또는 소수 keyword/tag overlap만으로 연결됨(점수 3)
2026-08-06-cleaning-auto-eb5789,"혼자 사는 당신, 매일 쓰는 세탁기, 속까지 깨끗하게 관리하고 있나요? 세탁 효율 높이고 고장 막는 구석구석 청소 가이드",2026-08-01-cleaning-auto-dd0fd9,"혼자 사는 당신, 약해진 수압과 거뭇한 샤워기 헤드? 15분 만에 새것처럼 되돌리는 초간단 청소법",3,next,강한 신호(같은 클러스터/대표 키워드 일치) 없이 카테고리 일치 또는 소수 keyword/tag overlap만으로 연결됨(점수 3)
2026-08-06-cleaning-auto-eb5789,"혼자 사는 당신, 매일 쓰는 세탁기, 속까지 깨끗하게 관리하고 있나요? 세탁 효율 높이고 고장 막는 구석구석 청소 가이드",2026-08-03-cleaning-auto-fd154a,"혼자 사는 당신, 퇴근 후 전자레인지 속 찌든 때? 냄새와 얼룩, 10분 만에 새것처럼 되돌리는 초간단 청소법",3,next,강한 신호(같은 클러스터/대표 키워드 일치) 없이 카테고리 일치 또는 소수 keyword/tag overlap만으로 연결됨(점수 3)
2026-08-06-cost-auto-cfda8d,"혼자 사는 직장인, 매일 마시는 커피값에 지갑이 텅 빈다면? 홈 카페 vs 외부 구매, 내게 맞는 경제적인 선택은?",2026-07-30-cost-70,"혼자 사는 직장인, 갑자기 늘어난 수도요금: 숨은 누수 찾고 해결하는 실전 가이드",3,next,강한 신호(같은 클러스터/대표 키워드 일치) 없이 카테고리 일치 또는 소수 keyword/tag overlap만으로 연결됨(점수 3)
2026-08-06-cost-auto-e8c32b,"혼자 사는 직장인, 예상치 못한 지출에 늘 불안하다면? 나만의 비상금 통장, 어떻게 만들어야 할까?",2026-07-30-cost-8,"혼자 사는 직장인, 월급은 통장을 스쳐갈 뿐? 나만의 적정 생활비 기준 세우고 지출 최적화하는 3단계",3,next,강한 신호(같은 클러스터/대표 키워드 일치) 없이 카테고리 일치 또는 소수 keyword/tag overlap만으로 연결됨(점수 3)
2026-08-06-food-auto-19b20f,못난이 채소 알아보기｜B급 과일,2026-08-01-food-auto-2c9171,"1인 가구 직장인, 대형마트 대용량 식재료 앞에서 망설일 때? 현명하게 구매하고 다 쓰는 전략",3,next,강한 신호(같은 클러스터/대표 키워드 일치) 없이 카테고리 일치 또는 소수 keyword/tag overlap만으로 연결됨(점수 3)
2026-08-06-food-auto-19b20f,못난이 채소 알아보기｜B급 과일,2026-08-04-food-auto-908ca9,"1인 가구, 대용량 잡곡·가루·장류 앞에서 망설일 때? 진짜 이득인지 따져보는 현명한 선택 가이드",3,next,강한 신호(같은 클러스터/대표 키워드 일치) 없이 카테고리 일치 또는 소수 keyword/tag overlap만으로 연결됨(점수 3)
2026-08-06-food-auto-585c1b,"퇴근 후 지친 1인 가구 직장인, 간단한 한 끼 요리 도구: 미니 멀티 쿠커 vs. 냄비+프라이팬, 당신의 주방에 더 현명한 선택은?",2026-08-12-food-auto-8fffcc,"혼자 사는 직장인, 요리한 음식 나눠 담을 때: 플라스틱 vs. 유리 vs. 실리콘, 당신의 냉장고와 건강을 위한 현명한 선택",3,next,강한 신호(같은 클러스터/대표 키워드 일치) 없이 카테고리 일치 또는 소수 keyword/tag overlap만으로 연결됨(점수 3)
2026-08-06-food-auto-75ad3e,"혼자 사는 직장인, 냉동실에 뭐가 있는지 맨날 까먹을 때? 식재료 낭비 막는 효율적인 정리와 관리법",2026-08-03-food-auto-b8f8a0,"1인 가구 직장인, 신선한 고기·생선 한 팩이 부담될 때? 버리지 않고 맛있게 즐기는 구매부터 소분, 냉동 보관까지의 현실적인 루틴",3,next,강한 신호(같은 클러스터/대표 키워드 일치) 없이 카테고리 일치 또는 소수 keyword/tag overlap만으로 연결됨(점수 3)
2026-08-06-food-auto-75ad3e,"혼자 사는 직장인, 냉동실에 뭐가 있는지 맨날 까먹을 때? 식재료 낭비 막는 효율적인 정리와 관리법",2026-08-13-food-auto-f7b0fc,"혼자 사는 직장인, 대용량 장류(고추장, 된장, 간장) 앞에서 망설일 때: 냉장고 공간, 맛, 위생 다 잡는 현명한 구매부터 보관, 활용법",3,next,강한 신호(같은 클러스터/대표 키워드 일치) 없이 카테고리 일치 또는 소수 keyword/tag overlap만으로 연결됨(점수 3)
2026-08-06-food-auto-834b6e,"1인 가구 직장인, 냉동실 식재료 신선하게 오래 보관할 때: 진공포장기 vs. 지퍼백, 당신의 최적 선택 가이드",2026-08-08-food-auto-6f0a23,"1인 가구 직장인, 국물 요리 후 남은 대파·무·양파 자투리, 버릴까 말까? 낭비 없이 알뜰하게 활용하는 현실적인 전략",3,next,강한 신호(같은 클러스터/대표 키워드 일치) 없이 카테고리 일치 또는 소수 keyword/tag overlap만으로 연결됨(점수 3)
2026-08-06-food-auto-b02493,"혼자 사는 직장인, 대용량 통조림·건면·소스 앞에서 망설일 때: 소량 팩 vs. 대용량, 당신의 시간과 지갑을 위한 최적의 선택",2026-08-04-food-auto-908ca9,"1인 가구, 대용량 잡곡·가루·장류 앞에서 망설일 때? 진짜 이득인지 따져보는 현명한 선택 가이드",3,next,강한 신호(같은 클러스터/대표 키워드 일치) 없이 카테고리 일치 또는 소수 keyword/tag overlap만으로 연결됨(점수 3)
2026-08-06-food-auto-c5562a,"1인 가구 직장인, 달걀 한 판 앞에서 망설일 때: 신선도 낭비 없이 끝까지 알뜰하게 즐기는 구매부터 보관, 활용법",2026-08-07-food-auto-13d75f,"1인 가구 직장인, 냉장고/팬트리 속 '유통기한 지난 미개봉 가공식품' 앞에서 망설일 때: 버릴까? 먹을까? 안전하게 판단하고 알뜰하게 활용하는 법",3,next,강한 신호(같은 클러스터/대표 키워드 일치) 없이 카테고리 일치 또는 소수 keyword/tag overlap만으로 연결됨(점수 3)
2026-08-06-food-auto-ef165d,"혼자 사는 직장인, 신선 채소·과일 소량 구매 어려울 때: 동네마트 vs. 온라인 새벽배송, 당신의 시간과 식비를 위한 현명한 선택",2026-08-01-food-auto-174113,"자주 장 볼까, 한 번에 살까? 1인 가구 직장인, 시간과 돈 아끼는 식재료 쇼핑 주기 최적화 가이드",3,next,강한 신호(같은 클러스터/대표 키워드 일치) 없이 카테고리 일치 또는 소수 keyword/tag overlap만으로 연결됨(점수 3)
2026-08-06-housing-auto-1870eb,"혼자 사는 직장인, 새 집 어디로 갈까? 빌라 vs 오피스텔 vs 아파트, 시간과 돈 아끼는 현명한 선택 가이드",2026-08-05-housing-auto-f0090f,"혼자 사는 직장인, 다음 집 어디로 갈까? 퇴근 후 짬 내서 내게 맞는 전월세집 똑똑하게 찾는 순서",3,next,강한 신호(같은 클러스터/대표 키워드 일치) 없이 카테고리 일치 또는 소수 keyword/tag overlap만으로 연결됨(점수 3)
2026-08-06-housing-auto-1a9827,"혼자 사는 직장인, 급하게 작은 짐 옮길 때? 카셰어링 탑차 vs 용달 서비스, 내 돈 아끼는 현명한 선택은?",2026-08-06-housing-auto-849c13,"혼자 사는 직장인, 내 공간 꾸미고 싶은데 벽 손상 걱정될 때? 못 vs 무타공 인테리어, 현명하게 결정하는 법",3,next,강한 신호(같은 클러스터/대표 키워드 일치) 없이 카테고리 일치 또는 소수 keyword/tag overlap만으로 연결됨(점수 3)
2026-08-06-housing-auto-5c27e6,"혼자 사는 직장인, 해외 파견/장기 출장 갈 때? 내 원룸 현명하게 단기 임대주고 돈 버는 법",2026-08-04-housing-auto-cbaa3c,"혼자 사는 직장인, 첫 집 계약 전세 vs 월세? 내 돈 아끼는 현명한 선택 가이드",3,next,강한 신호(같은 클러스터/대표 키워드 일치) 없이 카테고리 일치 또는 소수 keyword/tag overlap만으로 연결됨(점수 3)
2026-08-06-housing-auto-849c13,"혼자 사는 직장인, 내 공간 꾸미고 싶은데 벽 손상 걱정될 때? 못 vs 무타공 인테리어, 현명하게 결정하는 법",2026-08-06-housing-auto-1a9827,"혼자 사는 직장인, 급하게 작은 짐 옮길 때? 카셰어링 탑차 vs 용달 서비스, 내 돈 아끼는 현명한 선택은?",3,next,강한 신호(같은 클러스터/대표 키워드 일치) 없이 카테고리 일치 또는 소수 keyword/tag overlap만으로 연결됨(점수 3)
2026-08-06-housing-auto-849c13,"혼자 사는 직장인, 내 공간 꾸미고 싶은데 벽 손상 걱정될 때? 못 vs 무타공 인테리어, 현명하게 결정하는 법",2026-08-11-housing-auto-2bfaff,"혼자 사는 직장인, 조립 가구 앞에서 한숨 쉬지 마세요! 셀프 vs 전문가 조립, 시간과 돈 아끼는 현명한 선택 가이드",3,next,강한 신호(같은 클러스터/대표 키워드 일치) 없이 카테고리 일치 또는 소수 keyword/tag overlap만으로 연결됨(점수 3)
2026-08-06-housing-auto-9d6fe3,"혼자 사는 직장인, 전월세 계약 만료로 이사 가려는데? 집주인에게 현명하게 통보하고 보증금 지키는 법",2026-08-13-housing-auto-0fa740,"혼자 사는 직장인, 보증금 떼일까 불안하다면? 전월세 보증보험 vs 셀프 대비, 내 돈 지키는 현명한 선택 가이드",3,next,강한 신호(같은 클러스터/대표 키워드 일치) 없이 카테고리 일치 또는 소수 keyword/tag overlap만으로 연결됨(점수 3)
2026-08-06-lifestyle-auto-91c019,"혼자 사는 직장인, 친구들이 결혼·육아로 멀어질 때? '따로 또 같이' 관계 유지하는 현실 가이드",2026-08-06-lifestyle-auto-dd68b0,"혼자 사는 직장인, 친구 커플/가족 모임 초대받았을 때 어색함 없이 즐기는 현실 가이드",3,next,강한 신호(같은 클러스터/대표 키워드 일치) 없이 카테고리 일치 또는 소수 keyword/tag overlap만으로 연결됨(점수 3)
2026-08-06-lifestyle-auto-91c019,"혼자 사는 직장인, 친구들이 결혼·육아로 멀어질 때? '따로 또 같이' 관계 유지하는 현실 가이드",2026-08-13-lifestyle-auto-8d6b5e,"혼자 사는 직장인, 절친과의 합가 고민된다면? '관계 유지' vs. '생활 최적화', 나에게 맞는 선택 기준",3,next,강한 신호(같은 클러스터/대표 키워드 일치) 없이 카테고리 일치 또는 소수 keyword/tag overlap만으로 연결됨(점수 3)
2026-08-06-lifestyle-auto-dd68b0,"혼자 사는 직장인, 친구 커플/가족 모임 초대받았을 때 어색함 없이 즐기는 현실 가이드",2026-08-01-lifestyle-auto-37c919,"1인 가구 직장인, 북적이던 집이 조용해질 때 찾아오는 허전함, 능숙하게 다루는 회복 루틴",3,next,강한 신호(같은 클러스터/대표 키워드 일치) 없이 카테고리 일치 또는 소수 keyword/tag overlap만으로 연결됨(점수 3)
2026-08-06-lifestyle-auto-dd68b0,"혼자 사는 직장인, 친구 커플/가족 모임 초대받았을 때 어색함 없이 즐기는 현실 가이드",2026-08-03-lifestyle-auto-06c5e8,1인 가구 시간 활용 비교｜의무적 약속,3,next,강한 신호(같은 클러스터/대표 키워드 일치) 없이 카테고리 일치 또는 소수 keyword/tag overlap만으로 연결됨(점수 3)
2026-08-06-products-auto-17f494,"혼자 사는 직장인, 구겨진 옷 때문에 출근길 스트레스받는다면? 1인 가구 스팀다리미 vs 의류관리기, 내게 맞는 최적의 선택은?",2026-08-01-products-auto-fee2c4,1인 가구 공기청정기 기준｜원룸 공기정화,3,next,강한 신호(같은 클러스터/대표 키워드 일치) 없이 카테고리 일치 또는 소수 keyword/tag overlap만으로 연결됨(점수 3)
2026-08-06-products-auto-2eb0f5,"혼자 사는 직장인, 짧은 출장/휴가 때 반려동물 돌봄 걱정이라면? 펫시터 vs. 펫호텔 vs. 스마트 기기, 내게 맞는 최적의 선택은?",2026-08-06-products-auto-1d916e,1인 가구 전월세 안심보험 방법｜세입자 보험,3,next,강한 신호(같은 클러스터/대표 키워드 일치) 없이 카테고리 일치 또는 소수 keyword/tag overlap만으로 연결됨(점수 3)
2026-08-06-products-auto-b9fc71,"혼자 사는 직장인, 비싼 카페 커피 졸업하고 싶다면? 캡슐 커피 머신 vs 핸드드립, 나에게 딱 맞는 선택은?",2026-08-06-products-auto-44e274,1인 가구 인터넷 비교｜인터넷 요금제 비교,3,next,강한 신호(같은 클러스터/대표 키워드 일치) 없이 카테고리 일치 또는 소수 keyword/tag overlap만으로 연결됨(점수 3)
2026-08-06-safety-auto-3d7ecc,"혼자 사는 당신, 퇴근 후 현관문이 훼손되었거나 집안이 어수선할 때: 빈집털이 침입 의심 시 안전하게 대처하는 최우선 행동 수칙",2026-08-08-safety-auto-71a5f3,"혼자 사는 당신, 빈집털이 걱정될 때? DIY 스마트 보안 시스템 vs. 전문 경비 서비스, 나에게 맞는 선택은?",3,next,강한 신호(같은 클러스터/대표 키워드 일치) 없이 카테고리 일치 또는 소수 keyword/tag overlap만으로 연결됨(점수 3)
2026-08-06-safety-auto-3d7ecc,"혼자 사는 당신, 퇴근 후 현관문이 훼손되었거나 집안이 어수선할 때: 빈집털이 침입 의심 시 안전하게 대처하는 최우선 행동 수칙",2026-08-13-safety-auto-6b585a,1인 가구 이웃 소음 기준｜밤늦은 소리,3,next,강한 신호(같은 클러스터/대표 키워드 일치) 없이 카테고리 일치 또는 소수 keyword/tag overlap만으로 연결됨(점수 3)
2026-08-06-safety-auto-425601,물 끊김 방법｜전기 끊김,2026-08-06-safety-auto-21374d,"혼자 사는 당신, 늦은 밤 위층/옆집 소음 때문에 잠 못 들 때: 감정 소모 없이 안전하게 대처하는 현실적인 방법",3,next,강한 신호(같은 클러스터/대표 키워드 일치) 없이 카테고리 일치 또는 소수 keyword/tag overlap만으로 연결됨(점수 3)
2026-08-06-safety-auto-425601,물 끊김 방법｜전기 끊김,2026-08-07-safety-auto-5a549d,"혼자 사는 당신, 중요한 서류나 귀중품을 안전하게 보관할 때: 방화/방수 금고 vs. 보안 서류함, 나에게 맞는 선택은?",3,next,강한 신호(같은 클러스터/대표 키워드 일치) 없이 카테고리 일치 또는 소수 keyword/tag overlap만으로 연결됨(점수 3)
2026-08-06-safety-auto-8dc9e3,"혼자 사는 당신, 스마트 기기 많아 정전에 불안하다면? 휴대용 파워뱅크 vs. UPS, 나에게 맞는 정전 대비책은?",2026-08-01-safety-auto-4f0708,"혼자 사는 당신, 늦은 밤 갑자기 정전될 때? 당황하지 않고 안전하게 대처하는 현실적인 방법",3,next,강한 신호(같은 클러스터/대표 키워드 일치) 없이 카테고리 일치 또는 소수 keyword/tag overlap만으로 연결됨(점수 3)
2026-08-06-safety-auto-8dc9e3,"혼자 사는 당신, 스마트 기기 많아 정전에 불안하다면? 휴대용 파워뱅크 vs. UPS, 나에게 맞는 정전 대비책은?",2026-08-01-safety-auto-c574d6,"혼자 사는 당신, 외부 침입 대비할 때? 스마트 도어벨 vs. 가정용 CCTV, 나에게 맞는 현관 보안은?",3,next,강한 신호(같은 클러스터/대표 키워드 일치) 없이 카테고리 일치 또는 소수 keyword/tag overlap만으로 연결됨(점수 3)
2026-08-06-safety-auto-97b7d5,지갑 잃어버렸을 때 해결 방법｜신분증 분실,2026-08-06-safety-auto-669f80,"혼자 사는 당신, 예기치 못한 사고에 재산 보호는? 일반 주택화재보험 vs. 1인 가구 맞춤 종합보험, 어떤 보험이 나에게 유리할까?",3,next,강한 신호(같은 클러스터/대표 키워드 일치) 없이 카테고리 일치 또는 소수 keyword/tag overlap만으로 연결됨(점수 3)
2026-08-06-safety-auto-97b7d5,지갑 잃어버렸을 때 해결 방법｜신분증 분실,2026-08-07-safety-auto-5a549d,"혼자 사는 당신, 중요한 서류나 귀중품을 안전하게 보관할 때: 방화/방수 금고 vs. 보안 서류함, 나에게 맞는 선택은?",3,next,강한 신호(같은 클러스터/대표 키워드 일치) 없이 카테고리 일치 또는 소수 keyword/tag overlap만으로 연결됨(점수 3)
2026-08-06-safety-auto-9df39e,1인 가구 응급 해결 방법｜혼자 살다 아플 때,2026-08-01-safety-auto-909169,"혼자 사는 당신, 퇴근 후 문이 잠겼을 때? 열쇠 분실 대비, 현명한 선택 가이드",3,next,강한 신호(같은 클러스터/대표 키워드 일치) 없이 카테고리 일치 또는 소수 keyword/tag overlap만으로 연결됨(점수 3)
2026-08-06-safety-auto-a5c266,"혼자 사는 당신, 외출 중 갑자기 가스·누수 사고 걱정될 때? 스마트 가스 감지기 vs. 스마트 누수 센서, 나에게 맞는 원격 모니터링은?",2026-08-01-safety-auto-c574d6,"혼자 사는 당신, 외부 침입 대비할 때? 스마트 도어벨 vs. 가정용 CCTV, 나에게 맞는 현관 보안은?",3,next,강한 신호(같은 클러스터/대표 키워드 일치) 없이 카테고리 일치 또는 소수 keyword/tag overlap만으로 연결됨(점수 3)
2026-08-06-safety-auto-a5c266,"혼자 사는 당신, 외출 중 갑자기 가스·누수 사고 걱정될 때? 스마트 가스 감지기 vs. 스마트 누수 센서, 나에게 맞는 원격 모니터링은?",2026-08-04-safety-auto-3547d2,"혼자 사는 당신, 집에 불이 났을 때? 일반 vs. 스마트 화재경보기, 나에게 맞는 선택은?",3,next,강한 신호(같은 클러스터/대표 키워드 일치) 없이 카테고리 일치 또는 소수 keyword/tag overlap만으로 연결됨(점수 3)
2026-08-06-safety-auto-b04dc4,배수구 막혔을 때 방법｜싱크대 역류,2026-07-30-safety-38,"퇴근 후 쌓이는 택배 송장, 개인정보 노출 없이 안전하게 버리는 확실한 방법",3,next,강한 신호(같은 클러스터/대표 키워드 일치) 없이 카테고리 일치 또는 소수 keyword/tag overlap만으로 연결됨(점수 3)
2026-08-06-safety-auto-b04dc4,배수구 막혔을 때 방법｜싱크대 역류,2026-08-01-safety-auto-909169,"혼자 사는 당신, 퇴근 후 문이 잠겼을 때? 열쇠 분실 대비, 현명한 선택 가이드",3,next,강한 신호(같은 클러스터/대표 키워드 일치) 없이 카테고리 일치 또는 소수 keyword/tag overlap만으로 연결됨(점수 3)
2026-08-06-safety-auto-b35351,방문자 응대 체크리스트｜현관문,2026-08-01-safety-auto-c574d6,"혼자 사는 당신, 외부 침입 대비할 때? 스마트 도어벨 vs. 가정용 CCTV, 나에게 맞는 현관 보안은?",3,next,강한 신호(같은 클러스터/대표 키워드 일치) 없이 카테고리 일치 또는 소수 keyword/tag overlap만으로 연결됨(점수 3)
2026-08-06-safety-auto-d2f981,"혼자 사는 당신, 늦은 밤 귀갓길 불안할 때? 호신용 경보기 vs. 스마트폰 호신 앱, 나에게 맞는 선택은?",2026-08-07-safety-auto-a9b07e,"혼자 사는 당신, 우리 집 말고 다른 곳에서 건물 전체 화재 경보기가 울릴 때: 당황하지 않고 안전하게 상황을 판단하고 대피하는 현실적인 방법",3,next,강한 신호(같은 클러스터/대표 키워드 일치) 없이 카테고리 일치 또는 소수 keyword/tag overlap만으로 연결됨(점수 3)
2026-08-06-safety-auto-ec7c17,"혼자 사는 당신, 겨울철 일산화탄소 걱정된다면? 일반형 vs. 스마트 CO 경보기, 나에게 맞는 안전 선택은?",2026-08-01-safety-auto-c574d6,"혼자 사는 당신, 외부 침입 대비할 때? 스마트 도어벨 vs. 가정용 CCTV, 나에게 맞는 현관 보안은?",3,next,강한 신호(같은 클러스터/대표 키워드 일치) 없이 카테고리 일치 또는 소수 keyword/tag overlap만으로 연결됨(점수 3)
2026-08-06-safety-auto-ec7c17,"혼자 사는 당신, 겨울철 일산화탄소 걱정된다면? 일반형 vs. 스마트 CO 경보기, 나에게 맞는 안전 선택은?",2026-08-04-safety-auto-3547d2,"혼자 사는 당신, 집에 불이 났을 때? 일반 vs. 스마트 화재경보기, 나에게 맞는 선택은?",3,next,강한 신호(같은 클러스터/대표 키워드 일치) 없이 카테고리 일치 또는 소수 keyword/tag overlap만으로 연결됨(점수 3)
2026-08-06-storage-auto-5477a3,1인 가구 다림질 비교｜좁은 집 다리미,2026-07-30-storage-20,"바쁜 1인 가구 직장인, 퇴근 후에도 어지러운 주방? 딱 3단계로 끝내는 현실적인 정리법",3,next,강한 신호(같은 클러스터/대표 키워드 일치) 없이 카테고리 일치 또는 소수 keyword/tag overlap만으로 연결됨(점수 3)
2026-08-06-storage-auto-772373,"1인 가구 직장인, 여행 후 빈 캐리어 좁은 원룸 '애물단지'라면? 숨겨진 공간 200% 활용하는 현실 수납법",2026-08-10-storage-auto-48f5a4,"1인 가구 직장인, 좁은 주방 '수납 공간 잡아먹는' 주방 가전 때문에 고민이라면? '싱글 기능 vs 멀티 기능' 가전, 현명하게 고르는 법 비교",3,next,강한 신호(같은 클러스터/대표 키워드 일치) 없이 카테고리 일치 또는 소수 keyword/tag overlap만으로 연결됨(점수 3)
2026-08-06-storage-auto-ae69e9,틈새 선반 비교｜이동식 트롤리,2026-08-04-storage-auto-28ed9d,1인 가구 식료품 수납 알아보기｜좁은 주방 정리,3,next,강한 신호(같은 클러스터/대표 키워드 일치) 없이 카테고리 일치 또는 소수 keyword/tag overlap만으로 연결됨(점수 3)
2026-08-06-storage-auto-ae69e9,틈새 선반 비교｜이동식 트롤리,2026-08-07-storage-auto-3c236f,1인 가구 주방 비교｜좁은 주방 수납,3,next,강한 신호(같은 클러스터/대표 키워드 일치) 없이 카테고리 일치 또는 소수 keyword/tag overlap만으로 연결됨(점수 3)
2026-08-06-storage-auto-c25261,1인 가구 서랍 정리 비교｜서랍 칸막이,2026-08-01-storage-auto-c94563,"퇴근 후 1인 가구, 현관문 열자마자 어지럽다면? 1평 현관, '비우는 공간'으로 만드는 현실 수납법",3,next,강한 신호(같은 클러스터/대표 키워드 일치) 없이 카테고리 일치 또는 소수 keyword/tag overlap만으로 연결됨(점수 3)
2026-08-06-storage-auto-c25261,1인 가구 서랍 정리 비교｜서랍 칸막이,2026-08-05-storage-auto-1764b0,"1인 가구 직장인, 좁은 옷장 '꽉 찬 옷' 때문에 숨막힌다면? 옷걸이 하나라도 더 거는 현실 수납법",3,next,강한 신호(같은 클러스터/대표 키워드 일치) 없이 카테고리 일치 또는 소수 keyword/tag overlap만으로 연결됨(점수 3)
2026-08-06-storage-auto-d7c10d,1인 가구 수납 알아보기｜좁은 공간 수납,2026-08-12-storage-auto-1aceff,"1인 가구 직장인, 좁은 옷장 속 '애매한 부피의 가방과 모자' 때문에 정리하기 어렵다면? '전용 수납걸이/랙 vs 다용도 수납함/선반', 현명하게 고르는 법 비교",3,next,강한 신호(같은 클러스터/대표 키워드 일치) 없이 카테고리 일치 또는 소수 keyword/tag overlap만으로 연결됨(점수 3)
2026-08-06-storage-auto-ddb1d8,"1인 가구 직장인, 퇴근 후 던져놓는 지갑·열쇠·휴대폰… 잃어버리지 않고 깔끔하게 정리하는 현실 수납법",2026-08-01-storage-auto-c94563,"퇴근 후 1인 가구, 현관문 열자마자 어지럽다면? 1평 현관, '비우는 공간'으로 만드는 현실 수납법",3,next,강한 신호(같은 클러스터/대표 키워드 일치) 없이 카테고리 일치 또는 소수 keyword/tag overlap만으로 연결됨(점수 3)
2026-08-07-cleaning-auto-1c4212,건조기 비교｜제습기,2026-08-01-cleaning-auto-e1e505,벽 곰팡이 알아보기｜곰팡이 없애는 법,3,next,강한 신호(같은 클러스터/대표 키워드 일치) 없이 카테고리 일치 또는 소수 keyword/tag overlap만으로 연결됨(점수 3)
2026-08-07-cleaning-auto-27a7fe,1인 가구 행주 비교｜일회용 행주,2026-08-06-cleaning-auto-17f2ed,"혼자 사는 당신, 세탁 세제 유목민 탈출! 액체·분말·캡슐, 나에게 맞는 현명한 선택 기준",3,next,강한 신호(같은 클러스터/대표 키워드 일치) 없이 카테고리 일치 또는 소수 keyword/tag overlap만으로 연결됨(점수 3)
2026-08-07-cleaning-auto-27a7fe,1인 가구 행주 비교｜일회용 행주,2026-08-13-cleaning-auto-7ef0d4,"혼자 사는 당신, 퇴근 후 끈적이는 바닥 스트레스? 물걸레 vs 물걸레 청소포, 후회 없는 선택 기준",3,next,강한 신호(같은 클러스터/대표 키워드 일치) 없이 카테고리 일치 또는 소수 keyword/tag overlap만으로 연결됨(점수 3)
2026-08-07-cleaning-auto-c3121d,"혼자 사는 당신, 냉장고 속 퀴퀴한 냄새와 정체불명 식재료, 1시간 만에 깨끗하게 비우고 효율적으로 채우는 현실 솔루션",2026-08-03-cleaning-auto-d96324,"혼자 사는 직장인, 퇴근 후 지저분한 바닥? 로봇청소기 vs 무선청소기, 후회 없는 선택 기준",3,next,강한 신호(같은 클러스터/대표 키워드 일치) 없이 카테고리 일치 또는 소수 keyword/tag overlap만으로 연결됨(점수 3)
2026-08-07-cleaning-auto-cb5dfe,혼자 사는 오븐 청소 알아보기｜오븐 찌든 때,2026-08-06-cleaning-auto-17f2ed,"혼자 사는 당신, 세탁 세제 유목민 탈출! 액체·분말·캡슐, 나에게 맞는 현명한 선택 기준",3,next,강한 신호(같은 클러스터/대표 키워드 일치) 없이 카테고리 일치 또는 소수 keyword/tag overlap만으로 연결됨(점수 3)
2026-08-07-cleaning-auto-d3c72b,변기 얼룩 제거 알아보기｜변기 물때 청소,2026-08-01-cleaning-auto-84665e,"혼자 사는 직장인, 좁은 원룸 쓰레기 산? 악취 없이 깔끔하게 버리는 스마트 분리배출 루틴",3,next,강한 신호(같은 클러스터/대표 키워드 일치) 없이 카테고리 일치 또는 소수 keyword/tag overlap만으로 연결됨(점수 3)
2026-08-07-cleaning-auto-d3c72b,변기 얼룩 제거 알아보기｜변기 물때 청소,2026-08-03-cleaning-auto-fc046f,"바쁜 1인 가구 직장인, 매일 아침 구겨진 옷? 다림질 vs 스팀다리미, 현명한 선택 기준",3,next,강한 신호(같은 클러스터/대표 키워드 일치) 없이 카테고리 일치 또는 소수 keyword/tag overlap만으로 연결됨(점수 3)
2026-08-07-cleaning-auto-e52e72,커튼 먼지 제거 알아보기｜커튼 세탁 주기,2026-08-08-cleaning-auto-b16ac0,"혼자 사는 당신, 집에 밴 꿉꿉한 생활 냄새! 향으로 덮을까? 근본을 잡을까? 방향제·디퓨저 vs 공기청정기, 현명한 선택 기준",3,next,강한 신호(같은 클러스터/대표 키워드 일치) 없이 카테고리 일치 또는 소수 keyword/tag overlap만으로 연결됨(점수 3)
2026-08-07-cleaning-auto-ef484e,1인 가구 침구 세탁 알아보기｜베개 세탁 주기,2026-08-06-cleaning-auto-96ff36,"혼자 사는 당신, 새벽에 마주한 바퀴벌레? 1시간 만에 뿌리 뽑고 다시는 안 보는 현실 솔루션",3,next,강한 신호(같은 클러스터/대표 키워드 일치) 없이 카테고리 일치 또는 소수 keyword/tag overlap만으로 연결됨(점수 3)
2026-08-07-cost-auto-0c25d9,"혼자 사는 직장인, 매달 알게 모르게 새는 퍼스널 케어 비용! 나에게 딱 맞는 '스마트 지출'로 피부도 지갑도 지키는 법",2026-07-30-cost-3,"혼자 사는 직장인, 통신비 월 2만원 아끼는 알뜰폰+인터넷 vs 3사 결합, 현명한 선택 가이드",3,next,강한 신호(같은 클러스터/대표 키워드 일치) 없이 카테고리 일치 또는 소수 keyword/tag overlap만으로 연결됨(점수 3)
2026-08-07-cost-auto-431981,"혼자 사는 직장인, 덥고 추울 때마다 전기요금 폭탄 걱정된다면? 숨은 전력 도둑 잡고 요금 확 줄이는 3단계 전략",2026-07-30-cost-2,"혼자 사는 직장인, 예상치 못한 공과금 폭탄 피하는 전기·가스·수도 요금 절약 실전 가이드",3,next,강한 신호(같은 클러스터/대표 키워드 일치) 없이 카테고리 일치 또는 소수 keyword/tag overlap만으로 연결됨(점수 3)
2026-08-07-cost-auto-431981,"혼자 사는 직장인, 덥고 추울 때마다 전기요금 폭탄 걱정된다면? 숨은 전력 도둑 잡고 요금 확 줄이는 3단계 전략",2026-08-10-cost-auto-88aeb7,1인 가구 주방 비교｜전기레인지 추천,3,next,강한 신호(같은 클러스터/대표 키워드 일치) 없이 카테고리 일치 또는 소수 keyword/tag overlap만으로 연결됨(점수 3)
2026-08-07-food-auto-0e8387,"1인 가구 직장인, 혼자 시킨 배달 음식 한 끼에 다 못 먹을 때: 버리지 않고 다음 끼니까지 알뜰하게 즐기는 현실적인 전략",2026-08-03-food-auto-fb2380,"퇴근 후 요리 시간 아끼는 1인 가구, 손질 채소 vs. 통 채소: 당신의 식탁을 위한 현명한 선택",3,next,강한 신호(같은 클러스터/대표 키워드 일치) 없이 카테고리 일치 또는 소수 keyword/tag overlap만으로 연결됨(점수 3)
2026-08-07-food-auto-13d75f,"1인 가구 직장인, 냉장고/팬트리 속 '유통기한 지난 미개봉 가공식품' 앞에서 망설일 때: 버릴까? 먹을까? 안전하게 판단하고 알뜰하게 활용하는 법",2026-08-04-food-auto-8d3bfc,"1인 가구 직장인, 마트에서 산 감자 싹 나고 양파 물러질 때, 버릴까 말까? 알뜰하게 살리고 안전하게 먹는 법",3,next,강한 신호(같은 클러스터/대표 키워드 일치) 없이 카테고리 일치 또는 소수 keyword/tag overlap만으로 연결됨(점수 3)
2026-08-07-food-auto-18079e,"혼자 사는 직장인, 퇴근 후 저녁 메뉴 고민될 때: 요리 vs. 배달 vs. 간편식, 당신의 피로도와 지갑을 위한 최적의 선택 가이드",2026-08-11-food-auto-452e94,"혼자 사는 직장인, 매일 신선 채소 챙겨 먹기 어려울 때: 샐러드 정기배송 vs. 직접 재료 손질, 당신의 건강과 지갑을 위한 현명한 선택",3,next,강한 신호(같은 클러스터/대표 키워드 일치) 없이 카테고리 일치 또는 소수 keyword/tag overlap만으로 연결됨(점수 3)
2026-08-07-food-auto-55d572,"혼자 사는 직장인, 퇴근 후 저녁 요리 망설일 때: 주말 2시간으로 평일 요리 시간 10분 만드는 스마트 식재료 준비 루틴",2026-08-10-food-auto-0b9c15,"혼자 사는 직장인, 매일 저녁 메뉴 고민 끝내고 싶을 때: 직접 요리 vs. 정기 구독 식사, 당신의 시간과 에너지를 위한 최적의 선택 가이드",3,next,강한 신호(같은 클러스터/대표 키워드 일치) 없이 카테고리 일치 또는 소수 keyword/tag overlap만으로 연결됨(점수 3)
2026-08-07-food-auto-5b5eb1,"혼자 사는 직장인, 마트/반찬가게 '조리된 반찬' 살까 말까 망설일 때: 집밥 만족도 높이는 현명한 선택 가이드",2026-08-01-food-auto-2c9171,"1인 가구 직장인, 대형마트 대용량 식재료 앞에서 망설일 때? 현명하게 구매하고 다 쓰는 전략",3,next,강한 신호(같은 클러스터/대표 키워드 일치) 없이 카테고리 일치 또는 소수 keyword/tag overlap만으로 연결됨(점수 3)
2026-08-07-food-auto-5b5eb1,"혼자 사는 직장인, 마트/반찬가게 '조리된 반찬' 살까 말까 망설일 때: 집밥 만족도 높이는 현명한 선택 가이드",2026-08-01-food-auto-6b8a79,"1인 가구, 마트에서 '이거 살까 말까?' 망설일 때: 식재료 낭비 막는 현명한 구매 결정 가이드",3,next,강한 신호(같은 클러스터/대표 키워드 일치) 없이 카테고리 일치 또는 소수 keyword/tag overlap만으로 연결됨(점수 3)
2026-08-07-food-auto-9b0d72,"혼자 사는 직장인, 좁은 주방에 꽉 찬 식료품 관리 어려울 때: 효율적인 '나만의 미니 팬트리' 만드는 현실적인 전략",2026-08-01-food-auto-8c9a71,"혼자 사는 직장인, 냉장고 속 식용유와 조미료, 버릴까 말까? 알뜰하게 다 쓰는 보관법",3,next,강한 신호(같은 클러스터/대표 키워드 일치) 없이 카테고리 일치 또는 소수 keyword/tag overlap만으로 연결됨(점수 3)
2026-08-07-housing-auto-5dd703,"혼자 사는 직장인, 갑자기 이사 가야 하는데 다음 세입자 직접 구하라니? 계약 중도 해지 부담 줄이는 현실적인 방법",2026-08-01-housing-auto-e6f8ea,"혼자 사는 직장인, 이사 갈 때 포장·반포장·용달 이사 중 뭘 고를까? 내 상황에 맞는 최적의 선택 가이드",3,next,강한 신호(같은 클러스터/대표 키워드 일치) 없이 카테고리 일치 또는 소수 keyword/tag overlap만으로 연결됨(점수 3)
2026-08-07-housing-auto-5dd703,"혼자 사는 직장인, 갑자기 이사 가야 하는데 다음 세입자 직접 구하라니? 계약 중도 해지 부담 줄이는 현실적인 방법",2026-08-03-housing-auto-5b4f05,"혼자 사는 직장인, 이사 당일 보증금 못 받을 위기? 당황 말고 내 돈 지키는 3단계 대처법",3,next,강한 신호(같은 클러스터/대표 키워드 일치) 없이 카테고리 일치 또는 소수 keyword/tag overlap만으로 연결됨(점수 3)
2026-08-07-housing-auto-baa8f0,"혼자 사는 직장인, 습한 내 방에 곰팡이가 피었다면? 덮어두지 말고 원인 찾아 건강 지키는 현실 해결책",2026-07-30-housing-47,"원룸/오피스텔 고장났나요? 혼자 끙끙 앓지 말고, 집주인에게 스마트하게 수리 요청하는 법",3,next,강한 신호(같은 클러스터/대표 키워드 일치) 없이 카테고리 일치 또는 소수 keyword/tag overlap만으로 연결됨(점수 3)
2026-08-07-lifestyle-auto-6e452d,"혼자 사는 직장인, 낯선 이웃이 자꾸 말 걸고 다가올 때? 적정 거리 지키며 관계 최적화하는 실전 가이드",2026-07-30-lifestyle-64,"퇴근 후 무기력함에 지친 1인 가구 직장인, 잠들기 전 2시간으로 내일을 바꾸는 저녁 루틴",3,next,강한 신호(같은 클러스터/대표 키워드 일치) 없이 카테고리 일치 또는 소수 keyword/tag overlap만으로 연결됨(점수 3)
2026-08-07-lifestyle-auto-6e452d,"혼자 사는 직장인, 낯선 이웃이 자꾸 말 걸고 다가올 때? 적정 거리 지키며 관계 최적화하는 실전 가이드",2026-08-01-lifestyle-auto-976633,"1인 가구 직장인, '혼자라서 시간 많지?' 오해에 지쳤다면? 퇴근 후 내 시간 지키는 현명한 거절법",3,next,강한 신호(같은 클러스터/대표 키워드 일치) 없이 카테고리 일치 또는 소수 keyword/tag overlap만으로 연결됨(점수 3)
2026-08-07-lifestyle-auto-c39ec1,"혼자 사는 직장인, 딱히 할 일 없는 자유 시간에 '무의미한 스크롤링'에 지쳤다면? 만족감 높은 나만의 '틈새 활력' 루틴 만들기",2026-08-01-lifestyle-auto-ab470f,"혼자 사는 직장인, 새로운 인연 찾기가 막막하다면? 데이팅 앱 vs. 오프라인 모임, 나에게 맞는 선택 기준",3,next,강한 신호(같은 클러스터/대표 키워드 일치) 없이 카테고리 일치 또는 소수 keyword/tag overlap만으로 연결됨(점수 3)
2026-08-07-products-auto-074e7a,"혼자 사는 직장인, 가끔 필요한 문서 인쇄가 번거롭다면? 개인 프린터 vs 인쇄 서비스, 내게 맞는 최적의 선택은?",2026-07-30-products-53,퇴근 후 음식물 쓰레기 냄새? 1인 가구에 딱 맞는 음식물처리기 현명하게 고르는 법,3,next,강한 신호(같은 클러스터/대표 키워드 일치) 없이 카테고리 일치 또는 소수 keyword/tag overlap만으로 연결됨(점수 3)
2026-08-07-products-auto-074e7a,"혼자 사는 직장인, 가끔 필요한 문서 인쇄가 번거롭다면? 개인 프린터 vs 인쇄 서비스, 내게 맞는 최적의 선택은?",2026-08-03-products-auto-c75a1a,"혼자 사는 직장인, 퇴근 후 집에서 사소한 고장 발견 시 전문가 부를까 직접 고칠까?",3,next,강한 신호(같은 클러스터/대표 키워드 일치) 없이 카테고리 일치 또는 소수 keyword/tag overlap만으로 연결됨(점수 3)
2026-08-07-products-auto-0e769c,"혼자 사는 직장인, 좁은 주방 조리 기구 선택에 고민된다면? 1인 가구 인덕션 vs 휴대용 가스레인지, 내게 맞는 최적의 선택은?",2026-08-01-products-auto-fee2c4,1인 가구 공기청정기 기준｜원룸 공기정화,3,next,강한 신호(같은 클러스터/대표 키워드 일치) 없이 카테고리 일치 또는 소수 keyword/tag overlap만으로 연결됨(점수 3)
2026-08-07-products-auto-0e769c,"혼자 사는 직장인, 좁은 주방 조리 기구 선택에 고민된다면? 1인 가구 인덕션 vs 휴대용 가스레인지, 내게 맞는 최적의 선택은?",2026-08-06-products-auto-17f494,"혼자 사는 직장인, 구겨진 옷 때문에 출근길 스트레스받는다면? 1인 가구 스팀다리미 vs 의류관리기, 내게 맞는 최적의 선택은?",3,next,강한 신호(같은 클러스터/대표 키워드 일치) 없이 카테고리 일치 또는 소수 keyword/tag overlap만으로 연결됨(점수 3)
2026-08-07-products-auto-75313c,1인 가구 보풀제거기 알아보기｜옷 보풀 제거,2026-07-30-products-51,"꿉꿉한 빨래, 좁은 방에 널지 마세요! 1인 가구 직장인을 위한 미니 건조기, 실패 없이 선택하는 법",3,next,강한 신호(같은 클러스터/대표 키워드 일치) 없이 카테고리 일치 또는 소수 keyword/tag overlap만으로 연결됨(점수 3)
2026-08-07-products-auto-75313c,1인 가구 보풀제거기 알아보기｜옷 보풀 제거,2026-07-30-products-55,"냉동실 자리 부족한 1인 가구 직장인, 식비 절약 소형 냉동고 꼭 사야 할까요?",3,next,강한 신호(같은 클러스터/대표 키워드 일치) 없이 카테고리 일치 또는 소수 keyword/tag overlap만으로 연결됨(점수 3)
2026-08-07-products-auto-b07e5f,"혼자 사는 직장인, 퇴근 후 창문/베란다 보안 걱정된다면? 1인 가구 맞춤 방범, '물리 + 감지 + 경고' 3단계로 끝내세요!",2026-07-30-products-56,"빈집 걱정 끝! 1인 가구를 위한 가정용 보안카메라, 이 5가지만 보고 고르세요",3,next,강한 신호(같은 클러스터/대표 키워드 일치) 없이 카테고리 일치 또는 소수 keyword/tag overlap만으로 연결됨(점수 3)
2026-08-07-products-auto-bd7178,"혼자 사는 직장인, 낯선 초인종 소리에 불안하다면? 1인 가구 스마트 도어벨, 현명하게 고르는 3가지 기준",2026-08-14-products-auto-50ff5a,"혼자 사는 직장인, 낮에 배송된 택배 문 앞에 쌓여 불안하다면? 1인 가구 스마트 택배함 vs 무인택배함, 내게 맞는 최적의 선택은?",3,next,강한 신호(같은 클러스터/대표 키워드 일치) 없이 카테고리 일치 또는 소수 keyword/tag overlap만으로 연결됨(점수 3)
2026-08-07-safety-auto-5a549d,"혼자 사는 당신, 중요한 서류나 귀중품을 안전하게 보관할 때: 방화/방수 금고 vs. 보안 서류함, 나에게 맞는 선택은?",2026-08-06-safety-auto-21374d,"혼자 사는 당신, 늦은 밤 위층/옆집 소음 때문에 잠 못 들 때: 감정 소모 없이 안전하게 대처하는 현실적인 방법",3,next,강한 신호(같은 클러스터/대표 키워드 일치) 없이 카테고리 일치 또는 소수 keyword/tag overlap만으로 연결됨(점수 3)
2026-08-07-safety-auto-5a549d,"혼자 사는 당신, 중요한 서류나 귀중품을 안전하게 보관할 때: 방화/방수 금고 vs. 보안 서류함, 나에게 맞는 선택은?",2026-08-06-safety-auto-425601,물 끊김 방법｜전기 끊김,3,next,강한 신호(같은 클러스터/대표 키워드 일치) 없이 카테고리 일치 또는 소수 keyword/tag overlap만으로 연결됨(점수 3)
2026-08-07-safety-auto-6b24c5,"혼자 사는 당신, 새 집 이사 직후 '이것' 안 하면 위험! 도어락 비밀번호와 열쇠 관리 안전 가이드",2026-07-30-safety-37,나 혼자 사는 집에 불이 났다면? 당황하지 않고 대피하는 5단계 행동 수칙,3,next,강한 신호(같은 클러스터/대표 키워드 일치) 없이 카테고리 일치 또는 소수 keyword/tag overlap만으로 연결됨(점수 3)
2026-08-07-safety-auto-7d0e1d,"혼자 사는 당신, 쓰러지거나 의식 없을 때: 스마트 비상 연락 시스템 vs. 비상 키 공유, 어떤 대비책이 나에게 맞을까?",2026-07-30-safety-36,"혼자 사는 당신, 퇴근 후 집에 들어서자마자 섬뜩한 가스 냄새가 날 때, 이렇게 행동하세요",3,next,강한 신호(같은 클러스터/대표 키워드 일치) 없이 카테고리 일치 또는 소수 keyword/tag overlap만으로 연결됨(점수 3)
2026-08-07-safety-auto-7d89fc,"혼자 사는 당신, 우리 집 복도·엘리베이터·주차장에서 수상한 사람을 마주쳤을 때: 당황하지 않고 나를 지키는 현실적인 대처법",2026-07-30-safety-36,"혼자 사는 당신, 퇴근 후 집에 들어서자마자 섬뜩한 가스 냄새가 날 때, 이렇게 행동하세요",3,next,강한 신호(같은 클러스터/대표 키워드 일치) 없이 카테고리 일치 또는 소수 keyword/tag overlap만으로 연결됨(점수 3)
2026-08-07-safety-auto-a9b07e,"혼자 사는 당신, 우리 집 말고 다른 곳에서 건물 전체 화재 경보기가 울릴 때: 당황하지 않고 안전하게 상황을 판단하고 대피하는 현실적인 방법",2026-08-01-safety-auto-835af8,"혼자 사는 당신, 보일러나 난방기 사용 중 갑자기 어지럽고 메스꺼울 때? 침묵의 살인자 일산화탄소 대처법",3,next,강한 신호(같은 클러스터/대표 키워드 일치) 없이 카테고리 일치 또는 소수 keyword/tag overlap만으로 연결됨(점수 3)
2026-08-07-safety-auto-a9b07e,"혼자 사는 당신, 우리 집 말고 다른 곳에서 건물 전체 화재 경보기가 울릴 때: 당황하지 않고 안전하게 상황을 판단하고 대피하는 현실적인 방법",2026-08-06-safety-auto-d2f981,"혼자 사는 당신, 늦은 밤 귀갓길 불안할 때? 호신용 경보기 vs. 스마트폰 호신 앱, 나에게 맞는 선택은?",3,next,강한 신호(같은 클러스터/대표 키워드 일치) 없이 카테고리 일치 또는 소수 keyword/tag overlap만으로 연결됨(점수 3)
2026-08-07-safety-auto-e50d7a,"혼자 사는 당신, 집에서 미끄러지거나 넘어져 몸을 움직이기 힘들 때: 당황하지 않고 부상 상태 확인 및 도움 요청하는 현실적인 방법",2026-08-08-safety-auto-84a0bd,"혼자 사는 당신, 주방이나 보일러실에서 가스 냄새가 희미하게 날 때: 당황하지 않고 안전하게 확인하고 대처하는 현실적인 방법",3,next,강한 신호(같은 클러스터/대표 키워드 일치) 없이 카테고리 일치 또는 소수 keyword/tag overlap만으로 연결됨(점수 3)
2026-08-07-safety-auto-eecdaa,"혼자 사는 당신, 집에서 응급상황 발생 시 119가 문을 열고 들어올 수 있게 대비할 때: 스마트 도어락 원격 개방 vs. 비상 키박스 공유, 나에게 맞는 선택은?",2026-08-01-safety-auto-835af8,"혼자 사는 당신, 보일러나 난방기 사용 중 갑자기 어지럽고 메스꺼울 때? 침묵의 살인자 일산화탄소 대처법",3,next,강한 신호(같은 클러스터/대표 키워드 일치) 없이 카테고리 일치 또는 소수 keyword/tag overlap만으로 연결됨(점수 3)
2026-08-07-safety-auto-eecdaa,"혼자 사는 당신, 집에서 응급상황 발생 시 119가 문을 열고 들어올 수 있게 대비할 때: 스마트 도어락 원격 개방 vs. 비상 키박스 공유, 나에게 맞는 선택은?",2026-08-07-safety-auto-a9b07e,"혼자 사는 당신, 우리 집 말고 다른 곳에서 건물 전체 화재 경보기가 울릴 때: 당황하지 않고 안전하게 상황을 판단하고 대피하는 현실적인 방법",3,next,강한 신호(같은 클러스터/대표 키워드 일치) 없이 카테고리 일치 또는 소수 keyword/tag overlap만으로 연결됨(점수 3)
2026-08-07-storage-auto-54d5cd,"1인 가구 직장인, 좁은 침대 밑 공간 '애물단지'라면? 수납형 vs 일반 침대 프레임, 내게 맞는 선택 기준 비교",2026-07-30-storage-22,"좁은 원룸 냉장고, 식재료 낭비 없이 깔끔하게 쓰는 현실 정리법",3,next,강한 신호(같은 클러스터/대표 키워드 일치) 없이 카테고리 일치 또는 소수 keyword/tag overlap만으로 연결됨(점수 3)
2026-08-07-storage-auto-b02bd8,1인 가구 소품 알아보기｜원룸 소품 정리,2026-08-05-storage-auto-1764b0,"1인 가구 직장인, 좁은 옷장 '꽉 찬 옷' 때문에 숨막힌다면? 옷걸이 하나라도 더 거는 현실 수납법",3,next,강한 신호(같은 클러스터/대표 키워드 일치) 없이 카테고리 일치 또는 소수 keyword/tag overlap만으로 연결됨(점수 3)
2026-08-08-cleaning-auto-4d4ce4,싱크대 냄새 제거 알아보기｜싱크대 물 빠짐,2026-08-01-cleaning-auto-84665e,"혼자 사는 직장인, 좁은 원룸 쓰레기 산? 악취 없이 깔끔하게 버리는 스마트 분리배출 루틴",3,next,강한 신호(같은 클러스터/대표 키워드 일치) 없이 카테고리 일치 또는 소수 keyword/tag overlap만으로 연결됨(점수 3)
2026-08-08-cleaning-auto-4d4ce4,싱크대 냄새 제거 알아보기｜싱크대 물 빠짐,2026-08-03-cleaning-auto-fc046f,"바쁜 1인 가구 직장인, 매일 아침 구겨진 옷? 다림질 vs 스팀다리미, 현명한 선택 기준",3,next,강한 신호(같은 클러스터/대표 키워드 일치) 없이 카테고리 일치 또는 소수 keyword/tag overlap만으로 연결됨(점수 3)
2026-08-08-cleaning-auto-a4c61f,"혼자 사는 당신, 가습기/제습기 속 검은 물때와 퀴퀴한 냄새? 15분 만에 세균 걱정 없이 쾌적하게 만드는 현실 솔루션",2026-07-30-cleaning-30,"바쁜 1인 가구 원룸, 매일 쌓이는 먼지? 근본적으로 줄이는 현실적인 생활 습관",3,next,강한 신호(같은 클러스터/대표 키워드 일치) 없이 카테고리 일치 또는 소수 keyword/tag overlap만으로 연결됨(점수 3)
2026-08-08-cleaning-auto-a4c61f,"혼자 사는 당신, 가습기/제습기 속 검은 물때와 퀴퀴한 냄새? 15분 만에 세균 걱정 없이 쾌적하게 만드는 현실 솔루션",2026-08-07-cleaning-auto-f340ae,"혼자 사는 당신, 냉장고 속 '이것' 안 버리면 돈 낭비에 냄새까지! 20분 만에 새것처럼 비우고 정리하는 법",3,next,강한 신호(같은 클러스터/대표 키워드 일치) 없이 카테고리 일치 또는 소수 keyword/tag overlap만으로 연결됨(점수 3)
2026-08-08-cleaning-auto-b16ac0,"혼자 사는 당신, 집에 밴 꿉꿉한 생활 냄새! 향으로 덮을까? 근본을 잡을까? 방향제·디퓨저 vs 공기청정기, 현명한 선택 기준",2026-08-07-cleaning-auto-e52e72,커튼 먼지 제거 알아보기｜커튼 세탁 주기,3,next,강한 신호(같은 클러스터/대표 키워드 일치) 없이 카테고리 일치 또는 소수 keyword/tag overlap만으로 연결됨(점수 3)
2026-08-08-cleaning-auto-c188df,"혼자 사는 당신, 쓰고 남은 기름, 아무렇게나 버렸다간 큰코다쳐요! 폐식용유 깔끔하게 버리고 환경 지키는 현실 가이드",2026-07-30-cleaning-28,"퇴근 후 급하게 돌린 빨래, 쉰 냄새 고민 끝! 1인 가구를 위한 초간단 세탁 관리법",3,next,강한 신호(같은 클러스터/대표 키워드 일치) 없이 카테고리 일치 또는 소수 keyword/tag overlap만으로 연결됨(점수 3)
2026-08-08-cleaning-auto-c188df,"혼자 사는 당신, 쓰고 남은 기름, 아무렇게나 버렸다간 큰코다쳐요! 폐식용유 깔끔하게 버리고 환경 지키는 현실 가이드",2026-08-03-cleaning-auto-fc046f,"바쁜 1인 가구 직장인, 매일 아침 구겨진 옷? 다림질 vs 스팀다리미, 현명한 선택 기준",3,next,강한 신호(같은 클러스터/대표 키워드 일치) 없이 카테고리 일치 또는 소수 keyword/tag overlap만으로 연결됨(점수 3)
2026-08-08-cleaning-auto-e6a45e,"혼자 사는 당신, 세탁 후에도 옷에서 쿰쿰한 냄새? 세탁기 고무패킹과 세제 투입구 곰팡이, 딱 15분이면 끝!",2026-07-30-cleaning-26,"퇴근 후 마주한 눅눅한 욕실, 1인 가구 화장실 곰팡이, 딱 30분이면 끝내는 완벽 제거 가이드",3,next,강한 신호(같은 클러스터/대표 키워드 일치) 없이 카테고리 일치 또는 소수 keyword/tag overlap만으로 연결됨(점수 3)
2026-08-08-cleaning-auto-e6a45e,"혼자 사는 당신, 세탁 후에도 옷에서 쿰쿰한 냄새? 세탁기 고무패킹과 세제 투입구 곰팡이, 딱 15분이면 끝!",2026-07-30-cleaning-27,"혼자 사는 당신, 샤워실 배수구 냄새? 퇴근 후 15분 만에 잡는 법",3,next,강한 신호(같은 클러스터/대표 키워드 일치) 없이 카테고리 일치 또는 소수 keyword/tag overlap만으로 연결됨(점수 3)
2026-08-08-cost-auto-123a00,"혼자 사는 직장인, 매달 새는 통신비 아까울 때! 메이저 vs 알뜰폰, 내게 맞는 후회 없는 선택 가이드",2026-08-03-cost-auto-749379,1인 가구 인터넷 비교｜모바일 핫스팟,3,next,강한 신호(같은 클러스터/대표 키워드 일치) 없이 카테고리 일치 또는 소수 keyword/tag overlap만으로 연결됨(점수 3)
2026-08-08-food-auto-6f0a23,"1인 가구 직장인, 국물 요리 후 남은 대파·무·양파 자투리, 버릴까 말까? 낭비 없이 알뜰하게 활용하는 현실적인 전략",2026-08-06-food-auto-834b6e,"1인 가구 직장인, 냉동실 식재료 신선하게 오래 보관할 때: 진공포장기 vs. 지퍼백, 당신의 최적 선택 가이드",3,next,강한 신호(같은 클러스터/대표 키워드 일치) 없이 카테고리 일치 또는 소수 keyword/tag overlap만으로 연결됨(점수 3)
2026-08-08-food-auto-89ea49,"혼자 사는 직장인, 두부 한 모 앞에서 망설일 때: 버리지 않고 끝까지 신선하게 즐기는 구매부터 보관, 활용법",2026-07-30-food-15,1인용 밀키트 비교｜밀키트 추천,3,next,강한 신호(같은 클러스터/대표 키워드 일치) 없이 카테고리 일치 또는 소수 keyword/tag overlap만으로 연결됨(점수 3)
2026-08-08-food-auto-89ea49,"혼자 사는 직장인, 두부 한 모 앞에서 망설일 때: 버리지 않고 끝까지 신선하게 즐기는 구매부터 보관, 활용법",2026-08-01-food-auto-6b8a79,"1인 가구, 마트에서 '이거 살까 말까?' 망설일 때: 식재료 낭비 막는 현명한 구매 결정 가이드",3,next,강한 신호(같은 클러스터/대표 키워드 일치) 없이 카테고리 일치 또는 소수 keyword/tag overlap만으로 연결됨(점수 3)
2026-08-08-food-auto-89f7c0,"1인 가구 직장인, 쌀 한 포대 앞에서 망설일 때: 소량 팩 vs. 대용량, 아니면 즉석밥? 당신의 밥상과 지갑을 위한 최적의 선택",2026-07-29-food-9,퇴근 후 지쳐도 괜찮아: 1인 가구 직장인이 냉장고 털어 일주일 식단을 미리 짜는 현실적인 방법,3,next,강한 신호(같은 클러스터/대표 키워드 일치) 없이 카테고리 일치 또는 소수 keyword/tag overlap만으로 연결됨(점수 3)
2026-08-08-food-auto-89f7c0,"1인 가구 직장인, 쌀 한 포대 앞에서 망설일 때: 소량 팩 vs. 대용량, 아니면 즉석밥? 당신의 밥상과 지갑을 위한 최적의 선택",2026-07-30-food-11,"퇴근 후 지친 당신, 냉장고 식재료 썩히지 않고 알뜰하게 다 먹는 보관 기간 가이드",3,next,강한 신호(같은 클러스터/대표 키워드 일치) 없이 카테고리 일치 또는 소수 keyword/tag overlap만으로 연결됨(점수 3)
2026-08-08-food-auto-9b0e80,1인 가구 허브 비교｜혼밥 향신료,2026-08-05-food-auto-c06744,"1인 가구 직장인, 요리에 쓰고 남은 신선 허브, 시들기 전에 이렇게 하세요! 버리지 않고 오래 쓰는 보관법",3,next,강한 신호(같은 클러스터/대표 키워드 일치) 없이 카테고리 일치 또는 소수 keyword/tag overlap만으로 연결됨(점수 3)
2026-08-08-food-auto-cfd186,"혼자 사는 직장인, 매일 쓰는 식용유: 만능 콩기름 vs. 건강 올리브유, 당신의 요리 스타일과 지갑을 위한 현명한 선택",2026-08-01-food-auto-8c9a71,"혼자 사는 직장인, 냉장고 속 식용유와 조미료, 버릴까 말까? 알뜰하게 다 쓰는 보관법",3,next,강한 신호(같은 클러스터/대표 키워드 일치) 없이 카테고리 일치 또는 소수 keyword/tag overlap만으로 연결됨(점수 3)
2026-08-08-food-auto-cfd186,"혼자 사는 직장인, 매일 쓰는 식용유: 만능 콩기름 vs. 건강 올리브유, 당신의 요리 스타일과 지갑을 위한 현명한 선택",2026-08-06-food-auto-36b7bb,"1인 가구 직장인, 한 끼 요리 후 설거지 산더미에 지칠 때? 시간과 재료 낭비 줄이는 원팬·원팟 요리 전략",3,next,강한 신호(같은 클러스터/대표 키워드 일치) 없이 카테고리 일치 또는 소수 keyword/tag overlap만으로 연결됨(점수 3)
2026-08-08-housing-auto-4e32dc,"혼자 사는 직장인, 새집 입주 후 예상 못한 숨은 하자 발견! 내 권리 지키며 계약 조정하는 현실 가이드",2026-08-03-housing-auto-f53851,"혼자 사는 직장인, 빈집 vs 풀옵션 원룸/오피스텔, 뭘 골라야 현명할까? 시간과 돈 아끼는 최적의 선택 가이드",3,next,강한 신호(같은 클러스터/대표 키워드 일치) 없이 카테고리 일치 또는 소수 keyword/tag overlap만으로 연결됨(점수 3)
2026-08-08-housing-auto-d2c1ed,"혼자 사는 직장인, 이사 갈 때 퇴실 청소? 셀프 vs 전문 업체, 보증금 지키는 현명한 선택 가이드",2026-07-30-housing-49,퇴실청소 분쟁 체크리스트｜원상복구 의무,3,next,강한 신호(같은 클러스터/대표 키워드 일치) 없이 카테고리 일치 또는 소수 keyword/tag overlap만으로 연결됨(점수 3)
2026-08-08-products-auto-a84bd7,"혼자 사는 직장인, 퇴근 후 무거운 장바구니 대신? 1인 가구 온라인 장보기 서비스, 현명하게 고르고 알뜰하게 이용하는 법",2026-08-12-products-auto-2ee7a1,"혼자 사는 직장인, 매번 장보기 번거롭고 필요한 건 깜빡한다면? 1인 가구 맞춤 구독 박스 vs 직접 장보기, 나에게 딱 맞는 선택은?",3,next,강한 신호(같은 클러스터/대표 키워드 일치) 없이 카테고리 일치 또는 소수 keyword/tag overlap만으로 연결됨(점수 3)
2026-08-08-safety-auto-2186aa,"혼자 사는 당신, 응급상황 시 내 몸이 말 못 할 때? 비상 의료 정보 카드 vs. 스마트폰 응급 ID, 어떤 대비가 나에게 맞을까?",2026-08-07-safety-auto-7d0e1d,"혼자 사는 당신, 쓰러지거나 의식 없을 때: 스마트 비상 연락 시스템 vs. 비상 키 공유, 어떤 대비책이 나에게 맞을까?",3,next,강한 신호(같은 클러스터/대표 키워드 일치) 없이 카테고리 일치 또는 소수 keyword/tag overlap만으로 연결됨(점수 3)
2026-08-08-safety-auto-55b509,"혼자 사는 당신, 작은 부상에도 덜컥 겁나는 순간: DIY 구급상자 vs. 시판 기성품, 나에게 맞는 선택은?",2026-07-30-safety-34,"혼자 사는 내가 갑자기 아플 때, 응급실 가기 전 챙길 물건 최소화 리스트",3,next,강한 신호(같은 클러스터/대표 키워드 일치) 없이 카테고리 일치 또는 소수 keyword/tag overlap만으로 연결됨(점수 3)
2026-08-08-safety-auto-71a5f3,"혼자 사는 당신, 빈집털이 걱정될 때? DIY 스마트 보안 시스템 vs. 전문 경비 서비스, 나에게 맞는 선택은?",2026-07-30-safety-37,나 혼자 사는 집에 불이 났다면? 당황하지 않고 대피하는 5단계 행동 수칙,3,next,강한 신호(같은 클러스터/대표 키워드 일치) 없이 카테고리 일치 또는 소수 keyword/tag overlap만으로 연결됨(점수 3)
2026-08-08-safety-auto-84a0bd,"혼자 사는 당신, 주방이나 보일러실에서 가스 냄새가 희미하게 날 때: 당황하지 않고 안전하게 확인하고 대처하는 현실적인 방법",2026-08-01-safety-auto-835af8,"혼자 사는 당신, 보일러나 난방기 사용 중 갑자기 어지럽고 메스꺼울 때? 침묵의 살인자 일산화탄소 대처법",3,next,강한 신호(같은 클러스터/대표 키워드 일치) 없이 카테고리 일치 또는 소수 keyword/tag overlap만으로 연결됨(점수 3)
2026-08-08-safety-auto-84a0bd,"혼자 사는 당신, 주방이나 보일러실에서 가스 냄새가 희미하게 날 때: 당황하지 않고 안전하게 확인하고 대처하는 현실적인 방법",2026-08-06-safety-auto-a5c266,"혼자 사는 당신, 외출 중 갑자기 가스·누수 사고 걱정될 때? 스마트 가스 감지기 vs. 스마트 누수 센서, 나에게 맞는 원격 모니터링은?",3,next,강한 신호(같은 클러스터/대표 키워드 일치) 없이 카테고리 일치 또는 소수 keyword/tag overlap만으로 연결됨(점수 3)
2026-08-08-safety-auto-be207d,"혼자 사는 당신, 집에서 원인 모를 이상한 냄새가 날 때: 위험 신호인지, 단순한 문제인지 판단하고 안전하게 대처하는 법",2026-08-07-safety-auto-7d89fc,"혼자 사는 당신, 우리 집 복도·엘리베이터·주차장에서 수상한 사람을 마주쳤을 때: 당황하지 않고 나를 지키는 현실적인 대처법",3,next,강한 신호(같은 클러스터/대표 키워드 일치) 없이 카테고리 일치 또는 소수 keyword/tag overlap만으로 연결됨(점수 3)
2026-08-08-safety-auto-be207d,"혼자 사는 당신, 집에서 원인 모를 이상한 냄새가 날 때: 위험 신호인지, 단순한 문제인지 판단하고 안전하게 대처하는 법",2026-08-08-safety-auto-985515,혼자 사는 집 누수 방법｜아파트 누수,3,next,강한 신호(같은 클러스터/대표 키워드 일치) 없이 카테고리 일치 또는 소수 keyword/tag overlap만으로 연결됨(점수 3)
2026-08-08-storage-auto-15969c,1인 가구 옷 수납 비교｜원룸 임시 보관,2026-08-08-storage-auto-37bfb5,"1인 가구 직장인, 퇴근 후 외투·가방·모자 좁은 집 의자에 던져두고 쌓인다면? 깔끔하게 정리하고 다음 날 바로 쓰는 현실 수납법",3,next,강한 신호(같은 클러스터/대표 키워드 일치) 없이 카테고리 일치 또는 소수 keyword/tag overlap만으로 연결됨(점수 3)
2026-08-08-storage-auto-37bfb5,"1인 가구 직장인, 퇴근 후 외투·가방·모자 좁은 집 의자에 던져두고 쌓인다면? 깔끔하게 정리하고 다음 날 바로 쓰는 현실 수납법",2026-07-30-storage-18,"퇴근 후 좁은 원룸, 넘쳐나는 계절옷을 깔끔하게 정리하고 보관하는 현실적인 팁",3,next,강한 신호(같은 클러스터/대표 키워드 일치) 없이 카테고리 일치 또는 소수 keyword/tag overlap만으로 연결됨(점수 3)
2026-08-08-storage-auto-37bfb5,"1인 가구 직장인, 퇴근 후 외투·가방·모자 좁은 집 의자에 던져두고 쌓인다면? 깔끔하게 정리하고 다음 날 바로 쓰는 현실 수납법",2026-08-01-storage-auto-387eaf,"좁은 원룸, 의자에 쌓이는 '어중간한 옷'더미! 1인 가구라면 이것부터 확인하세요",3,next,강한 신호(같은 클러스터/대표 키워드 일치) 없이 카테고리 일치 또는 소수 keyword/tag overlap만으로 연결됨(점수 3)
2026-08-08-storage-auto-9dbb87,"1인 가구 직장인, 좁은 욕실 세면대·선반 위 '화장품·세면도구' 넘쳐난다면? 깔끔하게 숨기고 효율적으로 쓰는 현실 수납법",2026-08-01-storage-auto-c94563,"퇴근 후 1인 가구, 현관문 열자마자 어지럽다면? 1평 현관, '비우는 공간'으로 만드는 현실 수납법",3,next,강한 신호(같은 클러스터/대표 키워드 일치) 없이 카테고리 일치 또는 소수 keyword/tag overlap만으로 연결됨(점수 3)
2026-08-08-storage-auto-9dbb87,"1인 가구 직장인, 좁은 욕실 세면대·선반 위 '화장품·세면도구' 넘쳐난다면? 깔끔하게 숨기고 효율적으로 쓰는 현실 수납법",2026-08-06-storage-auto-c25261,1인 가구 서랍 정리 비교｜서랍 칸막이,3,next,강한 신호(같은 클러스터/대표 키워드 일치) 없이 카테고리 일치 또는 소수 keyword/tag overlap만으로 연결됨(점수 3)
2026-08-09-cleaning-auto-117267,실리콘 곰팡이 제거 알아보기｜욕실 곰팡이,2026-07-30-cleaning-25,"퇴근 후 지친 1인 가구, 10분씩 쪼개서 끝내는 주간 청소 루틴",3,next,강한 신호(같은 클러스터/대표 키워드 일치) 없이 카테고리 일치 또는 소수 keyword/tag overlap만으로 연결됨(점수 3)
2026-08-09-cleaning-auto-c10b6d,"혼자 사는 당신, 퇴근 후 끈적이는 바닥 청소 스트레스? 좁은 집 로봇 청소기 vs 무선 스틱 청소기, 후회 없는 선택 기준",2026-07-30-cleaning-30,"바쁜 1인 가구 원룸, 매일 쌓이는 먼지? 근본적으로 줄이는 현실적인 생활 습관",3,next,강한 신호(같은 클러스터/대표 키워드 일치) 없이 카테고리 일치 또는 소수 keyword/tag overlap만으로 연결됨(점수 3)
2026-08-09-cleaning-auto-e21eb5,"혼자 사는 당신, 잠자리가 꿉꿉하고 간지럽다면? 매트리스 위생, 딱 30분이면 충분합니다!",2026-08-01-cleaning-auto-d3bef1,매트리스 청소 알아보기｜침대 위생,3,next,강한 신호(같은 클러스터/대표 키워드 일치) 없이 카테고리 일치 또는 소수 keyword/tag overlap만으로 연결됨(점수 3)
2026-08-09-cleaning-auto-e21eb5,"혼자 사는 당신, 잠자리가 꿉꿉하고 간지럽다면? 매트리스 위생, 딱 30분이면 충분합니다!",2026-08-06-cleaning-auto-530ba0,"혼자 사는 당신, 세탁 후 어깨 뿔룩! 아끼던 옷 망치는 옷걸이 자국, 지금 당장 없애는 현실 팁",3,next,강한 신호(같은 클러스터/대표 키워드 일치) 없이 카테고리 일치 또는 소수 keyword/tag overlap만으로 연결됨(점수 3)
2026-08-09-food-auto-e39c1f,"혼자 사는 직장인, 대용량 닭가슴살 앞에서 망설일 때: 버리지 않고 끝까지 촉촉하게 즐기는 구매부터 보관, 활용법",2026-07-30-food-13,"1인 가구, 남은 배달음식 버릴까? 다음 끼니까지 안전하게 보관하는 현실적인 팁",3,next,강한 신호(같은 클러스터/대표 키워드 일치) 없이 카테고리 일치 또는 소수 keyword/tag overlap만으로 연결됨(점수 3)
2026-08-09-housing-auto-da13ec,나 홀로 이사 체크리스트｜이사 당일,2026-07-30-housing-49,퇴실청소 분쟁 체크리스트｜원상복구 의무,3,next,강한 신호(같은 클러스터/대표 키워드 일치) 없이 카테고리 일치 또는 소수 keyword/tag overlap만으로 연결됨(점수 3)
2026-08-09-products-auto-7bf3a6,"혼자 사는 직장인, 좁은 집에서도 나만의 영화관을 만들고 싶다면? 미니 빔 프로젝터 vs 스마트 TV, 내게 맞는 최적의 선택은?",2026-08-06-products-auto-9bb85c,"혼자 사는 직장인, 좁은 집에 쌓인 짐 처리 난감하다면? 셀프 스토리지 vs 방문형 짐 보관 서비스, 내게 맞는 선택은?",3,next,강한 신호(같은 클러스터/대표 키워드 일치) 없이 카테고리 일치 또는 소수 keyword/tag overlap만으로 연결됨(점수 3)
2026-08-09-products-auto-7bf3a6,"혼자 사는 직장인, 좁은 집에서도 나만의 영화관을 만들고 싶다면? 미니 빔 프로젝터 vs 스마트 TV, 내게 맞는 최적의 선택은?",2026-08-07-products-auto-4602dc,"혼자 사는 직장인, 좁은 집 빨래 건조가 매번 스트레스라면? 의류건조기 vs. 제습기+건조대, 내게 딱 맞는 선택은?",3,next,강한 신호(같은 클러스터/대표 키워드 일치) 없이 카테고리 일치 또는 소수 keyword/tag overlap만으로 연결됨(점수 3)
2026-08-09-safety-auto-eb5e4c,"혼자 사는 당신, 퇴근 후 현관문이 잠겨 집 못 들어갈 때: 당황하지 않고 안전하게 집으로 돌아가는 현실적인 방법",2026-08-01-safety-auto-1a5c71,"혼자 사는 당신, 늦은 밤 현관문 비밀번호를 잊었거나 열쇠를 잃어버렸을 때 대처법",3,next,강한 신호(같은 클러스터/대표 키워드 일치) 없이 카테고리 일치 또는 소수 keyword/tag overlap만으로 연결됨(점수 3)
2026-08-10-cleaning-auto-6e0644,"혼자 사는 당신, 아끼던 옷에 갑자기 얼룩이 묻었다면? 5분 만에 황금 골든타임을 잡는 응급처치와 완벽 제거 현실 가이드",2026-07-30-cleaning-27,"혼자 사는 당신, 샤워실 배수구 냄새? 퇴근 후 15분 만에 잡는 법",3,next,강한 신호(같은 클러스터/대표 키워드 일치) 없이 카테고리 일치 또는 소수 keyword/tag overlap만으로 연결됨(점수 3)
2026-08-10-cleaning-auto-8285cc,주방 수납장 청소 알아보기｜혼자 살림,2026-08-01-cleaning-auto-dd0fd9,"혼자 사는 당신, 약해진 수압과 거뭇한 샤워기 헤드? 15분 만에 새것처럼 되돌리는 초간단 청소법",3,next,강한 신호(같은 클러스터/대표 키워드 일치) 없이 카테고리 일치 또는 소수 keyword/tag overlap만으로 연결됨(점수 3)
2026-08-10-cleaning-auto-8285cc,주방 수납장 청소 알아보기｜혼자 살림,2026-08-06-cleaning-auto-eb5789,"혼자 사는 당신, 매일 쓰는 세탁기, 속까지 깨끗하게 관리하고 있나요? 세탁 효율 높이고 고장 막는 구석구석 청소 가이드",3,next,강한 신호(같은 클러스터/대표 키워드 일치) 없이 카테고리 일치 또는 소수 keyword/tag overlap만으로 연결됨(점수 3)
2026-08-10-cost-auto-2c9756,세탁세제 종류 비교｜액체세제,2026-07-30-cost-4,"퇴근 후 지친 혼밥러, 매달 20만원 아끼는 배달비·식비 줄이는 생활 습관",3,next,강한 신호(같은 클러스터/대표 키워드 일치) 없이 카테고리 일치 또는 소수 keyword/tag overlap만으로 연결됨(점수 3)
2026-08-10-cost-auto-2c9756,세탁세제 종류 비교｜액체세제,2026-07-30-cost-5,"바쁜 1인 가구 직장인, 매달 새는 돈 막으려면? 잠든 구독 서비스 깨끗하게 정리하는 3단계",3,next,강한 신호(같은 클러스터/대표 키워드 일치) 없이 카테고리 일치 또는 소수 keyword/tag overlap만으로 연결됨(점수 3)
2026-08-10-food-auto-0b9c15,"혼자 사는 직장인, 매일 저녁 메뉴 고민 끝내고 싶을 때: 직접 요리 vs. 정기 구독 식사, 당신의 시간과 에너지를 위한 최적의 선택 가이드",2026-08-07-food-auto-55d572,"혼자 사는 직장인, 퇴근 후 저녁 요리 망설일 때: 주말 2시간으로 평일 요리 시간 10분 만드는 스마트 식재료 준비 루틴",3,next,강한 신호(같은 클러스터/대표 키워드 일치) 없이 카테고리 일치 또는 소수 keyword/tag overlap만으로 연결됨(점수 3)
2026-08-10-food-auto-d3517e,"혼자 사는 직장인, 특정 요리 후 남은 '이색 소량 식재료' (고수, 코코넛 밀크 등): 버리지 않고 다음 끼니까지 알뜰하게 해치우는 현실 가이드",2026-08-05-food-auto-c06744,"1인 가구 직장인, 요리에 쓰고 남은 신선 허브, 시들기 전에 이렇게 하세요! 버리지 않고 오래 쓰는 보관법",3,next,강한 신호(같은 클러스터/대표 키워드 일치) 없이 카테고리 일치 또는 소수 keyword/tag overlap만으로 연결됨(점수 3)
2026-08-10-housing-auto-4bca9b,"혼자 사는 직장인, 집주인이 내가 사는 집을 팔겠다고? 잦은 방문 요청에도 사생활 지키며 현명하게 대처하는 법",2026-08-04-housing-auto-cbaa3c,"혼자 사는 직장인, 첫 집 계약 전세 vs 월세? 내 돈 아끼는 현명한 선택 가이드",3,next,강한 신호(같은 클러스터/대표 키워드 일치) 없이 카테고리 일치 또는 소수 keyword/tag overlap만으로 연결됨(점수 3)
2026-08-10-lifestyle-auto-3e13f1,"혼자 사는 직장인, 휴가 계획할 때 친구들과 갈까 혼자 갈까 고민된다면? 나에게 맞는 여행 스타일 선택 가이드",2026-08-03-lifestyle-auto-06c5e8,1인 가구 시간 활용 비교｜의무적 약속,3,next,강한 신호(같은 클러스터/대표 키워드 일치) 없이 카테고리 일치 또는 소수 keyword/tag overlap만으로 연결됨(점수 3)
2026-08-10-storage-auto-046a46,"1인 가구 직장인, 현관 한 켠 ‘애매하게 쌓이는 장바구니’ 때문에 스트레스라면? 깔끔하게 정리하고 필요할 때 바로 꺼내 쓰는 현실 수납법",2026-08-10-storage-auto-0a8470,"1인 가구 직장인, 좁은 집에 엉킨 충전 케이블·이어폰 때문에 스트레스라면? 깔끔하게 정리하고 바로 찾아 쓰는 현실 수납법",3,next,강한 신호(같은 클러스터/대표 키워드 일치) 없이 카테고리 일치 또는 소수 keyword/tag overlap만으로 연결됨(점수 3)
2026-08-10-storage-auto-0a8470,"1인 가구 직장인, 좁은 집에 엉킨 충전 케이블·이어폰 때문에 스트레스라면? 깔끔하게 정리하고 바로 찾아 쓰는 현실 수납법",2026-07-30-storage-24,"자꾸 쌓이는 물건에 한숨 쉬는 1인 가구라면: '수납 용품, 이거 사야 할까?' 판단하는 3가지 기준",3,next,강한 신호(같은 클러스터/대표 키워드 일치) 없이 카테고리 일치 또는 소수 keyword/tag overlap만으로 연결됨(점수 3)
2026-08-10-storage-auto-0a8470,"1인 가구 직장인, 좁은 집에 엉킨 충전 케이블·이어폰 때문에 스트레스라면? 깔끔하게 정리하고 바로 찾아 쓰는 현실 수납법",2026-08-01-storage-auto-316ab0,"좁은 원룸, 물건은 많은데 더 답답해 보이긴 싫다면? 오픈형 vs 문 있는 수납장, 현명하게 고르는 기준",3,next,강한 신호(같은 클러스터/대표 키워드 일치) 없이 카테고리 일치 또는 소수 keyword/tag overlap만으로 연결됨(점수 3)
2026-08-11-cleaning-auto-5be420,액체 세제 비교｜캡슐 세제,2026-08-01-cleaning-auto-dd0fd9,"혼자 사는 당신, 약해진 수압과 거뭇한 샤워기 헤드? 15분 만에 새것처럼 되돌리는 초간단 청소법",3,next,강한 신호(같은 클러스터/대표 키워드 일치) 없이 카테고리 일치 또는 소수 keyword/tag overlap만으로 연결됨(점수 3)
2026-08-11-housing-auto-2bfaff,"혼자 사는 직장인, 조립 가구 앞에서 한숨 쉬지 마세요! 셀프 vs 전문가 조립, 시간과 돈 아끼는 현명한 선택 가이드",2026-08-06-housing-auto-849c13,"혼자 사는 직장인, 내 공간 꾸미고 싶은데 벽 손상 걱정될 때? 못 vs 무타공 인테리어, 현명하게 결정하는 법",3,next,강한 신호(같은 클러스터/대표 키워드 일치) 없이 카테고리 일치 또는 소수 keyword/tag overlap만으로 연결됨(점수 3)
2026-08-11-lifestyle-auto-0f05f0,"혼자 사는 직장인, 친구들 라이프스타일 달라져 '관계 정체기'를 겪는다면? 나만의 다층적 사회생활 구축으로 활력 찾는 법",2026-08-13-lifestyle-auto-8d6b5e,"혼자 사는 직장인, 절친과의 합가 고민된다면? '관계 유지' vs. '생활 최적화', 나에게 맞는 선택 기준",3,next,강한 신호(같은 클러스터/대표 키워드 일치) 없이 카테고리 일치 또는 소수 keyword/tag overlap만으로 연결됨(점수 3)
2026-08-11-lifestyle-auto-90d3e2,"혼자 사는 직장인, 밤샘 야근·늦은 약속 다음 날, 망가진 생활 리듬 최소 2시간 만에 되돌리는 법",2026-08-03-lifestyle-auto-06c5e8,1인 가구 시간 활용 비교｜의무적 약속,3,next,강한 신호(같은 클러스터/대표 키워드 일치) 없이 카테고리 일치 또는 소수 keyword/tag overlap만으로 연결됨(점수 3)
2026-08-11-lifestyle-auto-90d3e2,"혼자 사는 직장인, 밤샘 야근·늦은 약속 다음 날, 망가진 생활 리듬 최소 2시간 만에 되돌리는 법",2026-08-10-lifestyle-auto-3e13f1,"혼자 사는 직장인, 휴가 계획할 때 친구들과 갈까 혼자 갈까 고민된다면? 나에게 맞는 여행 스타일 선택 가이드",3,next,강한 신호(같은 클러스터/대표 키워드 일치) 없이 카테고리 일치 또는 소수 keyword/tag overlap만으로 연결됨(점수 3)
2026-08-11-products-auto-3a0a24,"혼자 사는 직장인, 좁은 집에서 부피 큰 이불 빨래가 막막하다면? 코인 세탁소 vs 전문 업체, 내게 맞는 최적의 선택은?",2026-08-05-products-auto-8d663c,"혼자 사는 직장인, 퇴근 후 드라이클리닝 번거롭다면? 동네 세탁소 vs 세탁 앱 vs 홈케어, 내게 맞는 선택은?",3,next,강한 신호(같은 클러스터/대표 키워드 일치) 없이 카테고리 일치 또는 소수 keyword/tag overlap만으로 연결됨(점수 3)
2026-08-11-safety-auto-3045ad,"혼자 사는 당신, 요리하다 칼에 베이거나 뜨거운 물에 데였을 때: 당황하지 않고 신속하게 응급처치하고 병원 갈지 판단하는 현실적인 방법",2026-08-03-safety-auto-7bde55,"혼자 사는 당신, 주방 화재 발생 시? 소화기 vs. 소방 담요, 나에게 더 효과적인 것은?",3,next,강한 신호(같은 클러스터/대표 키워드 일치) 없이 카테고리 일치 또는 소수 keyword/tag overlap만으로 연결됨(점수 3)
2026-08-11-safety-auto-d99e57,"혼자 사는 당신, 갑자기 일부 전등이 나가거나 특정 콘센트가 작동 안 할 때: 당황하지 않고 안전하게 원인 파악 및 해결하는 현실적인 방법",2026-08-05-safety-auto-4e7f26,"혼자 사는 당신, 콘센트에서 타는 냄새나 스파크가 튈 때: 감전과 화재 위험 없이 안전하게 대처하는 법",3,next,강한 신호(같은 클러스터/대표 키워드 일치) 없이 카테고리 일치 또는 소수 keyword/tag overlap만으로 연결됨(점수 3)
2026-08-11-safety-auto-d99e57,"혼자 사는 당신, 갑자기 일부 전등이 나가거나 특정 콘센트가 작동 안 할 때: 당황하지 않고 안전하게 원인 파악 및 해결하는 현실적인 방법",2026-08-06-safety-auto-21374d,"혼자 사는 당신, 늦은 밤 위층/옆집 소음 때문에 잠 못 들 때: 감정 소모 없이 안전하게 대처하는 현실적인 방법",3,next,강한 신호(같은 클러스터/대표 키워드 일치) 없이 카테고리 일치 또는 소수 keyword/tag overlap만으로 연결됨(점수 3)
2026-08-11-storage-auto-9064d7,"1인 가구 직장인, 좁은 원룸 '퇴근 후 휴식 공간' 마저 잡동사니에 잠식당한다면? '수납형 스툴/오토만 vs 이동식 트롤리' 현명하게 고르는 법 비교",2026-08-06-storage-auto-ae69e9,틈새 선반 비교｜이동식 트롤리,3,next,강한 신호(같은 클러스터/대표 키워드 일치) 없이 카테고리 일치 또는 소수 keyword/tag overlap만으로 연결됨(점수 3)
2026-08-12-cleaning-auto-85acce,창문 청소 비교｜유리창 청소,2026-07-30-cleaning-32,"퇴근 후 녹초가 된 1인 가구 직장인, 집안일 자동화 가전으로 얻을 수 있는 시간과 돈은?",3,next,강한 신호(같은 클러스터/대표 키워드 일치) 없이 카테고리 일치 또는 소수 keyword/tag overlap만으로 연결됨(점수 3)
2026-08-12-cleaning-auto-85acce,창문 청소 비교｜유리창 청소,2026-08-03-cleaning-auto-d96324,"혼자 사는 직장인, 퇴근 후 지저분한 바닥? 로봇청소기 vs 무선청소기, 후회 없는 선택 기준",3,next,강한 신호(같은 클러스터/대표 키워드 일치) 없이 카테고리 일치 또는 소수 keyword/tag overlap만으로 연결됨(점수 3)
2026-08-12-cleaning-auto-868b91,"혼자 사는 당신, 답답하고 칙칙한 유리창? 1시간 만에 밝고 시원하게 되돌리는 현실 솔루션",2026-07-30-cleaning-27,"혼자 사는 당신, 샤워실 배수구 냄새? 퇴근 후 15분 만에 잡는 법",3,next,강한 신호(같은 클러스터/대표 키워드 일치) 없이 카테고리 일치 또는 소수 keyword/tag overlap만으로 연결됨(점수 3)
2026-08-12-cleaning-auto-868b91,"혼자 사는 당신, 답답하고 칙칙한 유리창? 1시간 만에 밝고 시원하게 되돌리는 현실 솔루션",2026-07-31-cleaning-79,"주말 순삭하는 청소 지옥? 1인 가구, 정기 청소 vs 직접 청소 딱 맞는 답 찾는 법",3,next,강한 신호(같은 클러스터/대표 키워드 일치) 없이 카테고리 일치 또는 소수 keyword/tag overlap만으로 연결됨(점수 3)
2026-08-12-food-auto-8fffcc,"혼자 사는 직장인, 요리한 음식 나눠 담을 때: 플라스틱 vs. 유리 vs. 실리콘, 당신의 냉장고와 건강을 위한 현명한 선택",2026-08-06-food-auto-585c1b,"퇴근 후 지친 1인 가구 직장인, 간단한 한 끼 요리 도구: 미니 멀티 쿠커 vs. 냄비+프라이팬, 당신의 주방에 더 현명한 선택은?",3,next,강한 신호(같은 클러스터/대표 키워드 일치) 없이 카테고리 일치 또는 소수 keyword/tag overlap만으로 연결됨(점수 3)
2026-08-12-housing-auto-f420ec,"혼자 사는 직장인, 집주인이 몰래 문 따고 들어왔다면? 내 사생활과 보증금 지키는 똑똑한 대처법",2026-07-30-housing-47,"원룸/오피스텔 고장났나요? 혼자 끙끙 앓지 말고, 집주인에게 스마트하게 수리 요청하는 법",3,next,강한 신호(같은 클러스터/대표 키워드 일치) 없이 카테고리 일치 또는 소수 keyword/tag overlap만으로 연결됨(점수 3)
2026-08-12-products-auto-2ee7a1,"혼자 사는 직장인, 매번 장보기 번거롭고 필요한 건 깜빡한다면? 1인 가구 맞춤 구독 박스 vs 직접 장보기, 나에게 딱 맞는 선택은?",2026-08-08-products-auto-3f53f6,"혼자 사는 직장인, 뚝딱 고치고 싶어도 막막하다면? 1인 가구 필수 공구 키트, 이 3가지 기준으로 현명하게 고르세요!",3,next,강한 신호(같은 클러스터/대표 키워드 일치) 없이 카테고리 일치 또는 소수 keyword/tag overlap만으로 연결됨(점수 3)
2026-08-12-products-auto-6c6a4a,"혼자 사는 직장인, 퇴근 후 어두운 집, 굳이 불 켜러 가기 귀찮다면? 1인 가구 스마트 전구, 과연 나에게 필요한 최적의 선택일까?",2026-07-31-products-77,퇴근 후 로봇청소기만 돌렸는데도 먼지가 쌓인다고요? 혼자 사는 당신의 바닥 청소가 실패하는 진짜 이유,3,next,강한 신호(같은 클러스터/대표 키워드 일치) 없이 카테고리 일치 또는 소수 keyword/tag overlap만으로 연결됨(점수 3)
2026-08-12-products-auto-74d817,"혼자 사는 직장인, 냉난방비 아끼고 쾌적한 실내 공기? 서큘레이터 vs. 선풍기, 나에게 딱 맞는 선택은?",2026-08-03-products-auto-1b3cc6,"퇴근 후 내 방만 시원하게! 1인 가구 이동식 에어컨 VS 서큘레이터, 뭐가 맞을까?",3,next,강한 신호(같은 클러스터/대표 키워드 일치) 없이 카테고리 일치 또는 소수 keyword/tag overlap만으로 연결됨(점수 3)
2026-08-12-products-auto-74d817,"혼자 사는 직장인, 냉난방비 아끼고 쾌적한 실내 공기? 서큘레이터 vs. 선풍기, 나에게 딱 맞는 선택은?",2026-08-07-products-auto-074e7a,"혼자 사는 직장인, 가끔 필요한 문서 인쇄가 번거롭다면? 개인 프린터 vs 인쇄 서비스, 내게 맞는 최적의 선택은?",3,next,강한 신호(같은 클러스터/대표 키워드 일치) 없이 카테고리 일치 또는 소수 keyword/tag overlap만으로 연결됨(점수 3)
2026-08-12-storage-auto-1aceff,"1인 가구 직장인, 좁은 옷장 속 '애매한 부피의 가방과 모자' 때문에 정리하기 어렵다면? '전용 수납걸이/랙 vs 다용도 수납함/선반', 현명하게 고르는 법 비교",2026-08-01-storage-auto-c54f86,1인 가구 액세서리 수납 비교｜원룸 가방 정리,3,next,강한 신호(같은 클러스터/대표 키워드 일치) 없이 카테고리 일치 또는 소수 keyword/tag overlap만으로 연결됨(점수 3)
2026-08-13-cleaning-auto-545cef,"혼자 사는 당신, 자취방에 쌓인 못 쓰는 가구와 가전, 어떻게 버려야 할지 막막하다고? 딱 15분, 골치 아픈 대형 폐기물 스마트하게 처리하는 현실 가이드",2026-08-06-cleaning-auto-907063,"혼자 사는 당신, 현관문 열자마자 신발장 냄새에 미간 찌푸린다고요? 10분 만에 꿉꿉한 냄새 싹 잡고 쾌적하게 만드는 현실 솔루션",3,next,강한 신호(같은 클러스터/대표 키워드 일치) 없이 카테고리 일치 또는 소수 keyword/tag overlap만으로 연결됨(점수 3)
2026-08-13-cleaning-auto-7ef0d4,"혼자 사는 당신, 퇴근 후 끈적이는 바닥 스트레스? 물걸레 vs 물걸레 청소포, 후회 없는 선택 기준",2026-08-04-cleaning-auto-0b0c02,"혼자 사는 당신, 퇴근 후 밟히는 끈적한 바닥? 좁은 원룸 물걸레 청소, 딱 10분이면 충분합니다!",3,next,강한 신호(같은 클러스터/대표 키워드 일치) 없이 카테고리 일치 또는 소수 keyword/tag overlap만으로 연결됨(점수 3)
2026-08-13-cleaning-auto-7ef0d4,"혼자 사는 당신, 퇴근 후 끈적이는 바닥 스트레스? 물걸레 vs 물걸레 청소포, 후회 없는 선택 기준",2026-08-06-cleaning-auto-467d7f,전동청소솔 비교｜손청소도구,3,next,강한 신호(같은 클러스터/대표 키워드 일치) 없이 카테고리 일치 또는 소수 keyword/tag overlap만으로 연결됨(점수 3)
2026-08-13-cleaning-auto-cf3699,욕실 배수구 청소 알아보기｜배수구 막힘 방지,2026-08-06-cleaning-auto-467d7f,전동청소솔 비교｜손청소도구,3,next,강한 신호(같은 클러스터/대표 키워드 일치) 없이 카테고리 일치 또는 소수 keyword/tag overlap만으로 연결됨(점수 3)
2026-08-13-cleaning-auto-cf3699,욕실 배수구 청소 알아보기｜배수구 막힘 방지,2026-08-08-cleaning-auto-4d4ce4,싱크대 냄새 제거 알아보기｜싱크대 물 빠짐,3,next,강한 신호(같은 클러스터/대표 키워드 일치) 없이 카테고리 일치 또는 소수 keyword/tag overlap만으로 연결됨(점수 3)
2026-08-13-cost-auto-590148,1인 가구 구독 서비스 비용 정리｜디지털 구독료 절약,2026-07-30-cost-8,"혼자 사는 직장인, 월급은 통장을 스쳐갈 뿐? 나만의 적정 생활비 기준 세우고 지출 최적화하는 3단계",3,next,강한 신호(같은 클러스터/대표 키워드 일치) 없이 카테고리 일치 또는 소수 keyword/tag overlap만으로 연결됨(점수 3)
2026-08-13-food-auto-05f1fc,"혼자 사는 직장인, 신선 채소는 썩히기 일쑤, 냉동 채소는 맛없을까 걱정될 때: 혼밥러를 위한 최적의 채소 선택 가이드",2026-08-03-food-auto-fb2380,"퇴근 후 요리 시간 아끼는 1인 가구, 손질 채소 vs. 통 채소: 당신의 식탁을 위한 현명한 선택",3,next,강한 신호(같은 클러스터/대표 키워드 일치) 없이 카테고리 일치 또는 소수 keyword/tag overlap만으로 연결됨(점수 3)
2026-08-13-food-auto-4b3fa7,"혼자 사는 직장인, 매일 건강한 과일 챙겨 먹고 싶을 때: 신선 베리 vs. 냉동 베리, 당신의 지갑과 편리함을 위한 현명한 선택",2026-08-06-food-auto-834b6e,"1인 가구 직장인, 냉동실 식재료 신선하게 오래 보관할 때: 진공포장기 vs. 지퍼백, 당신의 최적 선택 가이드",3,next,강한 신호(같은 클러스터/대표 키워드 일치) 없이 카테고리 일치 또는 소수 keyword/tag overlap만으로 연결됨(점수 3)
2026-08-13-food-auto-f7b0fc,"혼자 사는 직장인, 대용량 장류(고추장, 된장, 간장) 앞에서 망설일 때: 냉장고 공간, 맛, 위생 다 잡는 현명한 구매부터 보관, 활용법",2026-08-03-food-auto-b8f8a0,"1인 가구 직장인, 신선한 고기·생선 한 팩이 부담될 때? 버리지 않고 맛있게 즐기는 구매부터 소분, 냉동 보관까지의 현실적인 루틴",3,next,강한 신호(같은 클러스터/대표 키워드 일치) 없이 카테고리 일치 또는 소수 keyword/tag overlap만으로 연결됨(점수 3)
2026-08-13-food-auto-f7b0fc,"혼자 사는 직장인, 대용량 장류(고추장, 된장, 간장) 앞에서 망설일 때: 냉장고 공간, 맛, 위생 다 잡는 현명한 구매부터 보관, 활용법",2026-08-06-food-auto-75ad3e,"혼자 사는 직장인, 냉동실에 뭐가 있는지 맨날 까먹을 때? 식재료 낭비 막는 효율적인 정리와 관리법",3,next,강한 신호(같은 클러스터/대표 키워드 일치) 없이 카테고리 일치 또는 소수 keyword/tag overlap만으로 연결됨(점수 3)
2026-08-13-housing-auto-0fa740,"혼자 사는 직장인, 보증금 떼일까 불안하다면? 전월세 보증보험 vs 셀프 대비, 내 돈 지키는 현명한 선택 가이드",2026-08-06-housing-auto-9d6fe3,"혼자 사는 직장인, 전월세 계약 만료로 이사 가려는데? 집주인에게 현명하게 통보하고 보증금 지키는 법",3,next,강한 신호(같은 클러스터/대표 키워드 일치) 없이 카테고리 일치 또는 소수 keyword/tag overlap만으로 연결됨(점수 3)
2026-08-13-lifestyle-auto-8d6b5e,"혼자 사는 직장인, 절친과의 합가 고민된다면? '관계 유지' vs. '생활 최적화', 나에게 맞는 선택 기준",2026-07-30-lifestyle-66,"혼자 사는 당신, 옆집 소음에 지쳤다면 이웃과 '선'을 지키는 현실 관계 맺기",3,next,강한 신호(같은 클러스터/대표 키워드 일치) 없이 카테고리 일치 또는 소수 keyword/tag overlap만으로 연결됨(점수 3)
2026-08-13-lifestyle-auto-8d6b5e,"혼자 사는 직장인, 절친과의 합가 고민된다면? '관계 유지' vs. '생활 최적화', 나에게 맞는 선택 기준",2026-08-06-lifestyle-auto-91c019,"혼자 사는 직장인, 친구들이 결혼·육아로 멀어질 때? '따로 또 같이' 관계 유지하는 현실 가이드",3,next,강한 신호(같은 클러스터/대표 키워드 일치) 없이 카테고리 일치 또는 소수 keyword/tag overlap만으로 연결됨(점수 3)
2026-08-13-products-auto-8b83e4,"혼자 사는 직장인, 퇴근 후 현관문 앞에서 열쇠 잃어버렸거나 도어락 고장났다면? 1인 가구 긴급 문 개방/수리, 현명하게 대처하는 법",2026-08-06-products-auto-be51b1,1인 가구 소화기 방법｜K급 소화기,3,next,강한 신호(같은 클러스터/대표 키워드 일치) 없이 카테고리 일치 또는 소수 keyword/tag overlap만으로 연결됨(점수 3)
2026-08-13-products-auto-ae3976,"혼자 사는 직장인, 옆집 소음에 잠 못 이루거나 내 소음이 혹시 피해줄까 불안하다면? 1인 가구 맞춤 층간/벽간 소음 해결, 이 3단계로 조용하고 편안한 나만의 공간 만들기!",2026-08-05-products-auto-9973a7,1인 가구 택배 기준｜스마트 택배함,3,next,강한 신호(같은 클러스터/대표 키워드 일치) 없이 카테고리 일치 또는 소수 keyword/tag overlap만으로 연결됨(점수 3)
2026-08-13-safety-auto-6b585a,1인 가구 이웃 소음 기준｜밤늦은 소리,2026-08-06-safety-auto-3d7ecc,"혼자 사는 당신, 퇴근 후 현관문이 훼손되었거나 집안이 어수선할 때: 빈집털이 침입 의심 시 안전하게 대처하는 최우선 행동 수칙",3,next,강한 신호(같은 클러스터/대표 키워드 일치) 없이 카테고리 일치 또는 소수 keyword/tag overlap만으로 연결됨(점수 3)
2026-08-13-storage-auto-92e3bb,1인 가구 수납 알아보기｜좁은 집 수납,2026-08-08-storage-auto-9dbb87,"1인 가구 직장인, 좁은 욕실 세면대·선반 위 '화장품·세면도구' 넘쳐난다면? 깔끔하게 숨기고 효율적으로 쓰는 현실 수납법",3,next,강한 신호(같은 클러스터/대표 키워드 일치) 없이 카테고리 일치 또는 소수 keyword/tag overlap만으로 연결됨(점수 3)
2026-08-13-storage-auto-92e3bb,1인 가구 수납 알아보기｜좁은 집 수납,2026-08-10-storage-auto-0a8470,"1인 가구 직장인, 좁은 집에 엉킨 충전 케이블·이어폰 때문에 스트레스라면? 깔끔하게 정리하고 바로 찾아 쓰는 현실 수납법",3,next,강한 신호(같은 클러스터/대표 키워드 일치) 없이 카테고리 일치 또는 소수 keyword/tag overlap만으로 연결됨(점수 3)
2026-08-14-cleaning-auto-0fc7dd,"혼자 사는 당신, 에어컨에서 퀴퀴한 냄새가 나고 시원하지 않다고요? 딱 20분, 필터 청소로 냉방 효율 높이고 전기료 아끼는 현실 솔루션",2026-08-06-cleaning-auto-907063,"혼자 사는 당신, 현관문 열자마자 신발장 냄새에 미간 찌푸린다고요? 10분 만에 꿉꿉한 냄새 싹 잡고 쾌적하게 만드는 현실 솔루션",3,next,강한 신호(같은 클러스터/대표 키워드 일치) 없이 카테고리 일치 또는 소수 keyword/tag overlap만으로 연결됨(점수 3)
2026-08-14-cleaning-auto-1ca76b,음식물 처리 비교｜음식물 쓰레기통,2026-08-06-cleaning-auto-e80db8,"혼자 사는 당신, 냄새나는 음식물 쓰레기, 버릴까? 말릴까? 음식물처리기 vs. 간편 배출, 현명한 선택 기준",3,next,강한 신호(같은 클러스터/대표 키워드 일치) 없이 카테고리 일치 또는 소수 keyword/tag overlap만으로 연결됨(점수 3)
2026-08-14-cleaning-auto-b4a47e,"혼자 사는 당신, 청소해도 쌓이는 먼지와 답답한 공기? 딱 30분, 쾌적하고 깔끔한 집 만드는 현실적인 먼지 제거 및 환기 루틴",2026-08-01-cleaning-auto-84665e,"혼자 사는 직장인, 좁은 원룸 쓰레기 산? 악취 없이 깔끔하게 버리는 스마트 분리배출 루틴",3,next,강한 신호(같은 클러스터/대표 키워드 일치) 없이 카테고리 일치 또는 소수 keyword/tag overlap만으로 연결됨(점수 3)
2026-08-14-products-auto-da7759,"혼자 사는 직장인, 혹시 모를 사고에 내 보증금·월세 가구 지켜줄 '이 보험' 꼭 확인하세요!",2026-08-06-products-auto-1d916e,1인 가구 전월세 안심보험 방법｜세입자 보험,3,next,강한 신호(같은 클러스터/대표 키워드 일치) 없이 카테고리 일치 또는 소수 keyword/tag overlap만으로 연결됨(점수 3)
2026-08-14-safety-auto-2f3ee3,"혼자 사는 당신, 겨울철 강추위에 갑자기 수도 동파가 걱정될 때: 당황하지 않고 예방하고 대처하는 현실적인 방법",2026-08-06-safety-auto-21374d,"혼자 사는 당신, 늦은 밤 위층/옆집 소음 때문에 잠 못 들 때: 감정 소모 없이 안전하게 대처하는 현실적인 방법",3,next,강한 신호(같은 클러스터/대표 키워드 일치) 없이 카테고리 일치 또는 소수 keyword/tag overlap만으로 연결됨(점수 3)
2026-08-14-safety-auto-2f3ee3,"혼자 사는 당신, 겨울철 강추위에 갑자기 수도 동파가 걱정될 때: 당황하지 않고 예방하고 대처하는 현실적인 방법",2026-08-06-safety-auto-425601,물 끊김 방법｜전기 끊김,3,next,강한 신호(같은 클러스터/대표 키워드 일치) 없이 카테고리 일치 또는 소수 keyword/tag overlap만으로 연결됨(점수 3)
2026-08-14-storage-auto-8ede60,"1인 가구 직장인, 좁은 주방 ‘열린 과자봉지·애매한 식재료’ 때문에 조리대가 엉망이라면? 밀폐 용기 vs 집게/클립, 내게 맞는 선택 기준 비교",2026-07-30-storage-20,"바쁜 1인 가구 직장인, 퇴근 후에도 어지러운 주방? 딱 3단계로 끝내는 현실적인 정리법",3,next,강한 신호(같은 클러스터/대표 키워드 일치) 없이 카테고리 일치 또는 소수 keyword/tag overlap만으로 연결됨(점수 3)
2026-08-14-storage-auto-fcf546,"1인 가구 직장인, 좁은 주방 '넘쳐나는 텀블러·물병·도시락 통' 때문에 싱크대 문이 닫히지 않는다면? 깔끔하게 정리하고 위생적으로 쓰는 현실 수납법",2026-08-04-storage-auto-28ed9d,1인 가구 식료품 수납 알아보기｜좁은 주방 정리,3,next,강한 신호(같은 클러스터/대표 키워드 일치) 없이 카테고리 일치 또는 소수 keyword/tag overlap만으로 연결됨(점수 3)
2026-08-14-storage-auto-fcf546,"1인 가구 직장인, 좁은 주방 '넘쳐나는 텀블러·물병·도시락 통' 때문에 싱크대 문이 닫히지 않는다면? 깔끔하게 정리하고 위생적으로 쓰는 현실 수납법",2026-08-13-storage-auto-92e3bb,1인 가구 수납 알아보기｜좁은 집 수납,3,next,강한 신호(같은 클러스터/대표 키워드 일치) 없이 카테고리 일치 또는 소수 keyword/tag overlap만으로 연결됨(점수 3)
